CREATE DATABASE  IF NOT EXISTS `db_ferdel` /*!40100 DEFAULT CHARACTER SET utf8mb4 COLLATE utf8mb4_0900_ai_ci */ /*!80016 DEFAULT ENCRYPTION='N' */;
USE `db_ferdel`;
-- MySQL dump 10.13  Distrib 8.0.43, for Win64 (x86_64)
--
-- Host: localhost    Database: db_ferdel
-- ------------------------------------------------------
-- Server version	9.4.0

/*!40101 SET @OLD_CHARACTER_SET_CLIENT=@@CHARACTER_SET_CLIENT */;
/*!40101 SET @OLD_CHARACTER_SET_RESULTS=@@CHARACTER_SET_RESULTS */;
/*!40101 SET @OLD_COLLATION_CONNECTION=@@COLLATION_CONNECTION */;
/*!50503 SET NAMES utf8 */;
/*!40103 SET @OLD_TIME_ZONE=@@TIME_ZONE */;
/*!40103 SET TIME_ZONE='+00:00' */;
/*!40014 SET @OLD_UNIQUE_CHECKS=@@UNIQUE_CHECKS, UNIQUE_CHECKS=0 */;
/*!40014 SET @OLD_FOREIGN_KEY_CHECKS=@@FOREIGN_KEY_CHECKS, FOREIGN_KEY_CHECKS=0 */;
/*!40101 SET @OLD_SQL_MODE=@@SQL_MODE, SQL_MODE='NO_AUTO_VALUE_ON_ZERO' */;
/*!40111 SET @OLD_SQL_NOTES=@@SQL_NOTES, SQL_NOTES=0 */;

--
-- Table structure for table `bitacora`
--

DROP TABLE IF EXISTS `bitacora`;
/*!40101 SET @saved_cs_client     = @@character_set_client */;
/*!50503 SET character_set_client = utf8mb4 */;
CREATE TABLE `bitacora` (
  `ID_Bitacora` int NOT NULL AUTO_INCREMENT,
  `ID_Usuario` int DEFAULT NULL,
  `Fecha` datetime DEFAULT CURRENT_TIMESTAMP,
  `Modulo` varchar(255) DEFAULT NULL,
  `Accion` varchar(255) DEFAULT NULL,
  `IP_Acceso` varchar(45) DEFAULT NULL,
  PRIMARY KEY (`ID_Bitacora`),
  KEY `ID_Usuario` (`ID_Usuario`),
  CONSTRAINT `bitacora_ibfk_1` FOREIGN KEY (`ID_Usuario`) REFERENCES `usuarios` (`ID_Usuario`)
) ENGINE=InnoDB AUTO_INCREMENT=1709 DEFAULT CHARSET=utf8mb4 COLLATE=utf8mb4_0900_ai_ci;
/*!40101 SET character_set_client = @saved_cs_client */;

--
-- Dumping data for table `bitacora`
--

LOCK TABLES `bitacora` WRITE;
/*!40000 ALTER TABLE `bitacora` DISABLE KEYS */;
INSERT INTO `bitacora` VALUES (1,1,'2025-10-25 23:44:51','BITACORA','admin_bitacora','127.0.0.1'),(2,1,'2025-10-27 05:43:04','AUTH','LOGIN_EXITOSO','127.0.0.1'),(3,1,'2025-10-27 05:43:11','BITACORA','admin_bitacora','127.0.0.1'),(4,1,'2025-10-27 05:55:17','AUTH','LOGOUT','127.0.0.1'),(5,1,'2025-10-27 05:55:59','AUTH','LOGIN_EXITOSO','127.0.0.1'),(6,1,'2025-10-27 06:30:02','AUTH','LOGOUT','127.0.0.1'),(7,NULL,'2025-10-27 06:30:09','AUTH','LOGIN_FALLIDO: contraseña incorrecta - Usuario: Admin','127.0.0.1'),(8,1,'2025-10-27 06:30:39','AUTH','LOGIN_EXITOSO','127.0.0.1'),(9,1,'2025-10-27 06:36:19','AUTH','LOGOUT','127.0.0.1'),(10,NULL,'2025-10-27 06:36:29','AUTH','LOGIN_FALLIDO: contraseña no encontrado o inactivo - Usuario: Abel','127.0.0.1'),(11,1,'2025-10-27 06:37:13','AUTH','LOGIN_EXITOSO','127.0.0.1'),(12,1,'2025-10-27 06:37:17','USUARIOS','admin_usuarios','127.0.0.1'),(13,1,'2025-10-27 06:37:50','USUARIOS','CREAR_USUARUI: fared','127.0.0.1'),(14,1,'2025-10-27 06:37:50','USUARIOS','crear_usuario','127.0.0.1'),(15,1,'2025-10-27 06:37:50','USUARIOS','admin_usuarios','127.0.0.1'),(16,1,'2025-10-27 06:49:49','AUTH','LOGOUT','127.0.0.1'),(17,1,'2025-10-27 06:50:01','AUTH','LOGIN_EXITOSO','127.0.0.1'),(18,1,'2025-10-27 06:50:04','AUTH','LOGOUT','127.0.0.1'),(19,2,'2025-10-27 06:50:11','AUTH','LOGIN_EXITOSO','127.0.0.1'),(20,2,'2025-10-27 06:58:24','AUTH','LOGOUT','127.0.0.1'),(21,1,'2025-10-27 06:58:27','AUTH','LOGIN_EXITOSO','127.0.0.1'),(22,2,'2025-10-27 07:02:41','AUTH','LOGIN_EXITOSO','127.0.0.1'),(23,1,'2025-10-31 10:22:08','AUTH','LOGIN_EXITOSO','127.0.0.1'),(24,1,'2025-10-31 10:22:23','CLIENTES','admin_clientes','127.0.0.1'),(25,1,'2025-10-31 10:22:24','CLIENTES','admin_clientes','127.0.0.1'),(26,1,'2025-10-31 11:03:26','CLIENTES','admin_clientes','127.0.0.1'),(27,1,'2025-10-31 11:03:36','CLIENTES','admin_crear_cliente','127.0.0.1'),(28,1,'2025-10-31 11:03:36','CLIENTES','admin_clientes','127.0.0.1'),(29,1,'2025-10-31 11:03:41','CLIENTES','admin_clientes','127.0.0.1'),(30,1,'2025-10-31 11:03:45','CLIENTES','admin_clientes','127.0.0.1'),(31,1,'2025-10-31 11:05:38','CLIENTES','admin_clientes','127.0.0.1'),(32,1,'2025-10-31 11:08:34','CLIENTES','admin_clientes','127.0.0.1'),(33,1,'2025-10-31 11:17:32','CLIENTES','admin_clientes','127.0.0.1'),(34,1,'2025-10-31 11:17:35','CLIENTES','admin_clientes','127.0.0.1'),(35,1,'2025-10-31 11:23:41','AUTH','LOGIN_EXITOSO','127.0.0.1'),(36,1,'2025-10-31 11:26:27','CLIENTES','admin_clientes','127.0.0.1'),(37,1,'2025-10-31 11:27:02','CLIENTES','admin_clientes','127.0.0.1'),(38,1,'2025-10-31 13:18:34','AUTH','LOGIN_EXITOSO','127.0.0.1'),(39,1,'2025-10-31 13:19:12','CLIENTES','admin_clientes','127.0.0.1'),(40,1,'2025-10-31 13:22:28','CLIENTES','admin_clientes','127.0.0.1'),(41,1,'2025-10-31 13:24:57','CLIENTES','admin_clientes','127.0.0.1'),(42,1,'2025-10-31 13:44:09','CLIENTES','admin_clientes','127.0.0.1'),(43,1,'2025-10-31 13:44:10','PROVEEDORES','admin_proveedores','127.0.0.1'),(44,1,'2025-10-31 15:10:58','AUTH','LOGIN_EXITOSO','127.0.0.1'),(45,1,'2025-10-31 15:24:22','CLIENTES','admin_clientes','127.0.0.1'),(46,1,'2025-10-31 15:24:23','CLIENTES','admin_clientes','127.0.0.1'),(47,1,'2025-10-31 15:24:25','CLIENTES','admin_clientes','127.0.0.1'),(48,1,'2025-10-31 15:24:25','CLIENTES','admin_clientes','127.0.0.1'),(49,1,'2025-10-31 15:24:25','CLIENTES','admin_clientes','127.0.0.1'),(50,1,'2025-10-31 15:24:38','CLIENTES','admin_clientes','127.0.0.1'),(51,1,'2025-10-31 15:27:52','PROVEEDORES','admin_proveedores','127.0.0.1'),(52,1,'2025-10-31 15:31:48','PROVEEDORES','admin_proveedores','127.0.0.1'),(53,1,'2025-10-31 15:38:52','PROVEEDORES','admin_proveedores','127.0.0.1'),(54,1,'2025-10-31 15:39:27','CREAR-PROVEEDORES','admin_crear_proveedor','127.0.0.1'),(55,1,'2025-10-31 15:39:27','PROVEEDORES','admin_proveedores','127.0.0.1'),(56,1,'2025-10-31 16:53:36','AUTH','LOGIN_EXITOSO','127.0.0.1'),(57,1,'2025-10-31 16:53:48','CLIENTES','admin_clientes','127.0.0.1'),(58,1,'2025-10-31 16:55:21','CREAR-CLIENTES','admin_crear_cliente','127.0.0.1'),(59,1,'2025-10-31 16:55:21','CLIENTES','admin_clientes','127.0.0.1'),(60,1,'2025-10-31 17:09:18','CLIENTES','admin_clientes','127.0.0.1'),(61,1,'2025-10-31 17:09:34','USUARIOS','admin_usuarios','127.0.0.1'),(62,1,'2025-10-31 17:09:34','CLIENTES','admin_clientes','127.0.0.1'),(63,1,'2025-10-31 17:38:58','CLIENTES','admin_clientes','127.0.0.1'),(64,1,'2025-10-31 22:17:49','AUTH','LOGIN_EXITOSO','127.0.0.1'),(65,1,'2025-10-31 22:18:56','PROVEEDORES','admin_proveedores','127.0.0.1'),(66,1,'2025-10-31 22:23:31','CLIENTES','admin_clientes','127.0.0.1'),(67,1,'2025-10-31 22:25:33','PROVEEDORES','admin_proveedores','127.0.0.1'),(68,1,'2025-10-31 23:24:20','PROVEEDORES','admin_proveedores','127.0.0.1'),(69,1,'2025-10-31 23:24:21','EDITAR-PROVEEDORES','admin_editar_proveedor','127.0.0.1'),(70,1,'2025-10-31 23:24:28','CLIENTES','admin_clientes','127.0.0.1'),(71,1,'2025-10-31 23:24:29','EDITAR-CLIENTES','admin_editar_cliente','127.0.0.1'),(72,1,'2025-10-31 23:24:38','PROVEEDORES','admin_proveedores','127.0.0.1'),(73,1,'2025-10-31 23:24:40','EDITAR-PROVEEDORES','admin_editar_proveedor','127.0.0.1'),(74,1,'2025-10-31 23:26:00','EDITAR-PROVEEDORES','admin_editar_proveedor','127.0.0.1'),(75,1,'2025-10-31 23:26:01','PROVEEDORES','admin_proveedores','127.0.0.1'),(76,1,'2025-10-31 23:26:19','CLIENTES','admin_clientes','127.0.0.1'),(77,1,'2025-10-31 23:26:22','EDITAR-CLIENTES','admin_editar_cliente','127.0.0.1'),(78,1,'2025-10-31 23:26:28','EDITAR-CLIENTES','admin_editar_cliente','127.0.0.1'),(79,1,'2025-10-31 23:26:29','CLIENTES','admin_clientes','127.0.0.1'),(80,1,'2025-10-31 23:26:37','PROVEEDORES','admin_proveedores','127.0.0.1'),(81,1,'2025-11-01 08:38:34','AUTH','LOGIN_EXITOSO','127.0.0.1'),(82,1,'2025-11-01 08:39:31','PROVEEDORES','admin_proveedores','127.0.0.1'),(83,1,'2025-11-01 08:39:39','EDITAR-PROVEEDORES','admin_editar_proveedor','127.0.0.1'),(84,1,'2025-11-01 08:39:57','PROVEEDORES','admin_proveedores','127.0.0.1'),(85,1,'2025-11-02 21:48:46','AUTH','LOGIN_EXITOSO','127.0.0.1'),(86,1,'2025-11-02 22:31:23','UNIDADES-MEDIDAS','admin_unidades_medidas','127.0.0.1'),(87,1,'2025-11-02 22:31:49','UNIDADES-MEDIDAS','admin_unidades_medidas','127.0.0.1'),(88,1,'2025-11-02 22:33:23','UNIDADES-MEDIDAS','admin_unidades_medidas','127.0.0.1'),(89,1,'2025-11-02 22:35:15','UNIDADES-MEDIDAS','admin_unidades_medidas','127.0.0.1'),(90,1,'2025-11-02 22:35:34','UNIDADES-MEDIDAS','admin_unidades_medidas','127.0.0.1'),(91,1,'2025-11-02 22:37:36','UNIDADES-MEDIDAS','admin_unidades_medidas','127.0.0.1'),(92,1,'2025-11-02 22:38:05','UNIDADES-MEDIDAS','admin_unidades_medidas','127.0.0.1'),(93,1,'2025-11-02 22:48:11','UNIDADES-MEDIDAS','admin_unidades_medidas','127.0.0.1'),(94,1,'2025-11-02 22:48:42','UNIDADES-MEDIDAS','admin_unidades_medidas','127.0.0.1'),(95,1,'2025-11-02 22:57:37','UNIDADES-MEDIDAS','admin_unidades_medidas','127.0.0.1'),(96,1,'2025-11-02 22:58:53','UNIDADES-MEDIDAS','admin_unidades_medidas','127.0.0.1'),(97,1,'2025-11-02 22:59:09','UNIDADES-MEDIDAS','admin_unidades_medidas','127.0.0.1'),(98,1,'2025-11-02 22:59:13','USUARIOS','admin_usuarios','127.0.0.1'),(99,1,'2025-11-02 22:59:16','UNIDADES-MEDIDAS','admin_unidades_medidas','127.0.0.1'),(100,1,'2025-11-02 23:03:24','UNIDADES-MEDIDAS','admin_unidades_medidas','127.0.0.1'),(101,1,'2025-11-02 23:07:52','UNIDADES-MEDIDAS','admin_unidades_medidas','127.0.0.1'),(102,1,'2025-11-02 23:11:47','UNIDADES-MEDIDAS','admin_unidades_medidas','127.0.0.1'),(103,1,'2025-11-02 23:15:47','UNIDADES-MEDIDAS','admin_unidades_medidas','127.0.0.1'),(104,1,'2025-11-02 23:20:19','UNIDADES-MEDIDAS','admin_unidades_medidas','127.0.0.1'),(105,1,'2025-11-02 23:22:24','PROVEEDORES','admin_proveedores','127.0.0.1'),(106,1,'2025-11-02 23:22:28','UNIDADES-MEDIDAS','admin_unidades_medidas','127.0.0.1'),(107,1,'2025-11-03 20:22:12','AUTH','LOGIN_EXITOSO','127.0.0.1'),(108,1,'2025-11-03 20:22:22','CATEGORIAS','admin_categorias','127.0.0.1'),(109,1,'2025-11-03 20:26:38','CATEGORIAS','admin_categorias','127.0.0.1'),(110,1,'2025-11-03 20:27:49','UNIDADES-MEDIDAS','admin_unidades_medidas','127.0.0.1'),(111,1,'2025-11-03 20:28:01','CATEGORIAS','admin_categorias','127.0.0.1'),(112,1,'2025-11-03 20:28:15','CATEGORIAS','admin_categorias','127.0.0.1'),(113,1,'2025-11-05 21:08:53','AUTH','LOGIN_EXITOSO','127.0.0.1'),(114,1,'2025-11-05 21:13:56','AUTH','LOGIN_EXITOSO','127.0.0.1'),(115,1,'2025-11-05 21:14:02','MOVIMIENTOS-INVENTARIO','admin_movimientos_inventario','127.0.0.1'),(116,1,'2025-11-05 21:14:18','METODOS-PAGO','admin_metodos_pago','127.0.0.1'),(117,1,'2025-11-05 21:14:25','UNIDADES-MEDIDAS','admin_unidades_medidas','127.0.0.1'),(118,1,'2025-11-05 21:53:28','UNIDADES-MEDIDAS','admin_unidades_medidas','127.0.0.1'),(119,1,'2025-11-05 21:53:32','MOVIMIENTOS-INVENTARIO','admin_movimientos_inventario','127.0.0.1'),(120,1,'2025-11-05 21:54:11','CATEGORIAS','admin_categorias','127.0.0.1'),(121,1,'2025-11-05 21:54:18','METODOS-PAGO','admin_metodos_pago','127.0.0.1'),(122,1,'2025-11-05 21:55:30','METODOS-PAGO','admin_metodos_pago','127.0.0.1'),(123,1,'2025-11-05 22:01:53','METODOS-PAGO','admin_metodos_pago','127.0.0.1'),(124,1,'2025-11-05 22:17:06','UNIDADES-MEDIDAS','admin_unidades_medidas','127.0.0.1'),(125,1,'2025-11-05 22:17:09','UNIDADES-MEDIDAS','admin_unidades_medidas','127.0.0.1'),(126,1,'2025-11-05 22:17:21','MOVIMIENTOS-INVENTARIO','admin_movimientos_inventario','127.0.0.1'),(127,1,'2025-11-05 22:24:26','USUARIOS','admin_usuarios','127.0.0.1'),(128,1,'2025-11-05 22:24:30','CLIENTES','admin_clientes','127.0.0.1'),(129,1,'2025-11-05 22:24:35','PROVEEDORES','admin_proveedores','127.0.0.1'),(130,1,'2025-11-05 22:24:38','UNIDADES-MEDIDAS','admin_unidades_medidas','127.0.0.1'),(131,1,'2025-11-05 22:46:19','MOVIMIENTOS-INVENTARIO','admin_movimientos_inventario','127.0.0.1'),(132,1,'2025-11-07 22:39:55','AUTH','LOGIN_EXITOSO','127.0.0.1'),(133,1,'2025-11-07 22:40:02','BODEGA-PRODUCTOS','admin_productos','127.0.0.1'),(134,1,'2025-11-07 22:41:10','METODOS-PAGO','admin_metodos_pago','127.0.0.1'),(135,1,'2025-11-07 22:41:14','MOVIMIENTOS-INVENTARIO','admin_movimientos_inventario','127.0.0.1'),(136,1,'2025-11-07 22:58:13','AUTH','LOGIN_EXITOSO','127.0.0.1'),(137,1,'2025-11-07 22:58:16','BODEGA-PRODUCTOS','admin_productos','127.0.0.1'),(138,1,'2025-11-07 23:00:57','BODEGA-PRODUCTOS','admin_productos','127.0.0.1'),(139,1,'2025-11-07 23:01:04','BODEGA-PRODUCTOS','admin_productos','127.0.0.1'),(140,1,'2025-11-07 23:04:46','BODEGA-PRODUCTOS','admin_productos','127.0.0.1'),(141,1,'2025-11-07 23:06:45','BODEGA-PRODUCTOS','admin_productos','127.0.0.1'),(142,1,'2025-11-07 23:17:59','BODEGA-PRODUCTOS','admin_productos','127.0.0.1'),(143,1,'2025-11-07 23:18:36','BODEGA-PRODUCTOS','admin_productos','127.0.0.1'),(144,1,'2025-11-07 23:25:21','BODEGA-PRODUCTOS','admin_productos','127.0.0.1'),(145,1,'2025-11-07 23:40:37','BODEGA-PRODUCTOS','admin_productos','127.0.0.1'),(146,1,'2025-11-07 23:42:29','BODEGA-PRODUCTOS','admin_productos','127.0.0.1'),(147,1,'2025-11-07 23:44:57','AUTH','LOGIN_EXITOSO','127.0.0.1'),(148,1,'2025-11-07 23:45:00','BODEGA-PRODUCTOS','admin_productos','127.0.0.1'),(149,1,'2025-11-08 00:04:12','AUTH','LOGIN_EXITOSO','127.0.0.1'),(150,1,'2025-11-08 00:04:16','BODEGA-PRODUCTOS','admin_productos','127.0.0.1'),(151,1,'2025-11-08 00:05:27','BODEGA-PRODUCTOS-CREAR','admin_crear_producto','127.0.0.1'),(152,1,'2025-11-08 00:05:27','BODEGA-PRODUCTOS','admin_productos','127.0.0.1'),(153,1,'2025-11-08 00:16:35','BODEGA-PRODUCTOS','admin_productos','127.0.0.1'),(154,1,'2025-11-08 00:17:07','BODEGA-PRODUCTOS','admin_productos','127.0.0.1'),(155,1,'2025-11-08 00:28:37','AUTH','LOGIN_EXITOSO','127.0.0.1'),(156,1,'2025-11-08 00:28:48','BODEGA-PRODUCTOS','admin_productos','127.0.0.1'),(157,1,'2025-11-08 00:28:52','BODEGA-PRODUCTOS-EDITAR','admin_editar_producto','127.0.0.1'),(158,1,'2025-11-08 00:28:53','BODEGA-PRODUCTOS','admin_productos','127.0.0.1'),(159,1,'2025-11-08 00:36:28','BODEGA-PRODUCTOS-EDITAR','admin_editar_producto','127.0.0.1'),(160,1,'2025-11-08 00:36:38','BODEGA-PRODUCTOS-EDITAR','admin_editar_producto','127.0.0.1'),(161,1,'2025-11-08 00:36:42','BODEGA-PRODUCTOS','admin_productos','127.0.0.1'),(162,1,'2025-11-08 00:36:52','BODEGA-PRODUCTOS-EDITAR','admin_editar_producto','127.0.0.1'),(163,1,'2025-11-08 00:48:26','BODEGA-PRODUCTOS','admin_productos','127.0.0.1'),(164,1,'2025-11-08 00:49:04','BODEGA-PRODUCTOS','admin_productos','127.0.0.1'),(165,1,'2025-11-08 00:49:11','MOVIMIENTOS-INVENTARIO','admin_movimientos_inventario','127.0.0.1'),(166,1,'2025-11-08 00:49:22','BODEGA-PRODUCTOS','admin_productos','127.0.0.1'),(167,1,'2025-11-08 00:50:11','AUTH','LOGIN_EXITOSO','127.0.0.1'),(168,1,'2025-11-08 00:50:15','BODEGA-PRODUCTOS','admin_productos','127.0.0.1'),(169,1,'2025-11-08 00:54:54','BODEGA-PRODUCTOS','admin_productos','127.0.0.1'),(170,1,'2025-11-08 00:55:03','BODEGA-PRODUCTOS-EDITAR','admin_editar_producto','127.0.0.1'),(171,1,'2025-11-08 00:55:30','BODEGA-PRODUCTOS','admin_productos','127.0.0.1'),(172,1,'2025-11-08 00:55:32','BODEGA-PRODUCTOS-EDITAR','admin_editar_producto','127.0.0.1'),(173,1,'2025-11-10 08:49:19','AUTH','LOGIN_EXITOSO','127.0.0.1'),(174,1,'2025-11-10 08:49:33','PRODUCTOS','admin_productos','127.0.0.1'),(175,1,'2025-11-10 08:50:04','BODEGA','admin_bodega','127.0.0.1'),(176,1,'2025-11-10 09:02:59','PRODUCTOS','admin_productos','127.0.0.1'),(177,1,'2025-11-10 09:04:33','PRODUCTOS','admin_productos','127.0.0.1'),(178,1,'2025-11-10 09:31:08','PRODUCTOS','admin_productos','127.0.0.1'),(179,1,'2025-11-10 09:31:26','BODEGA','admin_bodega','127.0.0.1'),(180,1,'2025-11-10 09:31:52','BODEGA-CREAR','admin_bodega_crear','127.0.0.1'),(181,1,'2025-11-10 09:31:54','BODEGA','admin_bodega','127.0.0.1'),(182,1,'2025-11-10 09:32:00','PRODUCTOS','admin_productos','127.0.0.1'),(183,1,'2025-11-10 09:33:35','CREAR_PRODUCTO','admin_crear_producto','127.0.0.1'),(184,1,'2025-11-10 09:33:35','CREAR_PRODUCTO','admin_crear_producto','127.0.0.1'),(185,1,'2025-11-10 09:33:35','PRODUCTOS','admin_productos','127.0.0.1'),(186,1,'2025-11-10 09:33:43','PRODUCTOS','admin_productos','127.0.0.1'),(187,1,'2025-11-10 09:34:23','CREAR_PRODUCTO','admin_crear_producto','127.0.0.1'),(188,1,'2025-11-10 09:34:24','PRODUCTOS','admin_productos','127.0.0.1'),(189,1,'2025-11-10 09:34:37','PRODUCTOS','admin_productos','127.0.0.1'),(190,1,'2025-11-10 09:46:08','MOVIMIENTOS-INVENTARIO','admin_movimientos_inventario','127.0.0.1'),(191,1,'2025-11-10 09:46:55','USUARIOS','admin_usuarios','127.0.0.1'),(192,1,'2025-11-10 09:47:06','MOVIMIENTOS-INVENTARIO','admin_movimientos_inventario','127.0.0.1'),(193,1,'2025-11-10 10:14:16','PRODUCTOS','admin_productos','127.0.0.1'),(194,1,'2025-11-10 10:15:44','PRODUCTOS','admin_productos','127.0.0.1'),(195,1,'2025-11-10 10:15:52','PRODUCTOS','admin_productos','127.0.0.1'),(196,1,'2025-11-10 10:16:36','PRODUCTOS','admin_productos','127.0.0.1'),(197,1,'2025-11-10 10:19:18','PRODUCTOS','admin_productos','127.0.0.1'),(198,1,'2025-11-10 10:19:20','PRODUCTOS','admin_productos','127.0.0.1'),(199,1,'2025-11-10 10:19:28','PRODUCTOS','admin_productos','127.0.0.1'),(200,1,'2025-11-10 22:04:13','AUTH','LOGIN_EXITOSO','127.0.0.1'),(201,1,'2025-11-10 22:04:29','PRODUCTOS','admin_productos','127.0.0.1'),(202,1,'2025-11-10 22:06:38','PRODUCTOS','admin_productos','127.0.0.1'),(203,1,'2025-11-10 22:06:44','PRODUCTOS','admin_productos','127.0.0.1'),(204,1,'2025-11-10 22:08:00','PRODUCTOS','admin_productos','127.0.0.1'),(205,1,'2025-11-10 22:08:41','PRODUCTOS','admin_productos','127.0.0.1'),(206,1,'2025-11-10 22:21:36','CREAR_PRODUCTO','admin_crear_producto','127.0.0.1'),(207,1,'2025-11-10 22:21:36','PRODUCTOS','admin_productos','127.0.0.1'),(208,1,'2025-11-10 22:36:32','PRODUCTOS','admin_productos','127.0.0.1'),(209,1,'2025-11-10 22:44:19','PRODUCTOS','admin_productos','127.0.0.1'),(210,1,'2025-11-10 22:44:26','EDITAR_PRODUCTO','admin_editar_producto','127.0.0.1'),(211,1,'2025-11-10 22:44:58','PRODUCTOS','admin_productos','127.0.0.1'),(212,1,'2025-11-10 22:45:03','EDITAR_PRODUCTO','admin_editar_producto','127.0.0.1'),(213,1,'2025-11-10 22:45:06','PRODUCTOS','admin_productos','127.0.0.1'),(214,1,'2025-11-10 22:45:14','PRODUCTOS','admin_productos','127.0.0.1'),(215,1,'2025-11-10 22:45:20','PRODUCTOS','admin_productos','127.0.0.1'),(216,1,'2025-11-11 08:49:57','AUTH','LOGIN_EXITOSO','127.0.0.1'),(217,1,'2025-11-11 08:50:39','PRODUCTOS','admin_productos','127.0.0.1'),(218,1,'2025-11-11 08:54:38','BODEGA','admin_bodega','127.0.0.1'),(219,1,'2025-11-11 10:19:40','AUTH','LOGIN_EXITOSO','127.0.0.1'),(220,1,'2025-11-11 10:19:43','PRODUCTOS','admin_productos','127.0.0.1'),(221,1,'2025-11-11 10:57:11','BODEGA','admin_bodega','127.0.0.1'),(222,1,'2025-11-11 10:57:14','PRODUCTOS','admin_productos','127.0.0.1'),(223,1,'2025-11-11 10:57:17','USUARIOS','admin_usuarios','127.0.0.1'),(224,1,'2025-11-11 10:57:20','BODEGA','admin_bodega','127.0.0.1'),(225,1,'2025-11-11 22:26:10','AUTH','LOGIN_EXITOSO','127.0.0.1'),(226,1,'2025-11-11 22:26:12','BODEGA','admin_bodega','127.0.0.1'),(227,1,'2025-11-11 22:26:15','PRODUCTOS','admin_productos','127.0.0.1'),(228,1,'2025-11-11 22:31:15','PRODUCTOS','admin_productos','127.0.0.1'),(229,1,'2025-11-11 22:34:11','PRODUCTOS','admin_productos','127.0.0.1'),(230,1,'2025-11-11 22:35:07','COMPRAS-ENTRADAS','admin_compras_entradas','127.0.0.1'),(231,1,'2025-11-11 22:35:39','COMPRAS-ENTRADAS','admin_compras_entradas','127.0.0.1'),(232,1,'2025-11-11 22:41:30','COMPRAS-ENTRADAS','admin_compras_entradas','127.0.0.1'),(233,1,'2025-11-11 22:42:22','COMPRAS-ENTRADAS','admin_compras_entradas','127.0.0.1'),(234,1,'2025-11-11 22:46:45','COMPRAS-ENTRADAS','admin_compras_entradas','127.0.0.1'),(235,1,'2025-11-11 22:48:05','COMPRAS-ENTRADAS','admin_compras_entradas','127.0.0.1'),(236,1,'2025-11-11 22:48:44','COMPRAS-ENTRADAS','admin_compras_entradas','127.0.0.1'),(237,1,'2025-11-11 22:50:09','COMPRAS-ENTRADAS','admin_compras_entradas','127.0.0.1'),(238,1,'2025-11-11 22:50:16','COMPRAS-ENTRADAS','admin_compras_entradas','127.0.0.1'),(239,1,'2025-11-11 22:50:22','COMPRAS-ENTRADAS','admin_compras_entradas','127.0.0.1'),(240,1,'2025-11-11 22:51:58','COMPRAS-ENTRADAS','admin_compras_entradas','127.0.0.1'),(241,1,'2025-11-11 22:52:57','COMPRAS-ENTRADAS','admin_compras_entradas','127.0.0.1'),(242,1,'2025-11-11 23:36:58','COMPRAS-ENTRADAS','admin_compras_entradas','127.0.0.1'),(243,1,'2025-11-11 23:37:01','COMPRAS-ENTRADAS','admin_compras_entradas','127.0.0.1'),(244,1,'2025-11-11 23:42:58','COMPRAS-ENTRADAS','admin_compras_entradas','127.0.0.1'),(245,1,'2025-11-11 23:43:09','COMPRAS-ENTRADAS-CREAR','admin_crear_compra','127.0.0.1'),(246,1,'2025-11-11 23:43:48','COMPRAS-ENTRADAS-CREAR','admin_crear_compra','127.0.0.1'),(247,1,'2025-11-11 23:45:20','COMPRAS-ENTRADAS-CREAR','admin_crear_compra','127.0.0.1'),(248,1,'2025-11-11 23:45:29','COMPRAS-ENTRADAS','admin_compras_entradas','127.0.0.1'),(249,1,'2025-11-11 23:45:45','COMPRAS-ENTRADAS-CREAR','admin_crear_compra','127.0.0.1'),(250,1,'2025-11-11 23:45:46','COMPRAS-ENTRADAS','admin_compras_entradas','127.0.0.1'),(251,1,'2025-11-11 23:46:32','COMPRAS-ENTRADAS','admin_compras_entradas','127.0.0.1'),(252,1,'2025-11-11 23:46:34','COMPRAS-ENTRADAS-CREAR','admin_crear_compra','127.0.0.1'),(253,1,'2025-11-11 23:46:52','COMPRAS-ENTRADAS','admin_compras_entradas','127.0.0.1'),(254,1,'2025-11-11 23:54:18','COMPRAS-ENTRADAS-CREAR','admin_crear_compra','127.0.0.1'),(255,1,'2025-11-12 08:57:08','AUTH','LOGIN_EXITOSO','127.0.0.1'),(256,1,'2025-11-12 08:57:14','COMPRAS-ENTRADAS','admin_compras_entradas','127.0.0.1'),(257,1,'2025-11-12 08:57:16','COMPRAS-ENTRADAS-CREAR','admin_crear_compra','127.0.0.1'),(258,1,'2025-11-12 08:59:45','COMPRAS-ENTRADAS','admin_compras_entradas','127.0.0.1'),(259,1,'2025-11-12 09:00:26','COMPRAS-ENTRADAS-CREAR','admin_crear_compra','127.0.0.1'),(260,1,'2025-11-12 09:05:14','COMPRAS-ENTRADAS','admin_compras_entradas','127.0.0.1'),(261,1,'2025-11-12 09:05:15','COMPRAS-ENTRADAS-CREAR','admin_crear_compra','127.0.0.1'),(262,1,'2025-11-12 09:22:31','COMPRAS-ENTRADAS-CREAR','admin_crear_compra','127.0.0.1'),(263,1,'2025-11-12 09:30:53','COMPRAS-ENTRADAS-CREAR','admin_crear_compra','127.0.0.1'),(264,1,'2025-11-12 09:31:48','COMPRAS-ENTRADAS-CREAR','admin_crear_compra','127.0.0.1'),(265,1,'2025-11-12 09:45:04','AUTH','LOGIN_EXITOSO','127.0.0.1'),(266,1,'2025-11-12 09:45:18','COMPRAS-ENTRADAS','admin_compras_entradas','127.0.0.1'),(267,1,'2025-11-12 09:45:20','COMPRAS-ENTRADAS-CREAR','admin_crear_compra','127.0.0.1'),(268,1,'2025-11-12 09:45:54','COMPRAS-ENTRADAS-CREAR','admin_crear_compra','127.0.0.1'),(269,1,'2025-11-12 09:52:14','COMPRAS-ENTRADAS-CREAR','admin_crear_compra','127.0.0.1'),(270,1,'2025-11-12 09:52:20','COMPRAS-ENTRADAS-CREAR','admin_crear_compra','127.0.0.1'),(271,1,'2025-11-12 09:53:18','COMPRAS-ENTRADAS-CREAR','admin_crear_compra','127.0.0.1'),(272,1,'2025-11-12 09:54:55','COMPRAS-ENTRADAS-CREAR','admin_crear_compra','127.0.0.1'),(273,1,'2025-11-12 09:55:07','COMPRAS-ENTRADAS-CREAR','admin_crear_compra','127.0.0.1'),(274,1,'2025-11-12 09:55:16','COMPRAS-ENTRADAS-CREAR','admin_crear_compra','127.0.0.1'),(275,1,'2025-11-12 10:05:35','COMPRAS-ENTRADAS-CREAR','admin_crear_compra','127.0.0.1'),(276,1,'2025-11-12 10:05:58','COMPRAS-ENTRADAS-CREAR','admin_crear_compra','127.0.0.1'),(277,1,'2025-11-12 10:06:41','COMPRAS-ENTRADAS-CREAR','admin_crear_compra','127.0.0.1'),(278,1,'2025-11-12 10:06:47','COMPRAS-ENTRADAS-CREAR','admin_crear_compra','127.0.0.1'),(279,1,'2025-11-12 10:06:49','COMPRAS-ENTRADAS-CREAR','admin_crear_compra','127.0.0.1'),(280,1,'2025-11-12 10:07:37','COMPRAS-ENTRADAS-CREAR','admin_crear_compra','127.0.0.1'),(281,1,'2025-11-12 10:16:45','COMPRAS-ENTRADAS-CREAR','admin_crear_compra','127.0.0.1'),(282,1,'2025-11-12 10:21:58','COMPRAS-ENTRADAS-CREAR','admin_crear_compra','127.0.0.1'),(283,1,'2025-11-12 10:22:07','COMPRAS-ENTRADAS-CREAR','admin_crear_compra','127.0.0.1'),(284,1,'2025-11-12 11:30:12','AUTH','LOGIN_EXITOSO','127.0.0.1'),(285,1,'2025-11-12 11:30:18','PRODUCTOS','admin_productos','127.0.0.1'),(286,1,'2025-11-12 11:30:23','EDITAR_PRODUCTO','admin_editar_producto','127.0.0.1'),(287,1,'2025-11-12 11:30:42','PRODUCTOS','admin_productos','127.0.0.1'),(288,1,'2025-11-12 11:30:50','BODEGA','admin_bodega','127.0.0.1'),(289,1,'2025-11-12 11:45:45','PRODUCTOS','admin_productos','127.0.0.1'),(290,1,'2025-11-12 11:46:49','CREAR_PRODUCTO','admin_crear_producto','127.0.0.1'),(291,1,'2025-11-12 11:46:50','PRODUCTOS','admin_productos','127.0.0.1'),(292,1,'2025-11-12 11:47:56','BODEGA','admin_bodega','127.0.0.1'),(293,1,'2025-11-12 11:48:05','PRODUCTOS','admin_productos','127.0.0.1'),(294,1,'2025-11-12 11:56:10','COMPRAS-ENTRADAS','admin_compras_entradas','127.0.0.1'),(295,1,'2025-11-12 11:57:08','COMPRAS-ENTRADAS','admin_compras_entradas','127.0.0.1'),(296,1,'2025-11-12 12:01:14','COMPRAS-ENTRADAS','admin_compras_entradas','127.0.0.1'),(297,1,'2025-11-12 12:38:42','COMPRAS-ENTRADAS','admin_compras_entradas','127.0.0.1'),(298,1,'2025-11-12 20:21:23','AUTH','LOGIN_EXITOSO','127.0.0.1'),(299,1,'2025-11-12 20:21:34','COMPRAS-ENTRADAS','admin_compras_entradas','127.0.0.1'),(300,1,'2025-11-12 20:21:38','COMPRAS-ENTRADAS-CREAR','admin_crear_compra','127.0.0.1'),(301,1,'2025-11-12 20:22:02','COMPRAS-ENTRADAS-CREAR','admin_crear_compra','127.0.0.1'),(302,1,'2025-11-12 20:27:35','COMPRAS-ENTRADAS-CREAR','admin_crear_compra','127.0.0.1'),(303,1,'2025-11-12 20:31:13','COMPRAS-ENTRADAS-CREAR','admin_crear_compra','127.0.0.1'),(304,1,'2025-11-12 20:32:55','COMPRAS-ENTRADAS','admin_compras_entradas','127.0.0.1'),(305,1,'2025-11-12 20:32:59','COMPRAS-ENTRADAS','admin_compras_entradas','127.0.0.1'),(306,1,'2025-11-12 20:39:47','COMPRAS-ENTRADAS-CREAR','admin_crear_compra','127.0.0.1'),(307,1,'2025-11-12 20:53:02','COMPRAS-ENTRADAS-CREAR','admin_crear_compra','127.0.0.1'),(308,1,'2025-11-12 20:57:06','COMPRAS-ENTRADAS-CREAR','admin_crear_compra','127.0.0.1'),(309,1,'2025-11-12 21:23:00','COMPRAS-ENTRADAS-CREAR','admin_crear_compra','127.0.0.1'),(310,1,'2025-11-12 21:23:50','COMPRAS-ENTRADAS-CREAR','admin_crear_compra','127.0.0.1'),(311,1,'2025-11-12 21:23:56','COMPRAS-ENTRADAS-CREAR','admin_crear_compra','127.0.0.1'),(312,1,'2025-11-12 21:24:56','COMPRAS-ENTRADAS-CREAR','admin_crear_compra','127.0.0.1'),(313,1,'2025-11-12 21:35:09','COMPRAS-ENTRADAS-CREAR','admin_crear_compra','127.0.0.1'),(314,1,'2025-11-12 21:35:49','COMPRAS-ENTRADAS-CREAR','admin_crear_compra','127.0.0.1'),(315,1,'2025-11-12 21:36:17','COMPRAS-ENTRADAS-CREAR','admin_crear_compra','127.0.0.1'),(316,1,'2025-11-12 21:41:18','COMPRAS-ENTRADAS-CREAR','admin_crear_compra','127.0.0.1'),(317,1,'2025-11-12 21:42:31','COMPRAS-ENTRADAS-CREAR','admin_crear_compra','127.0.0.1'),(318,1,'2025-11-12 21:42:33','COMPRAS-ENTRADAS','admin_compras_entradas','127.0.0.1'),(319,1,'2025-11-12 21:56:03','COMPRAS-ENTRADAS','admin_compras_entradas','127.0.0.1'),(320,1,'2025-11-12 22:09:32','COMPRAS-ENTRADAS','admin_compras_entradas','127.0.0.1'),(321,1,'2025-11-12 22:09:45','COMPRAS-ENTRADAS-CREAR','admin_crear_compra','127.0.0.1'),(322,1,'2025-11-12 22:10:19','COMPRAS-ENTRADAS-CREAR','admin_crear_compra','127.0.0.1'),(323,1,'2025-11-12 22:10:22','COMPRAS-ENTRADAS','admin_compras_entradas','127.0.0.1'),(324,1,'2025-11-12 22:10:27','PRODUCTOS','admin_productos','127.0.0.1'),(325,1,'2025-11-12 22:10:43','EDITAR_PRODUCTO','admin_editar_producto','127.0.0.1'),(326,1,'2025-11-12 22:11:07','PRODUCTOS','admin_productos','127.0.0.1'),(327,1,'2025-11-12 22:43:03','EDITAR_PRODUCTO','admin_editar_producto','127.0.0.1'),(328,1,'2025-11-13 08:33:17','AUTH','LOGIN_EXITOSO','127.0.0.1'),(329,1,'2025-11-13 08:33:26','COMPRAS-ENTRADAS','admin_compras_entradas','127.0.0.1'),(330,1,'2025-11-13 08:34:02','COMPRAS-ENTRADAS-CREAR','admin_crear_compra','127.0.0.1'),(331,1,'2025-11-13 08:35:29','COMPRAS-ENTRADAS-CREAR','admin_crear_compra','127.0.0.1'),(332,1,'2025-11-13 08:35:31','COMPRAS-ENTRADAS','admin_compras_entradas','127.0.0.1'),(333,1,'2025-11-13 08:35:41','PRODUCTOS','admin_productos','127.0.0.1'),(334,1,'2025-11-13 08:36:09','PRODUCTOS','admin_productos','127.0.0.1'),(335,1,'2025-11-13 08:51:02','PRODUCTOS','admin_productos','127.0.0.1'),(336,1,'2025-11-13 08:51:12','COMPRAS-ENTRADAS','admin_compras_entradas','127.0.0.1'),(337,1,'2025-11-13 08:53:11','COMPRAS-ENTRADAS-CREAR','admin_crear_compra','127.0.0.1'),(338,1,'2025-11-13 08:53:11','COMPRAS-ENTRADAS','admin_compras_entradas','127.0.0.1'),(339,1,'2025-11-13 08:53:18','COMPRAS-ENTRADAS-CREAR','admin_crear_compra','127.0.0.1'),(340,1,'2025-11-13 08:53:18','COMPRAS-ENTRADAS','admin_compras_entradas','127.0.0.1'),(341,1,'2025-11-13 08:53:38','COMPRAS-ENTRADAS-CREAR','admin_crear_compra','127.0.0.1'),(342,1,'2025-11-13 08:53:39','COMPRAS-ENTRADAS','admin_compras_entradas','127.0.0.1'),(343,1,'2025-11-13 09:00:35','COMPRAS-ENTRADAS','admin_compras_entradas','127.0.0.1'),(344,1,'2025-11-13 09:01:49','COMPRAS-ENTRADAS-CREAR','admin_crear_compra','127.0.0.1'),(345,1,'2025-11-13 09:02:58','COMPRAS-ENTRADAS-CREAR','admin_crear_compra','127.0.0.1'),(346,1,'2025-11-13 09:03:00','COMPRAS-ENTRADAS','admin_compras_entradas','127.0.0.1'),(347,1,'2025-11-13 09:03:04','PRODUCTOS','admin_productos','127.0.0.1'),(348,1,'2025-11-13 09:08:08','PRODUCTOS','admin_productos','127.0.0.1'),(349,1,'2025-11-13 09:08:20','COMPRAS-ENTRADAS','admin_compras_entradas','127.0.0.1'),(350,1,'2025-11-13 09:08:44','COMPRAS-ENTRADAS-CREAR','admin_crear_compra','127.0.0.1'),(351,1,'2025-11-13 09:13:11','COMPRAS-ENTRADAS','admin_compras_entradas','127.0.0.1'),(352,1,'2025-11-13 09:13:22','COMPRAS-ENTRADAS-CREAR','admin_crear_compra','127.0.0.1'),(353,1,'2025-11-13 09:14:55','COMPRAS-ENTRADAS-CREAR','admin_crear_compra','127.0.0.1'),(354,1,'2025-11-13 09:15:10','COMPRAS-ENTRADAS','admin_compras_entradas','127.0.0.1'),(355,1,'2025-11-13 09:16:00','PRODUCTOS','admin_productos','127.0.0.1'),(356,1,'2025-11-13 09:17:01','EDITAR_PRODUCTO','admin_editar_producto','127.0.0.1'),(357,1,'2025-11-13 09:17:06','EDITAR_PRODUCTO','admin_editar_producto','127.0.0.1'),(358,1,'2025-11-13 09:17:06','PRODUCTOS','admin_productos','127.0.0.1'),(359,1,'2025-11-13 09:17:16','EDITAR_PRODUCTO','admin_editar_producto','127.0.0.1'),(360,1,'2025-11-13 09:21:56','COMPRAS-ENTRADAS','admin_compras_entradas','127.0.0.1'),(361,1,'2025-11-13 09:22:05','PRODUCTOS','admin_productos','127.0.0.1'),(362,1,'2025-11-13 09:22:07','EDITAR_PRODUCTO','admin_editar_producto','127.0.0.1'),(363,1,'2025-11-13 09:22:08','PRODUCTOS','admin_productos','127.0.0.1'),(364,1,'2025-11-13 09:42:01','COMPRAS-ENTRADAS','admin_compras_entradas','127.0.0.1'),(365,1,'2025-11-13 09:42:17','PRODUCTOS','admin_productos','127.0.0.1'),(366,1,'2025-11-13 09:44:50','CREAR_PRODUCTO','admin_crear_producto','127.0.0.1'),(367,1,'2025-11-13 09:44:50','PRODUCTOS','admin_productos','127.0.0.1'),(368,1,'2025-11-13 09:56:29','PRODUCTOS','admin_productos','127.0.0.1'),(369,1,'2025-11-13 09:56:30','EDITAR_PRODUCTO','admin_editar_producto','127.0.0.1'),(370,1,'2025-11-13 09:56:40','EDITAR_PRODUCTO','admin_editar_producto','127.0.0.1'),(371,1,'2025-11-13 09:56:47','EDITAR_PRODUCTO','admin_editar_producto','127.0.0.1'),(372,1,'2025-11-13 10:05:17','PRODUCTOS','admin_productos','127.0.0.1'),(373,1,'2025-11-13 10:05:18','EDITAR_PRODUCTO','admin_editar_producto','127.0.0.1'),(374,1,'2025-11-13 10:05:19','PRODUCTOS','admin_productos','127.0.0.1'),(375,1,'2025-11-13 10:05:25','EDITAR_PRODUCTO','admin_editar_producto','127.0.0.1'),(376,1,'2025-11-13 10:05:25','PRODUCTOS','admin_productos','127.0.0.1'),(377,1,'2025-11-13 10:05:41','COMPRAS-ENTRADAS','admin_compras_entradas','127.0.0.1'),(378,1,'2025-11-13 10:06:26','COMPRAS-ENTRADAS-CREAR','admin_crear_compra','127.0.0.1'),(379,1,'2025-11-13 10:06:58','COMPRAS-ENTRADAS-CREAR','admin_crear_compra','127.0.0.1'),(380,1,'2025-11-13 10:06:59','COMPRAS-ENTRADAS','admin_compras_entradas','127.0.0.1'),(381,1,'2025-11-13 10:07:12','PRODUCTOS','admin_productos','127.0.0.1'),(382,1,'2025-11-13 10:07:15','EDITAR_PRODUCTO','admin_editar_producto','127.0.0.1'),(383,1,'2025-11-13 10:07:15','PRODUCTOS','admin_productos','127.0.0.1'),(384,1,'2025-11-13 10:07:28','PRODUCTOS','admin_productos','127.0.0.1'),(385,1,'2025-11-13 10:07:31','COMPRAS-ENTRADAS','admin_compras_entradas','127.0.0.1'),(386,1,'2025-11-13 10:07:38','COMPRAS-ENTRADAS-CREAR','admin_crear_compra','127.0.0.1'),(387,1,'2025-11-13 10:08:48','COMPRAS-ENTRADAS-CREAR','admin_crear_compra','127.0.0.1'),(388,1,'2025-11-13 10:08:50','COMPRAS-ENTRADAS','admin_compras_entradas','127.0.0.1'),(389,1,'2025-11-13 22:21:31','AUTH','LOGIN_EXITOSO','127.0.0.1'),(390,1,'2025-11-13 22:22:05','PRODUCTOS','admin_productos','127.0.0.1'),(391,1,'2025-11-13 22:22:06','PRODUCTOS','admin_productos','127.0.0.1'),(392,1,'2025-11-13 22:22:21','EDITAR_PRODUCTO','admin_editar_producto','127.0.0.1'),(393,1,'2025-11-13 22:22:22','PRODUCTOS','admin_productos','127.0.0.1'),(394,1,'2025-11-13 22:23:33','EDITAR_PRODUCTO','admin_editar_producto','127.0.0.1'),(395,1,'2025-11-13 22:23:34','PRODUCTOS','admin_productos','127.0.0.1'),(396,1,'2025-11-13 22:31:31','COMPRAS-ENTRADAS','admin_compras_entradas','127.0.0.1'),(397,1,'2025-11-13 22:31:48','PRODUCTOS','admin_productos','127.0.0.1'),(398,1,'2025-11-13 22:31:51','EDITAR_PRODUCTO','admin_editar_producto','127.0.0.1'),(399,1,'2025-11-13 22:32:06','PRODUCTOS','admin_productos','127.0.0.1'),(400,1,'2025-11-13 22:32:13','EDITAR_PRODUCTO','admin_editar_producto','127.0.0.1'),(401,1,'2025-11-13 22:32:36','PRODUCTOS','admin_productos','127.0.0.1'),(402,1,'2025-11-13 22:33:45','CREAR_PRODUCTO','admin_crear_producto','127.0.0.1'),(403,1,'2025-11-13 22:33:45','PRODUCTOS','admin_productos','127.0.0.1'),(404,1,'2025-11-13 22:33:49','EDITAR_PRODUCTO','admin_editar_producto','127.0.0.1'),(405,1,'2025-11-13 23:07:38','PRODUCTOS','admin_productos','127.0.0.1'),(406,1,'2025-11-13 23:08:13','CREAR_PRODUCTO','admin_crear_producto','127.0.0.1'),(407,1,'2025-11-13 23:08:13','PRODUCTOS','admin_productos','127.0.0.1'),(408,1,'2025-11-13 23:08:15','EDITAR_PRODUCTO','admin_editar_producto','127.0.0.1'),(409,1,'2025-11-13 23:08:20','PRODUCTOS','admin_productos','127.0.0.1'),(410,1,'2025-11-13 23:08:23','COMPRAS-ENTRADAS','admin_compras_entradas','127.0.0.1'),(411,1,'2025-11-13 23:08:25','COMPRAS-ENTRADAS-CREAR','admin_crear_compra','127.0.0.1'),(412,1,'2025-11-13 23:09:30','COMPRAS-ENTRADAS-CREAR','admin_crear_compra','127.0.0.1'),(413,1,'2025-11-13 23:09:32','COMPRAS-ENTRADAS','admin_compras_entradas','127.0.0.1'),(414,1,'2025-11-13 23:10:40','PRODUCTOS','admin_productos','127.0.0.1'),(415,1,'2025-11-13 23:11:14','EDITAR_PRODUCTO','admin_editar_producto','127.0.0.1'),(416,1,'2025-11-13 23:11:48','PRODUCTOS','admin_productos','127.0.0.1'),(417,1,'2025-11-13 23:11:51','EDITAR_PRODUCTO','admin_editar_producto','127.0.0.1'),(418,1,'2025-11-13 23:13:26','COMPRAS-ENTRADAS','admin_compras_entradas','127.0.0.1'),(419,1,'2025-11-13 23:31:08','PRODUCTOS','admin_productos','127.0.0.1'),(420,1,'2025-11-13 23:31:13','EDITAR_PRODUCTO','admin_editar_producto','127.0.0.1'),(421,1,'2025-11-14 08:04:41','AUTH','LOGIN_EXITOSO','127.0.0.1'),(422,1,'2025-11-14 08:07:24','COMPRAS-ENTRADAS','admin_compras_entradas','127.0.0.1'),(423,1,'2025-11-14 08:09:20','COMPRAS-ENTRADAS-CREAR','admin_crear_compra','127.0.0.1'),(424,1,'2025-11-14 08:10:23','COMPRAS-ENTRADAS-CREAR','admin_crear_compra','127.0.0.1'),(425,1,'2025-11-14 08:10:25','COMPRAS-ENTRADAS','admin_compras_entradas','127.0.0.1'),(426,1,'2025-11-14 08:12:16','COMPRAS-ENTRADAS-CREAR','admin_crear_compra','127.0.0.1'),(427,1,'2025-11-14 08:12:53','COMPRAS-ENTRADAS-CREAR','admin_crear_compra','127.0.0.1'),(428,1,'2025-11-14 08:12:55','COMPRAS-ENTRADAS','admin_compras_entradas','127.0.0.1'),(429,1,'2025-11-14 08:41:31','COMPRAS-ENTRADAS','admin_compras_entradas','127.0.0.1'),(430,1,'2025-11-14 08:42:05','COMPRAS-ENTRADAS-CREAR','admin_crear_compra','127.0.0.1'),(431,1,'2025-11-14 08:43:17','COMPRAS-ENTRADAS-CREAR','admin_crear_compra','127.0.0.1'),(432,1,'2025-11-14 08:43:19','COMPRAS-ENTRADAS','admin_compras_entradas','127.0.0.1'),(433,1,'2025-11-14 08:57:48','COMPRAS-ENTRADAS','admin_compras_entradas','127.0.0.1'),(434,1,'2025-11-14 08:57:49','COMPRAS-ENTRADAS-CREAR','admin_crear_compra','127.0.0.1'),(435,1,'2025-11-14 08:58:45','COMPRAS-ENTRADAS-CREAR','admin_crear_compra','127.0.0.1'),(436,1,'2025-11-14 08:58:47','COMPRAS-ENTRADAS','admin_compras_entradas','127.0.0.1'),(437,1,'2025-11-14 11:18:29','AUTH','LOGIN_EXITOSO','127.0.0.1'),(438,1,'2025-11-14 11:18:33','COMPRAS-ENTRADAS','admin_compras_entradas','127.0.0.1'),(439,1,'2025-11-14 11:19:16','COMPRAS-ENTRADAS','admin_compras_entradas','127.0.0.1'),(440,1,'2025-11-14 11:19:18','COMPRAS-ENTRADAS-CREAR','admin_crear_compra','127.0.0.1'),(441,1,'2025-11-14 11:20:01','COMPRAS-ENTRADAS-CREAR','admin_crear_compra','127.0.0.1'),(442,1,'2025-11-14 11:20:23','COMPRAS-ENTRADAS-EDITAR','admin_editar_compra','127.0.0.1'),(443,1,'2025-11-14 11:20:23','COMPRAS-ENTRADAS','admin_compras_entradas','127.0.0.1'),(444,1,'2025-11-14 11:21:02','COMPRAS-ENTRADAS-EDITAR','admin_editar_compra','127.0.0.1'),(445,1,'2025-11-14 11:21:02','COMPRAS-ENTRADAS','admin_compras_entradas','127.0.0.1'),(446,1,'2025-11-14 11:21:10','COMPRAS-ENTRADAS-EDITAR','admin_editar_compra','127.0.0.1'),(447,1,'2025-11-14 11:21:10','COMPRAS-ENTRADAS','admin_compras_entradas','127.0.0.1'),(448,1,'2025-11-14 11:30:33','COMPRAS-ENTRADAS-EDITAR','admin_editar_compra','127.0.0.1'),(449,1,'2025-11-14 11:30:33','COMPRAS-ENTRADAS','admin_compras_entradas','127.0.0.1'),(450,1,'2025-11-14 11:35:28','COMPRAS-ENTRADAS','admin_compras_entradas','127.0.0.1'),(451,1,'2025-11-14 11:35:31','COMPRAS-ENTRADAS-EDITAR','admin_editar_compra','127.0.0.1'),(452,1,'2025-11-14 11:35:58','COMPRAS-ENTRADAS-EDITAR','admin_editar_compra','127.0.0.1'),(453,1,'2025-11-14 11:36:00','COMPRAS-ENTRADAS','admin_compras_entradas','127.0.0.1'),(454,1,'2025-11-14 11:36:15','COMPRAS-ENTRADAS-EDITAR','admin_editar_compra','127.0.0.1'),(455,1,'2025-11-14 11:36:25','PRODUCTOS','admin_productos','127.0.0.1'),(456,1,'2025-11-14 20:22:05','AUTH','LOGIN_EXITOSO','127.0.0.1'),(457,1,'2025-11-14 20:22:12','COMPRAS-ENTRADAS','admin_compras_entradas','127.0.0.1'),(458,1,'2025-11-14 20:22:32','COMPRAS-ENTRADAS-CREAR','admin_crear_compra','127.0.0.1'),(459,1,'2025-11-14 20:22:52','PRODUCTOS','admin_productos','127.0.0.1'),(460,1,'2025-11-14 20:22:55','EDITAR_PRODUCTO','admin_editar_producto','127.0.0.1'),(461,1,'2025-11-14 20:24:05','COMPRAS-ENTRADAS','admin_compras_entradas','127.0.0.1'),(462,1,'2025-11-14 21:06:14','COMPRAS-ENTRADAS','admin_compras_entradas','127.0.0.1'),(463,1,'2025-11-14 21:09:29','COMPRAS-ENTRADAS','admin_compras_entradas','127.0.0.1'),(464,1,'2025-11-14 21:13:12','COMPRAS-ENTRADAS','admin_compras_entradas','127.0.0.1'),(465,1,'2025-11-14 21:15:26','COMPRAS-ENTRADAS','admin_compras_entradas','127.0.0.1'),(466,1,'2025-11-14 21:17:25','COMPRAS-ENTRADAS','admin_compras_entradas','127.0.0.1'),(467,1,'2025-11-14 22:04:25','COMPRAS-ENTRADAS','admin_compras_entradas','127.0.0.1'),(468,1,'2025-11-14 22:04:38','COMPRAS-ENTRADAS-EDITAR','admin_editar_compra','127.0.0.1'),(469,1,'2025-11-14 22:04:46','COMPRAS-ENTRADAS','admin_compras_entradas','127.0.0.1'),(470,1,'2025-11-14 22:06:55','COMPRAS-ENTRADAS','admin_compras_entradas','127.0.0.1'),(471,1,'2025-11-14 22:07:10','COMPRAS-ENTRADAS','admin_compras_entradas','127.0.0.1'),(472,1,'2025-11-14 22:07:54','COMPRAS-ENTRADAS','admin_compras_entradas','127.0.0.1'),(473,1,'2025-11-14 22:08:32','COMPRAS-ENTRADAS','admin_compras_entradas','127.0.0.1'),(474,1,'2025-11-14 22:09:08','COMPRAS-ENTRADAS','admin_compras_entradas','127.0.0.1'),(475,1,'2025-11-14 22:14:05','COMPRAS-ENTRADAS-EDITAR','admin_editar_compra','127.0.0.1'),(476,1,'2025-11-14 22:14:22','COMPRAS-ENTRADAS','admin_compras_entradas','127.0.0.1'),(477,1,'2025-11-14 22:18:39','COMPRAS-ENTRADAS','admin_compras_entradas','127.0.0.1'),(478,1,'2025-11-14 22:20:54','COMPRAS-ENTRADAS','admin_compras_entradas','127.0.0.1'),(479,1,'2025-11-14 22:22:48','COMPRAS-ENTRADAS','admin_compras_entradas','127.0.0.1'),(480,1,'2025-11-14 22:50:54','COMPRAS-ENTRADAS','admin_compras_entradas','127.0.0.1'),(481,1,'2025-11-14 22:51:38','COMPRAS-ENTRADAS-EDITAR','admin_editar_compra','127.0.0.1'),(482,1,'2025-11-14 22:51:45','COMPRAS-ENTRADAS','admin_compras_entradas','127.0.0.1'),(483,1,'2025-11-14 23:02:03','COMPRAS-ENTRADAS','admin_compras_entradas','127.0.0.1'),(484,1,'2025-11-14 23:03:01','PRODUCTOS','admin_productos','127.0.0.1'),(485,1,'2025-11-14 23:03:12','COMPRAS-ENTRADAS','admin_compras_entradas','127.0.0.1'),(486,1,'2025-11-14 23:03:16','COMPRAS-ENTRADAS-EDITAR','admin_editar_compra','127.0.0.1'),(487,1,'2025-11-14 23:32:18','AUTH','LOGIN_EXITOSO','127.0.0.1'),(488,1,'2025-11-14 23:32:43','COMPRAS-ENTRADAS','admin_compras_entradas','127.0.0.1'),(489,1,'2025-11-14 23:35:05','COMPRAS-ENTRADAS','admin_compras_entradas','127.0.0.1'),(490,1,'2025-11-14 23:35:24','COMPRAS-ENTRADAS-DETALLE','admin_detalle_compra','127.0.0.1'),(491,1,'2025-11-14 23:35:25','COMPRAS-ENTRADAS','admin_compras_entradas','127.0.0.1'),(492,1,'2025-11-14 23:35:34','COMPRAS-ENTRADAS-EDITAR','admin_editar_compra','127.0.0.1'),(493,1,'2025-11-15 00:01:48','COMPRAS-ENTRADAS','admin_compras_entradas','127.0.0.1'),(494,1,'2025-11-15 00:02:23','COMPRAS-ENTRADAS-EDITAR','admin_editar_compra','127.0.0.1'),(495,1,'2025-11-15 00:02:48','COMPRAS-ENTRADAS-EDITAR','admin_editar_compra','127.0.0.1'),(496,1,'2025-11-15 00:02:51','COMPRAS-ENTRADAS-EDITAR','admin_editar_compra','127.0.0.1'),(497,1,'2025-11-15 00:17:10','COMPRAS-ENTRADAS','admin_compras_entradas','127.0.0.1'),(498,1,'2025-11-15 00:17:47','COMPRAS-ENTRADAS-EDITAR','admin_editar_compra','127.0.0.1'),(499,1,'2025-11-15 00:21:45','COMPRAS-ENTRADAS','admin_compras_entradas','127.0.0.1'),(500,1,'2025-11-15 00:30:37','COMPRAS-ENTRADAS','admin_compras_entradas','127.0.0.1'),(501,1,'2025-11-15 00:31:43','COMPRAS-ENTRADAS','admin_compras_entradas','127.0.0.1'),(502,1,'2025-11-15 00:33:03','COMPRAS-ENTRADAS','admin_compras_entradas','127.0.0.1'),(503,1,'2025-11-15 00:34:15','COMPRAS-ENTRADAS','admin_compras_entradas','127.0.0.1'),(504,1,'2025-11-15 00:34:18','COMPRAS-ENTRADAS-DETALLE-COMPLETO','admin_detalle_compra_completo','127.0.0.1'),(505,1,'2025-11-15 00:34:18','COMPRAS-ENTRADAS','admin_compras_entradas','127.0.0.1'),(506,1,'2025-11-15 00:35:28','COMPRAS-ENTRADAS','admin_compras_entradas','127.0.0.1'),(507,1,'2025-11-15 00:35:29','COMPRAS-ENTRADAS-DETALLE-COMPLETO','admin_detalle_compra_completo','127.0.0.1'),(508,1,'2025-11-15 00:35:30','COMPRAS-ENTRADAS','admin_compras_entradas','127.0.0.1'),(509,1,'2025-11-15 00:36:55','COMPRAS-ENTRADAS','admin_compras_entradas','127.0.0.1'),(510,1,'2025-11-15 00:36:57','COMPRAS-ENTRADAS-DETALLE-COMPLETO','admin_detalle_compra_completo','127.0.0.1'),(511,1,'2025-11-15 00:36:57','COMPRAS-ENTRADAS','admin_compras_entradas','127.0.0.1'),(512,1,'2025-11-15 00:37:40','COMPRAS-ENTRADAS','admin_compras_entradas','127.0.0.1'),(513,1,'2025-11-15 00:37:42','COMPRAS-ENTRADAS-DETALLE-COMPLETO','admin_detalle_compra_completo','127.0.0.1'),(514,1,'2025-11-15 00:37:42','COMPRAS-ENTRADAS','admin_compras_entradas','127.0.0.1'),(515,1,'2025-11-15 00:38:55','COMPRAS-ENTRADAS','admin_compras_entradas','127.0.0.1'),(516,1,'2025-11-15 00:38:57','COMPRAS-ENTRADAS-DETALLE-COMPLETO','admin_detalle_compra_completo','127.0.0.1'),(517,1,'2025-11-15 00:38:57','COMPRAS-ENTRADAS','admin_compras_entradas','127.0.0.1'),(518,1,'2025-11-15 00:39:50','COMPRAS-ENTRADAS','admin_compras_entradas','127.0.0.1'),(519,1,'2025-11-15 00:39:51','COMPRAS-ENTRADAS-DETALLE-COMPLETO','admin_detalle_compra_completo','127.0.0.1'),(520,1,'2025-11-15 00:39:51','COMPRAS-ENTRADAS','admin_compras_entradas','127.0.0.1'),(521,1,'2025-11-15 00:40:02','COMPRAS-ENTRADAS-DETALLE-COMPLETO','admin_detalle_compra_completo','127.0.0.1'),(522,1,'2025-11-15 00:40:02','COMPRAS-ENTRADAS','admin_compras_entradas','127.0.0.1'),(523,1,'2025-11-15 00:40:11','COMPRAS-ENTRADAS-DETALLE-COMPLETO','admin_detalle_compra_completo','127.0.0.1'),(524,1,'2025-11-15 00:40:12','COMPRAS-ENTRADAS','admin_compras_entradas','127.0.0.1'),(525,1,'2025-11-15 00:40:42','COMPRAS-ENTRADAS-DETALLE-COMPLETO','admin_detalle_compra_completo','127.0.0.1'),(526,1,'2025-11-15 00:40:43','COMPRAS-ENTRADAS','admin_compras_entradas','127.0.0.1'),(527,1,'2025-11-15 00:59:45','COMPRAS-ENTRADAS','admin_compras_entradas','127.0.0.1'),(528,1,'2025-11-15 00:59:50','COMPRAS-ENTRADAS-DETALLE-COMPLETO','admin_detalle_compra_completo','127.0.0.1'),(529,1,'2025-11-15 00:59:56','COMPRAS-ENTRADAS','admin_compras_entradas','127.0.0.1'),(530,1,'2025-11-15 01:00:03','COMPRAS-ENTRADAS-DETALLE-COMPLETO','admin_detalle_compra_completo','127.0.0.1'),(531,1,'2025-11-15 01:00:04','COMPRAS-ENTRADAS','admin_compras_entradas','127.0.0.1'),(532,1,'2025-11-15 01:03:30','UNIDADES-MEDIDAS','admin_unidades_medidas','127.0.0.1'),(533,1,'2025-11-15 01:03:37','COMPRAS-ENTRADAS','admin_compras_entradas','127.0.0.1'),(534,1,'2025-11-15 01:03:40','COMPRAS-ENTRADAS-DETALLE-COMPLETO','admin_detalle_compra_completo','127.0.0.1'),(535,1,'2025-11-15 01:03:41','COMPRAS-ENTRADAS','admin_compras_entradas','127.0.0.1'),(536,1,'2025-11-15 01:04:49','COMPRAS-ENTRADAS','admin_compras_entradas','127.0.0.1'),(537,1,'2025-11-15 01:05:12','COMPRAS-ENTRADAS','admin_compras_entradas','127.0.0.1'),(538,1,'2025-11-15 01:05:16','COMPRAS-ENTRADAS-DETALLE-COMPLETO','admin_detalle_compra_completo','127.0.0.1'),(539,1,'2025-11-15 01:05:21','COMPRAS-ENTRADAS','admin_compras_entradas','127.0.0.1'),(540,1,'2025-11-15 01:05:48','COMPRAS-ENTRADAS-DETALLE-COMPLETO','admin_detalle_compra_completo','127.0.0.1'),(541,1,'2025-11-15 01:05:49','COMPRAS-ENTRADAS','admin_compras_entradas','127.0.0.1'),(542,1,'2025-11-15 01:15:50','COMPRAS-ENTRADAS','admin_compras_entradas','127.0.0.1'),(543,1,'2025-11-15 01:15:52','COMPRAS-ENTRADAS-DETALLE-COMPLETO','admin_detalle_compra_completo','127.0.0.1'),(544,1,'2025-11-15 01:15:52','COMPRAS-ENTRADAS','admin_compras_entradas','127.0.0.1'),(545,1,'2025-11-15 01:17:02','COMPRAS-ENTRADAS','admin_compras_entradas','127.0.0.1'),(546,1,'2025-11-15 01:17:03','COMPRAS-ENTRADAS-DETALLE-COMPLETO','admin_detalle_compra_completo','127.0.0.1'),(547,1,'2025-11-15 01:17:03','COMPRAS-ENTRADAS','admin_compras_entradas','127.0.0.1'),(548,1,'2025-11-15 01:17:10','COMPRAS-ENTRADAS-DETALLE-COMPLETO','admin_detalle_compra_completo','127.0.0.1'),(549,1,'2025-11-15 01:17:10','COMPRAS-ENTRADAS','admin_compras_entradas','127.0.0.1'),(550,1,'2025-11-15 01:20:30','COMPRAS-ENTRADAS','admin_compras_entradas','127.0.0.1'),(551,1,'2025-11-15 01:20:34','COMPRAS-ENTRADAS-DETALLE-COMPLETO','admin_detalle_compra_completo','127.0.0.1'),(552,1,'2025-11-15 01:20:34','COMPRAS-ENTRADAS','admin_compras_entradas','127.0.0.1'),(553,1,'2025-11-15 01:23:54','COMPRAS-ENTRADAS','admin_compras_entradas','127.0.0.1'),(554,1,'2025-11-15 01:24:07','COMPRAS-ENTRADAS-DETALLE-COMPLETO','admin_detalle_compra_completo','127.0.0.1'),(555,1,'2025-11-15 01:24:18','COMPRAS-ENTRADAS','admin_compras_entradas','127.0.0.1'),(556,1,'2025-11-15 01:26:50','COMPRAS-ENTRADAS','admin_compras_entradas','127.0.0.1'),(557,1,'2025-11-15 01:26:51','COMPRAS-ENTRADAS-DETALLE-COMPLETO','admin_detalle_compra_completo','127.0.0.1'),(558,1,'2025-11-15 01:26:52','COMPRAS-ENTRADAS','admin_compras_entradas','127.0.0.1'),(559,1,'2025-11-15 01:28:42','COMPRAS-ENTRADAS','admin_compras_entradas','127.0.0.1'),(560,1,'2025-11-15 01:28:44','COMPRAS-ENTRADAS-DETALLE-COMPLETO','admin_detalle_compra_completo','127.0.0.1'),(561,1,'2025-11-15 01:28:44','COMPRAS-ENTRADAS','admin_compras_entradas','127.0.0.1'),(562,1,'2025-11-15 01:28:58','COMPRAS-ENTRADAS-DETALLE-COMPLETO','admin_detalle_compra_completo','127.0.0.1'),(563,1,'2025-11-15 01:28:58','COMPRAS-ENTRADAS','admin_compras_entradas','127.0.0.1'),(564,1,'2025-11-15 01:30:51','COMPRAS-ENTRADAS','admin_compras_entradas','127.0.0.1'),(565,1,'2025-11-15 01:30:53','COMPRAS-ENTRADAS-DETALLE-COMPLETO','admin_detalle_compra_completo','127.0.0.1'),(566,1,'2025-11-15 01:32:23','COMPRAS-ENTRADAS','admin_compras_entradas','127.0.0.1'),(567,1,'2025-11-15 01:33:15','COMPRAS-ENTRADAS-CREAR','admin_crear_compra','127.0.0.1'),(568,1,'2025-11-15 01:33:45','COMPRAS-ENTRADAS-CREAR','admin_crear_compra','127.0.0.1'),(569,1,'2025-11-15 01:33:46','COMPRAS-ENTRADAS-CREAR','admin_crear_compra','127.0.0.1'),(570,1,'2025-11-15 01:36:42','COMPRAS-ENTRADAS-CREAR','admin_crear_compra','127.0.0.1'),(571,1,'2025-11-15 01:36:46','COMPRAS-ENTRADAS-DETALLE-COMPLETO','admin_detalle_compra_completo','127.0.0.1'),(572,1,'2025-11-15 01:37:26','COMPRAS-ENTRADAS','admin_compras_entradas','127.0.0.1'),(573,1,'2025-11-15 01:37:29','COMPRAS-ENTRADAS-DETALLE-COMPLETO','admin_detalle_compra_completo','127.0.0.1'),(574,1,'2025-11-15 01:43:49','COMPRAS-ENTRADAS-CREAR','admin_crear_compra','127.0.0.1'),(575,1,'2025-11-15 01:48:01','COMPRAS-ENTRADAS-CREAR','admin_crear_compra','127.0.0.1'),(576,1,'2025-11-15 01:48:08','COMPRAS-ENTRADAS-CREAR','admin_crear_compra','127.0.0.1'),(577,1,'2025-11-15 01:48:57','COMPRAS-ENTRADAS-CREAR','admin_crear_compra','127.0.0.1'),(578,1,'2025-11-15 01:48:58','COMPRAS-ENTRADAS','admin_compras_entradas','127.0.0.1'),(579,1,'2025-11-15 01:48:58','COMPRAS-ENTRADAS','admin_compras_entradas','127.0.0.1'),(580,1,'2025-11-15 01:49:14','COMPRAS-ENTRADAS-EDITAR','admin_editar_compra','127.0.0.1'),(581,1,'2025-11-15 01:49:17','COMPRAS-ENTRADAS-DETALLE-COMPLETO','admin_detalle_compra_completo','127.0.0.1'),(582,1,'2025-11-15 01:49:34','COMPRAS-ENTRADAS-CREAR','admin_crear_compra','127.0.0.1'),(583,1,'2025-11-15 01:50:07','COMPRAS-ENTRADAS-CREAR','admin_crear_compra','127.0.0.1'),(584,1,'2025-11-15 01:50:07','COMPRAS-ENTRADAS','admin_compras_entradas','127.0.0.1'),(585,1,'2025-11-15 01:50:07','COMPRAS-ENTRADAS','admin_compras_entradas','127.0.0.1'),(586,1,'2025-11-15 02:15:54','COMPRAS-ENTRADAS','admin_compras_entradas','127.0.0.1'),(587,1,'2025-11-15 02:15:57','COMPRAS-ENTRADAS-CREAR','admin_crear_compra','127.0.0.1'),(588,1,'2025-11-15 02:16:31','COMPRAS-ENTRADAS-CREAR','admin_crear_compra','127.0.0.1'),(589,1,'2025-11-15 02:16:31','COMPRAS-ENTRADAS','admin_compras_entradas','127.0.0.1'),(590,1,'2025-11-15 02:16:31','COMPRAS-ENTRADAS','admin_compras_entradas','127.0.0.1'),(591,1,'2025-11-15 02:16:39','COMPRAS-ENTRADAS-CREAR','admin_crear_compra','127.0.0.1'),(592,1,'2025-11-15 02:17:09','COMPRAS-ENTRADAS-CREAR','admin_crear_compra','127.0.0.1'),(593,1,'2025-11-15 02:17:09','COMPRAS-ENTRADAS','admin_compras_entradas','127.0.0.1'),(594,1,'2025-11-15 02:17:09','COMPRAS-ENTRADAS','admin_compras_entradas','127.0.0.1'),(595,1,'2025-11-15 02:17:17','PRODUCTOS','admin_productos','127.0.0.1'),(596,1,'2025-11-15 02:17:19','EDITAR_PRODUCTO','admin_editar_producto','127.0.0.1'),(597,1,'2025-11-15 02:17:25','COMPRAS-ENTRADAS','admin_compras_entradas','127.0.0.1'),(598,1,'2025-11-15 02:17:27','COMPRAS-ENTRADAS-DETALLE-COMPLETO','admin_detalle_compra_completo','127.0.0.1'),(599,1,'2025-11-15 02:17:35','COMPRAS-ENTRADAS-DETALLE-COMPLETO','admin_detalle_compra_completo','127.0.0.1'),(600,1,'2025-11-15 02:17:55','COMPRAS-ENTRADAS-EDITAR','admin_editar_compra','127.0.0.1'),(601,1,'2025-11-15 02:18:07','COMPRAS-ENTRADAS-EDITAR','admin_editar_compra','127.0.0.1'),(602,1,'2025-11-15 02:18:10','COMPRAS-ENTRADAS-EDITAR','admin_editar_compra','127.0.0.1'),(603,1,'2025-11-15 02:18:10','COMPRAS-ENTRADAS-EDITAR','admin_editar_compra','127.0.0.1'),(604,1,'2025-11-15 02:19:37','COMPRAS-ENTRADAS-EDITAR','admin_editar_compra','127.0.0.1'),(605,1,'2025-11-15 02:19:37','COMPRAS-ENTRADAS-EDITAR','admin_editar_compra','127.0.0.1'),(606,1,'2025-11-15 02:31:20','COMPRAS-ENTRADAS-EDITAR','admin_editar_compra','127.0.0.1'),(607,1,'2025-11-15 02:31:32','COMPRAS-ENTRADAS-EDITAR','admin_editar_compra','127.0.0.1'),(608,1,'2025-11-15 02:31:38','COMPRAS-ENTRADAS-EDITAR','admin_editar_compra','127.0.0.1'),(609,1,'2025-11-15 02:31:38','COMPRAS-ENTRADAS','admin_compras_entradas','127.0.0.1'),(610,1,'2025-11-15 02:31:44','COMPRAS-ENTRADAS-DETALLE-COMPLETO','admin_detalle_compra_completo','127.0.0.1'),(611,1,'2025-11-15 02:31:46','COMPRAS-ENTRADAS-EDITAR','admin_editar_compra','127.0.0.1'),(612,1,'2025-11-15 02:31:50','COMPRAS-ENTRADAS-EDITAR','admin_editar_compra','127.0.0.1'),(613,1,'2025-11-15 02:31:51','COMPRAS-ENTRADAS','admin_compras_entradas','127.0.0.1'),(614,1,'2025-11-15 02:32:00','COMPRAS-ENTRADAS-DETALLE-COMPLETO','admin_detalle_compra_completo','127.0.0.1'),(615,1,'2025-11-15 02:32:04','COMPRAS-ENTRADAS-EDITAR','admin_editar_compra','127.0.0.1'),(616,1,'2025-11-15 02:32:10','COMPRAS-ENTRADAS-EDITAR','admin_editar_compra','127.0.0.1'),(617,1,'2025-11-15 02:32:11','COMPRAS-ENTRADAS','admin_compras_entradas','127.0.0.1'),(618,1,'2025-11-15 02:39:24','COMPRAS-ENTRADAS','admin_compras_entradas','127.0.0.1'),(619,1,'2025-11-15 02:39:26','COMPRAS-ENTRADAS-EDITAR','admin_editar_compra','127.0.0.1'),(620,1,'2025-11-15 02:39:43','COMPRAS-ENTRADAS-EDITAR','admin_editar_compra','127.0.0.1'),(621,1,'2025-11-15 02:39:43','COMPRAS-ENTRADAS','admin_compras_entradas','127.0.0.1'),(622,1,'2025-11-15 02:39:49','COMPRAS-ENTRADAS-EDITAR','admin_editar_compra','127.0.0.1'),(623,1,'2025-11-15 02:39:55','COMPRAS-ENTRADAS-EDITAR','admin_editar_compra','127.0.0.1'),(624,1,'2025-11-15 02:39:55','COMPRAS-ENTRADAS','admin_compras_entradas','127.0.0.1'),(625,1,'2025-11-15 02:39:59','COMPRAS-ENTRADAS-EDITAR','admin_editar_compra','127.0.0.1'),(626,1,'2025-11-15 02:40:05','COMPRAS-ENTRADAS','admin_compras_entradas','127.0.0.1'),(627,1,'2025-11-15 02:42:34','COMPRAS-ENTRADAS-DETALLE-COMPLETO','admin_detalle_compra_completo','127.0.0.1'),(628,1,'2025-11-15 02:43:06','COMPRAS-ENTRADAS-EDITAR','admin_editar_compra','127.0.0.1'),(629,1,'2025-11-15 02:43:14','COMPRAS-ENTRADAS-EDITAR','admin_editar_compra','127.0.0.1'),(630,1,'2025-11-15 02:43:14','COMPRAS-ENTRADAS','admin_compras_entradas','127.0.0.1'),(631,1,'2025-11-15 02:43:23','COMPRAS-ENTRADAS-DETALLE-COMPLETO','admin_detalle_compra_completo','127.0.0.1'),(632,1,'2025-11-15 10:36:39','AUTH','LOGIN_EXITOSO','127.0.0.1'),(633,1,'2025-11-15 10:36:54','COMPRAS-ENTRADAS','admin_compras_entradas','127.0.0.1'),(634,1,'2025-11-15 10:37:13','COMPRAS-ENTRADAS-CREAR','admin_crear_compra','127.0.0.1'),(635,1,'2025-11-15 10:39:19','COMPRAS-ENTRADAS-CREAR','admin_crear_compra','127.0.0.1'),(636,1,'2025-11-15 10:39:19','COMPRAS-ENTRADAS','admin_compras_entradas','127.0.0.1'),(637,1,'2025-11-15 10:39:20','COMPRAS-ENTRADAS','admin_compras_entradas','127.0.0.1'),(638,1,'2025-11-15 10:43:23','COMPRAS-ENTRADAS-EDITAR','admin_editar_compra','127.0.0.1'),(639,1,'2025-11-15 10:43:26','COMPRAS-ENTRADAS-EDITAR','admin_editar_compra','127.0.0.1'),(640,1,'2025-11-15 10:43:26','COMPRAS-ENTRADAS','admin_compras_entradas','127.0.0.1'),(641,1,'2025-11-15 10:44:49','COMPRAS-ENTRADAS-DETALLE-COMPLETO','admin_detalle_compra_completo','127.0.0.1'),(642,1,'2025-11-15 11:33:08','COMPRAS-ENTRADAS','admin_compras_entradas','127.0.0.1'),(643,1,'2025-11-15 11:33:19','PRODUCTOS','admin_productos','127.0.0.1'),(644,1,'2025-11-15 11:33:23','COMPRAS-ENTRADAS','admin_compras_entradas','127.0.0.1'),(645,1,'2025-11-15 11:33:32','COMPRAS-ENTRADAS-EDITAR','admin_editar_compra','127.0.0.1'),(646,1,'2025-11-15 11:33:37','COMPRAS-ENTRADAS-EDITAR','admin_editar_compra','127.0.0.1'),(647,1,'2025-11-15 11:33:37','COMPRAS-ENTRADAS','admin_compras_entradas','127.0.0.1'),(648,1,'2025-11-15 11:34:00','COMPRAS-ENTRADAS-EDITAR','admin_editar_compra','127.0.0.1'),(649,1,'2025-11-15 11:34:03','COMPRAS-ENTRADAS','admin_compras_entradas','127.0.0.1'),(650,1,'2025-11-15 11:34:24','COMPRAS-ENTRADAS-CREAR','admin_crear_compra','127.0.0.1'),(651,1,'2025-11-15 11:35:01','PRODUCTOS','admin_productos','127.0.0.1'),(652,1,'2025-11-15 11:35:11','BODEGA','admin_bodega','127.0.0.1'),(653,1,'2025-11-15 11:35:15','PRODUCTOS','admin_productos','127.0.0.1'),(654,1,'2025-11-15 11:35:52','CREAR_PRODUCTO','admin_crear_producto','127.0.0.1'),(655,1,'2025-11-15 11:35:52','PRODUCTOS','admin_productos','127.0.0.1'),(656,1,'2025-11-15 11:37:35','EDITAR_PRODUCTO','admin_editar_producto','127.0.0.1'),(657,1,'2025-11-15 11:37:38','PRODUCTOS','admin_productos','127.0.0.1'),(658,1,'2025-11-15 11:37:44','COMPRAS-ENTRADAS','admin_compras_entradas','127.0.0.1'),(659,1,'2025-11-15 11:40:25','COMPRAS-ENTRADAS-CREAR','admin_crear_compra','127.0.0.1'),(660,1,'2025-11-15 11:43:03','COMPRAS-ENTRADAS-CREAR','admin_crear_compra','127.0.0.1'),(661,1,'2025-11-15 11:43:03','COMPRAS-ENTRADAS','admin_compras_entradas','127.0.0.1'),(662,1,'2025-11-15 11:43:03','COMPRAS-ENTRADAS','admin_compras_entradas','127.0.0.1'),(663,1,'2025-11-15 11:43:05','COMPRAS-ENTRADAS-EDITAR','admin_editar_compra','127.0.0.1'),(664,1,'2025-11-15 11:43:31','COMPRAS-ENTRADAS','admin_compras_entradas','127.0.0.1'),(665,1,'2025-11-15 11:43:34','COMPRAS-ENTRADAS-EDITAR','admin_editar_compra','127.0.0.1'),(666,1,'2025-11-15 11:43:37','COMPRAS-ENTRADAS','admin_compras_entradas','127.0.0.1'),(667,1,'2025-11-15 11:43:39','COMPRAS-ENTRADAS-CREAR','admin_crear_compra','127.0.0.1'),(668,1,'2025-11-15 11:43:53','COMPRAS-ENTRADAS-EDITAR','admin_editar_compra','127.0.0.1'),(669,1,'2025-11-15 11:45:03','COMPRAS-ENTRADAS','admin_compras_entradas','127.0.0.1'),(670,1,'2025-11-15 11:46:49','COMPRAS-ENTRADAS-CREAR','admin_crear_compra','127.0.0.1'),(671,1,'2025-11-15 11:47:04','COMPRAS-ENTRADAS-EDITAR','admin_editar_compra','127.0.0.1'),(672,1,'2025-11-15 11:47:18','COMPRAS-ENTRADAS','admin_compras_entradas','127.0.0.1'),(673,1,'2025-11-15 12:01:48','COMPRAS-ENTRADAS-CREAR','admin_crear_compra','127.0.0.1'),(674,1,'2025-11-15 12:30:33','COMPRAS-ENTRADAS-CREAR','admin_crear_compra','127.0.0.1'),(675,1,'2025-11-15 13:00:19','COMPRAS-ENTRADAS','admin_compras_entradas','127.0.0.1'),(676,1,'2025-11-15 13:00:22','COMPRAS-ENTRADAS-CREAR','admin_crear_compra','127.0.0.1'),(677,1,'2025-11-15 14:03:29','AUTH','LOGIN_EXITOSO','127.0.0.1'),(678,1,'2025-11-15 14:03:37','COMPRAS-ENTRADAS','admin_compras_entradas','127.0.0.1'),(679,1,'2025-11-16 15:59:12','AUTH','LOGIN_EXITOSO','127.0.0.1'),(680,1,'2025-11-16 15:59:31','COMPRAS-ENTRADAS','admin_compras_entradas','127.0.0.1'),(681,1,'2025-11-16 16:00:07','COMPRAS-ENTRADAS-DETALLE-COMPLETO','admin_detalle_compra_completo','127.0.0.1'),(682,1,'2025-11-16 16:01:50','COMPRAS-ENTRADAS-EDITAR','admin_editar_compra','127.0.0.1'),(683,1,'2025-11-16 16:18:19','AUTH','LOGIN_EXITOSO','127.0.0.1'),(684,1,'2025-11-16 16:18:27','COMPRAS-CUENTAS-POR-PAGAR','admin_cuentas_por_pagar','127.0.0.1'),(685,1,'2025-11-16 16:18:43','COMPRAS-REGISTRAR-PAGO','registrar_pago_cuenta','127.0.0.1'),(686,1,'2025-11-16 16:20:34','COMPRAS-REGISTRAR-PAGO','registrar_pago_cuenta','127.0.0.1'),(687,1,'2025-11-16 16:20:53','COMPRAS-CUENTAS-POR-PAGAR','admin_cuentas_por_pagar','127.0.0.1'),(688,1,'2025-11-16 16:21:42','COMPRAS-REGISTRAR-PAGO','registrar_pago_cuenta','127.0.0.1'),(689,1,'2025-11-16 16:24:23','COMPRAS-CUENTAS-POR-PAGAR','admin_cuentas_por_pagar','127.0.0.1'),(690,1,'2025-11-16 16:27:41','COMPRAS-REGISTRAR-PAGO','registrar_pago_cuenta','127.0.0.1'),(691,1,'2025-11-16 16:29:05','COMPRAS-REGISTRAR-PAGO','registrar_pago_cuenta','127.0.0.1'),(692,1,'2025-11-16 16:29:06','COMPRAS-CUENTAS-POR-PAGAR','admin_cuentas_por_pagar','127.0.0.1'),(693,1,'2025-11-16 16:29:59','COMPRAS-REGISTRAR-PAGO','registrar_pago_cuenta','127.0.0.1'),(694,1,'2025-11-16 18:24:19','AUTH','LOGIN_EXITOSO','127.0.0.1'),(695,1,'2025-11-16 18:24:47','COMPRAS-ENTRADAS','admin_compras_entradas','127.0.0.1'),(696,1,'2025-11-16 18:25:55','COMPRAS-ENTRADAS-CREAR','admin_crear_compra','127.0.0.1'),(697,1,'2025-11-16 20:09:17','AUTH','LOGIN_EXITOSO','127.0.0.1'),(698,1,'2025-11-16 20:09:25','COMPRAS-CUENTAS-POR-PAGAR','admin_cuentas_por_pagar','127.0.0.1'),(699,1,'2025-11-16 20:09:28','COMPRAS-ENTRADAS','admin_compras_entradas','127.0.0.1'),(700,1,'2025-11-16 20:09:30','COMPRAS-ENTRADAS-CREAR','admin_crear_compra','127.0.0.1'),(701,1,'2025-11-16 20:18:35','COMPRAS-ENTRADAS','admin_compras_entradas','127.0.0.1'),(702,1,'2025-11-16 20:18:37','COMPRAS-ENTRADAS-CREAR','admin_crear_compra','127.0.0.1'),(703,1,'2025-11-16 20:32:57','COMPRAS-ENTRADAS-CREAR','admin_crear_compra','127.0.0.1'),(704,1,'2025-11-16 20:33:20','COMPRAS-ENTRADAS-CREAR','admin_crear_compra','127.0.0.1'),(705,1,'2025-11-16 21:01:01','COMPRAS-ENTRADAS-CREAR','admin_crear_compra','127.0.0.1'),(706,1,'2025-11-16 22:05:51','AUTH','LOGIN_EXITOSO','127.0.0.1'),(707,1,'2025-11-16 22:05:55','COMPRAS-ENTRADAS','admin_compras_entradas','127.0.0.1'),(708,1,'2025-11-16 22:05:57','COMPRAS-ENTRADAS-CREAR','admin_crear_compra','127.0.0.1'),(709,1,'2025-11-17 00:18:32','AUTH','LOGIN_EXITOSO','127.0.0.1'),(710,1,'2025-11-17 00:18:39','COMPRAS-ENTRADAS','admin_compras_entradas','127.0.0.1'),(711,1,'2025-11-17 00:18:40','COMPRAS-ENTRADAS-CREAR','admin_crear_compra','127.0.0.1'),(712,1,'2025-11-17 00:27:28','COMPRAS-ENTRADAS-CREAR','admin_crear_compra','127.0.0.1'),(713,1,'2025-11-17 00:28:26','COMPRAS-ENTRADAS','admin_compras_entradas','127.0.0.1'),(714,1,'2025-11-17 00:28:27','COMPRAS-ENTRADAS-CREAR','admin_crear_compra','127.0.0.1'),(715,1,'2025-11-17 01:07:00','COMPRAS-ENTRADAS','admin_compras_entradas','127.0.0.1'),(716,1,'2025-11-17 01:07:01','COMPRAS-ENTRADAS-CREAR','admin_crear_compra','127.0.0.1'),(717,1,'2025-11-22 10:28:17','AUTH','LOGIN_EXITOSO','127.0.0.1'),(718,1,'2025-11-22 10:28:24','VENTAS-SALIDAS','admin_ventas_salidas','127.0.0.1'),(719,1,'2025-11-22 10:28:32','COMPRAS-ENTRADAS','admin_compras_entradas','127.0.0.1'),(720,1,'2025-11-22 10:28:38','VENTAS-SALIDAS','admin_ventas_salidas','127.0.0.1'),(721,1,'2025-11-22 10:42:55','VENTAS-SALIDAS','admin_ventas_salidas','127.0.0.1'),(722,1,'2025-11-22 10:52:33','VENTAS-SALIDAS','admin_ventas_salidas','127.0.0.1'),(723,1,'2025-11-22 12:20:46','AUTH','LOGIN_EXITOSO','127.0.0.1'),(724,1,'2025-11-22 12:20:57','VENTAS-SALIDAS','admin_ventas_salidas','127.0.0.1'),(725,1,'2025-11-22 12:42:13','VENTAS-SALIDAS','admin_ventas_salidas','127.0.0.1'),(726,1,'2025-11-22 12:42:22','VENTAS-SALIDAS','admin_ventas_salidas','127.0.0.1'),(727,1,'2025-11-22 16:55:34','AUTH','LOGIN_EXITOSO','127.0.0.1'),(728,1,'2025-11-22 16:55:37','VENTAS-SALIDAS','admin_ventas_salidas','127.0.0.1'),(729,1,'2025-11-22 16:55:45','VENTAS-SALIDAS','admin_ventas_salidas','127.0.0.1'),(730,1,'2025-11-22 17:12:21','AUTH','LOGIN_EXITOSO','127.0.0.1'),(731,1,'2025-11-22 17:12:31','VENTAS-SALIDAS','admin_ventas_salidas','127.0.0.1'),(732,1,'2025-11-22 18:39:40','AUTH','LOGIN_EXITOSO','127.0.0.1'),(733,1,'2025-11-22 18:39:53','VENTAS-SALIDAS','admin_ventas_salidas','127.0.0.1'),(734,1,'2025-11-22 18:41:23','VENTAS-SALIDAS','admin_ventas_salidas','127.0.0.1'),(735,1,'2025-11-22 18:41:32','VENTAS-SALIDAS','admin_ventas_salidas','127.0.0.1'),(736,1,'2025-11-22 18:52:14','VENTAS-SALIDAS','admin_ventas_salidas','127.0.0.1'),(737,1,'2025-11-22 18:53:40','VENTAS-SALIDAS','admin_ventas_salidas','127.0.0.1'),(738,1,'2025-11-22 18:54:03','VENTAS-SALIDAS','admin_ventas_salidas','127.0.0.1'),(739,1,'2025-11-22 19:02:08','VENTAS-SALIDAS','admin_ventas_salidas','127.0.0.1'),(740,1,'2025-11-22 19:02:16','VENTAS-SALIDAS','admin_ventas_salidas','127.0.0.1'),(741,1,'2025-11-22 19:09:53','VENTAS-SALIDAS','admin_ventas_salidas','127.0.0.1'),(742,1,'2025-11-22 19:10:07','COMPRAS-ENTRADAS','admin_compras_entradas','127.0.0.1'),(743,1,'2025-11-22 19:10:15','COMPRAS-ENTRADAS-CREAR','admin_crear_compra','127.0.0.1'),(744,1,'2025-11-22 19:12:28','VENTAS-SALIDAS','admin_ventas_salidas','127.0.0.1'),(745,1,'2025-11-22 19:12:32','VENTAS-SALIDAS-CREAR','admin_crear_venta','127.0.0.1'),(746,1,'2025-11-22 19:13:29','VENTAS-SALIDAS-CREAR','admin_crear_venta','127.0.0.1'),(747,1,'2025-11-22 19:13:31','VENTAS-SALIDAS-CREAR','admin_crear_venta','127.0.0.1'),(748,1,'2025-11-22 19:13:32','VENTAS-SALIDAS-CREAR','admin_crear_venta','127.0.0.1'),(749,1,'2025-11-22 19:17:49','VENTAS-SALIDAS-CREAR','admin_crear_venta','127.0.0.1'),(750,1,'2025-11-22 19:21:00','VENTAS-SALIDAS-CREAR','admin_crear_venta','127.0.0.1'),(751,1,'2025-11-22 19:21:02','VENTAS-SALIDAS','admin_ventas_salidas','127.0.0.1'),(752,1,'2025-11-22 19:21:07','COMPRAS-ENTRADAS','admin_compras_entradas','127.0.0.1'),(753,1,'2025-11-22 19:22:21','VENTAS-SALIDAS','admin_ventas_salidas','127.0.0.1'),(754,1,'2025-11-22 19:23:26','VENTAS-SALIDAS-CREAR','admin_crear_venta','127.0.0.1'),(755,1,'2025-11-22 19:25:27','VENTAS-SALIDAS-CREAR','admin_crear_venta','127.0.0.1'),(756,1,'2025-11-22 19:25:27','VENTAS-SALIDAS-CREAR','admin_crear_venta','127.0.0.1'),(757,1,'2025-11-22 19:25:27','VENTAS-SALIDAS-CREAR','admin_crear_venta','127.0.0.1'),(758,1,'2025-11-22 19:25:27','VENTAS-SALIDAS-CREAR','admin_crear_venta','127.0.0.1'),(759,1,'2025-11-22 19:25:27','VENTAS-SALIDAS-CREAR','admin_crear_venta','127.0.0.1'),(760,1,'2025-11-22 19:25:28','VENTAS-SALIDAS-CREAR','admin_crear_venta','127.0.0.1'),(761,1,'2025-11-22 19:25:28','VENTAS-SALIDAS-CREAR','admin_crear_venta','127.0.0.1'),(762,1,'2025-11-22 19:25:28','VENTAS-SALIDAS-CREAR','admin_crear_venta','127.0.0.1'),(763,1,'2025-11-22 19:25:28','VENTAS-SALIDAS-CREAR','admin_crear_venta','127.0.0.1'),(764,1,'2025-11-22 19:25:28','VENTAS-SALIDAS-CREAR','admin_crear_venta','127.0.0.1'),(765,1,'2025-11-22 19:25:28','VENTAS-SALIDAS-CREAR','admin_crear_venta','127.0.0.1'),(766,1,'2025-11-22 19:25:28','VENTAS-SALIDAS-CREAR','admin_crear_venta','127.0.0.1'),(767,1,'2025-11-22 19:25:29','VENTAS-SALIDAS-CREAR','admin_crear_venta','127.0.0.1'),(768,1,'2025-11-22 19:25:30','VENTAS-SALIDAS-CREAR','admin_crear_venta','127.0.0.1'),(769,1,'2025-11-22 19:25:31','VENTAS-SALIDAS-CREAR','admin_crear_venta','127.0.0.1'),(770,1,'2025-11-22 19:25:32','VENTAS-SALIDAS-CREAR','admin_crear_venta','127.0.0.1'),(771,1,'2025-11-22 19:25:33','VENTAS-SALIDAS-CREAR','admin_crear_venta','127.0.0.1'),(772,1,'2025-11-22 19:25:34','VENTAS-SALIDAS-CREAR','admin_crear_venta','127.0.0.1'),(773,1,'2025-11-22 19:25:34','VENTAS-SALIDAS-CREAR','admin_crear_venta','127.0.0.1'),(774,1,'2025-11-22 19:25:35','VENTAS-SALIDAS-CREAR','admin_crear_venta','127.0.0.1'),(775,1,'2025-11-22 19:25:37','VENTAS-SALIDAS-CREAR','admin_crear_venta','127.0.0.1'),(776,1,'2025-11-22 19:25:38','VENTAS-SALIDAS-CREAR','admin_crear_venta','127.0.0.1'),(777,1,'2025-11-22 19:25:40','VENTAS-SALIDAS-CREAR','admin_crear_venta','127.0.0.1'),(778,1,'2025-11-22 19:25:42','VENTAS-SALIDAS-CREAR','admin_crear_venta','127.0.0.1'),(779,1,'2025-11-22 19:25:44','VENTAS-SALIDAS-CREAR','admin_crear_venta','127.0.0.1'),(780,1,'2025-11-22 19:25:45','VENTAS-SALIDAS-CREAR','admin_crear_venta','127.0.0.1'),(781,1,'2025-11-22 19:25:45','VENTAS-SALIDAS-CREAR','admin_crear_venta','127.0.0.1'),(782,1,'2025-11-22 19:25:47','VENTAS-SALIDAS-CREAR','admin_crear_venta','127.0.0.1'),(783,1,'2025-11-22 19:26:11','VENTAS-SALIDAS-CREAR','admin_crear_venta','127.0.0.1'),(784,1,'2025-11-22 19:26:11','VENTAS-SALIDAS-CREAR','admin_crear_venta','127.0.0.1'),(785,1,'2025-11-22 19:26:11','VENTAS-SALIDAS-CREAR','admin_crear_venta','127.0.0.1'),(786,1,'2025-11-22 19:26:12','VENTAS-SALIDAS-CREAR','admin_crear_venta','127.0.0.1'),(787,1,'2025-11-22 19:26:12','VENTAS-SALIDAS-CREAR','admin_crear_venta','127.0.0.1'),(788,1,'2025-11-22 19:26:12','VENTAS-SALIDAS-CREAR','admin_crear_venta','127.0.0.1'),(789,1,'2025-11-22 19:26:12','VENTAS-SALIDAS-CREAR','admin_crear_venta','127.0.0.1'),(790,1,'2025-11-22 19:26:13','VENTAS-SALIDAS-CREAR','admin_crear_venta','127.0.0.1'),(791,1,'2025-11-22 19:26:13','VENTAS-SALIDAS-CREAR','admin_crear_venta','127.0.0.1'),(792,1,'2025-11-22 19:26:13','VENTAS-SALIDAS-CREAR','admin_crear_venta','127.0.0.1'),(793,1,'2025-11-22 19:26:13','VENTAS-SALIDAS-CREAR','admin_crear_venta','127.0.0.1'),(794,1,'2025-11-22 19:26:13','VENTAS-SALIDAS-CREAR','admin_crear_venta','127.0.0.1'),(795,1,'2025-11-22 19:26:13','VENTAS-SALIDAS-CREAR','admin_crear_venta','127.0.0.1'),(796,1,'2025-11-22 19:26:13','VENTAS-SALIDAS-CREAR','admin_crear_venta','127.0.0.1'),(797,1,'2025-11-22 19:26:14','VENTAS-SALIDAS-CREAR','admin_crear_venta','127.0.0.1'),(798,1,'2025-11-22 19:26:14','VENTAS-SALIDAS-CREAR','admin_crear_venta','127.0.0.1'),(799,1,'2025-11-22 19:26:14','VENTAS-SALIDAS-CREAR','admin_crear_venta','127.0.0.1'),(800,1,'2025-11-22 19:26:14','VENTAS-SALIDAS-CREAR','admin_crear_venta','127.0.0.1'),(801,1,'2025-11-22 19:26:14','VENTAS-SALIDAS-CREAR','admin_crear_venta','127.0.0.1'),(802,1,'2025-11-22 19:26:14','VENTAS-SALIDAS-CREAR','admin_crear_venta','127.0.0.1'),(803,1,'2025-11-22 19:26:16','VENTAS-SALIDAS-CREAR','admin_crear_venta','127.0.0.1'),(804,1,'2025-11-22 19:26:16','VENTAS-SALIDAS-CREAR','admin_crear_venta','127.0.0.1'),(805,1,'2025-11-22 19:26:16','VENTAS-SALIDAS-CREAR','admin_crear_venta','127.0.0.1'),(806,1,'2025-11-22 19:26:16','VENTAS-SALIDAS-CREAR','admin_crear_venta','127.0.0.1'),(807,1,'2025-11-22 19:26:16','VENTAS-SALIDAS-CREAR','admin_crear_venta','127.0.0.1'),(808,1,'2025-11-22 19:26:17','VENTAS-SALIDAS-CREAR','admin_crear_venta','127.0.0.1'),(809,1,'2025-11-22 19:26:17','VENTAS-SALIDAS-CREAR','admin_crear_venta','127.0.0.1'),(810,1,'2025-11-22 19:26:17','VENTAS-SALIDAS-CREAR','admin_crear_venta','127.0.0.1'),(811,1,'2025-11-22 19:26:17','VENTAS-SALIDAS-CREAR','admin_crear_venta','127.0.0.1'),(812,1,'2025-11-22 19:26:17','VENTAS-SALIDAS-CREAR','admin_crear_venta','127.0.0.1'),(813,1,'2025-11-22 19:26:17','VENTAS-SALIDAS-CREAR','admin_crear_venta','127.0.0.1'),(814,1,'2025-11-22 19:26:18','VENTAS-SALIDAS-CREAR','admin_crear_venta','127.0.0.1'),(815,1,'2025-11-22 19:26:18','VENTAS-SALIDAS-CREAR','admin_crear_venta','127.0.0.1'),(816,1,'2025-11-22 19:26:18','VENTAS-SALIDAS-CREAR','admin_crear_venta','127.0.0.1'),(817,1,'2025-11-22 19:26:18','VENTAS-SALIDAS-CREAR','admin_crear_venta','127.0.0.1'),(818,1,'2025-11-22 19:26:18','VENTAS-SALIDAS-CREAR','admin_crear_venta','127.0.0.1'),(819,1,'2025-11-22 19:26:19','VENTAS-SALIDAS-CREAR','admin_crear_venta','127.0.0.1'),(820,1,'2025-11-22 19:26:19','VENTAS-SALIDAS-CREAR','admin_crear_venta','127.0.0.1'),(821,1,'2025-11-22 19:26:19','VENTAS-SALIDAS-CREAR','admin_crear_venta','127.0.0.1'),(822,1,'2025-11-22 19:26:19','VENTAS-SALIDAS-CREAR','admin_crear_venta','127.0.0.1'),(823,1,'2025-11-22 19:26:24','VENTAS-SALIDAS-CREAR','admin_crear_venta','127.0.0.1'),(824,1,'2025-11-22 19:26:25','VENTAS-SALIDAS-CREAR','admin_crear_venta','127.0.0.1'),(825,1,'2025-11-22 19:26:25','VENTAS-SALIDAS-CREAR','admin_crear_venta','127.0.0.1'),(826,1,'2025-11-22 19:26:26','VENTAS-SALIDAS-CREAR','admin_crear_venta','127.0.0.1'),(827,1,'2025-11-22 19:26:26','VENTAS-SALIDAS-CREAR','admin_crear_venta','127.0.0.1'),(828,1,'2025-11-22 19:26:27','VENTAS-SALIDAS-CREAR','admin_crear_venta','127.0.0.1'),(829,1,'2025-11-22 19:26:28','VENTAS-SALIDAS-CREAR','admin_crear_venta','127.0.0.1'),(830,1,'2025-11-22 19:26:29','VENTAS-SALIDAS-CREAR','admin_crear_venta','127.0.0.1'),(831,1,'2025-11-22 19:26:30','VENTAS-SALIDAS-CREAR','admin_crear_venta','127.0.0.1'),(832,1,'2025-11-22 19:26:30','VENTAS-SALIDAS-CREAR','admin_crear_venta','127.0.0.1'),(833,1,'2025-11-22 19:26:32','VENTAS-SALIDAS-CREAR','admin_crear_venta','127.0.0.1'),(834,1,'2025-11-22 19:26:33','VENTAS-SALIDAS-CREAR','admin_crear_venta','127.0.0.1'),(835,1,'2025-11-22 19:26:33','VENTAS-SALIDAS-CREAR','admin_crear_venta','127.0.0.1'),(836,1,'2025-11-22 19:26:35','VENTAS-SALIDAS-CREAR','admin_crear_venta','127.0.0.1'),(837,1,'2025-11-22 19:26:36','VENTAS-SALIDAS-CREAR','admin_crear_venta','127.0.0.1'),(838,1,'2025-11-22 19:26:40','VENTAS-SALIDAS-CREAR','admin_crear_venta','127.0.0.1'),(839,1,'2025-11-22 19:26:42','VENTAS-SALIDAS-CREAR','admin_crear_venta','127.0.0.1'),(840,1,'2025-11-22 19:26:44','VENTAS-SALIDAS-CREAR','admin_crear_venta','127.0.0.1'),(841,1,'2025-11-22 19:26:45','VENTAS-SALIDAS-CREAR','admin_crear_venta','127.0.0.1'),(842,1,'2025-11-22 19:26:46','VENTAS-SALIDAS-CREAR','admin_crear_venta','127.0.0.1'),(843,1,'2025-11-22 19:26:47','VENTAS-SALIDAS-CREAR','admin_crear_venta','127.0.0.1'),(844,1,'2025-11-22 19:26:48','VENTAS-SALIDAS-CREAR','admin_crear_venta','127.0.0.1'),(845,1,'2025-11-22 19:26:50','VENTAS-SALIDAS-CREAR','admin_crear_venta','127.0.0.1'),(846,1,'2025-11-22 19:26:52','VENTAS-SALIDAS-CREAR','admin_crear_venta','127.0.0.1'),(847,1,'2025-11-22 19:26:53','VENTAS-SALIDAS-CREAR','admin_crear_venta','127.0.0.1'),(848,1,'2025-11-22 19:26:55','VENTAS-SALIDAS-CREAR','admin_crear_venta','127.0.0.1'),(849,1,'2025-11-22 19:27:15','VENTAS-SALIDAS','admin_ventas_salidas','127.0.0.1'),(850,1,'2025-11-22 19:27:17','VENTAS-SALIDAS-CREAR','admin_crear_venta','127.0.0.1'),(851,1,'2025-11-22 19:27:20','VENTAS-SALIDAS-CREAR','admin_crear_venta','127.0.0.1'),(852,1,'2025-11-22 19:27:23','VENTAS-SALIDAS-CREAR','admin_crear_venta','127.0.0.1'),(853,1,'2025-11-22 19:27:25','VENTAS-SALIDAS-CREAR','admin_crear_venta','127.0.0.1'),(854,1,'2025-11-22 19:27:27','VENTAS-SALIDAS-CREAR','admin_crear_venta','127.0.0.1'),(855,1,'2025-11-22 19:27:29','VENTAS-SALIDAS-CREAR','admin_crear_venta','127.0.0.1'),(856,1,'2025-11-22 19:27:31','VENTAS-SALIDAS-CREAR','admin_crear_venta','127.0.0.1'),(857,1,'2025-11-22 19:27:33','VENTAS-SALIDAS-CREAR','admin_crear_venta','127.0.0.1'),(858,1,'2025-11-22 19:27:35','VENTAS-SALIDAS-CREAR','admin_crear_venta','127.0.0.1'),(859,1,'2025-11-22 19:27:36','VENTAS-SALIDAS-CREAR','admin_crear_venta','127.0.0.1'),(860,1,'2025-11-22 19:27:39','VENTAS-SALIDAS-CREAR','admin_crear_venta','127.0.0.1'),(861,1,'2025-11-22 19:27:41','VENTAS-SALIDAS-CREAR','admin_crear_venta','127.0.0.1'),(862,1,'2025-11-22 19:27:43','VENTAS-SALIDAS-CREAR','admin_crear_venta','127.0.0.1'),(863,1,'2025-11-22 19:27:44','VENTAS-SALIDAS-CREAR','admin_crear_venta','127.0.0.1'),(864,1,'2025-11-22 19:27:45','VENTAS-SALIDAS-CREAR','admin_crear_venta','127.0.0.1'),(865,1,'2025-11-22 19:27:47','VENTAS-SALIDAS-CREAR','admin_crear_venta','127.0.0.1'),(866,1,'2025-11-22 19:27:47','VENTAS-SALIDAS-CREAR','admin_crear_venta','127.0.0.1'),(867,1,'2025-11-22 19:27:49','VENTAS-SALIDAS-CREAR','admin_crear_venta','127.0.0.1'),(868,1,'2025-11-22 19:28:25','VENTAS-SALIDAS','admin_ventas_salidas','127.0.0.1'),(869,1,'2025-11-22 19:28:30','VENTAS-SALIDAS-CREAR','admin_crear_venta','127.0.0.1'),(870,1,'2025-11-22 19:32:51','VENTAS-SALIDAS-CREAR','admin_crear_venta','127.0.0.1'),(871,1,'2025-11-22 19:38:25','VENTAS-SALIDAS-CREAR','admin_crear_venta','127.0.0.1'),(872,1,'2025-11-22 19:38:53','VENTAS-SALIDAS-CREAR','admin_crear_venta','127.0.0.1'),(873,1,'2025-11-22 19:38:53','VENTAS-SALIDAS-CREAR','admin_crear_venta','127.0.0.1'),(874,1,'2025-11-22 19:38:53','VENTAS-SALIDAS-CREAR','admin_crear_venta','127.0.0.1'),(875,1,'2025-11-22 19:39:17','VENTAS-SALIDAS-CREAR','admin_crear_venta','127.0.0.1'),(876,1,'2025-11-22 19:39:17','VENTAS-SALIDAS-CREAR','admin_crear_venta','127.0.0.1'),(877,1,'2025-11-22 19:39:17','VENTAS-SALIDAS-CREAR','admin_crear_venta','127.0.0.1'),(878,1,'2025-11-22 19:44:46','VENTAS-SALIDAS-CREAR','admin_crear_venta','127.0.0.1'),(879,1,'2025-11-22 19:45:14','VENTAS-SALIDAS-CREAR','admin_crear_venta','127.0.0.1'),(880,1,'2025-11-22 19:50:37','VENTAS-SALIDAS','admin_ventas_salidas','127.0.0.1'),(881,1,'2025-11-22 19:50:47','VENTAS-SALIDAS-CREAR','admin_crear_venta','127.0.0.1'),(882,1,'2025-11-22 20:09:07','VENTAS-SALIDAS-CREAR','admin_crear_venta','127.0.0.1'),(883,1,'2025-11-22 20:12:18','VENTAS-SALIDAS-CREAR','admin_crear_venta','127.0.0.1'),(884,1,'2025-11-22 20:13:11','VENTAS-SALIDAS-CREAR','admin_crear_venta','127.0.0.1'),(885,1,'2025-11-22 20:13:33','VENTAS-SALIDAS-CREAR','admin_crear_venta','127.0.0.1'),(886,1,'2025-11-22 20:13:33','VENTAS-SALIDAS-CREAR','admin_crear_venta','127.0.0.1'),(887,1,'2025-11-22 20:14:29','VENTAS-SALIDAS','admin_ventas_salidas','127.0.0.1'),(888,1,'2025-11-22 20:14:33','VENTAS-SALIDAS-CREAR','admin_crear_venta','127.0.0.1'),(889,1,'2025-11-22 20:47:48','VENTAS-SALIDAS','admin_ventas_salidas','127.0.0.1'),(890,1,'2025-11-22 20:47:53','VENTAS-SALIDAS-CREAR','admin_crear_venta','127.0.0.1'),(891,1,'2025-11-22 20:48:25','VENTAS-SALIDAS-CREAR','admin_crear_venta','127.0.0.1'),(892,1,'2025-11-22 20:48:26','VENTAS-SALIDAS-CREAR','admin_crear_venta','127.0.0.1'),(893,1,'2025-11-22 20:48:27','VENTAS-SALIDAS-CREAR','admin_crear_venta','127.0.0.1'),(894,1,'2025-11-22 20:48:40','VENTAS-SALIDAS-CREAR','admin_crear_venta','127.0.0.1'),(895,1,'2025-11-22 20:49:00','VENTAS-SALIDAS-CREAR','admin_crear_venta','127.0.0.1'),(896,1,'2025-11-22 20:49:02','VENTAS-SALIDAS-CREAR','admin_crear_venta','127.0.0.1'),(897,1,'2025-11-22 20:49:03','VENTAS-SALIDAS-CREAR','admin_crear_venta','127.0.0.1'),(898,1,'2025-11-22 21:26:45','VENTAS-SALIDAS-CREAR','admin_crear_venta','127.0.0.1'),(899,1,'2025-11-22 21:35:51','VENTAS-SALIDAS-CREAR','admin_crear_venta','127.0.0.1'),(900,1,'2025-11-22 21:39:47','VENTAS-SALIDAS','admin_ventas_salidas','127.0.0.1'),(901,1,'2025-11-22 21:39:52','VENTAS-SALIDAS-CREAR','admin_crear_venta','127.0.0.1'),(902,1,'2025-11-22 21:40:12','VENTAS-SALIDAS-CREAR','admin_crear_venta','127.0.0.1'),(903,1,'2025-11-22 21:40:13','VENTAS-SALIDAS-CREAR','admin_crear_venta','127.0.0.1'),(904,1,'2025-11-22 21:40:17','VENTAS-SALIDAS-CREAR','admin_crear_venta','127.0.0.1'),(905,1,'2025-11-22 21:52:07','VENTAS-SALIDAS-CREAR','admin_crear_venta','127.0.0.1'),(906,1,'2025-11-22 21:52:31','VENTAS-SALIDAS-CREAR','admin_crear_venta','127.0.0.1'),(907,1,'2025-11-22 21:52:32','VENTAS-SALIDAS-CREAR','admin_crear_venta','127.0.0.1'),(908,1,'2025-11-22 21:52:36','VENTAS-SALIDAS-CREAR','admin_crear_venta','127.0.0.1'),(909,1,'2025-11-22 21:53:30','VENTAS-SALIDAS-CREAR','admin_crear_venta','127.0.0.1'),(910,1,'2025-11-22 21:53:31','VENTAS-SALIDAS-CREAR','admin_crear_venta','127.0.0.1'),(911,1,'2025-11-22 21:53:33','VENTAS-SALIDAS-CREAR','admin_crear_venta','127.0.0.1'),(912,1,'2025-11-22 22:06:14','VENTAS-SALIDAS-CREAR','admin_crear_venta','127.0.0.1'),(913,1,'2025-11-22 22:31:45','VENTAS-SALIDAS-CREAR','admin_crear_venta','127.0.0.1'),(914,1,'2025-11-22 22:34:58','VENTAS-SALIDAS-CREAR','admin_crear_venta','127.0.0.1'),(915,1,'2025-11-22 22:35:15','VENTAS-SALIDAS-CREAR','admin_crear_venta','127.0.0.1'),(916,1,'2025-11-22 22:56:12','VENTAS-SALIDAS','admin_ventas_salidas','127.0.0.1'),(917,1,'2025-11-22 22:56:15','VENTAS-SALIDAS-CREAR','admin_crear_venta','127.0.0.1'),(918,1,'2025-11-22 22:56:33','VENTAS-SALIDAS-CREAR','admin_crear_venta','127.0.0.1'),(919,1,'2025-11-22 22:56:35','VENTAS-SALIDAS-CREAR','admin_crear_venta','127.0.0.1'),(920,1,'2025-11-22 23:06:01','VENTAS-SALIDAS','admin_ventas_salidas','127.0.0.1'),(921,1,'2025-11-22 23:06:05','VENTAS-SALIDAS-CREAR','admin_crear_venta','127.0.0.1'),(922,1,'2025-11-22 23:06:26','VENTAS-SALIDAS-CREAR','admin_crear_venta','127.0.0.1'),(923,1,'2025-11-22 23:06:28','VENTAS-SALIDAS-CREAR','admin_crear_venta','127.0.0.1'),(924,1,'2025-11-22 23:14:34','VENTAS-SALIDAS-CREAR','admin_crear_venta','127.0.0.1'),(925,1,'2025-11-22 23:15:20','VENTAS-SALIDAS','admin_ventas_salidas','127.0.0.1'),(926,1,'2025-11-22 23:15:42','VENTAS-SALIDAS','admin_ventas_salidas','127.0.0.1'),(927,1,'2025-11-22 23:26:14','VENTAS-SALIDAS','admin_ventas_salidas','127.0.0.1'),(928,1,'2025-11-22 23:26:26','VENTAS-SALIDAS','admin_ventas_salidas','127.0.0.1'),(929,1,'2025-11-22 23:35:28','VENTAS-SALIDAS','admin_ventas_salidas','127.0.0.1'),(930,1,'2025-11-22 23:35:58','VENTAS-SALIDAS','admin_ventas_salidas','127.0.0.1'),(931,1,'2025-11-22 23:36:03','VENTAS-SALIDAS','admin_ventas_salidas','127.0.0.1'),(932,1,'2025-11-22 23:36:23','VENTAS-SALIDAS','admin_ventas_salidas','127.0.0.1'),(933,1,'2025-11-22 23:37:23','VENTAS-SALIDAS','admin_ventas_salidas','127.0.0.1'),(934,1,'2025-11-22 23:38:24','VENTAS-SALIDAS','admin_ventas_salidas','127.0.0.1'),(935,1,'2025-11-22 23:38:35','VENTAS-SALIDAS','admin_ventas_salidas','127.0.0.1'),(936,1,'2025-11-22 23:44:31','VENTAS-SALIDAS','admin_ventas_salidas','127.0.0.1'),(937,1,'2025-11-22 23:47:02','VENTAS-SALIDAS','admin_ventas_salidas','127.0.0.1'),(938,1,'2025-11-22 23:47:33','VENTAS-SALIDAS','admin_ventas_salidas','127.0.0.1'),(939,1,'2025-11-22 23:57:02','VENTAS-SALIDAS','admin_ventas_salidas','127.0.0.1'),(940,1,'2025-11-22 23:57:38','VENTAS-SALIDAS','admin_ventas_salidas','127.0.0.1'),(941,1,'2025-11-23 00:03:18','VENTAS-SALIDAS','admin_ventas_salidas','127.0.0.1'),(942,1,'2025-11-23 00:03:36','VENTAS-SALIDAS-CREAR','admin_crear_venta','127.0.0.1'),(943,1,'2025-11-23 00:03:56','VENTAS-SALIDAS-CREAR','admin_crear_venta','127.0.0.1'),(944,1,'2025-11-23 00:03:57','VENTAS-SALIDAS-CREAR','admin_crear_venta','127.0.0.1'),(945,1,'2025-11-23 00:04:10','VENTAS-SALIDAS','admin_ventas_salidas','127.0.0.1'),(946,1,'2025-11-23 00:05:41','VENTAS-SALIDAS-CREAR','admin_crear_venta','127.0.0.1'),(947,1,'2025-11-23 00:06:11','VENTAS-SALIDAS-CREAR','admin_crear_venta','127.0.0.1'),(948,1,'2025-11-23 00:06:12','VENTAS-SALIDAS-CREAR','admin_crear_venta','127.0.0.1'),(949,1,'2025-11-23 00:11:57','VENTAS-SALIDAS','admin_ventas_salidas','127.0.0.1'),(950,1,'2025-11-23 00:12:09','VENTAS-SALIDAS-CREAR','admin_crear_venta','127.0.0.1'),(951,1,'2025-11-23 00:12:38','VENTAS-SALIDAS-CREAR','admin_crear_venta','127.0.0.1'),(952,1,'2025-11-23 00:12:40','VENTAS-SALIDAS-CREAR','admin_crear_venta','127.0.0.1'),(953,1,'2025-11-23 00:13:01','VENTAS-SALIDAS-CREAR','admin_crear_venta','127.0.0.1'),(954,1,'2025-11-23 00:13:20','VENTAS-SALIDAS-CREAR','admin_crear_venta','127.0.0.1'),(955,1,'2025-11-23 00:13:22','VENTAS-SALIDAS-CREAR','admin_crear_venta','127.0.0.1'),(956,1,'2025-11-23 00:19:16','VENTAS-SALIDAS-CREAR','admin_crear_venta','127.0.0.1'),(957,1,'2025-11-23 00:19:40','VENTAS-SALIDAS-CREAR','admin_crear_venta','127.0.0.1'),(958,1,'2025-11-23 00:19:42','VENTAS-SALIDAS','admin_ventas_salidas','127.0.0.1'),(959,1,'2025-11-23 00:20:27','VENTAS-SALIDAS','admin_ventas_salidas','127.0.0.1'),(960,1,'2025-11-23 00:20:37','VENTAS-SALIDAS','admin_ventas_salidas','127.0.0.1'),(961,1,'2025-11-23 00:25:02','VENTAS-SALIDAS','admin_ventas_salidas','127.0.0.1'),(962,1,'2025-11-23 00:25:18','VENTAS-SALIDAS-CREAR','admin_crear_venta','127.0.0.1'),(963,1,'2025-11-23 00:36:19','VENTAS-SALIDAS','admin_ventas_salidas','127.0.0.1'),(964,1,'2025-11-23 00:36:41','VENTAS-SALIDAS-CREAR','admin_crear_venta','127.0.0.1'),(965,1,'2025-11-23 00:37:09','VENTAS-SALIDAS-CREAR','admin_crear_venta','127.0.0.1'),(966,1,'2025-11-23 00:37:11','VENTAS-SALIDAS','admin_ventas_salidas','127.0.0.1'),(967,1,'2025-11-23 00:37:44','VENTAS-SALIDAS','admin_ventas_salidas','127.0.0.1'),(968,1,'2025-11-23 00:43:56','VENTAS-SALIDAS','admin_ventas_salidas','127.0.0.1'),(969,1,'2025-11-23 00:44:14','VENTAS-SALIDAS','admin_ventas_salidas','127.0.0.1'),(970,1,'2025-11-23 00:45:18','VENTAS-SALIDAS','admin_ventas_salidas','127.0.0.1'),(971,1,'2025-11-23 00:46:13','VENTAS-SALIDAS','admin_ventas_salidas','127.0.0.1'),(972,1,'2025-11-23 00:46:33','VENTAS-SALIDAS','admin_ventas_salidas','127.0.0.1'),(973,1,'2025-11-23 00:47:09','COMPRAS-ENTRADAS','admin_compras_entradas','127.0.0.1'),(974,1,'2025-11-23 00:47:19','COMPRAS-ENTRADAS','admin_compras_entradas','127.0.0.1'),(975,1,'2025-11-23 00:47:33','COMPRAS-ENTRADAS','admin_compras_entradas','127.0.0.1'),(976,1,'2025-11-23 00:47:50','VENTAS-SALIDAS','admin_ventas_salidas','127.0.0.1'),(977,1,'2025-11-23 00:48:55','COMPRAS-ENTRADAS','admin_compras_entradas','127.0.0.1'),(978,1,'2025-11-23 00:48:59','COMPRAS-ENTRADAS-DETALLE-COMPLETO','admin_detalle_compra_completo','127.0.0.1'),(979,1,'2025-11-23 00:49:10','VENTAS-SALIDAS','admin_ventas_salidas','127.0.0.1'),(980,1,'2025-11-23 00:50:39','VENTAS-SALIDAS-CREAR','admin_crear_venta','127.0.0.1'),(981,1,'2025-11-23 00:51:00','VENTAS-SALIDAS-CREAR','admin_crear_venta','127.0.0.1'),(982,1,'2025-11-23 00:51:03','VENTAS-SALIDAS','admin_ventas_salidas','127.0.0.1'),(983,1,'2025-11-23 01:02:25','VENTAS-SALIDAS','admin_ventas_salidas','127.0.0.1'),(984,1,'2025-11-23 19:08:57','AUTH','LOGIN_EXITOSO','127.0.0.1'),(985,1,'2025-11-23 19:09:01','VENTAS-SALIDAS','admin_ventas_salidas','127.0.0.1'),(986,1,'2025-11-23 19:12:26','VENTAS-SALIDAS','admin_ventas_salidas','127.0.0.1'),(987,1,'2025-11-23 19:12:36','VENTAS-SALIDAS','admin_ventas_salidas','127.0.0.1'),(988,1,'2025-11-23 19:17:44','COMPRAS-ENTRADAS','admin_compras_entradas','127.0.0.1'),(989,1,'2025-11-23 19:17:57','COMPRAS-CUENTAS-POR-PAGAR','admin_cuentas_por_pagar','127.0.0.1'),(990,1,'2025-11-23 19:18:10','VENTAS-SALIDAS','admin_ventas_salidas','127.0.0.1'),(991,1,'2025-11-23 19:30:11','COMPRAS-ENTRADAS','admin_compras_entradas','127.0.0.1'),(992,1,'2025-11-23 19:30:13','COMPRAS-ENTRADAS-DETALLE-COMPLETO','admin_detalle_compra_completo','127.0.0.1'),(993,1,'2025-11-23 19:30:20','COMPRAS-ENTRADAS-EDITAR','admin_editar_compra','127.0.0.1'),(994,1,'2025-11-23 19:30:40','VENTAS-SALIDAS','admin_ventas_salidas','127.0.0.1'),(995,1,'2025-11-23 19:39:08','VENTAS-SALIDAS','admin_ventas_salidas','127.0.0.1'),(996,1,'2025-11-23 19:43:19','VENTAS-SALIDAS','admin_ventas_salidas','127.0.0.1'),(997,1,'2025-11-23 19:45:13','VENTAS-SALIDAS','admin_ventas_salidas','127.0.0.1'),(998,1,'2025-11-23 19:45:17','VENTAS-SALIDAS-EDITAR','admin_editar_venta','127.0.0.1'),(999,1,'2025-11-23 19:45:18','VENTAS-SALIDAS-EDITAR','admin_editar_venta','127.0.0.1'),(1000,1,'2025-11-23 19:45:19','VENTAS-SALIDAS-EDITAR','admin_editar_venta','127.0.0.1'),(1001,1,'2025-11-23 19:45:21','VENTAS-SALIDAS-EDITAR','admin_editar_venta','127.0.0.1'),(1002,1,'2025-11-23 19:45:24','VENTAS-SALIDAS-EDITAR','admin_editar_venta','127.0.0.1'),(1003,1,'2025-11-23 19:45:28','VENTAS-SALIDAS-EDITAR','admin_editar_venta','127.0.0.1'),(1004,1,'2025-11-23 19:45:30','VENTAS-SALIDAS-EDITAR','admin_editar_venta','127.0.0.1'),(1005,1,'2025-11-23 19:45:31','VENTAS-SALIDAS-EDITAR','admin_editar_venta','127.0.0.1'),(1006,1,'2025-11-23 19:45:33','VENTAS-SALIDAS-EDITAR','admin_editar_venta','127.0.0.1'),(1007,1,'2025-11-23 19:45:33','VENTAS-SALIDAS-EDITAR','admin_editar_venta','127.0.0.1'),(1008,1,'2025-11-23 19:45:34','VENTAS-SALIDAS-EDITAR','admin_editar_venta','127.0.0.1'),(1009,1,'2025-11-23 19:45:35','VENTAS-SALIDAS-EDITAR','admin_editar_venta','127.0.0.1'),(1010,1,'2025-11-23 19:45:37','VENTAS-SALIDAS-EDITAR','admin_editar_venta','127.0.0.1'),(1011,1,'2025-11-23 19:45:40','VENTAS-SALIDAS-EDITAR','admin_editar_venta','127.0.0.1'),(1012,1,'2025-11-23 19:45:41','VENTAS-SALIDAS-EDITAR','admin_editar_venta','127.0.0.1'),(1013,1,'2025-11-23 19:45:43','VENTAS-SALIDAS-EDITAR','admin_editar_venta','127.0.0.1'),(1014,1,'2025-11-23 19:45:46','VENTAS-SALIDAS-EDITAR','admin_editar_venta','127.0.0.1'),(1015,1,'2025-11-23 19:45:47','VENTAS-SALIDAS-EDITAR','admin_editar_venta','127.0.0.1'),(1016,1,'2025-11-23 19:45:49','VENTAS-SALIDAS-EDITAR','admin_editar_venta','127.0.0.1'),(1017,1,'2025-11-23 19:45:50','VENTAS-SALIDAS-EDITAR','admin_editar_venta','127.0.0.1'),(1018,1,'2025-11-23 19:45:54','VENTAS-SALIDAS-EDITAR','admin_editar_venta','127.0.0.1'),(1019,1,'2025-11-23 19:45:55','VENTAS-SALIDAS-EDITAR','admin_editar_venta','127.0.0.1'),(1020,1,'2025-11-23 19:45:57','VENTAS-SALIDAS-EDITAR','admin_editar_venta','127.0.0.1'),(1021,1,'2025-11-23 19:45:58','VENTAS-SALIDAS-EDITAR','admin_editar_venta','127.0.0.1'),(1022,1,'2025-11-23 19:45:58','VENTAS-SALIDAS-EDITAR','admin_editar_venta','127.0.0.1'),(1023,1,'2025-11-23 19:45:58','VENTAS-SALIDAS-EDITAR','admin_editar_venta','127.0.0.1'),(1024,1,'2025-11-23 19:45:58','VENTAS-SALIDAS-EDITAR','admin_editar_venta','127.0.0.1'),(1025,1,'2025-11-23 19:45:58','VENTAS-SALIDAS-EDITAR','admin_editar_venta','127.0.0.1'),(1026,1,'2025-11-23 19:45:58','VENTAS-SALIDAS-EDITAR','admin_editar_venta','127.0.0.1'),(1027,1,'2025-11-23 19:45:58','VENTAS-SALIDAS-EDITAR','admin_editar_venta','127.0.0.1'),(1028,1,'2025-11-23 19:45:58','VENTAS-SALIDAS-EDITAR','admin_editar_venta','127.0.0.1'),(1029,1,'2025-11-23 19:45:59','VENTAS-SALIDAS-EDITAR','admin_editar_venta','127.0.0.1'),(1030,1,'2025-11-23 19:45:59','VENTAS-SALIDAS-EDITAR','admin_editar_venta','127.0.0.1'),(1031,1,'2025-11-23 19:45:59','VENTAS-SALIDAS-EDITAR','admin_editar_venta','127.0.0.1'),(1032,1,'2025-11-23 19:45:59','VENTAS-SALIDAS-EDITAR','admin_editar_venta','127.0.0.1'),(1033,1,'2025-11-23 19:45:59','VENTAS-SALIDAS-EDITAR','admin_editar_venta','127.0.0.1'),(1034,1,'2025-11-23 19:45:59','VENTAS-SALIDAS-EDITAR','admin_editar_venta','127.0.0.1'),(1035,1,'2025-11-23 19:45:59','VENTAS-SALIDAS-EDITAR','admin_editar_venta','127.0.0.1'),(1036,1,'2025-11-23 19:45:59','VENTAS-SALIDAS-EDITAR','admin_editar_venta','127.0.0.1'),(1037,1,'2025-11-23 19:46:00','VENTAS-SALIDAS-EDITAR','admin_editar_venta','127.0.0.1'),(1038,1,'2025-11-23 19:46:05','VENTAS-SALIDAS-EDITAR','admin_editar_venta','127.0.0.1'),(1039,1,'2025-11-23 19:46:06','VENTAS-SALIDAS-EDITAR','admin_editar_venta','127.0.0.1'),(1040,1,'2025-11-23 19:46:09','VENTAS-SALIDAS-EDITAR','admin_editar_venta','127.0.0.1'),(1041,1,'2025-11-23 19:46:11','VENTAS-SALIDAS-EDITAR','admin_editar_venta','127.0.0.1'),(1042,1,'2025-11-23 19:46:12','VENTAS-SALIDAS-EDITAR','admin_editar_venta','127.0.0.1'),(1043,1,'2025-11-23 19:46:13','VENTAS-SALIDAS-EDITAR','admin_editar_venta','127.0.0.1'),(1044,1,'2025-11-23 19:46:14','VENTAS-SALIDAS-EDITAR','admin_editar_venta','127.0.0.1'),(1045,1,'2025-11-23 19:46:16','VENTAS-SALIDAS-EDITAR','admin_editar_venta','127.0.0.1'),(1046,1,'2025-11-23 19:46:17','VENTAS-SALIDAS-EDITAR','admin_editar_venta','127.0.0.1'),(1047,1,'2025-11-23 19:46:18','VENTAS-SALIDAS-EDITAR','admin_editar_venta','127.0.0.1'),(1048,1,'2025-11-23 19:46:19','VENTAS-SALIDAS-EDITAR','admin_editar_venta','127.0.0.1'),(1049,1,'2025-11-23 19:46:20','VENTAS-SALIDAS-EDITAR','admin_editar_venta','127.0.0.1'),(1050,1,'2025-11-23 19:46:21','VENTAS-SALIDAS-EDITAR','admin_editar_venta','127.0.0.1'),(1051,1,'2025-11-23 19:46:22','VENTAS-SALIDAS-EDITAR','admin_editar_venta','127.0.0.1'),(1052,1,'2025-11-23 19:46:23','VENTAS-SALIDAS-EDITAR','admin_editar_venta','127.0.0.1'),(1053,1,'2025-11-23 19:46:24','VENTAS-SALIDAS-EDITAR','admin_editar_venta','127.0.0.1'),(1054,1,'2025-11-23 19:46:24','VENTAS-SALIDAS-EDITAR','admin_editar_venta','127.0.0.1'),(1055,1,'2025-11-23 19:46:25','VENTAS-SALIDAS-EDITAR','admin_editar_venta','127.0.0.1'),(1056,1,'2025-11-23 19:46:26','VENTAS-SALIDAS-EDITAR','admin_editar_venta','127.0.0.1'),(1057,1,'2025-11-23 19:46:26','VENTAS-SALIDAS-EDITAR','admin_editar_venta','127.0.0.1'),(1058,1,'2025-11-23 19:47:46','VENTAS-SALIDAS','admin_ventas_salidas','127.0.0.1'),(1059,1,'2025-11-23 19:47:49','VENTAS-SALIDAS-EDITAR','admin_editar_venta','127.0.0.1'),(1060,1,'2025-11-23 19:48:20','COMPRAS-ENTRADAS','admin_compras_entradas','127.0.0.1'),(1061,1,'2025-11-23 19:48:24','VENTAS-SALIDAS','admin_ventas_salidas','127.0.0.1'),(1062,1,'2025-11-23 19:48:32','VENTAS-SALIDAS-EDITAR','admin_editar_venta','127.0.0.1'),(1063,1,'2025-11-23 19:48:40','VENTAS-SALIDAS-EDITAR','admin_editar_venta','127.0.0.1'),(1064,1,'2025-11-23 19:48:40','VENTAS-SALIDAS-EDITAR','admin_editar_venta','127.0.0.1'),(1065,1,'2025-11-23 19:51:29','USUARIOS','admin_usuarios','127.0.0.1'),(1066,1,'2025-11-23 19:51:34','CLIENTES','admin_clientes','127.0.0.1'),(1067,1,'2025-11-23 19:51:38','PROVEEDORES','admin_proveedores','127.0.0.1'),(1068,1,'2025-11-23 19:52:40','PRODUCTOS','admin_productos','127.0.0.1'),(1069,1,'2025-11-23 19:52:46','EDITAR_PRODUCTO','admin_editar_producto','127.0.0.1'),(1070,1,'2025-11-23 19:52:56','EDITAR_PRODUCTO','admin_editar_producto','127.0.0.1'),(1071,1,'2025-11-23 19:53:04','EDITAR_PRODUCTO','admin_editar_producto','127.0.0.1'),(1072,1,'2025-11-23 19:53:07','PRODUCTOS','admin_productos','127.0.0.1'),(1073,1,'2025-11-23 19:53:40','VENTAS-SALIDAS','admin_ventas_salidas','127.0.0.1'),(1074,1,'2025-11-23 20:06:01','USUARIOS','admin_usuarios','127.0.0.1'),(1075,1,'2025-11-23 20:06:18','USUARIOS','admin_usuarios','127.0.0.1'),(1076,1,'2025-11-23 20:06:32','USUARIOS','admin_usuarios','127.0.0.1'),(1077,1,'2025-11-23 20:06:42','CLIENTES','admin_clientes','127.0.0.1'),(1078,1,'2025-11-23 20:06:47','PROVEEDORES','admin_proveedores','127.0.0.1'),(1079,1,'2025-11-23 20:07:07','PROVEEDORES-CREAR','admin_crear_proveedor','127.0.0.1'),(1080,1,'2025-11-23 20:07:09','PROVEEDORES','admin_proveedores','127.0.0.1'),(1081,1,'2025-11-23 20:07:38','VENTAS-SALIDAS','admin_ventas_salidas','127.0.0.1'),(1082,1,'2025-11-23 20:07:42','VENTAS-SALIDAS-EDITAR','admin_editar_venta','127.0.0.1'),(1083,1,'2025-11-23 20:08:05','VENTAS-SALIDAS-EDITAR','admin_editar_venta','127.0.0.1'),(1084,1,'2025-11-23 20:08:34','VENTAS-SALIDAS','admin_ventas_salidas','127.0.0.1'),(1085,1,'2025-11-23 20:09:47','VENTAS-SALIDAS-EDITAR','admin_editar_venta','127.0.0.1'),(1086,1,'2025-11-23 20:09:55','VENTAS-SALIDAS','admin_ventas_salidas','127.0.0.1'),(1087,1,'2025-11-23 20:09:57','VENTAS-SALIDAS-EDITAR','admin_editar_venta','127.0.0.1'),(1088,1,'2025-11-23 20:10:08','VENTAS-SALIDAS-EDITAR','admin_editar_venta','127.0.0.1'),(1089,1,'2025-11-23 20:10:08','VENTAS-SALIDAS-EDITAR','admin_editar_venta','127.0.0.1'),(1090,1,'2025-11-23 20:10:18','VENTAS-SALIDAS-EDITAR','admin_editar_venta','127.0.0.1'),(1091,1,'2025-11-23 20:10:18','VENTAS-SALIDAS-EDITAR','admin_editar_venta','127.0.0.1'),(1092,1,'2025-11-23 20:11:16','VENTAS-SALIDAS-EDITAR','admin_editar_venta','127.0.0.1'),(1093,1,'2025-11-23 20:11:18','VENTAS-SALIDAS-EDITAR','admin_editar_venta','127.0.0.1'),(1094,1,'2025-11-23 20:11:31','VENTAS-SALIDAS-EDITAR','admin_editar_venta','127.0.0.1'),(1095,1,'2025-11-23 20:11:36','VENTAS-SALIDAS-EDITAR','admin_editar_venta','127.0.0.1'),(1096,1,'2025-11-23 20:11:36','VENTAS-SALIDAS-EDITAR','admin_editar_venta','127.0.0.1'),(1097,1,'2025-11-23 20:16:16','AUTH','LOGOUT','127.0.0.1'),(1098,1,'2025-11-23 20:17:22','AUTH','LOGIN_EXITOSO','127.0.0.1'),(1099,1,'2025-11-23 20:17:33','VENTAS-SALIDAS','admin_ventas_salidas','127.0.0.1'),(1100,1,'2025-11-23 20:17:56','VENTAS-SALIDAS-EDITAR','admin_editar_venta','127.0.0.1'),(1101,1,'2025-11-23 20:18:18','VENTAS-SALIDAS-EDITAR','admin_editar_venta','127.0.0.1'),(1102,1,'2025-11-23 20:18:18','VENTAS-SALIDAS-EDITAR','admin_editar_venta','127.0.0.1'),(1103,1,'2025-11-23 20:18:24','VENTAS-SALIDAS-EDITAR','admin_editar_venta','127.0.0.1'),(1104,1,'2025-11-23 20:18:25','VENTAS-SALIDAS-EDITAR','admin_editar_venta','127.0.0.1'),(1105,1,'2025-11-23 20:18:49','VENTAS-SALIDAS-EDITAR','admin_editar_venta','127.0.0.1'),(1106,1,'2025-11-23 20:18:50','VENTAS-SALIDAS-EDITAR','admin_editar_venta','127.0.0.1'),(1107,1,'2025-11-23 20:18:57','PRODUCTOS','admin_productos','127.0.0.1'),(1108,1,'2025-11-23 20:19:50','PRODUCTOS','admin_productos','127.0.0.1'),(1109,1,'2025-11-23 20:20:16','VENTAS-SALIDAS','admin_ventas_salidas','127.0.0.1'),(1110,1,'2025-11-23 20:20:35','VENTAS-SALIDAS','admin_ventas_salidas','127.0.0.1'),(1111,1,'2025-11-23 20:20:43','VENTAS-SALIDAS-CREAR','admin_crear_venta','127.0.0.1'),(1112,1,'2025-11-23 20:22:55','VENTAS-SALIDAS-CREAR','admin_crear_venta','127.0.0.1'),(1113,1,'2025-11-23 20:22:56','VENTAS-SALIDAS','admin_ventas_salidas','127.0.0.1'),(1114,1,'2025-11-23 20:24:06','VENTAS-SALIDAS','admin_ventas_salidas','127.0.0.1'),(1115,1,'2025-11-23 20:24:11','VENTAS-SALIDAS','admin_ventas_salidas','127.0.0.1'),(1116,1,'2025-11-23 20:24:21','VENTAS-SALIDAS','admin_ventas_salidas','127.0.0.1'),(1117,1,'2025-11-23 20:24:25','COMPRAS-ENTRADAS','admin_compras_entradas','127.0.0.1'),(1118,1,'2025-11-23 20:24:53','COMPRAS-ENTRADAS-EDITAR','admin_editar_compra','127.0.0.1'),(1119,1,'2025-11-23 20:25:09','COMPRAS-ENTRADAS-EDITAR','admin_editar_compra','127.0.0.1'),(1120,1,'2025-11-23 20:25:10','COMPRAS-ENTRADAS','admin_compras_entradas','127.0.0.1'),(1121,1,'2025-11-23 20:25:15','COMPRAS-ENTRADAS-DETALLE-COMPLETO','admin_detalle_compra_completo','127.0.0.1'),(1122,1,'2025-11-23 20:29:17','USUARIOS','admin_usuarios','127.0.0.1'),(1123,1,'2025-11-23 20:29:28','PROVEEDORES','admin_proveedores','127.0.0.1'),(1124,1,'2025-11-23 20:29:39','PROVEEDORES','admin_proveedores','127.0.0.1'),(1125,1,'2025-11-23 20:29:48','BODEGA','admin_bodega','127.0.0.1'),(1126,1,'2025-11-23 20:30:01','COMPRAS-ENTRADAS','admin_compras_entradas','127.0.0.1'),(1127,1,'2025-11-23 20:30:10','VENTAS-SALIDAS','admin_ventas_salidas','127.0.0.1'),(1128,1,'2025-11-23 20:32:02','VENTAS-SALIDAS','admin_ventas_salidas','127.0.0.1'),(1129,1,'2025-11-23 20:32:06','VENTAS-SALIDAS-CREAR','admin_crear_venta','127.0.0.1'),(1130,1,'2025-11-23 20:34:33','AUTH','LOGIN_EXITOSO','127.0.0.1'),(1131,1,'2025-11-23 20:34:40','VENTAS-SALIDAS','admin_ventas_salidas','127.0.0.1'),(1132,1,'2025-11-23 20:34:46','VENTAS-SALIDAS-CREAR','admin_crear_venta','127.0.0.1'),(1133,1,'2025-11-23 20:35:14','VENTAS-SALIDAS-CREAR','admin_crear_venta','127.0.0.1'),(1134,1,'2025-11-23 20:35:15','VENTAS-SALIDAS','admin_ventas_salidas','127.0.0.1'),(1135,1,'2025-11-23 20:35:18','VENTAS-SALIDAS','admin_ventas_salidas','127.0.0.1'),(1136,1,'2025-11-23 20:48:26','VENTAS-SALIDAS','admin_ventas_salidas','127.0.0.1'),(1137,1,'2025-11-23 20:52:42','VENTAS-SALIDAS','admin_ventas_salidas','127.0.0.1'),(1138,1,'2025-11-23 20:53:33','COMPRAS-ENTRADAS','admin_compras_entradas','127.0.0.1'),(1139,1,'2025-11-23 20:54:07','COMPRAS-ENTRADAS-CREAR','admin_crear_compra','127.0.0.1'),(1140,1,'2025-11-23 21:06:29','USUARIOS','admin_usuarios','127.0.0.1'),(1141,1,'2025-11-23 21:11:23','USUARIOS','admin_usuarios','127.0.0.1'),(1142,1,'2025-11-23 21:11:33','USUARIOS','admin_usuarios','127.0.0.1'),(1143,1,'2025-11-23 21:11:45','USUARIOS','admin_usuarios','127.0.0.1'),(1144,1,'2025-11-23 21:11:49','USUARIOS','admin_usuarios','127.0.0.1'),(1145,1,'2025-11-23 21:13:32','USUARIOS','admin_usuarios','127.0.0.1'),(1146,1,'2025-11-23 21:36:56','VENTAS-SALIDAS','admin_ventas_salidas','127.0.0.1'),(1147,1,'2025-11-23 21:37:31','VENTAS-SALIDAS','admin_ventas_salidas','127.0.0.1'),(1148,1,'2025-11-23 21:38:35','COMPRAS-ENTRADAS','admin_compras_entradas','127.0.0.1'),(1149,1,'2025-11-23 21:38:39','COMPRAS-ENTRADAS-CREAR','admin_crear_compra','127.0.0.1'),(1150,1,'2025-11-23 21:41:48','COMPRAS-ENTRADAS-CREAR','admin_crear_compra','127.0.0.1'),(1151,1,'2025-11-23 21:41:52','VENTAS-SALIDAS','admin_ventas_salidas','127.0.0.1'),(1152,1,'2025-11-23 21:41:58','COMPRAS-ENTRADAS','admin_compras_entradas','127.0.0.1'),(1153,1,'2025-11-23 21:42:11','AUTH','LOGOUT','127.0.0.1'),(1154,1,'2025-11-23 21:42:15','AUTH','LOGIN_EXITOSO','127.0.0.1'),(1155,1,'2025-11-23 21:42:19','USUARIOS','admin_usuarios','127.0.0.1'),(1156,1,'2025-11-23 21:42:32','USUARIOS','admin_usuarios','127.0.0.1'),(1157,1,'2025-11-23 22:15:15','VENTAS-SALIDAS','admin_ventas_salidas','127.0.0.1'),(1158,1,'2025-11-23 22:15:17','VENTAS-SALIDAS-CREAR','admin_crear_venta','127.0.0.1'),(1159,1,'2025-11-23 22:15:39','VENTAS-SALIDAS-CREAR','admin_crear_venta','127.0.0.1'),(1160,1,'2025-11-23 22:15:39','VENTAS-SALIDAS','admin_ventas_salidas','127.0.0.1'),(1161,1,'2025-11-23 23:09:03','VENTAS-SALIDAS','admin_ventas_salidas','127.0.0.1'),(1162,1,'2025-11-23 23:09:06','VENTAS-SALIDAS-CREAR','admin_crear_venta','127.0.0.1'),(1163,1,'2025-11-23 23:09:18','VENTAS-SALIDAS','admin_ventas_salidas','127.0.0.1'),(1164,1,'2025-11-23 23:09:54','VENTAS-SALIDAS-CREAR','admin_crear_venta','127.0.0.1'),(1165,1,'2025-11-23 23:10:13','VENTAS-SALIDAS-CREAR','admin_crear_venta','127.0.0.1'),(1166,1,'2025-11-23 23:10:13','VENTAS-SALIDAS','admin_ventas_salidas','127.0.0.1'),(1167,1,'2025-11-23 23:27:04','VENTAS-SALIDAS','admin_ventas_salidas','127.0.0.1'),(1168,1,'2025-11-23 23:27:14','VENTAS-SALIDAS-CREAR','admin_crear_venta','127.0.0.1'),(1169,1,'2025-11-23 23:28:22','VENTAS-SALIDAS-CREAR','admin_crear_venta','127.0.0.1'),(1170,1,'2025-11-23 23:28:22','VENTAS-SALIDAS','admin_ventas_salidas','127.0.0.1'),(1171,1,'2025-11-23 23:28:55','VENTAS-SALIDAS-CREAR','admin_crear_venta','127.0.0.1'),(1172,1,'2025-11-23 23:31:30','VENTAS-SALIDAS-CREAR','admin_crear_venta','127.0.0.1'),(1173,1,'2025-11-23 23:31:33','VENTAS-SALIDAS','admin_ventas_salidas','127.0.0.1'),(1174,1,'2025-11-23 23:45:43','VENTAS-SALIDAS','admin_ventas_salidas','127.0.0.1'),(1175,1,'2025-11-23 23:45:47','VENTAS-SALIDAS-CREAR','admin_crear_venta','127.0.0.1'),(1176,1,'2025-11-23 23:46:15','VENTAS-SALIDAS-CREAR','admin_crear_venta','127.0.0.1'),(1177,1,'2025-11-23 23:46:15','VENTAS-SALIDAS','admin_ventas_salidas','127.0.0.1'),(1178,1,'2025-11-24 00:00:08','VENTAS-SALIDAS','admin_ventas_salidas','127.0.0.1'),(1179,1,'2025-11-24 00:01:27','VENTAS-SALIDAS','admin_ventas_salidas','127.0.0.1'),(1180,1,'2025-11-24 00:03:32','VENTAS-SALIDAS','admin_ventas_salidas','127.0.0.1'),(1181,1,'2025-11-24 00:04:12','VENTAS-SALIDAS','admin_ventas_salidas','127.0.0.1'),(1182,1,'2025-11-24 00:06:58','VENTAS-SALIDAS','admin_ventas_salidas','127.0.0.1'),(1183,1,'2025-11-24 00:09:01','VENTAS-SALIDAS','admin_ventas_salidas','127.0.0.1'),(1184,1,'2025-11-24 00:16:23','VENTAS-SALIDAS','admin_ventas_salidas','127.0.0.1'),(1185,1,'2025-11-24 08:18:23','AUTH','LOGIN_EXITOSO','127.0.0.1'),(1186,1,'2025-11-24 08:20:02','VENTAS-SALIDAS','admin_ventas_salidas','127.0.0.1'),(1187,1,'2025-11-24 08:57:13','VENTAS-SALIDAS','admin_ventas_salidas','127.0.0.1'),(1188,1,'2025-11-24 08:58:16','VENTAS-SALIDAS','admin_ventas_salidas','127.0.0.1'),(1189,1,'2025-11-24 08:58:24','VENTAS-SALIDAS','admin_ventas_salidas','127.0.0.1'),(1190,1,'2025-11-24 09:01:05','VENTAS-SALIDAS','admin_ventas_salidas','127.0.0.1'),(1191,1,'2025-11-24 09:08:29','VENTAS-SALIDAS','admin_ventas_salidas','127.0.0.1'),(1192,1,'2025-11-24 09:14:30','VENTAS-SALIDAS','admin_ventas_salidas','127.0.0.1'),(1193,1,'2025-11-24 09:16:24','VENTAS-SALIDAS','admin_ventas_salidas','127.0.0.1'),(1194,1,'2025-11-24 09:17:52','VENTAS-SALIDAS','admin_ventas_salidas','127.0.0.1'),(1195,1,'2025-11-24 09:24:01','VENTAS-SALIDAS','admin_ventas_salidas','127.0.0.1'),(1196,1,'2025-11-24 09:24:37','VENTAS-SALIDAS','admin_ventas_salidas','127.0.0.1'),(1197,1,'2025-11-24 09:24:57','COMPRAS-ENTRADAS','admin_compras_entradas','127.0.0.1'),(1198,1,'2025-11-24 09:28:52','VENTAS-SALIDAS','admin_ventas_salidas','127.0.0.1'),(1199,1,'2025-11-24 09:28:56','VENTAS-SALIDAS-CREAR','admin_crear_venta','127.0.0.1'),(1200,1,'2025-11-24 09:35:06','VENTAS-SALIDAS','admin_ventas_salidas','127.0.0.1'),(1201,1,'2025-11-24 09:35:14','VENTAS-SALIDAS','admin_ventas_salidas','127.0.0.1'),(1202,1,'2025-11-24 09:40:03','VENTAS-SALIDAS','admin_ventas_salidas','127.0.0.1'),(1203,1,'2025-11-24 09:41:07','VENTAS-SALIDAS','admin_ventas_salidas','127.0.0.1'),(1204,1,'2025-11-24 09:41:20','VENTAS-SALIDAS-CREAR','admin_crear_venta','127.0.0.1'),(1205,1,'2025-11-24 09:41:24','VENTAS-SALIDAS-CREAR','admin_crear_venta','127.0.0.1'),(1206,1,'2025-11-24 09:41:26','VENTAS-SALIDAS-CREAR','admin_crear_venta','127.0.0.1'),(1207,1,'2025-11-24 09:41:29','VENTAS-SALIDAS-CREAR','admin_crear_venta','127.0.0.1'),(1208,1,'2025-11-24 09:41:30','VENTAS-SALIDAS-CREAR','admin_crear_venta','127.0.0.1'),(1209,1,'2025-11-24 09:41:32','VENTAS-SALIDAS-CREAR','admin_crear_venta','127.0.0.1'),(1210,1,'2025-11-24 09:41:34','VENTAS-SALIDAS-CREAR','admin_crear_venta','127.0.0.1'),(1211,1,'2025-11-24 09:41:35','VENTAS-SALIDAS-CREAR','admin_crear_venta','127.0.0.1'),(1212,1,'2025-11-24 09:41:36','VENTAS-SALIDAS-CREAR','admin_crear_venta','127.0.0.1'),(1213,1,'2025-11-24 09:41:38','VENTAS-SALIDAS-CREAR','admin_crear_venta','127.0.0.1'),(1214,1,'2025-11-24 09:41:40','VENTAS-SALIDAS-CREAR','admin_crear_venta','127.0.0.1'),(1215,1,'2025-11-24 09:41:43','VENTAS-SALIDAS-CREAR','admin_crear_venta','127.0.0.1'),(1216,1,'2025-11-24 09:41:45','VENTAS-SALIDAS-CREAR','admin_crear_venta','127.0.0.1'),(1217,1,'2025-11-24 09:41:46','VENTAS-SALIDAS-CREAR','admin_crear_venta','127.0.0.1'),(1218,1,'2025-11-24 09:41:47','VENTAS-SALIDAS-CREAR','admin_crear_venta','127.0.0.1'),(1219,1,'2025-11-24 09:41:48','VENTAS-SALIDAS-CREAR','admin_crear_venta','127.0.0.1'),(1220,1,'2025-11-24 09:41:49','VENTAS-SALIDAS-CREAR','admin_crear_venta','127.0.0.1'),(1221,1,'2025-11-24 09:41:50','VENTAS-SALIDAS-CREAR','admin_crear_venta','127.0.0.1'),(1222,1,'2025-11-24 09:41:50','VENTAS-SALIDAS-CREAR','admin_crear_venta','127.0.0.1'),(1223,1,'2025-11-24 09:41:52','VENTAS-SALIDAS-CREAR','admin_crear_venta','127.0.0.1'),(1224,1,'2025-11-24 09:41:54','VENTAS-SALIDAS-CREAR','admin_crear_venta','127.0.0.1'),(1225,1,'2025-11-24 09:41:56','VENTAS-SALIDAS-CREAR','admin_crear_venta','127.0.0.1'),(1226,1,'2025-11-24 09:41:57','VENTAS-SALIDAS-CREAR','admin_crear_venta','127.0.0.1'),(1227,1,'2025-11-24 09:41:59','VENTAS-SALIDAS-CREAR','admin_crear_venta','127.0.0.1'),(1228,1,'2025-11-24 09:42:00','VENTAS-SALIDAS-CREAR','admin_crear_venta','127.0.0.1'),(1229,1,'2025-11-24 09:44:01','VENTAS-SALIDAS','admin_ventas_salidas','127.0.0.1'),(1230,1,'2025-11-24 09:44:07','VENTAS-SALIDAS-CREAR','admin_crear_venta','127.0.0.1'),(1231,1,'2025-11-24 09:44:09','VENTAS-SALIDAS-CREAR','admin_crear_venta','127.0.0.1'),(1232,1,'2025-11-24 09:44:10','VENTAS-SALIDAS-CREAR','admin_crear_venta','127.0.0.1'),(1233,1,'2025-11-24 09:44:11','VENTAS-SALIDAS-CREAR','admin_crear_venta','127.0.0.1'),(1234,1,'2025-11-24 09:44:12','VENTAS-SALIDAS-CREAR','admin_crear_venta','127.0.0.1'),(1235,1,'2025-11-24 09:44:13','VENTAS-SALIDAS-CREAR','admin_crear_venta','127.0.0.1'),(1236,1,'2025-11-24 09:44:14','VENTAS-SALIDAS-CREAR','admin_crear_venta','127.0.0.1'),(1237,1,'2025-11-24 09:44:15','VENTAS-SALIDAS-CREAR','admin_crear_venta','127.0.0.1'),(1238,1,'2025-11-24 09:44:17','VENTAS-SALIDAS-CREAR','admin_crear_venta','127.0.0.1'),(1239,1,'2025-11-24 09:44:23','VENTAS-SALIDAS-CREAR','admin_crear_venta','127.0.0.1'),(1240,1,'2025-11-24 09:44:25','VENTAS-SALIDAS-CREAR','admin_crear_venta','127.0.0.1'),(1241,1,'2025-11-24 09:44:30','VENTAS-SALIDAS-CREAR','admin_crear_venta','127.0.0.1'),(1242,1,'2025-11-24 09:45:04','VENTAS-SALIDAS-CREAR','admin_crear_venta','127.0.0.1'),(1243,1,'2025-11-24 09:45:11','VENTAS-SALIDAS-CREAR','admin_crear_venta','127.0.0.1'),(1244,1,'2025-11-24 09:45:51','VENTAS-SALIDAS-CREAR','admin_crear_venta','127.0.0.1'),(1245,1,'2025-11-24 09:45:54','VENTAS-SALIDAS-CREAR','admin_crear_venta','127.0.0.1'),(1246,1,'2025-11-24 09:45:55','VENTAS-SALIDAS-CREAR','admin_crear_venta','127.0.0.1'),(1247,1,'2025-11-24 10:02:39','VENTAS-SALIDAS','admin_ventas_salidas','127.0.0.1'),(1248,1,'2025-11-24 10:02:44','VENTAS-SALIDAS-CREAR','admin_crear_venta','127.0.0.1'),(1249,1,'2025-11-24 10:03:08','VENTAS-SALIDAS-CREAR','admin_crear_venta','127.0.0.1'),(1250,1,'2025-11-24 10:03:09','VENTAS-SALIDAS-CREAR','admin_crear_venta','127.0.0.1'),(1251,1,'2025-11-24 10:03:10','VENTAS-SALIDAS-CREAR','admin_crear_venta','127.0.0.1'),(1252,1,'2025-11-24 10:04:01','VENTAS-SALIDAS-CREAR','admin_crear_venta','127.0.0.1'),(1253,1,'2025-11-24 10:04:03','VENTAS-SALIDAS-CREAR','admin_crear_venta','127.0.0.1'),(1254,1,'2025-11-24 10:04:06','VENTAS-SALIDAS-CREAR','admin_crear_venta','127.0.0.1'),(1255,1,'2025-11-24 10:14:33','VENTAS-SALIDAS','admin_ventas_salidas','127.0.0.1'),(1256,1,'2025-11-24 10:14:38','VENTAS-SALIDAS-CREAR','admin_crear_venta','127.0.0.1'),(1257,1,'2025-11-24 10:14:49','VENTAS-SALIDAS-CREAR','admin_crear_venta','127.0.0.1'),(1258,1,'2025-11-24 10:14:50','VENTAS-SALIDAS-CREAR','admin_crear_venta','127.0.0.1'),(1259,1,'2025-11-24 10:14:53','VENTAS-SALIDAS-CREAR','admin_crear_venta','127.0.0.1'),(1260,1,'2025-11-24 12:22:23','AUTH','LOGIN_EXITOSO','127.0.0.1'),(1261,1,'2025-11-24 12:23:10','VENTAS-SALIDAS','admin_ventas_salidas','127.0.0.1'),(1262,1,'2025-11-24 12:23:40','VENTAS-SALIDAS','admin_ventas_salidas','127.0.0.1'),(1263,1,'2025-11-24 12:25:16','VENTAS-SALIDAS','admin_ventas_salidas','127.0.0.1'),(1264,1,'2025-11-24 12:25:40','VENTAS-SALIDAS','admin_ventas_salidas','127.0.0.1'),(1265,1,'2025-11-24 12:55:40','VENTAS-SALIDAS','admin_ventas_salidas','127.0.0.1'),(1266,1,'2025-11-24 12:55:54','VENTAS-SALIDAS','admin_ventas_salidas','127.0.0.1'),(1267,1,'2025-11-24 12:56:33','VENTAS-SALIDAS','admin_ventas_salidas','127.0.0.1'),(1268,1,'2025-11-24 12:59:16','VENTAS-SALIDAS','admin_ventas_salidas','127.0.0.1'),(1269,1,'2025-11-24 12:59:21','NUEVA_VENTA','admin_crear_venta','127.0.0.1'),(1270,1,'2025-11-24 12:59:21','VENTAS-SALIDAS','admin_ventas_salidas','127.0.0.1'),(1271,1,'2025-11-24 13:00:12','VENTAS-SALIDAS','admin_ventas_salidas','127.0.0.1'),(1272,1,'2025-11-24 13:03:19','VENTAS-SALIDAS','admin_ventas_salidas','127.0.0.1'),(1273,1,'2025-11-24 13:05:04','VENTAS-SALIDAS','admin_ventas_salidas','127.0.0.1'),(1274,1,'2025-11-24 13:08:55','VENTAS-SALIDAS','admin_ventas_salidas','127.0.0.1'),(1275,1,'2025-11-24 13:09:21','VENTAS-SALIDAS','admin_ventas_salidas','127.0.0.1'),(1276,1,'2025-11-24 13:09:26','NUEVA_VENTA','admin_crear_venta','127.0.0.1'),(1277,1,'2025-11-24 13:09:49','NUEVA_VENTA','admin_crear_venta','127.0.0.1'),(1278,1,'2025-11-24 13:10:22','VENTAS-SALIDAS','admin_ventas_salidas','127.0.0.1'),(1279,1,'2025-11-24 13:29:09','VENTAS-SALIDAS','admin_ventas_salidas','127.0.0.1'),(1280,1,'2025-11-24 13:31:07','VENTAS-SALIDAS','admin_ventas_salidas','127.0.0.1'),(1281,1,'2025-11-24 13:33:26','VENTAS-SALIDAS','admin_ventas_salidas','127.0.0.1'),(1282,1,'2025-11-24 13:33:30','CREAR_VENTA','admin_crear_venta','127.0.0.1'),(1283,1,'2025-11-24 13:33:31','VENTAS-SALIDAS','admin_ventas_salidas','127.0.0.1'),(1284,1,'2025-11-24 13:34:43','VENTAS-SALIDAS','admin_ventas_salidas','127.0.0.1'),(1285,1,'2025-11-24 13:34:45','CREAR_VENTA','admin_crear_venta','127.0.0.1'),(1286,1,'2025-11-24 13:37:28','VENTAS-SALIDAS','admin_ventas_salidas','127.0.0.1'),(1287,1,'2025-11-24 13:37:30','CREAR_VENTA','admin_crear_venta','127.0.0.1'),(1288,1,'2025-11-24 13:52:53','VENTAS-SALIDAS','admin_ventas_salidas','127.0.0.1'),(1289,1,'2025-11-24 13:56:20','VENTAS-SALIDAS','admin_ventas_salidas','127.0.0.1'),(1290,1,'2025-11-24 13:56:22','CREAR_VENTA','admin_crear_venta','127.0.0.1'),(1291,1,'2025-11-24 13:56:25','VENTAS-SALIDAS','admin_ventas_salidas','127.0.0.1'),(1292,1,'2025-11-24 13:56:41','VENTAS-SALIDAS','admin_ventas_salidas','127.0.0.1'),(1293,1,'2025-11-24 13:56:42','CREAR_VENTA','admin_crear_venta','127.0.0.1'),(1294,1,'2025-11-24 13:56:45','VENTAS-SALIDAS','admin_ventas_salidas','127.0.0.1'),(1295,1,'2025-11-24 13:57:36','VENTAS-SALIDAS','admin_ventas_salidas','127.0.0.1'),(1296,1,'2025-11-24 13:58:08','CREAR_VENTA','admin_crear_venta','127.0.0.1'),(1297,1,'2025-11-24 13:58:22','CREAR_VENTA','admin_crear_venta','127.0.0.1'),(1298,1,'2025-11-24 13:58:42','VENTAS-SALIDAS','admin_ventas_salidas','127.0.0.1'),(1299,1,'2025-11-24 13:58:44','CREAR_VENTA','admin_crear_venta','127.0.0.1'),(1300,1,'2025-11-24 14:08:18','VENTAS-SALIDAS','admin_ventas_salidas','127.0.0.1'),(1301,1,'2025-11-24 14:08:23','CREAR_VENTA','admin_crear_venta','127.0.0.1'),(1302,1,'2025-11-24 14:13:27','VENTAS-SALIDAS','admin_ventas_salidas','127.0.0.1'),(1303,1,'2025-11-24 14:13:34','CREAR_VENTA','admin_crear_venta','127.0.0.1'),(1304,1,'2025-11-24 14:14:27','CREAR_VENTA','admin_crear_venta','127.0.0.1'),(1305,1,'2025-11-24 15:40:38','AUTH','LOGIN_EXITOSO','127.0.0.1'),(1306,1,'2025-11-24 15:41:12','AUTH','LOGIN_EXITOSO','127.0.0.1'),(1307,1,'2025-11-24 15:45:14','VENTAS-SALIDAS','admin_ventas_salidas','127.0.0.1'),(1308,1,'2025-11-24 15:45:45','CREAR_VENTA','admin_crear_venta','127.0.0.1'),(1309,1,'2025-11-24 15:46:59','CREAR_VENTA','admin_crear_venta','127.0.0.1'),(1310,1,'2025-11-24 16:07:26','VENTAS-SALIDAS','admin_ventas_salidas','127.0.0.1'),(1311,1,'2025-11-24 16:09:24','VENTAS-SALIDAS','admin_ventas_salidas','127.0.0.1'),(1312,1,'2025-11-24 16:09:27','VENTAS-SALIDAS','admin_ventas_salidas','127.0.0.1'),(1313,1,'2025-11-24 16:09:39','CREAR_VENTA','admin_crear_venta','127.0.0.1'),(1314,1,'2025-11-24 16:09:46','VENTAS-SALIDAS','admin_ventas_salidas','127.0.0.1'),(1315,1,'2025-11-24 16:11:00','VENTAS-SALIDAS','admin_ventas_salidas','127.0.0.1'),(1316,1,'2025-11-24 16:14:47','VENTAS-SALIDAS','admin_ventas_salidas','127.0.0.1'),(1317,1,'2025-11-24 16:15:51','CREAR_VENTA','admin_crear_venta','127.0.0.1'),(1318,1,'2025-11-24 16:25:51','CREAR_VENTA','admin_crear_venta','127.0.0.1'),(1319,1,'2025-11-24 16:26:01','CREAR_VENTA','admin_crear_venta','127.0.0.1'),(1320,1,'2025-11-24 16:26:11','CREAR_VENTA','admin_crear_venta','127.0.0.1'),(1321,1,'2025-11-24 16:26:38','CREAR_VENTA','admin_crear_venta','127.0.0.1'),(1322,1,'2025-11-24 16:26:38','VENTAS-SALIDAS','admin_ventas_salidas','127.0.0.1'),(1323,1,'2025-11-24 16:27:03','CREAR_VENTA','admin_crear_venta','127.0.0.1'),(1324,1,'2025-11-24 16:34:02','CREAR_VENTA','admin_crear_venta','127.0.0.1'),(1325,1,'2025-11-24 16:34:31','CREAR_VENTA','admin_crear_venta','127.0.0.1'),(1326,1,'2025-11-24 16:34:31','VENTAS-SALIDAS','admin_ventas_salidas','127.0.0.1'),(1327,1,'2025-11-24 16:34:32','VENTAS-SALIDAS','admin_ventas_salidas','127.0.0.1'),(1328,1,'2025-11-24 16:35:36','CREAR_VENTA','admin_crear_venta','127.0.0.1'),(1329,1,'2025-11-24 16:37:42','CREAR_VENTA','admin_crear_venta','127.0.0.1'),(1330,1,'2025-11-24 16:38:04','CREAR_VENTA','admin_crear_venta','127.0.0.1'),(1331,1,'2025-11-24 16:38:04','VENTAS-SALIDAS','admin_ventas_salidas','127.0.0.1'),(1332,1,'2025-11-24 16:38:05','VENTAS-SALIDAS','admin_ventas_salidas','127.0.0.1'),(1333,1,'2025-11-24 17:04:42','VENTAS-SALIDAS','admin_ventas_salidas','127.0.0.1'),(1334,1,'2025-11-24 17:04:45','CREAR_VENTA','admin_crear_venta','127.0.0.1'),(1335,1,'2025-11-24 17:05:14','CREAR_VENTA','admin_crear_venta','127.0.0.1'),(1336,1,'2025-11-24 17:05:17','VENTAS-SALIDAS','admin_ventas_salidas','127.0.0.1'),(1337,1,'2025-11-24 17:10:40','VENTAS-SALIDAS','admin_ventas_salidas','127.0.0.1'),(1338,1,'2025-11-24 17:10:43','VENTAS-SALIDAS','admin_ventas_salidas','127.0.0.1'),(1339,1,'2025-11-24 17:10:45','VENTAS-SALIDAS','admin_ventas_salidas','127.0.0.1'),(1340,1,'2025-11-24 17:10:46','VENTAS-SALIDAS','admin_ventas_salidas','127.0.0.1'),(1341,1,'2025-11-24 17:10:46','VENTAS-SALIDAS','admin_ventas_salidas','127.0.0.1'),(1342,1,'2025-11-24 17:10:46','VENTAS-SALIDAS','admin_ventas_salidas','127.0.0.1'),(1343,1,'2025-11-24 17:10:53','VENTAS-SALIDAS','admin_ventas_salidas','127.0.0.1'),(1344,1,'2025-11-24 17:19:00','VENTAS-SALIDAS','admin_ventas_salidas','127.0.0.1'),(1345,1,'2025-11-24 17:19:28','VENTAS-SALIDAS','admin_ventas_salidas','127.0.0.1'),(1346,1,'2025-11-24 17:20:05','VENTAS-SALIDAS','admin_ventas_salidas','127.0.0.1'),(1347,1,'2025-11-24 17:22:37','VENTAS-SALIDAS','admin_ventas_salidas','127.0.0.1'),(1348,1,'2025-11-24 17:23:04','VENTAS-SALIDAS','admin_ventas_salidas','127.0.0.1'),(1349,1,'2025-11-24 17:23:16','VENTAS-SALIDAS','admin_ventas_salidas','127.0.0.1'),(1350,1,'2025-11-24 17:23:17','VENTAS-SALIDAS','admin_ventas_salidas','127.0.0.1'),(1351,1,'2025-11-24 17:32:07','VENTAS-SALIDAS','admin_ventas_salidas','127.0.0.1'),(1352,1,'2025-11-24 17:32:45','VENTAS-SALIDAS','admin_ventas_salidas','127.0.0.1'),(1353,1,'2025-11-24 17:33:52','VENTAS-SALIDAS','admin_ventas_salidas','127.0.0.1'),(1354,1,'2025-11-24 17:34:08','VENTAS-SALIDAS','admin_ventas_salidas','127.0.0.1'),(1355,1,'2025-11-24 17:34:10','VENTAS-SALIDAS','admin_ventas_salidas','127.0.0.1'),(1356,1,'2025-11-24 17:34:48','CREAR_VENTA','admin_crear_venta','127.0.0.1'),(1357,1,'2025-11-24 17:35:23','CREAR_VENTA','admin_crear_venta','127.0.0.1'),(1358,1,'2025-11-24 17:35:27','VENTAS-SALIDAS','admin_ventas_salidas','127.0.0.1'),(1359,1,'2025-11-24 18:00:46','CREAR_VENTA','admin_crear_venta','127.0.0.1'),(1360,1,'2025-11-24 18:02:00','CLIENTES','admin_clientes','127.0.0.1'),(1361,1,'2025-11-24 18:02:04','CLIENTES-EDITAR','admin_editar_cliente','127.0.0.1'),(1362,1,'2025-11-24 18:02:10','CLIENTES-EDITAR','admin_editar_cliente','127.0.0.1'),(1363,1,'2025-11-24 18:02:14','CLIENTES','admin_clientes','127.0.0.1'),(1364,1,'2025-11-24 18:02:30','CLIENTES-CREAR','admin_crear_cliente','127.0.0.1'),(1365,1,'2025-11-24 18:02:32','CLIENTES','admin_clientes','127.0.0.1'),(1366,1,'2025-11-24 18:02:37','CLIENTES-EDITAR','admin_editar_cliente','127.0.0.1'),(1367,1,'2025-11-24 18:03:05','CLIENTES-EDITAR','admin_editar_cliente','127.0.0.1'),(1368,1,'2025-11-24 18:03:10','CLIENTES','admin_clientes','127.0.0.1'),(1369,1,'2025-11-24 18:03:18','PROVEEDORES','admin_proveedores','127.0.0.1'),(1370,1,'2025-11-24 18:03:44','PROVEEDORES-CREAR','admin_crear_proveedor','127.0.0.1'),(1371,1,'2025-11-24 18:03:46','PROVEEDORES','admin_proveedores','127.0.0.1'),(1372,1,'2025-11-24 18:04:19','PRODUCTOS','admin_productos','127.0.0.1'),(1373,1,'2025-11-24 18:05:40','BODEGA','admin_bodega','127.0.0.1'),(1374,1,'2025-11-24 18:06:06','BODEGA-CREAR','admin_bodega_crear','127.0.0.1'),(1375,1,'2025-11-24 18:06:06','BODEGA','admin_bodega','127.0.0.1'),(1376,1,'2025-11-24 18:06:13','PRODUCTOS','admin_productos','127.0.0.1'),(1377,1,'2025-11-24 18:06:48','CREAR_PRODUCTO','admin_crear_producto','127.0.0.1'),(1378,1,'2025-11-24 18:06:50','PRODUCTOS','admin_productos','127.0.0.1'),(1379,1,'2025-11-24 18:06:59','EDITAR_PRODUCTO','admin_editar_producto','127.0.0.1'),(1380,1,'2025-11-24 18:07:06','PRODUCTOS','admin_productos','127.0.0.1'),(1381,1,'2025-11-24 18:08:58','VENTAS-SALIDAS','admin_ventas_salidas','127.0.0.1'),(1382,1,'2025-11-24 18:10:22','VENTAS-SALIDAS','admin_ventas_salidas','127.0.0.1'),(1383,1,'2025-11-24 18:12:05','VENTAS-SALIDAS','admin_ventas_salidas','127.0.0.1'),(1384,1,'2025-11-24 18:16:00','CREAR_VENTA','admin_crear_venta','127.0.0.1'),(1385,1,'2025-11-24 18:30:08','VENTAS-SALIDAS','admin_ventas_salidas','127.0.0.1'),(1386,1,'2025-11-24 18:30:16','VENTAS-SALIDAS','admin_ventas_salidas','127.0.0.1'),(1387,1,'2025-11-24 18:30:23','CREAR_VENTA','admin_crear_venta','127.0.0.1'),(1388,1,'2025-11-24 18:31:26','CREAR_VENTA','admin_crear_venta','127.0.0.1'),(1389,1,'2025-11-24 18:31:38','CREAR_VENTA','admin_crear_venta','127.0.0.1'),(1390,1,'2025-11-24 18:32:03','CREAR_VENTA','admin_crear_venta','127.0.0.1'),(1391,1,'2025-11-24 18:32:05','CREAR_VENTA','admin_crear_venta','127.0.0.1'),(1392,1,'2025-11-24 18:32:39','CREAR_VENTA','admin_crear_venta','127.0.0.1'),(1393,1,'2025-11-24 18:32:47','CREAR_VENTA','admin_crear_venta','127.0.0.1'),(1394,1,'2025-11-24 18:33:09','CREAR_VENTA','admin_crear_venta','127.0.0.1'),(1395,1,'2025-11-24 18:33:15','VENTAS-SALIDAS','admin_ventas_salidas','127.0.0.1'),(1396,1,'2025-11-24 18:38:14','CREAR_VENTA','admin_crear_venta','127.0.0.1'),(1397,1,'2025-11-24 18:39:07','CREAR_VENTA','admin_crear_venta','127.0.0.1'),(1398,1,'2025-11-24 18:42:14','VENTAS-SALIDAS','admin_ventas_salidas','127.0.0.1'),(1399,1,'2025-11-24 18:42:23','CREAR_VENTA','admin_crear_venta','127.0.0.1'),(1400,1,'2025-11-24 18:43:49','CREAR_VENTA','admin_crear_venta','127.0.0.1'),(1401,1,'2025-11-24 18:44:11','CREAR_VENTA','admin_crear_venta','127.0.0.1'),(1402,1,'2025-11-24 18:44:19','CREAR_VENTA','admin_crear_venta','127.0.0.1'),(1403,1,'2025-11-24 18:44:56','CREAR_VENTA','admin_crear_venta','127.0.0.1'),(1404,1,'2025-11-24 18:55:22','CREAR_VENTA','admin_crear_venta','127.0.0.1'),(1405,1,'2025-11-24 19:35:50','VENTAS-SALIDAS','admin_ventas_salidas','127.0.0.1'),(1406,1,'2025-11-24 19:36:15','CREAR_VENTA','admin_crear_venta','127.0.0.1'),(1407,1,'2025-11-24 19:37:32','CREAR_VENTA','admin_crear_venta','127.0.0.1'),(1408,1,'2025-11-24 20:42:46','AUTH','LOGIN_EXITOSO','127.0.0.1'),(1409,1,'2025-11-24 20:54:13','EMPRESA','admin_empresas','127.0.0.1'),(1410,1,'2025-11-24 20:58:08','EMPRESA','admin_empresas','127.0.0.1'),(1411,1,'2025-11-24 20:59:10','EMPRESA','admin_empresas','127.0.0.1'),(1412,1,'2025-11-24 21:06:15','EMPRESA','admin_empresas','127.0.0.1'),(1413,1,'2025-11-24 21:08:12','EMPRESA','admin_empresas','127.0.0.1'),(1414,1,'2025-11-24 21:08:21','EMPRESA','admin_empresas','127.0.0.1'),(1415,1,'2025-11-24 21:09:37','EMPRESA','admin_empresas','127.0.0.1'),(1416,1,'2025-11-24 21:09:45','EMPRESA_EDITAR','editar_empresa','127.0.0.1'),(1417,1,'2025-11-24 21:09:46','EMPRESA','admin_empresas','127.0.0.1'),(1418,1,'2025-11-24 21:09:55','EMPRESA_EDITAR','editar_empresa','127.0.0.1'),(1419,1,'2025-11-24 21:09:56','EMPRESA','admin_empresas','127.0.0.1'),(1420,1,'2025-11-24 21:10:13','USUARIOS','admin_usuarios','127.0.0.1'),(1421,1,'2025-11-24 21:10:21','EMPRESA','admin_empresas','127.0.0.1'),(1422,1,'2025-11-24 21:11:25','EMPRESA_EDITAR','editar_empresa','127.0.0.1'),(1423,1,'2025-11-24 21:11:27','EMPRESA','admin_empresas','127.0.0.1'),(1424,1,'2025-11-24 21:11:59','EMPRESA','admin_empresas','127.0.0.1'),(1425,1,'2025-11-24 21:12:20','EMPRESA_EDITAR','editar_empresa','127.0.0.1'),(1426,1,'2025-11-24 21:12:21','EMPRESA','admin_empresas','127.0.0.1'),(1427,1,'2025-11-24 21:25:22','EMPRESA','admin_empresas','127.0.0.1'),(1428,1,'2025-11-24 21:34:13','EMPRESA','admin_empresas','127.0.0.1'),(1429,1,'2025-11-24 21:34:21','EMPRESA_EDITAR','editar_empresa','127.0.0.1'),(1430,1,'2025-11-24 21:34:24','EMPRESA_EDITAR','editar_empresa','127.0.0.1'),(1431,1,'2025-11-24 21:34:28','EMPRESA','admin_empresas','127.0.0.1'),(1432,1,'2025-11-24 21:34:41','EMPRESA_EDITAR','editar_empresa','127.0.0.1'),(1433,1,'2025-11-24 21:34:41','EMPRESA','admin_empresas','127.0.0.1'),(1434,1,'2025-11-24 21:36:52','EMPRESA','admin_empresas','127.0.0.1'),(1435,1,'2025-11-24 21:36:57','EMPRESA_EDITAR','editar_empresa','127.0.0.1'),(1436,1,'2025-11-24 21:37:05','EMPRESA','admin_empresas','127.0.0.1'),(1437,1,'2025-11-24 21:37:11','EMPRESA_EDITAR','editar_empresa','127.0.0.1'),(1438,1,'2025-11-24 21:37:24','EMPRESA_EDITAR','editar_empresa','127.0.0.1'),(1439,1,'2025-11-24 21:37:27','EMPRESA','admin_empresas','127.0.0.1'),(1440,1,'2025-11-24 21:41:02','VENTAS-SALIDAS','admin_ventas_salidas','127.0.0.1'),(1441,1,'2025-11-24 21:42:06','CREAR_VENTA','admin_crear_venta','127.0.0.1'),(1442,1,'2025-11-24 21:42:41','CREAR_VENTA','admin_crear_venta','127.0.0.1'),(1443,1,'2025-11-24 23:01:35','AUTH','LOGIN_EXITOSO','127.0.0.1'),(1444,1,'2025-11-24 23:01:42','VENTAS-SALIDAS','admin_ventas_salidas','127.0.0.1'),(1445,1,'2025-11-24 23:01:51','CREAR_VENTA','admin_crear_venta','127.0.0.1'),(1446,1,'2025-11-24 23:02:10','CREAR_VENTA','admin_crear_venta','127.0.0.1'),(1447,1,'2025-11-24 23:03:09','CREAR_VENTA','admin_crear_venta','127.0.0.1'),(1448,1,'2025-11-24 23:03:50','VENTAS-SALIDAS','admin_ventas_salidas','127.0.0.1'),(1449,1,'2025-11-24 23:15:48','VENTAS-SALIDAS','admin_ventas_salidas','127.0.0.1'),(1450,1,'2025-11-24 23:26:28','VENTAS-SALIDAS','admin_ventas_salidas','127.0.0.1'),(1451,1,'2025-11-24 23:26:46','VENTAS-SALIDAS','admin_ventas_salidas','127.0.0.1'),(1452,1,'2025-11-24 23:26:59','PRODUCTOS','admin_productos','127.0.0.1'),(1453,1,'2025-11-24 23:27:07','VENTAS-SALIDAS','admin_ventas_salidas','127.0.0.1'),(1454,1,'2025-11-24 23:36:57','VENTAS-SALIDAS','admin_ventas_salidas','127.0.0.1'),(1455,1,'2025-11-24 23:37:06','VENTAS-SALIDAS','admin_ventas_salidas','127.0.0.1'),(1456,1,'2025-11-24 23:37:41','VENTAS-SALIDAS','admin_ventas_salidas','127.0.0.1'),(1457,1,'2025-11-24 23:41:16','CREAR_VENTA','admin_crear_venta','127.0.0.1'),(1458,1,'2025-11-24 23:43:20','CREAR_VENTA','admin_crear_venta','127.0.0.1'),(1459,1,'2025-11-24 23:44:02','CREAR_VENTA','admin_crear_venta','127.0.0.1'),(1460,1,'2025-11-24 23:44:05','VENTAS-SALIDAS','admin_ventas_salidas','127.0.0.1'),(1461,1,'2025-11-24 23:49:11','VENTAS-SALIDAS','admin_ventas_salidas','127.0.0.1'),(1462,1,'2025-11-24 23:50:05','VENTAS-SALIDAS','admin_ventas_salidas','127.0.0.1'),(1463,1,'2025-11-24 23:56:07','VENTAS-SALIDAS','admin_ventas_salidas','127.0.0.1'),(1464,1,'2025-11-24 23:56:10','CREAR_VENTA','admin_crear_venta','127.0.0.1'),(1465,1,'2025-11-24 23:56:37','CREAR_VENTA','admin_crear_venta','127.0.0.1'),(1466,1,'2025-11-24 23:56:42','VENTAS-SALIDAS','admin_ventas_salidas','127.0.0.1'),(1467,1,'2025-11-25 00:01:21','AUTH','LOGIN_EXITOSO','127.0.0.1'),(1468,1,'2025-11-25 00:01:26','VENTAS-SALIDAS','admin_ventas_salidas','127.0.0.1'),(1469,1,'2025-11-25 00:01:28','CREAR_VENTA','admin_crear_venta','127.0.0.1'),(1470,1,'2025-11-25 00:02:13','CREAR_VENTA','admin_crear_venta','127.0.0.1'),(1471,1,'2025-11-25 00:02:34','CREAR_VENTA','admin_crear_venta','127.0.0.1'),(1472,1,'2025-11-25 00:02:51','CREAR_VENTA','admin_crear_venta','127.0.0.1'),(1473,1,'2025-11-25 00:03:11','CREAR_VENTA','admin_crear_venta','127.0.0.1'),(1474,1,'2025-11-25 00:03:17','CREAR_VENTA','admin_crear_venta','127.0.0.1'),(1475,1,'2025-11-25 00:03:37','PRODUCTOS','admin_productos','127.0.0.1'),(1476,1,'2025-11-25 00:03:50','EDITAR_PRODUCTO','admin_editar_producto','127.0.0.1'),(1477,1,'2025-11-25 00:03:59','PRODUCTOS','admin_productos','127.0.0.1'),(1478,1,'2025-11-25 00:04:07','VENTAS-SALIDAS','admin_ventas_salidas','127.0.0.1'),(1479,1,'2025-11-25 00:04:13','CREAR_VENTA','admin_crear_venta','127.0.0.1'),(1480,1,'2025-11-25 00:04:35','CREAR_VENTA','admin_crear_venta','127.0.0.1'),(1481,1,'2025-11-25 00:05:08','VENTAS-SALIDAS','admin_ventas_salidas','127.0.0.1'),(1482,1,'2025-11-25 00:05:13','CREAR_VENTA','admin_crear_venta','127.0.0.1'),(1483,1,'2025-11-25 00:05:56','CREAR_VENTA','admin_crear_venta','127.0.0.1'),(1484,1,'2025-11-25 00:06:08','PRODUCTOS','admin_productos','127.0.0.1'),(1485,1,'2025-11-25 00:06:24','PRODUCTOS','admin_productos','127.0.0.1'),(1486,1,'2025-11-25 00:06:31','VENTAS-SALIDAS','admin_ventas_salidas','127.0.0.1'),(1487,1,'2025-11-25 00:06:33','CREAR_VENTA','admin_crear_venta','127.0.0.1'),(1488,1,'2025-11-25 00:06:56','CREAR_VENTA','admin_crear_venta','127.0.0.1'),(1489,1,'2025-11-25 00:07:20','CREAR_VENTA','admin_crear_venta','127.0.0.1'),(1490,1,'2025-11-25 00:07:42','CREAR_VENTA','admin_crear_venta','127.0.0.1'),(1491,1,'2025-11-25 00:08:01','CREAR_VENTA','admin_crear_venta','127.0.0.1'),(1492,1,'2025-11-25 09:07:06','AUTH','LOGIN_EXITOSO','127.0.0.1'),(1493,1,'2025-11-25 09:07:18','VENTAS-SALIDAS','admin_ventas_salidas','127.0.0.1'),(1494,1,'2025-11-25 09:07:39','CREAR_VENTA','admin_crear_venta','127.0.0.1'),(1495,1,'2025-11-25 09:07:47','COMPRAS-ENTRADAS','admin_compras_entradas','127.0.0.1'),(1496,1,'2025-11-25 09:07:49','COMPRAS-ENTRADAS-CREAR','admin_crear_compra','127.0.0.1'),(1497,1,'2025-11-25 09:08:35','COMPRAS-ENTRADAS-CREAR','admin_crear_compra','127.0.0.1'),(1498,1,'2025-11-25 09:08:39','COMPRAS-ENTRADAS','admin_compras_entradas','127.0.0.1'),(1499,1,'2025-11-25 09:08:43','COMPRAS-ENTRADAS','admin_compras_entradas','127.0.0.1'),(1500,1,'2025-11-25 09:09:23','VENTAS-SALIDAS','admin_ventas_salidas','127.0.0.1'),(1501,1,'2025-11-25 09:11:42','CREAR_VENTA','admin_crear_venta','127.0.0.1'),(1502,1,'2025-11-25 09:14:47','CREAR_VENTA','admin_crear_venta','127.0.0.1'),(1503,1,'2025-11-25 09:25:57','CREAR_VENTA','admin_crear_venta','127.0.0.1'),(1504,1,'2025-11-25 09:26:42','EMPRESA','admin_empresas','127.0.0.1'),(1505,1,'2025-11-25 09:27:03','EMPRESA_EDITAR','editar_empresa','127.0.0.1'),(1506,1,'2025-11-25 09:27:20','EMPRESA_EDITAR','editar_empresa','127.0.0.1'),(1507,1,'2025-11-25 09:27:21','EMPRESA','admin_empresas','127.0.0.1'),(1508,1,'2025-11-25 09:27:25','VENTAS-SALIDAS','admin_ventas_salidas','127.0.0.1'),(1509,1,'2025-11-25 09:29:10','CREAR_VENTA','admin_crear_venta','127.0.0.1'),(1510,1,'2025-11-25 09:29:35','CREAR_VENTA','admin_crear_venta','127.0.0.1'),(1511,1,'2025-11-25 09:29:56','CREAR_VENTA','admin_crear_venta','127.0.0.1'),(1512,1,'2025-11-25 09:30:29','CREAR_VENTA','admin_crear_venta','127.0.0.1'),(1513,1,'2025-11-25 09:30:54','CREAR_VENTA','admin_crear_venta','127.0.0.1'),(1514,1,'2025-11-25 09:32:44','CREAR_VENTA','admin_crear_venta','127.0.0.1'),(1515,1,'2025-11-25 10:09:18','CREAR_VENTA','admin_crear_venta','127.0.0.1'),(1516,1,'2025-11-25 10:17:57','COMPRAS-ENTRADAS','admin_compras_entradas','127.0.0.1'),(1517,1,'2025-11-25 10:18:18','COMPRAS-ENTRADAS-CREAR','admin_crear_compra','127.0.0.1'),(1518,1,'2025-11-25 10:18:57','COMPRAS-ENTRADAS-CREAR','admin_crear_compra','127.0.0.1'),(1519,1,'2025-11-25 10:18:57','COMPRAS-ENTRADAS','admin_compras_entradas','127.0.0.1'),(1520,1,'2025-11-25 10:18:57','COMPRAS-ENTRADAS','admin_compras_entradas','127.0.0.1'),(1521,1,'2025-11-25 10:19:07','VENTAS-SALIDAS','admin_ventas_salidas','127.0.0.1'),(1522,1,'2025-11-25 10:19:13','CREAR_VENTA','admin_crear_venta','127.0.0.1'),(1523,1,'2025-11-25 10:19:53','CREAR_VENTA','admin_crear_venta','127.0.0.1'),(1524,1,'2025-11-25 10:22:32','VENTAS-SALIDAS','admin_ventas_salidas','127.0.0.1'),(1525,1,'2025-11-25 10:22:34','CREAR_VENTA','admin_crear_venta','127.0.0.1'),(1526,1,'2025-11-25 10:26:44','CREAR_VENTA','admin_crear_venta','127.0.0.1'),(1527,1,'2025-11-25 10:27:09','VENTAS-SALIDAS','admin_ventas_salidas','127.0.0.1'),(1528,1,'2025-11-25 10:33:43','VENTAS-SALIDAS','admin_ventas_salidas','127.0.0.1'),(1529,1,'2025-11-25 10:33:45','CREAR_VENTA','admin_crear_venta','127.0.0.1'),(1530,1,'2025-11-25 11:13:52','VENTAS-SALIDAS','admin_ventas_salidas','127.0.0.1'),(1531,1,'2025-11-25 11:17:47','CREAR_VENTA','admin_crear_venta','127.0.0.1'),(1532,1,'2025-11-25 11:23:13','BODEGA','admin_bodega','127.0.0.1'),(1533,1,'2025-11-25 11:23:19','BODEGA_EDITAR','admin_editar_bodega','127.0.0.1'),(1534,1,'2025-11-25 11:23:27','BODEGA_EDITAR','admin_editar_bodega','127.0.0.1'),(1535,1,'2025-11-25 11:23:31','BODEGA','admin_bodega','127.0.0.1'),(1536,1,'2025-11-25 11:29:06','USUARIOS','admin_usuarios','127.0.0.1'),(1537,1,'2025-11-25 11:29:11','PRODUCTOS','admin_productos','127.0.0.1'),(1538,1,'2025-11-25 11:29:20','PRODUCTOS','admin_productos','127.0.0.1'),(1539,1,'2025-11-25 11:31:08','CREAR_PRODUCTO','admin_crear_producto','127.0.0.1'),(1540,1,'2025-11-25 11:31:10','PRODUCTOS','admin_productos','127.0.0.1'),(1541,1,'2025-11-25 11:34:00','EDITAR_PRODUCTO','admin_editar_producto','127.0.0.1'),(1542,1,'2025-11-25 11:34:18','EDITAR_PRODUCTO','admin_editar_producto','127.0.0.1'),(1543,1,'2025-11-25 11:34:18','EDITAR_PRODUCTO','admin_editar_producto','127.0.0.1'),(1544,1,'2025-11-25 11:34:24','EDITAR_PRODUCTO','admin_editar_producto','127.0.0.1'),(1545,1,'2025-11-25 11:34:24','EDITAR_PRODUCTO','admin_editar_producto','127.0.0.1'),(1546,1,'2025-11-25 11:34:28','PRODUCTOS','admin_productos','127.0.0.1'),(1547,1,'2025-11-25 11:34:30','PRODUCTOS','admin_productos','127.0.0.1'),(1548,1,'2025-11-25 11:34:34','EDITAR_PRODUCTO','admin_editar_producto','127.0.0.1'),(1549,1,'2025-11-25 11:34:40','EDITAR_PRODUCTO','admin_editar_producto','127.0.0.1'),(1550,1,'2025-11-25 11:34:43','PRODUCTOS','admin_productos','127.0.0.1'),(1551,1,'2025-11-25 11:58:38','PRODUCTOS','admin_productos','127.0.0.1'),(1552,1,'2025-11-25 12:00:09','AUTH','LOGIN_EXITOSO','127.0.0.1'),(1553,1,'2025-11-25 12:00:26','VENTAS-SALIDAS','admin_ventas_salidas','127.0.0.1'),(1554,1,'2025-11-25 12:00:28','VENTAS-SALIDAS','admin_ventas_salidas','127.0.0.1'),(1555,1,'2025-11-25 12:00:34','CREAR_VENTA','admin_crear_venta','127.0.0.1'),(1556,1,'2025-11-25 12:01:45','CREAR_VENTA','admin_crear_venta','127.0.0.1'),(1557,1,'2025-11-25 12:02:40','VENTAS-SALIDAS','admin_ventas_salidas','127.0.0.1'),(1558,1,'2025-11-25 12:02:56','CREAR_VENTA','admin_crear_venta','127.0.0.1'),(1559,1,'2025-11-25 12:04:30','CREAR_VENTA','admin_crear_venta','127.0.0.1'),(1560,1,'2025-11-25 12:09:26','AUTH','LOGIN_EXITOSO','127.0.0.1'),(1561,1,'2025-11-25 12:09:50','VENTAS-SALIDAS','admin_ventas_salidas','127.0.0.1'),(1562,1,'2025-11-25 12:10:04','VENTAS-SALIDAS','admin_ventas_salidas','127.0.0.1'),(1563,1,'2025-11-25 12:10:05','CREAR_VENTA','admin_crear_venta','127.0.0.1'),(1564,1,'2025-11-25 12:11:08','CREAR_VENTA','admin_crear_venta','127.0.0.1'),(1565,1,'2025-11-25 12:17:02','VENTAS-SALIDAS','admin_ventas_salidas','127.0.0.1'),(1566,1,'2025-11-25 12:18:07','VENTAS-SALIDAS','admin_ventas_salidas','127.0.0.1'),(1567,1,'2025-11-25 12:25:33','VENTAS-SALIDAS','admin_ventas_salidas','127.0.0.1'),(1568,1,'2025-11-25 12:25:35','CREAR_VENTA','admin_crear_venta','127.0.0.1'),(1569,1,'2025-11-25 12:26:04','CREAR_VENTA','admin_crear_venta','127.0.0.1'),(1570,1,'2025-11-25 12:44:45','CREAR_VENTA','admin_crear_venta','127.0.0.1'),(1571,1,'2025-11-25 12:51:09','CREAR_VENTA','admin_crear_venta','127.0.0.1'),(1572,1,'2025-11-25 12:51:42','CREAR_VENTA','admin_crear_venta','127.0.0.1'),(1573,1,'2025-11-25 12:54:39','AUTH','LOGIN_EXITOSO','127.0.0.1'),(1574,1,'2025-11-25 12:55:10','VENTAS-SALIDAS','admin_ventas_salidas','127.0.0.1'),(1575,1,'2025-11-25 12:55:28','CREAR_VENTA','admin_crear_venta','127.0.0.1'),(1576,1,'2025-11-25 12:56:48','CREAR_VENTA','admin_crear_venta','127.0.0.1'),(1577,1,'2025-11-25 14:51:35','AUTH','LOGIN_EXITOSO','127.0.0.1'),(1578,1,'2025-11-25 14:51:47','VENTAS-SALIDAS','admin_ventas_salidas','127.0.0.1'),(1579,1,'2025-11-25 14:51:50','VENTAS-SALIDAS','admin_ventas_salidas','127.0.0.1'),(1580,1,'2025-11-25 15:08:14','AUTH','LOGIN_EXITOSO','127.0.0.1'),(1581,1,'2025-11-25 15:08:49','VENTAS-SALIDAS','admin_ventas_salidas','127.0.0.1'),(1582,1,'2025-11-25 15:09:18','VENTAS-SALIDAS','admin_ventas_salidas','127.0.0.1'),(1583,1,'2025-11-25 15:14:17','VENTAS-SALIDAS','admin_ventas_salidas','127.0.0.1'),(1584,1,'2025-11-25 15:14:48','CREAR_VENTA','admin_crear_venta','127.0.0.1'),(1585,1,'2025-11-25 15:14:49','CREAR_VENTA','admin_crear_venta','127.0.0.1'),(1586,1,'2025-11-25 15:15:48','CREAR_VENTA','admin_crear_venta','127.0.0.1'),(1587,1,'2025-11-25 15:17:56','CREAR_VENTA','admin_crear_venta','127.0.0.1'),(1588,1,'2025-11-25 15:18:54','CREAR_VENTA','admin_crear_venta','127.0.0.1'),(1589,1,'2025-11-25 15:20:21','CREAR_VENTA','admin_crear_venta','127.0.0.1'),(1590,1,'2025-11-25 15:20:39','CREAR_VENTA','admin_crear_venta','127.0.0.1'),(1591,1,'2025-11-25 15:21:14','CREAR_VENTA','admin_crear_venta','127.0.0.1'),(1592,1,'2025-11-25 15:22:13','CREAR_VENTA','admin_crear_venta','127.0.0.1'),(1593,1,'2025-11-25 15:31:54','VENTAS-SALIDAS','admin_ventas_salidas','127.0.0.1'),(1594,1,'2025-11-25 15:36:54','VENTAS-SALIDAS','admin_ventas_salidas','127.0.0.1'),(1595,1,'2025-11-25 15:41:06','VENTAS-SALIDAS','admin_ventas_salidas','127.0.0.1'),(1596,1,'2025-11-25 15:41:27','VENTAS-SALIDAS','admin_ventas_salidas','127.0.0.1'),(1597,1,'2025-11-25 15:42:43','COMPRAS-ENTRADAS','admin_compras_entradas','127.0.0.1'),(1598,1,'2025-11-25 15:42:46','COMPRAS-ENTRADAS-DETALLE-COMPLETO','admin_detalle_compra_completo','127.0.0.1'),(1599,1,'2025-11-25 15:42:58','COMPRAS-ENTRADAS-EDITAR','admin_editar_compra','127.0.0.1'),(1600,1,'2025-11-25 16:09:06','AUTH','LOGIN_EXITOSO','127.0.0.1'),(1601,1,'2025-11-25 16:09:19','VENTAS-SALIDAS','admin_ventas_salidas','127.0.0.1'),(1602,1,'2025-11-25 16:09:31','DETALLES_VENTA','admin_detalles_venta','127.0.0.1'),(1603,1,'2025-11-25 16:09:35','VENTAS-SALIDAS','admin_ventas_salidas','127.0.0.1'),(1604,1,'2025-11-25 16:12:00','VENTAS-SALIDAS','admin_ventas_salidas','127.0.0.1'),(1605,1,'2025-11-25 16:12:54','VENTAS-SALIDAS','admin_ventas_salidas','127.0.0.1'),(1606,1,'2025-11-25 16:13:55','VENTAS-SALIDAS','admin_ventas_salidas','127.0.0.1'),(1607,1,'2025-11-25 16:14:03','DETALLES_VENTA','admin_detalles_venta','127.0.0.1'),(1608,1,'2025-11-25 16:14:09','VENTAS-SALIDAS','admin_ventas_salidas','127.0.0.1'),(1609,1,'2025-11-25 16:14:40','DETALLES_VENTA','admin_detalles_venta','127.0.0.1'),(1610,1,'2025-11-25 16:14:41','VENTAS-SALIDAS','admin_ventas_salidas','127.0.0.1'),(1611,1,'2025-11-25 16:14:52','DETALLES_VENTA','admin_detalles_venta','127.0.0.1'),(1612,1,'2025-11-25 16:14:54','VENTAS-SALIDAS','admin_ventas_salidas','127.0.0.1'),(1613,1,'2025-11-25 16:19:01','AUTH','LOGIN_EXITOSO','127.0.0.1'),(1614,1,'2025-11-25 16:19:36','VENTAS-SALIDAS','admin_ventas_salidas','127.0.0.1'),(1615,1,'2025-11-25 16:20:07','DETALLES_VENTA','admin_detalles_venta','127.0.0.1'),(1616,1,'2025-11-25 16:20:21','VENTAS-SALIDAS','admin_ventas_salidas','127.0.0.1'),(1617,1,'2025-11-25 16:21:02','DETALLES_VENTA','admin_detalles_venta','127.0.0.1'),(1618,1,'2025-11-25 16:21:15','VENTAS-SALIDAS','admin_ventas_salidas','127.0.0.1'),(1619,1,'2025-11-25 16:22:51','DETALLES_VENTA','admin_detalles_venta','127.0.0.1'),(1620,1,'2025-11-25 16:22:53','VENTAS-SALIDAS','admin_ventas_salidas','127.0.0.1'),(1621,1,'2025-11-25 16:23:56','AUTH','LOGIN_EXITOSO','127.0.0.1'),(1622,1,'2025-11-25 16:25:04','VENTAS-SALIDAS','admin_ventas_salidas','127.0.0.1'),(1623,1,'2025-11-25 16:25:06','DETALLES_VENTA','admin_detalles_venta','127.0.0.1'),(1624,1,'2025-11-25 16:25:07','VENTAS-SALIDAS','admin_ventas_salidas','127.0.0.1'),(1625,1,'2025-11-25 16:26:52','VENTAS-SALIDAS','admin_ventas_salidas','127.0.0.1'),(1626,1,'2025-11-25 16:26:53','DETALLES_VENTA','admin_detalles_venta','127.0.0.1'),(1627,1,'2025-11-25 16:26:54','VENTAS-SALIDAS','admin_ventas_salidas','127.0.0.1'),(1628,1,'2025-11-25 16:27:00','DETALLES_VENTA','admin_detalles_venta','127.0.0.1'),(1629,1,'2025-11-25 16:27:00','VENTAS-SALIDAS','admin_ventas_salidas','127.0.0.1'),(1630,1,'2025-11-25 16:31:10','DETALLES_VENTA','admin_detalles_venta','127.0.0.1'),(1631,1,'2025-11-25 16:31:12','VENTAS-SALIDAS','admin_ventas_salidas','127.0.0.1'),(1632,1,'2025-11-25 16:31:24','DETALLES_VENTA','admin_detalles_venta','127.0.0.1'),(1633,1,'2025-11-25 16:31:25','VENTAS-SALIDAS','admin_ventas_salidas','127.0.0.1'),(1634,1,'2025-11-25 16:46:22','AUTH','LOGIN_EXITOSO','127.0.0.1'),(1635,1,'2025-11-25 16:46:30','VENTAS-SALIDAS','admin_ventas_salidas','127.0.0.1'),(1636,1,'2025-11-25 16:46:39','DETALLES_VENTA','admin_detalles_venta','127.0.0.1'),(1637,1,'2025-11-25 16:46:39','VENTAS-SALIDAS','admin_ventas_salidas','127.0.0.1'),(1638,1,'2025-11-25 16:50:08','AUTH','LOGIN_EXITOSO','127.0.0.1'),(1639,1,'2025-11-25 16:53:38','VENTAS-SALIDAS','admin_ventas_salidas','127.0.0.1'),(1640,1,'2025-11-25 16:53:43','DETALLES_VENTA','admin_detalles_venta','127.0.0.1'),(1641,1,'2025-11-25 16:53:44','VENTAS-SALIDAS','admin_ventas_salidas','127.0.0.1'),(1642,1,'2025-11-25 16:57:41','AUTH','LOGIN_EXITOSO','127.0.0.1'),(1643,1,'2025-11-25 16:59:27','VENTAS-SALIDAS','admin_ventas_salidas','127.0.0.1'),(1644,1,'2025-11-25 16:59:32','DETALLES_VENTA','admin_detalles_venta','127.0.0.1'),(1645,1,'2025-11-25 17:00:43','VENTAS-SALIDAS','admin_ventas_salidas','127.0.0.1'),(1646,1,'2025-11-25 17:00:47','DETALLES_VENTA','admin_detalles_venta','127.0.0.1'),(1647,1,'2025-11-25 17:03:04','EDITAR_VENTA','admin_editar_venta','127.0.0.1'),(1648,1,'2025-11-25 17:03:08','DETALLES_VENTA','admin_detalles_venta','127.0.0.1'),(1649,1,'2025-11-25 17:03:34','VENTAS-SALIDAS','admin_ventas_salidas','127.0.0.1'),(1650,1,'2025-11-25 17:03:38','DETALLES_VENTA','admin_detalles_venta','127.0.0.1'),(1651,1,'2025-11-25 17:54:42','VENTAS-SALIDAS','admin_ventas_salidas','127.0.0.1'),(1652,1,'2025-11-25 17:54:49','EDITAR_VENTA','admin_editar_venta','127.0.0.1'),(1653,1,'2025-11-25 17:54:51','DETALLES_VENTA','admin_detalles_venta','127.0.0.1'),(1654,1,'2025-11-25 17:55:04','EDITAR_VENTA','admin_editar_venta','127.0.0.1'),(1655,1,'2025-11-25 17:55:05','DETALLES_VENTA','admin_detalles_venta','127.0.0.1'),(1656,1,'2025-11-25 17:56:40','EDITAR_VENTA','admin_editar_venta','127.0.0.1'),(1657,1,'2025-11-25 17:56:47','DETALLES_VENTA','admin_detalles_venta','127.0.0.1'),(1658,1,'2025-11-25 17:59:21','VENTAS-SALIDAS','admin_ventas_salidas','127.0.0.1'),(1659,1,'2025-11-25 17:59:36','DETALLES_VENTA','admin_detalles_venta','127.0.0.1'),(1660,1,'2025-11-25 18:00:01','VENTAS-SALIDAS','admin_ventas_salidas','127.0.0.1'),(1661,1,'2025-11-25 18:00:05','DETALLES_VENTA','admin_detalles_venta','127.0.0.1'),(1662,1,'2025-11-25 18:01:50','DETALLES_VENTA','admin_detalles_venta','127.0.0.1'),(1663,1,'2025-11-25 18:02:49','VENTAS-SALIDAS','admin_ventas_salidas','127.0.0.1'),(1664,1,'2025-11-25 18:14:07','VENTAS-SALIDAS','admin_ventas_salidas','127.0.0.1'),(1665,1,'2025-11-25 18:14:16','DETALLES_VENTA','admin_detalles_venta','127.0.0.1'),(1666,1,'2025-11-25 18:14:18','VENTAS-SALIDAS','admin_ventas_salidas','127.0.0.1'),(1667,1,'2025-11-25 18:18:04','VENTAS-SALIDAS','admin_ventas_salidas','127.0.0.1'),(1668,1,'2025-11-25 18:18:09','EDITAR_VENTA','admin_editar_venta','127.0.0.1'),(1669,1,'2025-11-25 18:19:00','EDITAR_VENTA','admin_editar_venta','127.0.0.1'),(1670,1,'2025-11-25 18:23:49','EDITAR_VENTA','admin_editar_venta','127.0.0.1'),(1671,1,'2025-11-25 18:23:58','DETALLES_VENTA','admin_detalles_venta','127.0.0.1'),(1672,1,'2025-11-25 18:23:59','VENTAS-SALIDAS','admin_ventas_salidas','127.0.0.1'),(1673,1,'2025-11-25 18:30:27','EDITAR_VENTA','admin_editar_venta','127.0.0.1'),(1674,1,'2025-11-25 18:38:19','EDITAR_VENTA','admin_editar_venta','127.0.0.1'),(1675,1,'2025-11-25 18:38:25','DETALLES_VENTA','admin_detalles_venta','127.0.0.1'),(1676,1,'2025-11-25 18:38:26','VENTAS-SALIDAS','admin_ventas_salidas','127.0.0.1'),(1677,1,'2025-11-25 18:38:35','EDITAR_VENTA','admin_editar_venta','127.0.0.1'),(1678,1,'2025-11-25 18:38:40','DETALLES_VENTA','admin_detalles_venta','127.0.0.1'),(1679,1,'2025-11-25 18:38:41','VENTAS-SALIDAS','admin_ventas_salidas','127.0.0.1'),(1680,1,'2025-11-25 18:46:18','AUTH','LOGIN_EXITOSO','127.0.0.1'),(1681,1,'2025-11-25 18:47:02','VENTAS-SALIDAS','admin_ventas_salidas','127.0.0.1'),(1682,1,'2025-11-25 18:47:13','DETALLES_VENTA','admin_detalles_venta','127.0.0.1'),(1683,1,'2025-11-25 18:47:42','VENTAS-SALIDAS','admin_ventas_salidas','127.0.0.1'),(1684,1,'2025-11-25 20:10:20','AUTH','LOGIN_EXITOSO','127.0.0.1'),(1685,1,'2025-11-25 20:10:28','VENTAS-SALIDAS','admin_ventas_salidas','127.0.0.1'),(1686,1,'2025-11-25 20:10:32','DETALLES_VENTA','admin_detalles_venta','127.0.0.1'),(1687,1,'2025-11-25 20:10:52','VENTAS-SALIDAS','admin_ventas_salidas','127.0.0.1'),(1688,1,'2025-11-25 20:10:57','DETALLES_VENTA','admin_detalles_venta','127.0.0.1'),(1689,1,'2025-11-25 21:27:14','AUTH','LOGIN_EXITOSO','127.0.0.1'),(1690,1,'2025-11-25 21:27:29','CUENTAS-POR-COBRAR','admin_cuentascobrar','127.0.0.1'),(1691,1,'2025-11-25 21:38:40','CUENTAS-POR-COBRAR','admin_cuentascobrar','127.0.0.1'),(1692,1,'2025-11-25 21:38:59','COMPRAS-ENTRADAS','admin_compras_entradas','127.0.0.1'),(1693,1,'2025-11-25 21:39:04','CUENTAS-POR-COBRAR','admin_cuentascobrar','127.0.0.1'),(1694,1,'2025-11-25 22:30:56','VENTAS-SALIDAS','admin_ventas_salidas','127.0.0.1'),(1695,1,'2025-11-25 22:30:58','CUENTAS-POR-COBRAR','admin_cuentascobrar','127.0.0.1'),(1696,1,'2025-11-25 22:32:31','AUTH','LOGIN_EXITOSO','127.0.0.1'),(1697,1,'2025-11-25 22:32:35','CUENTAS-POR-COBRAR','admin_cuentascobrar','127.0.0.1'),(1698,1,'2025-11-25 22:32:52','CUENTAS-POR-COBRAR','admin_cuentascobrar','127.0.0.1'),(1699,1,'2025-11-25 22:33:24','CUENTAS-POR-COBRAR','admin_cuentascobrar','127.0.0.1'),(1700,1,'2025-11-25 22:34:28','CUENTAS-POR-COBRAR','admin_cuentascobrar','127.0.0.1'),(1701,1,'2025-11-26 12:37:18','AUTH','LOGIN_EXITOSO','127.0.0.1'),(1702,1,'2025-11-26 12:37:22','CUENTAS-POR-COBRAR','admin_cuentascobrar','127.0.0.1'),(1703,1,'2025-11-26 12:37:28','VENTAS-SALIDAS','admin_ventas_salidas','127.0.0.1'),(1704,1,'2025-11-26 12:37:35','DETALLES_VENTA','admin_detalles_venta','127.0.0.1'),(1705,1,'2025-11-26 12:37:48','EDITAR_VENTA','admin_editar_venta','127.0.0.1'),(1706,1,'2025-11-26 12:37:49','DETALLES_VENTA','admin_detalles_venta','127.0.0.1'),(1707,1,'2025-11-26 12:38:00','EDITAR_VENTA','admin_editar_venta','127.0.0.1'),(1708,1,'2025-11-26 12:38:00','DETALLES_VENTA','admin_detalles_venta','127.0.0.1');
/*!40000 ALTER TABLE `bitacora` ENABLE KEYS */;
UNLOCK TABLES;

--
-- Table structure for table `bodegas`
--

DROP TABLE IF EXISTS `bodegas`;
/*!40101 SET @saved_cs_client     = @@character_set_client */;
/*!50503 SET character_set_client = utf8mb4 */;
CREATE TABLE `bodegas` (
  `ID_Bodega` int NOT NULL AUTO_INCREMENT,
  `Nombre` varchar(255) NOT NULL,
  `Ubicacion` varchar(255) DEFAULT NULL,
  `Estado` enum('activa','inactiva') DEFAULT 'activa',
  `ID_Empresa` int NOT NULL,
  `Fecha_Creacion` timestamp NULL DEFAULT CURRENT_TIMESTAMP,
  PRIMARY KEY (`ID_Bodega`),
  KEY `ID_Empresa` (`ID_Empresa`),
  CONSTRAINT `bodegas_ibfk_1` FOREIGN KEY (`ID_Empresa`) REFERENCES `empresa` (`ID_Empresa`)
) ENGINE=InnoDB AUTO_INCREMENT=3 DEFAULT CHARSET=utf8mb4 COLLATE=utf8mb4_0900_ai_ci;
/*!40101 SET character_set_client = @saved_cs_client */;

--
-- Dumping data for table `bodegas`
--

LOCK TABLES `bodegas` WRITE;
/*!40000 ALTER TABLE `bodegas` DISABLE KEYS */;
INSERT INTO `bodegas` VALUES (1,'Bodega Central Huevos','Diriomo, Granada','activa',1,'2025-11-10 15:31:51'),(2,'Bodega Alimentos','Diriomo, Granada','inactiva',1,'2025-11-25 00:06:06');
/*!40000 ALTER TABLE `bodegas` ENABLE KEYS */;
UNLOCK TABLES;

--
-- Table structure for table `catalogo_movimientos`
--

DROP TABLE IF EXISTS `catalogo_movimientos`;
/*!40101 SET @saved_cs_client     = @@character_set_client */;
/*!50503 SET character_set_client = utf8mb4 */;
CREATE TABLE `catalogo_movimientos` (
  `ID_TipoMovimiento` int NOT NULL AUTO_INCREMENT,
  `Descripcion` varchar(255) DEFAULT NULL,
  `Adicion` varchar(255) DEFAULT NULL,
  `Letra` varchar(10) DEFAULT NULL,
  PRIMARY KEY (`ID_TipoMovimiento`)
) ENGINE=InnoDB AUTO_INCREMENT=7 DEFAULT CHARSET=utf8mb4 COLLATE=utf8mb4_0900_ai_ci;
/*!40101 SET character_set_client = @saved_cs_client */;

--
-- Dumping data for table `catalogo_movimientos`
--

LOCK TABLES `catalogo_movimientos` WRITE;
/*!40000 ALTER TABLE `catalogo_movimientos` DISABLE KEYS */;
INSERT INTO `catalogo_movimientos` VALUES (1,'Compra','Entrada por compra','E'),(2,'Venta','Salida por venta','S'),(3,'Producción','Entrada por producción','E'),(4,'Consumo','Salida por consumo','S'),(5,'Ajuste','Ajuste de inventario','E/S'),(6,'Traslado','Movimiento Interno','T');
/*!40000 ALTER TABLE `catalogo_movimientos` ENABLE KEYS */;
UNLOCK TABLES;

--
-- Table structure for table `categorias_producto`
--

DROP TABLE IF EXISTS `categorias_producto`;
/*!40101 SET @saved_cs_client     = @@character_set_client */;
/*!50503 SET character_set_client = utf8mb4 */;
CREATE TABLE `categorias_producto` (
  `ID_Categoria` int NOT NULL AUTO_INCREMENT,
  `Descripcion` varchar(255) NOT NULL,
  PRIMARY KEY (`ID_Categoria`)
) ENGINE=InnoDB AUTO_INCREMENT=11 DEFAULT CHARSET=utf8mb4 COLLATE=utf8mb4_0900_ai_ci;
/*!40101 SET character_set_client = @saved_cs_client */;

--
-- Dumping data for table `categorias_producto`
--

LOCK TABLES `categorias_producto` WRITE;
/*!40000 ALTER TABLE `categorias_producto` DISABLE KEYS */;
INSERT INTO `categorias_producto` VALUES (1,'Huevos'),(2,'Pollos'),(3,'Gallinas'),(4,'Alimentos'),(5,'Medicamentos'),(6,'Vacunas'),(7,'Material de Empaque'),(8,'Limpieza y Desinfectantes'),(9,'Equipos'),(10,'Servicios');
/*!40000 ALTER TABLE `categorias_producto` ENABLE KEYS */;
UNLOCK TABLES;

--
-- Table structure for table `clientes`
--

DROP TABLE IF EXISTS `clientes`;
/*!40101 SET @saved_cs_client     = @@character_set_client */;
/*!50503 SET character_set_client = utf8mb4 */;
CREATE TABLE `clientes` (
  `ID_Cliente` int NOT NULL AUTO_INCREMENT,
  `Nombre` varchar(255) NOT NULL,
  `Telefono` varchar(50) DEFAULT NULL,
  `Direccion` text,
  `RUC_CEDULA` varchar(50) DEFAULT NULL,
  `ID_Empresa` int DEFAULT NULL,
  `Estado` enum('ACTIVO','INACTIVO') DEFAULT 'ACTIVO',
  `Fecha_Creacion` datetime DEFAULT CURRENT_TIMESTAMP,
  `ID_Usuario_Creacion` int DEFAULT NULL,
  PRIMARY KEY (`ID_Cliente`),
  KEY `ID_Empresa` (`ID_Empresa`),
  KEY `ID_Usuario_Creacion` (`ID_Usuario_Creacion`),
  CONSTRAINT `clientes_ibfk_1` FOREIGN KEY (`ID_Empresa`) REFERENCES `empresa` (`ID_Empresa`),
  CONSTRAINT `clientes_ibfk_2` FOREIGN KEY (`ID_Usuario_Creacion`) REFERENCES `usuarios` (`ID_Usuario`)
) ENGINE=InnoDB AUTO_INCREMENT=4 DEFAULT CHARSET=utf8mb4 COLLATE=utf8mb4_0900_ai_ci;
/*!40101 SET character_set_client = @saved_cs_client */;

--
-- Dumping data for table `clientes`
--

LOCK TABLES `clientes` WRITE;
/*!40000 ALTER TABLE `clientes` DISABLE KEYS */;
INSERT INTO `clientes` VALUES (1,'Jorges','78963251','Ticuantepe, Managua','R526582555SD',1,'ACTIVO','2025-10-31 11:03:35',1),(2,'Fared','85809865','bo.17 de octubreFrente a la casa de la mujer','401-160503-1006T',1,'ACTIVO','2025-10-31 16:55:21',1),(3,'Leonardo','785412','Guanacaste','201',1,'ACTIVO','2025-11-24 18:02:28',1);
/*!40000 ALTER TABLE `clientes` ENABLE KEYS */;
UNLOCK TABLES;

--
-- Table structure for table `cuentas_por_cobrar`
--

DROP TABLE IF EXISTS `cuentas_por_cobrar`;
/*!40101 SET @saved_cs_client     = @@character_set_client */;
/*!50503 SET character_set_client = utf8mb4 */;
CREATE TABLE `cuentas_por_cobrar` (
  `ID_Movimiento` int NOT NULL AUTO_INCREMENT,
  `Fecha` date NOT NULL,
  `ID_Cliente` int NOT NULL,
  `Num_Documento` varchar(255) NOT NULL,
  `Observacion` text,
  `Fecha_Vencimiento` date DEFAULT NULL,
  `Tipo_Movimiento` int NOT NULL,
  `Monto_Movimiento` decimal(12,2) NOT NULL,
  `ID_Empresa` int NOT NULL,
  `Saldo_Pendiente` decimal(12,2) DEFAULT NULL,
  `ID_Factura` int DEFAULT NULL,
  `ID_Usuario_Creacion` int DEFAULT NULL,
  PRIMARY KEY (`ID_Movimiento`),
  KEY `ID_Cliente` (`ID_Cliente`),
  KEY `ID_Empresa` (`ID_Empresa`),
  KEY `ID_Factura` (`ID_Factura`),
  KEY `ID_Usuario_Creacion` (`ID_Usuario_Creacion`),
  CONSTRAINT `cuentas_por_cobrar_ibfk_1` FOREIGN KEY (`ID_Cliente`) REFERENCES `clientes` (`ID_Cliente`),
  CONSTRAINT `cuentas_por_cobrar_ibfk_2` FOREIGN KEY (`ID_Empresa`) REFERENCES `empresa` (`ID_Empresa`),
  CONSTRAINT `cuentas_por_cobrar_ibfk_3` FOREIGN KEY (`ID_Factura`) REFERENCES `facturacion` (`ID_Factura`),
  CONSTRAINT `cuentas_por_cobrar_ibfk_4` FOREIGN KEY (`ID_Usuario_Creacion`) REFERENCES `usuarios` (`ID_Usuario`)
) ENGINE=InnoDB AUTO_INCREMENT=19 DEFAULT CHARSET=utf8mb4 COLLATE=utf8mb4_0900_ai_ci;
/*!40101 SET character_set_client = @saved_cs_client */;

--
-- Dumping data for table `cuentas_por_cobrar`
--

LOCK TABLES `cuentas_por_cobrar` WRITE;
/*!40000 ALTER TABLE `cuentas_por_cobrar` DISABLE KEYS */;
INSERT INTO `cuentas_por_cobrar` VALUES (1,'2025-11-23',2,'FAC-000006','asd','2025-12-23',1,800.00,1,800.00,6,1),(2,'2025-11-23',2,'FAC-000007','Venta a crédito FAC-000007','2025-12-23',1,160.00,1,160.00,7,1),(3,'2025-11-23',2,'FAC-000008','Venta a crédito FAC-000008','2025-12-23',1,140.00,1,140.00,8,1),(4,'2025-11-24',2,'FAC-000014','primera prueba','2025-12-24',1,900.00,1,900.00,14,1),(5,'2025-11-24',2,'FAC-00016','ninguno','2025-12-24',1,6240.00,1,6240.00,16,1),(6,'2025-11-24',2,'FAC-00019','prueba_4','2025-12-24',1,640.00,1,640.00,19,1),(7,'2025-11-24',1,'FAC-00020','prueba_5','2025-12-24',1,1620.00,1,1620.00,20,1),(8,'2025-11-24',1,'FAC-00021','Prueba_6_Debbug','2025-12-24',1,1440.00,1,1440.00,21,1),(9,'2025-11-24',2,'FAC-00022','prueba_8','2025-12-24',1,1600.00,1,1600.00,22,1),(10,'2025-11-24',3,'FAC-00027','pruebaaas_6','2025-12-24',1,1800.00,1,1800.00,27,1),(11,'2025-11-24',2,'FAC-00032','primera pueba','2025-12-24',1,1440.00,1,1440.00,32,1),(12,'2025-11-25',1,'FAC-00040','Venta a crédito','2025-12-25',1,1800.00,1,1800.00,40,1),(13,'2025-11-25',3,'FAC-00052','Venta a crédito','2025-12-25',1,21128.50,1,21128.50,52,1),(14,'2025-11-25',2,'FAC-00053','prueba desde mobile','2025-12-25',1,5700.00,1,5700.00,53,1),(15,'2025-11-25',3,'FAC-00054','segunda prueba','2025-12-25',1,5700.00,1,5700.00,54,1),(16,'2025-11-25',2,'FAC-00056','hjhjklñlkjhgfdssdfghjklñ','2025-12-25',1,10200.00,1,10200.00,56,1),(17,'2025-11-25',2,'FAC-00057','prueba','2025-12-25',1,1760.00,1,1760.00,57,1),(18,'2025-11-25',3,'FAC-00059','Prueba dos con fecha correcta de factura','2025-12-25',1,1600.00,1,1600.00,59,1);
/*!40000 ALTER TABLE `cuentas_por_cobrar` ENABLE KEYS */;
UNLOCK TABLES;

--
-- Table structure for table `cuentas_por_pagar`
--

DROP TABLE IF EXISTS `cuentas_por_pagar`;
/*!40101 SET @saved_cs_client     = @@character_set_client */;
/*!50503 SET character_set_client = utf8mb4 */;
CREATE TABLE `cuentas_por_pagar` (
  `ID_Cuenta` int NOT NULL AUTO_INCREMENT,
  `ID_Movimiento` int DEFAULT NULL,
  `Fecha` date DEFAULT NULL,
  `ID_Proveedor` int DEFAULT NULL,
  `Num_Documento` varchar(255) DEFAULT NULL,
  `Observacion` text,
  `Fecha_Vencimiento` date DEFAULT NULL,
  `Tipo_Movimiento` int DEFAULT NULL,
  `Monto_Movimiento` decimal(12,2) DEFAULT NULL,
  `ID_Empresa` int DEFAULT NULL,
  `Saldo_Pendiente` decimal(12,2) DEFAULT '0.00',
  `ID_Usuario_Creacion` int DEFAULT NULL,
  PRIMARY KEY (`ID_Cuenta`),
  KEY `ID_Proveedor` (`ID_Proveedor`),
  KEY `ID_Empresa` (`ID_Empresa`),
  KEY `ID_Usuario_Creacion` (`ID_Usuario_Creacion`),
  CONSTRAINT `cuentas_por_pagar_ibfk_1` FOREIGN KEY (`ID_Proveedor`) REFERENCES `proveedores` (`ID_Proveedor`),
  CONSTRAINT `cuentas_por_pagar_ibfk_2` FOREIGN KEY (`ID_Empresa`) REFERENCES `empresa` (`ID_Empresa`),
  CONSTRAINT `cuentas_por_pagar_ibfk_3` FOREIGN KEY (`ID_Usuario_Creacion`) REFERENCES `usuarios` (`ID_Usuario`)
) ENGINE=InnoDB AUTO_INCREMENT=6 DEFAULT CHARSET=utf8mb4 COLLATE=utf8mb4_0900_ai_ci;
/*!40101 SET character_set_client = @saved_cs_client */;

--
-- Dumping data for table `cuentas_por_pagar`
--

LOCK TABLES `cuentas_por_pagar` WRITE;
/*!40000 ALTER TABLE `cuentas_por_pagar` DISABLE KEYS */;
INSERT INTO `cuentas_por_pagar` VALUES (1,9,'2025-11-14',1,'prueba_9','niceee madafackas','2025-12-14',1,21000.00,1,10500.00,1),(2,10,'2025-11-14',1,'prueba_10','ninguno','2025-12-14',1,18000.00,1,18000.00,1),(3,11,'2025-11-14',1,'prueba_11','lioncu','2025-12-14',1,24000.00,1,24000.00,1),(4,12,'2025-11-14',1,'prueba_11','nada','2025-12-14',1,17000.00,1,17000.00,1),(5,15,'2025-11-15',1,'prueba_43','dasdasd','2025-12-15',1,2700.00,1,2700.00,1);
/*!40000 ALTER TABLE `cuentas_por_pagar` ENABLE KEYS */;
UNLOCK TABLES;

--
-- Table structure for table `detalle_facturacion`
--

DROP TABLE IF EXISTS `detalle_facturacion`;
/*!40101 SET @saved_cs_client     = @@character_set_client */;
/*!50503 SET character_set_client = utf8mb4 */;
CREATE TABLE `detalle_facturacion` (
  `ID_Detalle` int NOT NULL AUTO_INCREMENT,
  `ID_Factura` int DEFAULT NULL,
  `ID_Producto` int DEFAULT NULL,
  `Cantidad` decimal(12,2) DEFAULT NULL,
  `Costo` decimal(12,2) DEFAULT NULL,
  `Total` decimal(12,2) DEFAULT NULL,
  PRIMARY KEY (`ID_Detalle`),
  KEY `ID_Factura` (`ID_Factura`),
  KEY `ID_Producto` (`ID_Producto`),
  CONSTRAINT `detalle_facturacion_ibfk_1` FOREIGN KEY (`ID_Factura`) REFERENCES `facturacion` (`ID_Factura`),
  CONSTRAINT `detalle_facturacion_ibfk_2` FOREIGN KEY (`ID_Producto`) REFERENCES `productos` (`ID_Producto`)
) ENGINE=InnoDB AUTO_INCREMENT=56 DEFAULT CHARSET=utf8mb4 COLLATE=utf8mb4_0900_ai_ci;
/*!40101 SET character_set_client = @saved_cs_client */;

--
-- Dumping data for table `detalle_facturacion`
--

LOCK TABLES `detalle_facturacion` WRITE;
/*!40000 ALTER TABLE `detalle_facturacion` DISABLE KEYS */;
INSERT INTO `detalle_facturacion` VALUES (1,4,5,50.00,180.00,9000.00),(2,5,5,2.00,180.00,360.00),(3,6,2,5.00,160.00,800.00),(4,7,3,1.00,160.00,160.00),(5,8,4,1.00,140.00,140.00),(6,9,5,20.00,180.00,3600.00),(7,9,3,10.00,160.00,1600.00),(8,9,4,6.00,140.00,840.00),(9,10,2,1.00,160.00,160.00),(10,11,2,4.00,160.00,640.00),(11,12,2,5.00,160.00,800.00),(12,13,5,10.00,180.00,1800.00),(13,14,5,5.00,180.00,900.00),(14,15,2,1.00,160.00,160.00),(15,16,3,39.00,160.00,6240.00),(16,17,3,1.00,160.00,160.00),(17,17,5,1.00,180.00,180.00),(18,18,3,1.00,160.00,160.00),(19,19,2,4.00,160.00,640.00),(20,20,5,9.00,180.00,1620.00),(21,21,3,8.00,180.00,1440.00),(22,22,2,10.00,160.00,1600.00),(23,26,5,20.00,180.00,3600.00),(24,27,2,10.00,180.00,1800.00),(25,30,5,10.00,180.00,1800.00),(26,30,2,10.00,160.00,1600.00),(27,31,5,1.00,180.00,180.00),(28,31,5,1.00,180.00,180.00),(29,32,5,8.00,180.00,1440.00),(30,33,5,10.00,180.00,1800.00),(31,35,5,10.00,180.00,1800.00),(32,36,2,50.00,160.00,8000.00),(33,37,5,20.00,180.00,3600.00),(34,37,2,10.00,160.00,1600.00),(35,40,5,10.00,180.00,1800.00),(36,44,2,10.00,180.00,1800.00),(37,46,2,30.00,180.00,5400.00),(38,47,2,10.00,160.00,1600.00),(39,48,2,10.00,160.00,1600.00),(40,49,2,10.00,160.00,1600.00),(41,50,2,10.00,160.00,1600.00),(42,51,2,26.00,160.00,4160.00),(43,52,7,10.15,190.00,1928.50),(44,52,2,100.00,160.00,16000.00),(45,52,3,20.00,160.00,3200.00),(46,53,7,30.00,190.00,5700.00),(47,54,7,30.00,190.00,5700.00),(48,55,2,20.00,160.00,3200.00),(49,56,2,20.00,160.00,3200.00),(50,56,7,20.00,190.00,3800.00),(51,56,3,20.00,160.00,3200.00),(52,57,3,11.00,160.00,1760.00),(53,58,2,10.00,190.00,1900.00),(54,59,2,10.00,160.00,1600.00),(55,60,7,5.00,190.00,950.00);
/*!40000 ALTER TABLE `detalle_facturacion` ENABLE KEYS */;
UNLOCK TABLES;

--
-- Table structure for table `detalle_movimientos_inventario`
--

DROP TABLE IF EXISTS `detalle_movimientos_inventario`;
/*!40101 SET @saved_cs_client     = @@character_set_client */;
/*!50503 SET character_set_client = utf8mb4 */;
CREATE TABLE `detalle_movimientos_inventario` (
  `ID_Detalle_Movimiento` int NOT NULL AUTO_INCREMENT,
  `ID_Movimiento` int NOT NULL,
  `ID_Producto` int NOT NULL,
  `Cantidad` decimal(15,4) NOT NULL,
  `Costo_Unitario` decimal(15,4) DEFAULT '0.0000',
  `Precio_Unitario` decimal(15,4) DEFAULT '0.0000',
  `Subtotal` decimal(15,4) DEFAULT '0.0000',
  `Lote` varchar(100) DEFAULT NULL,
  `Fecha_Vencimiento` date DEFAULT NULL,
  `ID_Usuario_Creacion` int NOT NULL,
  `Fecha_Creacion` datetime DEFAULT CURRENT_TIMESTAMP,
  PRIMARY KEY (`ID_Detalle_Movimiento`),
  KEY `ID_Usuario_Creacion` (`ID_Usuario_Creacion`),
  KEY `idx_movimiento` (`ID_Movimiento`),
  KEY `idx_producto` (`ID_Producto`),
  KEY `idx_lote` (`Lote`),
  CONSTRAINT `detalle_movimientos_inventario_ibfk_1` FOREIGN KEY (`ID_Movimiento`) REFERENCES `movimientos_inventario` (`ID_Movimiento`) ON DELETE CASCADE,
  CONSTRAINT `detalle_movimientos_inventario_ibfk_2` FOREIGN KEY (`ID_Producto`) REFERENCES `productos` (`ID_Producto`),
  CONSTRAINT `detalle_movimientos_inventario_ibfk_3` FOREIGN KEY (`ID_Usuario_Creacion`) REFERENCES `usuarios` (`ID_Usuario`)
) ENGINE=InnoDB AUTO_INCREMENT=46 DEFAULT CHARSET=utf8mb4 COLLATE=utf8mb4_0900_ai_ci;
/*!40101 SET character_set_client = @saved_cs_client */;

--
-- Dumping data for table `detalle_movimientos_inventario`
--

LOCK TABLES `detalle_movimientos_inventario` WRITE;
/*!40000 ALTER TABLE `detalle_movimientos_inventario` DISABLE KEYS */;
INSERT INTO `detalle_movimientos_inventario` VALUES (2,2,1,500.0000,170.0000,170.0000,85000.0000,'BAR-121125',NULL,1,'2025-11-12 22:10:18'),(3,3,1,500.0000,170.0000,170.0000,85000.0000,'BAR-131125','2026-01-13',1,'2025-11-13 08:35:29'),(4,4,1,200.0000,140.0000,140.0000,28000.0000,'BR131125','2026-02-13',1,'2025-11-13 09:02:58'),(5,5,1,50.0000,170.0000,170.0000,8500.0000,'BAR-131125','2026-01-13',1,'2025-11-13 09:14:52'),(6,6,2,200.0000,160.0000,160.0000,32000.0000,'BAR-131125','2025-12-13',1,'2025-11-13 10:06:58'),(7,7,1,100.0000,170.0000,170.0000,17000.0000,'BAR-131125','2026-01-03',1,'2025-11-13 10:08:48'),(8,7,2,100.0000,160.0000,160.0000,16000.0000,'BR-131125','2026-01-13',1,'2025-11-13 10:08:48'),(9,8,4,500.0000,140.0000,140.0000,70000.0000,'BR131125','2025-11-13',1,'2025-11-13 23:09:30'),(10,9,4,150.0000,140.0000,140.0000,21000.0000,'BR141125','2026-01-14',1,'2025-11-14 08:10:23'),(11,10,1,100.0000,180.0000,180.0000,18000.0000,'BR141125','2025-12-14',1,'2025-11-14 08:12:53'),(12,11,3,150.0000,160.0000,160.0000,24000.0000,'BAR-141125','2025-12-14',1,'2025-11-14 08:43:17'),(14,12,3,100.0000,170.0000,170.0000,17000.0000,'BR-141125','2025-12-14',1,'2025-11-14 11:35:57'),(22,13,1,100.0000,180.0000,180.0000,18000.0000,'BR-151125','2025-12-15',1,'2025-11-15 02:31:50'),(23,14,1,50.0000,180.0000,180.0000,9000.0000,'BR-151125','2026-01-15',1,'2025-11-15 02:32:10'),(27,17,1,35.0000,170.0000,0.0000,5950.0000,'BR-151125','2025-12-15',1,'2025-11-15 10:39:19'),(28,1,1,150.0000,170.0000,170.0000,25500.0000,'BR-121125','2025-12-12',1,'2025-11-15 10:43:26'),(29,16,4,350.0000,140.0000,140.0000,49000.0000,'BR111525','2025-12-15',1,'2025-11-15 11:33:37'),(30,18,5,150.0000,150.0000,0.0000,22500.0000,'BR-151125','2025-12-15',1,'2025-11-15 11:43:03'),(31,19,2,5.0000,0.0000,160.0000,800.0000,NULL,NULL,1,'2025-11-23 00:19:38'),(32,20,3,1.0000,0.0000,160.0000,160.0000,NULL,NULL,1,'2025-11-23 00:37:07'),(33,21,4,1.0000,0.0000,140.0000,140.0000,NULL,NULL,1,'2025-11-23 00:50:58'),(34,22,5,20.0000,0.0000,180.0000,3600.0000,NULL,NULL,1,'2025-11-23 20:22:54'),(35,22,3,10.0000,0.0000,160.0000,1600.0000,NULL,NULL,1,'2025-11-23 20:22:54'),(36,22,4,6.0000,0.0000,140.0000,840.0000,NULL,NULL,1,'2025-11-23 20:22:54'),(37,15,5,15.0000,180.0000,180.0000,2700.0000,'BR151125','2025-12-15',1,'2025-11-23 20:25:09'),(38,23,2,1.0000,0.0000,160.0000,160.0000,NULL,NULL,1,'2025-11-23 20:35:14'),(39,24,2,4.0000,0.0000,160.0000,640.0000,NULL,NULL,1,'2025-11-23 22:15:39'),(40,25,2,5.0000,0.0000,160.0000,800.0000,NULL,NULL,1,'2025-11-23 23:10:13'),(41,26,5,10.0000,0.0000,180.0000,1800.0000,NULL,NULL,1,'2025-11-23 23:28:22'),(42,27,5,5.0000,0.0000,180.0000,900.0000,NULL,NULL,1,'2025-11-23 23:31:16'),(43,28,2,1.0000,0.0000,160.0000,160.0000,NULL,NULL,1,'2025-11-23 23:46:14'),(44,45,5,100.0000,126.0000,150.0000,12600.0000,'BR251125','2025-11-25',1,'2025-11-25 09:08:32'),(45,49,6,100.0000,1250.0000,1500.0000,125000.0000,'BR251125','2025-11-25',1,'2025-11-25 10:18:57');
/*!40000 ALTER TABLE `detalle_movimientos_inventario` ENABLE KEYS */;
UNLOCK TABLES;

--
-- Table structure for table `empresa`
--

DROP TABLE IF EXISTS `empresa`;
/*!40101 SET @saved_cs_client     = @@character_set_client */;
/*!50503 SET character_set_client = utf8mb4 */;
CREATE TABLE `empresa` (
  `ID_Empresa` int NOT NULL AUTO_INCREMENT,
  `Nombre_Empresa` varchar(255) NOT NULL,
  `Direccion` varchar(240) DEFAULT NULL,
  `Telefono` varchar(20) DEFAULT NULL,
  `Estado` enum('Activo','Inactivo') DEFAULT 'Activo',
  `RUC` varchar(20) DEFAULT NULL,
  PRIMARY KEY (`ID_Empresa`)
) ENGINE=InnoDB AUTO_INCREMENT=3 DEFAULT CHARSET=utf8mb4 COLLATE=utf8mb4_0900_ai_ci;
/*!40101 SET character_set_client = @saved_cs_client */;

--
-- Dumping data for table `empresa`
--

LOCK TABLES `empresa` WRITE;
/*!40000 ALTER TABLE `empresa` DISABLE KEYS */;
INSERT INTO `empresa` VALUES (1,'Granja Avicola FERDEL','Rastro Municipal 150 mts. Norte, Diriomo','81006837','Activo','2031407850000U'),(2,'Cerdos','Rastro Municipal 150 mts. Norte, Diriomo','81006837','Activo','2031407850000U');
/*!40000 ALTER TABLE `empresa` ENABLE KEYS */;
UNLOCK TABLES;

--
-- Table structure for table `facturacion`
--

DROP TABLE IF EXISTS `facturacion`;
/*!40101 SET @saved_cs_client     = @@character_set_client */;
/*!50503 SET character_set_client = utf8mb4 */;
CREATE TABLE `facturacion` (
  `ID_Factura` int NOT NULL AUTO_INCREMENT,
  `Fecha` date NOT NULL,
  `IDCliente` int NOT NULL,
  `Credito_Contado` int DEFAULT NULL,
  `Observacion` text,
  `ID_Empresa` int NOT NULL,
  `ID_Usuario_Creacion` int DEFAULT NULL,
  `Fecha_Creacion` datetime DEFAULT CURRENT_TIMESTAMP,
  PRIMARY KEY (`ID_Factura`),
  KEY `IDCliente` (`IDCliente`),
  KEY `ID_Empresa` (`ID_Empresa`),
  KEY `ID_Usuario_Creacion` (`ID_Usuario_Creacion`),
  CONSTRAINT `facturacion_ibfk_1` FOREIGN KEY (`IDCliente`) REFERENCES `clientes` (`ID_Cliente`),
  CONSTRAINT `facturacion_ibfk_2` FOREIGN KEY (`ID_Empresa`) REFERENCES `empresa` (`ID_Empresa`),
  CONSTRAINT `facturacion_ibfk_3` FOREIGN KEY (`ID_Usuario_Creacion`) REFERENCES `usuarios` (`ID_Usuario`)
) ENGINE=InnoDB AUTO_INCREMENT=61 DEFAULT CHARSET=utf8mb4 COLLATE=utf8mb4_0900_ai_ci;
/*!40101 SET character_set_client = @saved_cs_client */;

--
-- Dumping data for table `facturacion`
--

LOCK TABLES `facturacion` WRITE;
/*!40000 ALTER TABLE `facturacion` DISABLE KEYS */;
INSERT INTO `facturacion` VALUES (1,'2025-11-23',2,NULL,'',1,1,'2025-11-22 23:06:26'),(2,'2025-11-23',1,NULL,'asdfagasdf',1,1,'2025-11-23 00:03:56'),(3,'2025-11-23',1,NULL,'',1,1,'2025-11-23 00:06:10'),(4,'2025-11-23',1,NULL,'addfas',1,1,'2025-11-23 00:12:36'),(5,'2025-11-23',2,NULL,'',1,1,'2025-11-23 00:13:18'),(6,'2025-11-23',2,NULL,'asd',1,1,'2025-11-23 00:19:35'),(7,'2025-11-23',2,NULL,'',1,1,'2025-11-23 00:37:04'),(8,'2025-11-23',2,NULL,'',1,1,'2025-11-23 00:50:55'),(9,'2025-11-24',1,NULL,'jjajaja',1,1,'2025-11-23 20:22:54'),(10,'2025-11-24',1,NULL,'',1,1,'2025-11-23 20:35:14'),(11,'2025-11-24',1,NULL,'',1,1,'2025-11-23 22:15:39'),(12,'2025-11-24',2,NULL,'',1,1,'2025-11-23 23:10:12'),(13,'2025-11-24',2,0,'',1,1,'2025-11-23 23:28:19'),(14,'2025-11-24',2,1,'primera prueba',1,1,'2025-11-23 23:31:06'),(15,'2025-11-24',1,0,'',1,1,'2025-11-23 23:46:12'),(16,'2025-11-24',2,1,'ninguno',1,1,'2025-11-24 14:14:21'),(17,'2025-11-24',2,1,'prueba_2',1,1,'2025-11-24 15:46:55'),(18,'2025-11-24',2,0,'prueba_3',1,1,'2025-11-24 16:26:37'),(19,'2025-11-24',2,1,'prueba_4',1,1,'2025-11-24 16:34:30'),(20,'2025-11-24',1,1,'prueba_5',1,1,'2025-11-24 16:38:03'),(21,'2025-11-24',1,1,'Prueba_6_Debbug',1,1,'2025-11-24 17:05:13'),(22,'2025-11-24',2,1,'prueba_8',1,1,'2025-11-24 17:35:16'),(23,'2025-11-24',3,0,'pruebaaa',1,1,'2025-11-24 18:31:26'),(24,'2025-11-24',3,0,'pruebaaa',1,1,'2025-11-24 18:31:37'),(25,'2025-11-24',3,0,'pruebaaa',1,1,'2025-11-24 18:32:03'),(26,'2025-11-24',2,0,'prueba',1,1,'2025-11-24 18:33:04'),(27,'2025-11-24',3,1,'pruebaaas_6',1,1,'2025-11-24 18:39:03'),(28,'2025-11-24',2,0,'N/A',1,1,'2025-11-24 18:43:46'),(29,'2025-11-24',2,0,'N/A',1,1,'2025-11-24 18:44:10'),(30,'2025-11-24',2,0,'N/A',1,1,'2025-11-24 18:44:48'),(31,'2025-11-24',3,0,'yesyes',1,1,'2025-11-24 19:37:27'),(32,'2025-11-24',2,1,'primera pueba',1,1,'2025-11-24 21:42:41'),(33,'2025-11-24',1,0,'',1,1,'2025-11-24 23:02:09'),(34,'2025-11-24',2,0,'',1,1,'2025-11-24 23:43:19'),(35,'2025-11-24',2,0,'',1,1,'2025-11-24 23:43:59'),(36,'2025-11-24',2,0,'prueba de factura',1,1,'2025-11-24 23:56:32'),(37,'2025-11-25',2,0,'',1,1,'2025-11-25 00:02:02'),(38,'2025-11-25',2,0,'llll',1,1,'2025-11-25 00:03:07'),(39,'2025-11-25',2,0,'llll',1,1,'2025-11-25 00:03:17'),(40,'2025-11-25',1,1,'',1,1,'2025-11-25 00:04:27'),(41,'2025-11-25',3,0,'',1,1,'2025-11-25 00:05:52'),(42,'2025-11-25',2,0,'dgffghfgh',1,1,'2025-11-25 00:06:55'),(43,'2025-11-25',2,0,'xxcvcxv',1,1,'2025-11-25 00:07:34'),(44,'2025-11-25',2,0,'xxcvcxv',1,1,'2025-11-25 00:07:56'),(45,'2025-11-25',2,0,'asdasdfasdf',1,1,'2025-11-25 09:14:38'),(46,'2025-11-25',2,0,'asdasdfasdf',1,1,'2025-11-25 09:25:53'),(47,'2025-11-25',2,0,'kjjbliblk',1,1,'2025-11-25 09:30:22'),(48,'2025-11-25',3,0,'JAJAJA',1,1,'2025-11-25 10:08:52'),(49,'2025-11-25',2,0,'dfgdfg',1,1,'2025-11-25 10:19:45'),(50,'2025-11-25',3,0,'',1,1,'2025-11-25 10:26:39'),(51,'2025-11-25',3,0,'prubea_uno_reemplazando bodega',1,1,'2025-11-25 12:01:41'),(52,'2025-11-25',3,1,'',1,1,'2025-11-25 12:04:29'),(53,'2025-11-25',2,1,'prueba desde mobile',1,1,'2025-11-25 12:10:50'),(54,'2025-11-25',3,1,'segunda prueba',1,1,'2025-11-25 12:25:58'),(55,'2025-11-25',2,0,'sdfg',1,1,'2025-11-25 12:51:36'),(56,'2025-11-25',2,1,'hjhjklñlkjhgfdssdfghjklñ',1,1,'2025-11-25 12:56:37'),(57,'2025-11-25',2,1,'prueba',1,1,'2025-11-25 15:15:43'),(58,'2025-11-25',3,0,'zazxczxczxc',1,1,'2025-11-25 15:18:49'),(59,'2025-11-25',3,1,'Prueba dos con fecha correcta de factura',1,1,'2025-11-25 15:20:21'),(60,'2025-11-25',3,0,'dfasdasdfasdfasdfasdf',1,1,'2025-11-25 15:22:05');
/*!40000 ALTER TABLE `facturacion` ENABLE KEYS */;
UNLOCK TABLES;

--
-- Table structure for table `inventario_bodega`
--

DROP TABLE IF EXISTS `inventario_bodega`;
/*!40101 SET @saved_cs_client     = @@character_set_client */;
/*!50503 SET character_set_client = utf8mb4 */;
CREATE TABLE `inventario_bodega` (
  `ID_Bodega` int NOT NULL,
  `ID_Producto` int NOT NULL,
  `Existencias` decimal(12,2) DEFAULT '0.00',
  PRIMARY KEY (`ID_Bodega`,`ID_Producto`),
  KEY `ID_Producto` (`ID_Producto`),
  CONSTRAINT `inventario_bodega_ibfk_1` FOREIGN KEY (`ID_Bodega`) REFERENCES `bodegas` (`ID_Bodega`),
  CONSTRAINT `inventario_bodega_ibfk_2` FOREIGN KEY (`ID_Producto`) REFERENCES `productos` (`ID_Producto`)
) ENGINE=InnoDB DEFAULT CHARSET=utf8mb4 COLLATE=utf8mb4_0900_ai_ci;
/*!40101 SET character_set_client = @saved_cs_client */;

--
-- Dumping data for table `inventario_bodega`
--

LOCK TABLES `inventario_bodega` WRITE;
/*!40000 ALTER TABLE `inventario_bodega` DISABLE KEYS */;
INSERT INTO `inventario_bodega` VALUES (1,1,500.00),(1,2,140.00),(1,3,0.00),(1,4,0.00),(1,5,0.00),(1,7,5.00),(2,6,70.00);
/*!40000 ALTER TABLE `inventario_bodega` ENABLE KEYS */;
UNLOCK TABLES;

--
-- Table structure for table `metodos_pago`
--

DROP TABLE IF EXISTS `metodos_pago`;
/*!40101 SET @saved_cs_client     = @@character_set_client */;
/*!50503 SET character_set_client = utf8mb4 */;
CREATE TABLE `metodos_pago` (
  `ID_MetodoPago` int NOT NULL AUTO_INCREMENT,
  `Nombre` varchar(255) NOT NULL,
  PRIMARY KEY (`ID_MetodoPago`)
) ENGINE=InnoDB AUTO_INCREMENT=5 DEFAULT CHARSET=utf8mb4 COLLATE=utf8mb4_0900_ai_ci;
/*!40101 SET character_set_client = @saved_cs_client */;

--
-- Dumping data for table `metodos_pago`
--

LOCK TABLES `metodos_pago` WRITE;
/*!40000 ALTER TABLE `metodos_pago` DISABLE KEYS */;
INSERT INTO `metodos_pago` VALUES (1,'Efectivo'),(2,'Tarjeta'),(3,'Transferencia'),(4,'Crédito');
/*!40000 ALTER TABLE `metodos_pago` ENABLE KEYS */;
UNLOCK TABLES;

--
-- Table structure for table `movimientos_inventario`
--

DROP TABLE IF EXISTS `movimientos_inventario`;
/*!40101 SET @saved_cs_client     = @@character_set_client */;
/*!50503 SET character_set_client = utf8mb4 */;
CREATE TABLE `movimientos_inventario` (
  `ID_Movimiento` int NOT NULL AUTO_INCREMENT,
  `ID_TipoMovimiento` int NOT NULL,
  `N_Factura_Externa` varchar(255) DEFAULT NULL,
  `ID_Factura_Venta` int DEFAULT NULL,
  `Fecha` date NOT NULL,
  `ID_Proveedor` int DEFAULT NULL,
  `Tipo_Compra` enum('CONTADO','CREDITO') DEFAULT NULL,
  `Observacion` text,
  `ID_Empresa` int NOT NULL,
  `ID_Bodega` int NOT NULL,
  `ID_Bodega_Destino` int DEFAULT NULL,
  `UbicacionEntrega` text,
  `ID_Usuario_Creacion` int NOT NULL,
  `Fecha_Creacion` datetime DEFAULT CURRENT_TIMESTAMP,
  `Fecha_Modificacion` datetime DEFAULT NULL,
  `ID_Usuario_Modificacion` int DEFAULT NULL,
  `Estado` int DEFAULT '1',
  PRIMARY KEY (`ID_Movimiento`),
  KEY `ID_Empresa` (`ID_Empresa`),
  KEY `ID_Bodega_Destino` (`ID_Bodega_Destino`),
  KEY `ID_Usuario_Modificacion` (`ID_Usuario_Modificacion`),
  KEY `idx_fecha` (`Fecha`),
  KEY `idx_tipo_movimiento` (`ID_TipoMovimiento`),
  KEY `idx_bodega` (`ID_Bodega`),
  KEY `idx_proveedor` (`ID_Proveedor`),
  KEY `idx_tipo_compra` (`Tipo_Compra`),
  KEY `idx_factura_venta` (`ID_Factura_Venta`),
  KEY `idx_usuario_creacion` (`ID_Usuario_Creacion`),
  CONSTRAINT `movimientos_inventario_ibfk_1` FOREIGN KEY (`ID_TipoMovimiento`) REFERENCES `catalogo_movimientos` (`ID_TipoMovimiento`),
  CONSTRAINT `movimientos_inventario_ibfk_2` FOREIGN KEY (`ID_Factura_Venta`) REFERENCES `facturacion` (`ID_Factura`),
  CONSTRAINT `movimientos_inventario_ibfk_3` FOREIGN KEY (`ID_Proveedor`) REFERENCES `proveedores` (`ID_Proveedor`),
  CONSTRAINT `movimientos_inventario_ibfk_4` FOREIGN KEY (`ID_Empresa`) REFERENCES `empresa` (`ID_Empresa`),
  CONSTRAINT `movimientos_inventario_ibfk_5` FOREIGN KEY (`ID_Bodega`) REFERENCES `bodegas` (`ID_Bodega`),
  CONSTRAINT `movimientos_inventario_ibfk_6` FOREIGN KEY (`ID_Bodega_Destino`) REFERENCES `bodegas` (`ID_Bodega`),
  CONSTRAINT `movimientos_inventario_ibfk_7` FOREIGN KEY (`ID_Usuario_Creacion`) REFERENCES `usuarios` (`ID_Usuario`),
  CONSTRAINT `movimientos_inventario_ibfk_8` FOREIGN KEY (`ID_Usuario_Modificacion`) REFERENCES `usuarios` (`ID_Usuario`)
) ENGINE=InnoDB AUTO_INCREMENT=61 DEFAULT CHARSET=utf8mb4 COLLATE=utf8mb4_0900_ai_ci;
/*!40101 SET character_set_client = @saved_cs_client */;

--
-- Dumping data for table `movimientos_inventario`
--

LOCK TABLES `movimientos_inventario` WRITE;
/*!40000 ALTER TABLE `movimientos_inventario` DISABLE KEYS */;
INSERT INTO `movimientos_inventario` VALUES (1,1,'prueba_1',NULL,'2025-11-13',1,'CONTADO','ninhun',1,1,NULL,NULL,1,'2025-11-12 21:42:27','2025-11-15 10:43:26',1,1),(2,1,'prueba_2',NULL,'2025-11-13',1,'CONTADO','me pica el qlo',1,1,NULL,NULL,1,'2025-11-12 22:10:18',NULL,1,1),(3,1,'prueba_3',NULL,'2025-11-13',1,'CONTADO','ninguno',1,1,NULL,NULL,1,'2025-11-13 08:35:29',NULL,1,1),(4,1,'prueba_4',NULL,'2025-11-13',1,'CONTADO','ninguna al momento',1,1,NULL,NULL,1,'2025-11-13 09:02:55',NULL,1,1),(5,1,'prueba_5',NULL,'2025-11-13',1,'CONTADO','nop',1,1,NULL,NULL,1,'2025-11-13 09:13:53',NULL,1,1),(6,1,'prueba_6',NULL,'2025-11-13',1,'CONTADO','',1,1,NULL,NULL,1,'2025-11-13 10:06:58',NULL,1,1),(7,1,'prueba_7',NULL,'2025-11-13',1,'CONTADO','ninguna',1,1,NULL,NULL,1,'2025-11-13 10:08:48',NULL,1,1),(8,1,'prueba_7',NULL,'2025-11-14',1,'CONTADO','ninguno',1,1,NULL,NULL,1,'2025-11-13 23:09:30',NULL,1,1),(9,1,'prueba_9',NULL,'2025-11-14',1,'CREDITO','niceee madafackas',1,1,NULL,NULL,1,'2025-11-14 08:10:23',NULL,1,1),(10,1,'prueba_10',NULL,'2025-11-14',1,'CREDITO','ninguno',1,1,NULL,NULL,1,'2025-11-14 08:12:53',NULL,1,1),(11,1,'prueba_11',NULL,'2025-11-14',1,'CREDITO','lioncu',1,1,NULL,NULL,1,'2025-11-14 08:43:17',NULL,1,1),(12,1,'prueba_11',NULL,'2025-11-14',1,'CREDITO','nada',1,1,NULL,NULL,1,'2025-11-14 08:58:45','2025-11-14 11:35:57',1,1),(13,1,'prueba_14',NULL,'2025-11-15',1,'CONTADO','ninguno al momento',1,1,NULL,NULL,1,'2025-11-15 01:48:57','2025-11-15 02:31:50',1,1),(14,1,'prueba_15',NULL,'2025-11-15',1,'CONTADO','minguno',1,1,NULL,NULL,1,'2025-11-15 01:50:06','2025-11-15 02:32:10',1,1),(15,1,'prueba_43',NULL,'2025-11-15',1,'CREDITO','dasdasd',1,1,NULL,NULL,1,'2025-11-15 02:16:30','2025-11-23 20:25:09',1,1),(16,1,'prueba_33',NULL,'2025-11-15',1,'CONTADO','fsdfsdf',1,1,NULL,NULL,1,'2025-11-15 02:17:09','2025-11-15 11:33:37',1,1),(17,1,'prueba_34',NULL,'2025-11-15',1,'CONTADO','s',1,1,NULL,NULL,1,'2025-11-15 10:39:19',NULL,1,1),(18,1,'prueba_36',NULL,'2025-11-15',1,'CONTADO','',1,1,NULL,NULL,1,'2025-11-15 11:43:02',NULL,1,1),(19,2,NULL,6,'2025-11-23',NULL,'CREDITO','asd',1,1,NULL,NULL,1,'2025-11-23 00:19:37',NULL,NULL,1),(20,2,NULL,7,'2025-11-23',NULL,'CREDITO','',1,1,NULL,NULL,1,'2025-11-23 00:37:07',NULL,NULL,1),(21,2,NULL,8,'2025-11-23',NULL,'CREDITO','',1,1,NULL,NULL,1,'2025-11-23 00:50:56',NULL,NULL,1),(22,2,NULL,9,'2025-11-24',NULL,'CONTADO','jjajaja',1,1,NULL,NULL,1,'2025-11-23 20:22:54',NULL,NULL,1),(23,2,NULL,10,'2025-11-24',NULL,'CONTADO','',1,1,NULL,NULL,1,'2025-11-23 20:35:14',NULL,NULL,1),(24,2,NULL,11,'2025-11-24',NULL,'CONTADO','',1,1,NULL,NULL,1,'2025-11-23 22:15:39',NULL,NULL,1),(25,2,NULL,12,'2025-11-24',NULL,'CONTADO','',1,1,NULL,NULL,1,'2025-11-23 23:10:13',NULL,NULL,1),(26,2,NULL,13,'2025-11-24',NULL,'CONTADO','',1,1,NULL,NULL,1,'2025-11-23 23:28:22',NULL,NULL,1),(27,2,NULL,14,'2025-11-24',NULL,'CREDITO','primera prueba',1,1,NULL,NULL,1,'2025-11-23 23:31:15',NULL,NULL,1),(28,2,NULL,15,'2025-11-24',NULL,'CONTADO','',1,1,NULL,NULL,1,'2025-11-23 23:46:13',NULL,NULL,1),(29,2,NULL,16,'2025-11-24',NULL,'CREDITO','ninguno',1,1,NULL,NULL,1,'2025-11-24 14:14:27',NULL,NULL,1),(30,2,NULL,18,'2025-11-24',NULL,'CONTADO','prueba_3',1,1,NULL,NULL,1,'2025-11-24 16:26:38',NULL,NULL,1),(31,2,NULL,19,'2025-11-24',NULL,'CREDITO','prueba_4',1,1,NULL,NULL,1,'2025-11-24 16:34:30',NULL,NULL,1),(32,2,NULL,20,'2025-11-24',NULL,'CREDITO','prueba_5',1,1,NULL,NULL,1,'2025-11-24 16:38:04',NULL,NULL,1),(33,2,NULL,21,'2025-11-24',NULL,'CREDITO','Prueba_6_Debbug',1,1,NULL,NULL,1,'2025-11-24 17:05:14',NULL,NULL,1),(34,2,NULL,22,'2025-11-24',NULL,'CREDITO','prueba_8',1,1,NULL,NULL,1,'2025-11-24 17:35:21',NULL,NULL,1),(35,2,NULL,26,'2025-11-24',NULL,'CONTADO','prueba',1,1,NULL,NULL,1,'2025-11-24 18:33:08',NULL,NULL,1),(36,2,NULL,27,'2025-11-24',NULL,'CREDITO','pruebaaas_6',1,1,NULL,NULL,1,'2025-11-24 18:39:05',NULL,NULL,1),(37,2,NULL,30,'2025-11-24',NULL,'CONTADO','N/A',1,1,NULL,NULL,1,'2025-11-24 18:44:55',NULL,NULL,1),(38,2,NULL,31,'2025-11-24',NULL,'CONTADO','yesyes',1,1,NULL,NULL,1,'2025-11-24 19:37:32',NULL,NULL,1),(39,2,NULL,32,'2025-11-24',NULL,'CREDITO','primera pueba',1,1,NULL,NULL,1,'2025-11-24 21:42:41',NULL,NULL,1),(40,2,NULL,33,'2025-11-24',NULL,'CONTADO','Venta realizada',1,1,NULL,NULL,1,'2025-11-24 23:02:09',NULL,NULL,1),(41,2,NULL,35,'2025-11-24',NULL,'CONTADO','Venta realizada',1,1,NULL,NULL,1,'2025-11-24 23:44:02',NULL,NULL,1),(42,2,NULL,36,'2025-11-24',NULL,'CONTADO','prueba de factura',1,1,NULL,NULL,1,'2025-11-24 23:56:37',NULL,NULL,1),(43,2,NULL,40,'2025-11-25',NULL,'CREDITO','Venta realizada',1,1,NULL,NULL,1,'2025-11-25 00:04:33',NULL,NULL,1),(44,2,NULL,44,'2025-11-25',NULL,'CONTADO','xxcvcxv',1,1,NULL,NULL,1,'2025-11-25 00:08:00',NULL,NULL,1),(45,1,'sd',NULL,'2025-11-25',1,'CONTADO','sdfsdfsdf',1,1,NULL,NULL,1,'2025-11-25 09:08:31',NULL,1,1),(46,2,NULL,46,'2025-11-25',NULL,'CONTADO','asdasdfasdf',1,1,NULL,NULL,1,'2025-11-25 09:25:57',NULL,NULL,1),(47,2,NULL,47,'2025-11-25',NULL,'CONTADO','kjjbliblk',1,1,NULL,NULL,1,'2025-11-25 09:30:28',NULL,NULL,1),(48,2,NULL,48,'2025-11-25',NULL,'CONTADO','JAJAJA',1,1,NULL,NULL,1,'2025-11-25 10:09:17',NULL,NULL,1),(49,1,'sd',NULL,'2025-11-25',2,'CONTADO','',1,2,NULL,NULL,1,'2025-11-25 10:18:55',NULL,1,1),(50,2,NULL,50,'2025-11-25',NULL,'CONTADO','Venta realizada',1,1,NULL,NULL,1,'2025-11-25 10:26:43',NULL,NULL,1),(51,2,NULL,51,'2025-11-25',NULL,'CONTADO','prubea_uno_reemplazando bodega',1,1,NULL,NULL,1,'2025-11-25 12:01:44',NULL,NULL,1),(52,2,NULL,52,'2025-11-25',NULL,'CREDITO','Venta realizada',1,1,NULL,NULL,1,'2025-11-25 12:04:30',NULL,NULL,1),(53,2,NULL,53,'2025-11-25',NULL,'CREDITO','prueba desde mobile',1,1,NULL,NULL,1,'2025-11-25 12:11:08',NULL,NULL,1),(54,2,NULL,54,'2025-11-25',NULL,'CREDITO','segunda prueba',1,1,NULL,NULL,1,'2025-11-25 12:26:03',NULL,NULL,1),(55,2,NULL,55,'2025-11-25',NULL,'CONTADO','sdfg',1,1,NULL,NULL,1,'2025-11-25 12:51:42',NULL,NULL,1),(56,2,NULL,56,'2025-11-25',NULL,'CREDITO','hjhjklñlkjhgfdssdfghjklñ',1,1,NULL,NULL,1,'2025-11-25 12:56:47',NULL,NULL,1),(57,2,NULL,57,'2025-11-25',NULL,'CREDITO','prueba',1,1,NULL,NULL,1,'2025-11-25 15:15:47',NULL,NULL,1),(58,2,NULL,58,'2025-11-25',NULL,'CONTADO','zazxczxczxc',1,1,NULL,NULL,1,'2025-11-25 15:18:54',NULL,NULL,1),(59,2,NULL,59,'2025-11-25',NULL,'CREDITO','Prueba dos con fecha correcta de factura',1,1,NULL,NULL,1,'2025-11-25 15:20:21',NULL,NULL,1),(60,2,NULL,60,'2025-11-25',NULL,'CONTADO','dfasdasdfasdfasdfasdf',1,1,NULL,NULL,1,'2025-11-25 15:22:12',NULL,NULL,1);
/*!40000 ALTER TABLE `movimientos_inventario` ENABLE KEYS */;
UNLOCK TABLES;

--
-- Table structure for table `pagos_cuentascobrar`
--

DROP TABLE IF EXISTS `pagos_cuentascobrar`;
/*!40101 SET @saved_cs_client     = @@character_set_client */;
/*!50503 SET character_set_client = utf8mb4 */;
CREATE TABLE `pagos_cuentascobrar` (
  `ID_Pago` int NOT NULL AUTO_INCREMENT,
  `ID_Movimiento` int NOT NULL,
  `Fecha` datetime NOT NULL DEFAULT CURRENT_TIMESTAMP,
  `Monto` decimal(12,2) NOT NULL,
  `ID_MetodoPago` int NOT NULL,
  `Comentarios` text,
  `Detalles_Metodo` text,
  `ID_Usuario_Creacion` int DEFAULT NULL,
  PRIMARY KEY (`ID_Pago`),
  KEY `ID_Movimiento` (`ID_Movimiento`),
  KEY `ID_MetodoPago` (`ID_MetodoPago`),
  KEY `ID_Usuario_Creacion` (`ID_Usuario_Creacion`),
  CONSTRAINT `pagos_cuentascobrar_ibfk_1` FOREIGN KEY (`ID_Movimiento`) REFERENCES `cuentas_por_cobrar` (`ID_Movimiento`) ON DELETE CASCADE,
  CONSTRAINT `pagos_cuentascobrar_ibfk_2` FOREIGN KEY (`ID_MetodoPago`) REFERENCES `metodos_pago` (`ID_MetodoPago`),
  CONSTRAINT `pagos_cuentascobrar_ibfk_3` FOREIGN KEY (`ID_Usuario_Creacion`) REFERENCES `usuarios` (`ID_Usuario`)
) ENGINE=InnoDB DEFAULT CHARSET=utf8mb4 COLLATE=utf8mb4_0900_ai_ci;
/*!40101 SET character_set_client = @saved_cs_client */;

--
-- Dumping data for table `pagos_cuentascobrar`
--

LOCK TABLES `pagos_cuentascobrar` WRITE;
/*!40000 ALTER TABLE `pagos_cuentascobrar` DISABLE KEYS */;
/*!40000 ALTER TABLE `pagos_cuentascobrar` ENABLE KEYS */;
UNLOCK TABLES;

--
-- Table structure for table `pagos_cuentaspagar`
--

DROP TABLE IF EXISTS `pagos_cuentaspagar`;
/*!40101 SET @saved_cs_client     = @@character_set_client */;
/*!50503 SET character_set_client = utf8mb4 */;
CREATE TABLE `pagos_cuentaspagar` (
  `ID_Pago` int NOT NULL AUTO_INCREMENT,
  `ID_Cuenta` int DEFAULT NULL,
  `Fecha` datetime DEFAULT NULL,
  `Monto` decimal(12,2) DEFAULT NULL,
  `ID_MetodoPago` int DEFAULT NULL,
  `Detalles_Metodo` text,
  `Comentarios` text,
  `ID_Usuario_Creacion` int DEFAULT NULL,
  PRIMARY KEY (`ID_Pago`),
  KEY `ID_Cuenta` (`ID_Cuenta`),
  KEY `ID_MetodoPago` (`ID_MetodoPago`),
  KEY `ID_Usuario_Creacion` (`ID_Usuario_Creacion`),
  CONSTRAINT `pagos_cuentaspagar_ibfk_1` FOREIGN KEY (`ID_Cuenta`) REFERENCES `cuentas_por_pagar` (`ID_Cuenta`),
  CONSTRAINT `pagos_cuentaspagar_ibfk_2` FOREIGN KEY (`ID_MetodoPago`) REFERENCES `metodos_pago` (`ID_MetodoPago`),
  CONSTRAINT `pagos_cuentaspagar_ibfk_3` FOREIGN KEY (`ID_Usuario_Creacion`) REFERENCES `usuarios` (`ID_Usuario`)
) ENGINE=InnoDB AUTO_INCREMENT=2 DEFAULT CHARSET=utf8mb4 COLLATE=utf8mb4_0900_ai_ci;
/*!40101 SET character_set_client = @saved_cs_client */;

--
-- Dumping data for table `pagos_cuentaspagar`
--

LOCK TABLES `pagos_cuentaspagar` WRITE;
/*!40000 ALTER TABLE `pagos_cuentaspagar` DISABLE KEYS */;
INSERT INTO `pagos_cuentaspagar` VALUES (1,1,'2025-11-16 00:00:00',10500.00,4,'dd','ddd',1);
/*!40000 ALTER TABLE `pagos_cuentaspagar` ENABLE KEYS */;
UNLOCK TABLES;

--
-- Table structure for table `productos`
--

DROP TABLE IF EXISTS `productos`;
/*!40101 SET @saved_cs_client     = @@character_set_client */;
/*!50503 SET character_set_client = utf8mb4 */;
CREATE TABLE `productos` (
  `ID_Producto` int NOT NULL AUTO_INCREMENT,
  `COD_Producto` varchar(100) DEFAULT NULL,
  `Descripcion` varchar(255) NOT NULL,
  `Unidad_Medida` int DEFAULT NULL,
  `Existencias` decimal(12,2) DEFAULT '0.00',
  `Estado` int DEFAULT '1',
  `ID_Categoria` int DEFAULT NULL,
  `Precio_Venta` decimal(12,2) DEFAULT NULL,
  `ID_Empresa` int DEFAULT NULL,
  `Fecha_Creacion` datetime DEFAULT CURRENT_TIMESTAMP,
  `Usuario_Creador` int DEFAULT NULL,
  `Stock_Minimo` decimal(12,2) DEFAULT '5.00',
  PRIMARY KEY (`ID_Producto`),
  KEY `Unidad_Medida` (`Unidad_Medida`),
  KEY `ID_Categoria` (`ID_Categoria`),
  KEY `ID_Empresa` (`ID_Empresa`),
  KEY `Usuario_Creador` (`Usuario_Creador`),
  CONSTRAINT `productos_ibfk_1` FOREIGN KEY (`Unidad_Medida`) REFERENCES `unidades_medida` (`ID_Unidad`),
  CONSTRAINT `productos_ibfk_2` FOREIGN KEY (`ID_Categoria`) REFERENCES `categorias_producto` (`ID_Categoria`),
  CONSTRAINT `productos_ibfk_3` FOREIGN KEY (`ID_Empresa`) REFERENCES `empresa` (`ID_Empresa`),
  CONSTRAINT `productos_ibfk_4` FOREIGN KEY (`Usuario_Creador`) REFERENCES `usuarios` (`ID_Usuario`)
) ENGINE=InnoDB AUTO_INCREMENT=8 DEFAULT CHARSET=utf8mb4 COLLATE=utf8mb4_0900_ai_ci;
/*!40101 SET character_set_client = @saved_cs_client */;

--
-- Dumping data for table `productos`
--

LOCK TABLES `productos` WRITE;
/*!40000 ALTER TABLE `productos` DISABLE KEYS */;
INSERT INTO `productos` VALUES (1,'HV-0001','Extra Grande Rojo',7,1785.00,0,1,180.00,1,'2025-11-12 11:46:48',1,150.00),(2,'HV-0002','Grande Rojo',7,-76.00,1,1,160.00,1,'2025-11-13 09:44:50',1,150.00),(3,'HV-0003','Mediano Rojo',7,139.00,1,1,160.00,1,'2025-11-13 22:33:45',1,100.00),(4,'HV-0004','Pequeño Rojo',7,993.00,0,1,140.00,1,'2025-11-13 23:08:12',1,150.00),(5,'HV-0005',' Extra Grande Blanco',7,130.00,1,1,180.00,1,'2025-11-15 11:35:51',1,100.00),(6,'ALM-0008','Postura Max',2,100.00,0,4,1200.00,1,'2025-11-24 18:06:45',1,10.00),(7,'HV-0010','Extra Grande Rojo',7,-95.15,1,1,190.00,1,'2025-11-25 11:31:07',1,20.00);
/*!40000 ALTER TABLE `productos` ENABLE KEYS */;
UNLOCK TABLES;

--
-- Table structure for table `proveedores`
--

DROP TABLE IF EXISTS `proveedores`;
/*!40101 SET @saved_cs_client     = @@character_set_client */;
/*!50503 SET character_set_client = utf8mb4 */;
CREATE TABLE `proveedores` (
  `ID_Proveedor` int NOT NULL AUTO_INCREMENT,
  `Nombre` varchar(255) NOT NULL,
  `Telefono` varchar(50) DEFAULT NULL,
  `Direccion` text,
  `RUC_CEDULA` varchar(50) DEFAULT NULL,
  `ID_Empresa` int DEFAULT NULL,
  `Estado` enum('ACTIVO','INACTIVO') DEFAULT 'ACTIVO',
  `Fecha_Creacion` datetime DEFAULT CURRENT_TIMESTAMP,
  `ID_Usuario_Creacion` int DEFAULT NULL,
  PRIMARY KEY (`ID_Proveedor`),
  KEY `ID_Empresa` (`ID_Empresa`),
  KEY `ID_Usuario_Creacion` (`ID_Usuario_Creacion`),
  CONSTRAINT `proveedores_ibfk_1` FOREIGN KEY (`ID_Empresa`) REFERENCES `empresa` (`ID_Empresa`),
  CONSTRAINT `proveedores_ibfk_2` FOREIGN KEY (`ID_Usuario_Creacion`) REFERENCES `usuarios` (`ID_Usuario`)
) ENGINE=InnoDB AUTO_INCREMENT=4 DEFAULT CHARSET=utf8mb4 COLLATE=utf8mb4_0900_ai_ci;
/*!40101 SET character_set_client = @saved_cs_client */;

--
-- Dumping data for table `proveedores`
--

LOCK TABLES `proveedores` WRITE;
/*!40000 ALTER TABLE `proveedores` DISABLE KEYS */;
INSERT INTO `proveedores` VALUES (1,'Huevos Barrancas','89562374','Nindiri, Masaya','E78522CS5544',1,'ACTIVO','2025-10-31 15:39:27',1),(2,'Granjero','89563214','nindire','',1,'ACTIVO','2025-11-23 20:07:05',1),(3,'Yema de Oro','85236974','sdfdfs','E78LK2635',1,'ACTIVO','2025-11-24 18:03:43',1);
/*!40000 ALTER TABLE `proveedores` ENABLE KEYS */;
UNLOCK TABLES;

--
-- Table structure for table `roles`
--

DROP TABLE IF EXISTS `roles`;
/*!40101 SET @saved_cs_client     = @@character_set_client */;
/*!50503 SET character_set_client = utf8mb4 */;
CREATE TABLE `roles` (
  `ID_Rol` int NOT NULL AUTO_INCREMENT,
  `Nombre_Rol` varchar(255) NOT NULL,
  PRIMARY KEY (`ID_Rol`)
) ENGINE=InnoDB AUTO_INCREMENT=3 DEFAULT CHARSET=utf8mb4 COLLATE=utf8mb4_0900_ai_ci;
/*!40101 SET character_set_client = @saved_cs_client */;

--
-- Dumping data for table `roles`
--

LOCK TABLES `roles` WRITE;
/*!40000 ALTER TABLE `roles` DISABLE KEYS */;
INSERT INTO `roles` VALUES (1,'Administrador'),(2,'Jefe Galera');
/*!40000 ALTER TABLE `roles` ENABLE KEYS */;
UNLOCK TABLES;

--
-- Table structure for table `unidades_medida`
--

DROP TABLE IF EXISTS `unidades_medida`;
/*!40101 SET @saved_cs_client     = @@character_set_client */;
/*!50503 SET character_set_client = utf8mb4 */;
CREATE TABLE `unidades_medida` (
  `ID_Unidad` int NOT NULL AUTO_INCREMENT,
  `Descripcion` varchar(255) NOT NULL,
  `Abreviatura` varchar(50) DEFAULT NULL,
  PRIMARY KEY (`ID_Unidad`)
) ENGINE=InnoDB AUTO_INCREMENT=10 DEFAULT CHARSET=utf8mb4 COLLATE=utf8mb4_0900_ai_ci;
/*!40101 SET character_set_client = @saved_cs_client */;

--
-- Dumping data for table `unidades_medida`
--

LOCK TABLES `unidades_medida` WRITE;
/*!40000 ALTER TABLE `unidades_medida` DISABLE KEYS */;
INSERT INTO `unidades_medida` VALUES (1,'Unidad','UND'),(2,'Kilogramo','KG'),(3,'Gramo','GR'),(4,'Litro','LT'),(5,'Metro','MT'),(6,'Caja','CJA'),(7,'Cajilla','CJI'),(8,'Paquete','PAQ'),(9,'Docena','DOC');
/*!40000 ALTER TABLE `unidades_medida` ENABLE KEYS */;
UNLOCK TABLES;

--
-- Table structure for table `usuarios`
--

DROP TABLE IF EXISTS `usuarios`;
/*!40101 SET @saved_cs_client     = @@character_set_client */;
/*!50503 SET character_set_client = utf8mb4 */;
CREATE TABLE `usuarios` (
  `ID_Usuario` int NOT NULL AUTO_INCREMENT,
  `NombreUsuario` varchar(255) NOT NULL,
  `Contraseña` varchar(255) NOT NULL,
  `ID_Rol` int DEFAULT NULL,
  `Estado` enum('ACTIVO','INACTIVO','BLOQUEADO','PENDIENTE') DEFAULT 'ACTIVO',
  `Fecha_Creacion` date DEFAULT (curdate()),
  `ID_Empresa` int NOT NULL,
  PRIMARY KEY (`ID_Usuario`),
  UNIQUE KEY `NombreUsuario` (`NombreUsuario`),
  KEY `ID_Rol` (`ID_Rol`),
  KEY `ID_Empresa` (`ID_Empresa`),
  CONSTRAINT `usuarios_ibfk_1` FOREIGN KEY (`ID_Rol`) REFERENCES `roles` (`ID_Rol`),
  CONSTRAINT `usuarios_ibfk_2` FOREIGN KEY (`ID_Empresa`) REFERENCES `empresa` (`ID_Empresa`)
) ENGINE=InnoDB AUTO_INCREMENT=3 DEFAULT CHARSET=utf8mb4 COLLATE=utf8mb4_0900_ai_ci;
/*!40101 SET character_set_client = @saved_cs_client */;

--
-- Dumping data for table `usuarios`
--

LOCK TABLES `usuarios` WRITE;
/*!40000 ALTER TABLE `usuarios` DISABLE KEYS */;
INSERT INTO `usuarios` VALUES (1,'Admin','scrypt:32768:8:1$YE2ZlcfqKZeVGLJd$ad87b14a145187f6aefa8e9e4c74e89108c49bb66e1bcf9c8417d8b8e9b32abf45424f7a51aaac88d9b843c5974de619de21ed6ea54a1d02c01e0728209bb3b0',1,'ACTIVO','2025-08-16',1),(2,'fared','scrypt:32768:8:1$T0AjU1WikbHz4i20$0db146afab1c973dc028fc655242443df63eed395b7c507926d1e761ff552bc7eb7385559652fd37fc4a216e98a5c61309dc337da8c542b6800e35ba062f6466',2,'INACTIVO','2025-10-27',1);
/*!40000 ALTER TABLE `usuarios` ENABLE KEYS */;
UNLOCK TABLES;

--
-- Dumping events for database 'db_ferdel'
--

--
-- Dumping routines for database 'db_ferdel'
--
/*!40103 SET TIME_ZONE=@OLD_TIME_ZONE */;

/*!40101 SET SQL_MODE=@OLD_SQL_MODE */;
/*!40014 SET FOREIGN_KEY_CHECKS=@OLD_FOREIGN_KEY_CHECKS */;
/*!40014 SET UNIQUE_CHECKS=@OLD_UNIQUE_CHECKS */;
/*!40101 SET CHARACTER_SET_CLIENT=@OLD_CHARACTER_SET_CLIENT */;
/*!40101 SET CHARACTER_SET_RESULTS=@OLD_CHARACTER_SET_RESULTS */;
/*!40101 SET COLLATION_CONNECTION=@OLD_COLLATION_CONNECTION */;
/*!40111 SET SQL_NOTES=@OLD_SQL_NOTES */;

-- Dump completed on 2025-11-26 12:51:52
