CREATE DATABASE  IF NOT EXISTS `db_ferdel` /*!40100 DEFAULT CHARACTER SET utf8mb4 COLLATE utf8mb4_0900_ai_ci */ /*!80016 DEFAULT ENCRYPTION='N' */;
USE `db_ferdel`;
-- MySQL dump 10.13  Distrib 8.0.43, for Win64 (x86_64)
--
-- Host: localhost    Database: db_ferdel
-- ------------------------------------------------------
-- Server version	9.4.0

/*!40101 SET @OLD_CHARACTER_SET_CLIENT=@@CHARACTER_SET_CLIENT */;
/*!40101 SET @OLD_CHARACTER_SET_RESULTS=@@CHARACTER_SET_RESULTS */;
/*!40101 SET @OLD_COLLATION_CONNECTION=@@COLLATION_CONNECTION */;
/*!50503 SET NAMES utf8 */;
/*!40103 SET @OLD_TIME_ZONE=@@TIME_ZONE */;
/*!40103 SET TIME_ZONE='+00:00' */;
/*!40014 SET @OLD_UNIQUE_CHECKS=@@UNIQUE_CHECKS, UNIQUE_CHECKS=0 */;
/*!40014 SET @OLD_FOREIGN_KEY_CHECKS=@@FOREIGN_KEY_CHECKS, FOREIGN_KEY_CHECKS=0 */;
/*!40101 SET @OLD_SQL_MODE=@@SQL_MODE, SQL_MODE='NO_AUTO_VALUE_ON_ZERO' */;
/*!40111 SET @OLD_SQL_NOTES=@@SQL_NOTES, SQL_NOTES=0 */;

--
-- Table structure for table `bitacora`
--

DROP TABLE IF EXISTS `bitacora`;
/*!40101 SET @saved_cs_client     = @@character_set_client */;
/*!50503 SET character_set_client = utf8mb4 */;
CREATE TABLE `bitacora` (
  `ID_Bitacora` int NOT NULL AUTO_INCREMENT,
  `ID_Usuario` int DEFAULT NULL,
  `Fecha` datetime DEFAULT CURRENT_TIMESTAMP,
  `Modulo` varchar(255) DEFAULT NULL,
  `Accion` varchar(255) DEFAULT NULL,
  `IP_Acceso` varchar(45) DEFAULT NULL,
  PRIMARY KEY (`ID_Bitacora`),
  KEY `ID_Usuario` (`ID_Usuario`),
  CONSTRAINT `bitacora_ibfk_1` FOREIGN KEY (`ID_Usuario`) REFERENCES `usuarios` (`ID_Usuario`)
) ENGINE=InnoDB AUTO_INCREMENT=4549 DEFAULT CHARSET=utf8mb4 COLLATE=utf8mb4_0900_ai_ci;
/*!40101 SET character_set_client = @saved_cs_client */;

--
-- Dumping data for table `bitacora`
--

LOCK TABLES `bitacora` WRITE;
/*!40000 ALTER TABLE `bitacora` DISABLE KEYS */;
INSERT INTO `bitacora` VALUES (1765,1,'2025-12-03 19:12:11','AUTH','LOGIN_EXITOSO','127.0.0.1'),(1766,1,'2025-12-03 19:13:13','VENTAS-SALIDAS','admin_ventas_salidas','127.0.0.1'),(1767,1,'2025-12-03 19:13:37','CREAR_VENTA','admin_crear_venta','127.0.0.1'),(1768,1,'2025-12-03 19:13:40','CREAR_VENTA','admin_crear_venta','127.0.0.1'),(1769,1,'2025-12-03 19:14:59','CREAR_VENTA','admin_crear_venta','127.0.0.1'),(1770,1,'2025-12-03 19:16:13','CREAR_VENTA','admin_crear_venta','127.0.0.1'),(1771,1,'2025-12-03 19:16:23','CREAR_VENTA','admin_crear_venta','127.0.0.1'),(1772,1,'2025-12-03 19:16:39','CREAR_VENTA','admin_crear_venta','127.0.0.1'),(1773,1,'2025-12-03 19:20:22','VENTAS-SALIDAS','admin_ventas_salidas','127.0.0.1'),(1774,1,'2025-12-03 19:20:33','COMPRAS-ENTRADAS','admin_compras_entradas','127.0.0.1'),(1775,1,'2025-12-03 19:21:34','COMPRAS-ENTRADAS','admin_compras_entradas','127.0.0.1'),(1776,1,'2025-12-03 19:26:23','COMPRAS-ENTRADAS','admin_compras_entradas','127.0.0.1'),(1777,1,'2025-12-03 19:26:42','COMPRAS-CUENTAS-POR-PAGAR','admin_cuentas_por_pagar','127.0.0.1'),(1778,1,'2025-12-03 23:44:58','AUTH','LOGIN_EXITOSO','127.0.0.1'),(1779,1,'2025-12-03 23:45:10','VENTAS-SALIDAS','admin_ventas_salidas','127.0.0.1'),(1780,1,'2025-12-03 23:45:24','CREAR_VENTA','admin_crear_venta','127.0.0.1'),(1781,1,'2025-12-03 23:45:38','PRODUCTOS','admin_productos','127.0.0.1'),(1782,1,'2025-12-03 23:46:50','CREAR_PRODUCTO','admin_crear_producto','127.0.0.1'),(1783,1,'2025-12-03 23:46:50','PRODUCTOS','admin_productos','127.0.0.1'),(1784,1,'2025-12-03 23:47:00','VENTAS-SALIDAS','admin_ventas_salidas','127.0.0.1'),(1785,1,'2025-12-03 23:47:01','CREAR_VENTA','admin_crear_venta','127.0.0.1'),(1786,1,'2025-12-03 23:47:16','CREAR_VENTA','admin_crear_venta','127.0.0.1'),(1787,1,'2025-12-03 23:47:18','CREAR_VENTA','admin_crear_venta','127.0.0.1'),(1788,1,'2025-12-03 23:47:23','CREAR_VENTA','admin_crear_venta','127.0.0.1'),(1789,1,'2025-12-03 23:47:26','CREAR_VENTA','admin_crear_venta','127.0.0.1'),(1790,1,'2025-12-03 23:47:30','CREAR_VENTA','admin_crear_venta','127.0.0.1'),(1791,1,'2025-12-03 23:47:34','CREAR_VENTA','admin_crear_venta','127.0.0.1'),(1792,1,'2025-12-03 23:47:42','CREAR_VENTA','admin_crear_venta','127.0.0.1'),(1793,1,'2025-12-04 01:01:39','AUTH','LOGIN_EXITOSO','127.0.0.1'),(1794,1,'2025-12-04 01:05:14','HISTORIAL-MOVIMIENTOS','admin_historial_movimientos','127.0.0.1'),(1795,1,'2025-12-04 01:05:34','HISTORIAL-MOVIMIENTOS','admin_historial_movimientos','127.0.0.1'),(1796,1,'2025-12-04 01:05:37','HISTORIAL-MOVIMIENTOS','admin_historial_movimientos','127.0.0.1'),(1797,1,'2025-12-04 01:05:51','HISTORIAL-MOVIMIENTOS','admin_historial_movimientos','127.0.0.1'),(1798,1,'2025-12-04 01:05:53','HISTORIAL-MOVIMIENTOS','admin_historial_movimientos','127.0.0.1'),(1799,1,'2025-12-04 01:05:55','HISTORIAL-MOVIMIENTOS','admin_historial_movimientos','127.0.0.1'),(1800,1,'2025-12-04 01:05:58','HISTORIAL-MOVIMIENTOS','admin_historial_movimientos','127.0.0.1'),(1801,1,'2025-12-04 01:06:01','HISTORIAL-MOVIMIENTOS','admin_historial_movimientos','127.0.0.1'),(1802,1,'2025-12-04 01:06:03','HISTORIAL-MOVIMIENTOS','admin_historial_movimientos','127.0.0.1'),(1803,1,'2025-12-04 01:06:10','HISTORIAL-MOVIMIENTOS','admin_historial_movimientos','127.0.0.1'),(1804,1,'2025-12-04 01:06:23','COMPRAS-ENTRADAS','admin_compras_entradas','127.0.0.1'),(1805,1,'2025-12-04 01:06:25','COMPRAS-ENTRADAS-CREAR','admin_crear_compra','127.0.0.1'),(1806,1,'2025-12-04 01:07:28','COMPRAS-ENTRADAS-CREAR','admin_crear_compra','127.0.0.1'),(1807,1,'2025-12-04 01:07:28','COMPRAS-ENTRADAS','admin_compras_entradas','127.0.0.1'),(1808,1,'2025-12-04 01:07:28','COMPRAS-ENTRADAS','admin_compras_entradas','127.0.0.1'),(1809,1,'2025-12-04 01:07:35','HISTORIAL-MOVIMIENTOS','admin_historial_movimientos','127.0.0.1'),(1810,1,'2025-12-04 01:07:39','COMPRAS-ENTRADAS','admin_compras_entradas','127.0.0.1'),(1811,1,'2025-12-04 01:07:51','BODEGA','admin_bodega','127.0.0.1'),(1812,1,'2025-12-04 01:07:55','HISTORIAL-MOVIMIENTOS','admin_historial_movimientos','127.0.0.1'),(1813,1,'2025-12-04 01:10:15','HISTORIAL-MOVIMIENTOS','admin_historial_movimientos','127.0.0.1'),(1814,1,'2025-12-04 01:10:17','HISTORIAL-MOVIMIENTOS','admin_historial_movimientos','127.0.0.1'),(1815,1,'2025-12-04 01:11:15','HISTORIAL-MOVIMIENTOS','admin_historial_movimientos','127.0.0.1'),(1816,1,'2025-12-04 01:11:27','HISTORIAL-MOVIMIENTOS','admin_historial_movimientos','127.0.0.1'),(1817,1,'2025-12-04 01:11:36','HISTORIAL-MOVIMIENTOS','admin_historial_movimientos','127.0.0.1'),(1818,1,'2025-12-04 01:12:18','HISTORIAL-MOVIMIENTOS','admin_historial_movimientos','127.0.0.1'),(1819,1,'2025-12-04 01:16:04','HISTORIAL-MOVIMIENTOS','admin_historial_movimientos','127.0.0.1'),(1820,1,'2025-12-04 01:16:27','HISTORIAL-MOVIMIENTOS','admin_historial_movimientos','127.0.0.1'),(1821,1,'2025-12-04 01:23:10','HISTORIAL-MOVIMIENTOS','admin_historial_movimientos','127.0.0.1'),(1822,1,'2025-12-04 01:23:41','HISTORIAL-MOVIMIENTOS','admin_historial_movimientos','127.0.0.1'),(1823,1,'2025-12-04 01:23:46','HISTORIAL-MOVIMIENTOS','admin_historial_movimientos','127.0.0.1'),(1824,1,'2025-12-04 01:23:57','HISTORIAL-MOVIMIENTOS','admin_historial_movimientos','127.0.0.1'),(1825,1,'2025-12-04 01:24:06','HISTORIAL-MOVIMIENTOS','admin_historial_movimientos','127.0.0.1'),(1826,1,'2025-12-04 01:24:09','HISTORIAL-MOVIMIENTOS','admin_historial_movimientos','127.0.0.1'),(1827,1,'2025-12-04 01:24:13','HISTORIAL-MOVIMIENTOS','admin_historial_movimientos','127.0.0.1'),(1828,1,'2025-12-04 07:36:12','AUTH','LOGIN_EXITOSO','127.0.0.1'),(1829,1,'2025-12-04 07:36:21','HISTORIAL-MOVIMIENTOS','admin_historial_movimientos','127.0.0.1'),(1830,1,'2025-12-04 07:36:29','HISTORIAL-MOVIMIENTOS','admin_historial_movimientos','127.0.0.1'),(1831,1,'2025-12-04 07:36:37','HISTORIAL-MOVIMIENTOS','admin_historial_movimientos','127.0.0.1'),(1832,1,'2025-12-04 07:39:30','HISTORIAL-MOVIMIENTOS','admin_historial_movimientos','127.0.0.1'),(1833,1,'2025-12-04 07:39:41','HISTORIAL-MOVIMIENTOS','admin_historial_movimientos','127.0.0.1'),(1834,1,'2025-12-04 13:28:42','AUTH','LOGIN_EXITOSO','127.0.0.1'),(1835,1,'2025-12-04 13:28:46','HISTORIAL-MOVIMIENTOS','admin_historial_movimientos','127.0.0.1'),(1836,1,'2025-12-04 13:47:58','AUTH','LOGIN_EXITOSO','127.0.0.1'),(1837,1,'2025-12-04 13:48:03','HISTORIAL-MOVIMIENTOS','admin_historial_movimientos','127.0.0.1'),(1838,1,'2025-12-04 13:48:34','HISTORIAL-MOVIMIENTOS','admin_historial_movimientos','127.0.0.1'),(1839,1,'2025-12-04 13:51:53','AUTH','LOGIN_EXITOSO','127.0.0.1'),(1840,1,'2025-12-04 13:51:56','HISTORIAL-MOVIMIENTOS','admin_historial_movimientos','127.0.0.1'),(1841,1,'2025-12-04 13:56:40','HISTORIAL-MOVIMIENTOS','admin_historial_movimientos','127.0.0.1'),(1842,1,'2025-12-04 13:57:45','HISTORIAL-MOVIMIENTOS','admin_historial_movimientos','127.0.0.1'),(1843,1,'2025-12-08 15:30:19','AUTH','LOGIN_EXITOSO','127.0.0.1'),(1844,1,'2025-12-08 15:30:25','VENTAS-SALIDAS','admin_ventas_salidas','127.0.0.1'),(1845,1,'2025-12-08 15:30:29','CREAR_VENTA','admin_crear_venta','127.0.0.1'),(1846,1,'2025-12-08 15:37:48','CREAR_VENTA','admin_crear_venta','127.0.0.1'),(1847,1,'2025-12-08 15:38:23','CREAR_VENTA','admin_crear_venta','127.0.0.1'),(1848,1,'2025-12-08 15:38:24','CREAR_VENTA','admin_crear_venta','127.0.0.1'),(1849,1,'2025-12-08 15:38:25','CREAR_VENTA','admin_crear_venta','127.0.0.1'),(1850,1,'2025-12-08 15:42:24','PRODUCTOS','admin_productos','127.0.0.1'),(1851,1,'2025-12-08 15:42:32','VENTAS-SALIDAS','admin_ventas_salidas','127.0.0.1'),(1852,1,'2025-12-08 15:42:34','CREAR_VENTA','admin_crear_venta','127.0.0.1'),(1853,1,'2025-12-08 15:42:53','PRODUCTOS','admin_productos','127.0.0.1'),(1854,1,'2025-12-08 15:43:07','VENTAS-SALIDAS','admin_ventas_salidas','127.0.0.1'),(1855,1,'2025-12-08 15:43:18','PRODUCTOS','admin_productos','127.0.0.1'),(1856,1,'2025-12-08 15:53:27','AUTH','LOGIN_EXITOSO','127.0.0.1'),(1857,1,'2025-12-08 15:53:29','PRODUCTOS','admin_productos','127.0.0.1'),(1858,1,'2025-12-08 15:54:40','VENTAS-SALIDAS','admin_ventas_salidas','127.0.0.1'),(1859,1,'2025-12-08 15:54:45','CREAR_VENTA','admin_crear_venta','127.0.0.1'),(1860,1,'2025-12-08 15:55:29','CREAR_VENTA','admin_crear_venta','127.0.0.1'),(1861,1,'2025-12-08 15:55:29','CREAR_VENTA','admin_crear_venta','127.0.0.1'),(1862,1,'2025-12-08 15:55:32','CREAR_VENTA','admin_crear_venta','127.0.0.1'),(1863,1,'2025-12-08 15:55:40','VENTAS-SALIDAS','admin_ventas_salidas','127.0.0.1'),(1864,1,'2025-12-08 15:59:37','CREAR_VENTA','admin_crear_venta','127.0.0.1'),(1865,1,'2025-12-08 16:00:02','CREAR_VENTA','admin_crear_venta','127.0.0.1'),(1866,1,'2025-12-08 21:37:36','AUTH','LOGIN_EXITOSO','127.0.0.1'),(1867,1,'2025-12-08 21:37:39','PRODUCTOS','admin_productos','127.0.0.1'),(1868,1,'2025-12-08 21:39:08','VENTAS-SALIDAS','admin_ventas_salidas','127.0.0.1'),(1869,1,'2025-12-08 21:39:10','CREAR_VENTA','admin_crear_venta','127.0.0.1'),(1870,1,'2025-12-08 22:00:30','AUTH','LOGIN_EXITOSO','127.0.0.1'),(1871,1,'2025-12-08 22:00:36','PRODUCTOS','admin_productos','127.0.0.1'),(1872,1,'2025-12-08 22:04:03','VENTAS-SALIDAS','admin_ventas_salidas','127.0.0.1'),(1873,1,'2025-12-08 22:04:04','CREAR_VENTA','admin_crear_venta','127.0.0.1'),(1874,1,'2025-12-08 22:04:44','CREAR_VENTA','admin_crear_venta','127.0.0.1'),(1875,1,'2025-12-08 22:04:52','VENTAS-SALIDAS','admin_ventas_salidas','127.0.0.1'),(1876,1,'2025-12-08 23:04:22','VENTAS-SALIDAS','admin_ventas_salidas','127.0.0.1'),(1877,1,'2025-12-08 23:04:24','CREAR_VENTA','admin_crear_venta','127.0.0.1'),(1878,1,'2025-12-08 23:35:56','AUTH','LOGIN_EXITOSO','127.0.0.1'),(1879,1,'2025-12-08 23:36:45','CUENTAS-POR-COBRAR','admin_cuentascobrar','127.0.0.1'),(1880,1,'2025-12-08 23:36:48','VENTAS-SALIDAS','admin_ventas_salidas','127.0.0.1'),(1881,1,'2025-12-08 23:36:50','CREAR_VENTA','admin_crear_venta','127.0.0.1'),(1882,1,'2025-12-08 23:37:27','CLIENTES-CREAR','admin_crear_cliente','127.0.0.1'),(1883,1,'2025-12-08 23:37:27','CLIENTES','admin_clientes','127.0.0.1'),(1884,1,'2025-12-08 23:38:00','CLIENTES','admin_clientes','127.0.0.1'),(1885,1,'2025-12-08 23:38:09','VENTAS-SALIDAS','admin_ventas_salidas','127.0.0.1'),(1886,1,'2025-12-08 23:38:10','CREAR_VENTA','admin_crear_venta','127.0.0.1'),(1887,1,'2025-12-08 23:38:32','CLIENTES-CREAR','admin_crear_cliente','127.0.0.1'),(1888,1,'2025-12-08 23:38:32','CLIENTES','admin_clientes','127.0.0.1'),(1889,1,'2025-12-08 23:38:40','CREAR_VENTA','admin_crear_venta','127.0.0.1'),(1890,1,'2025-12-09 17:05:46','AUTH','LOGIN_EXITOSO','127.0.0.1'),(1891,1,'2025-12-09 17:05:51','COMPRAS-ENTRADAS','admin_compras_entradas','127.0.0.1'),(1892,1,'2025-12-09 17:05:54','VENTAS-SALIDAS','admin_ventas_salidas','127.0.0.1'),(1893,1,'2025-12-09 17:05:57','CREAR_VENTA','admin_crear_venta','127.0.0.1'),(1894,1,'2025-12-09 17:06:55','CREAR_VENTA','admin_crear_venta','127.0.0.1'),(1895,1,'2025-12-09 17:11:11','CREAR_VENTA','admin_crear_venta','127.0.0.1'),(1896,1,'2025-12-09 17:18:05','CLIENTES','admin_clientes','127.0.0.1'),(1897,1,'2025-12-09 17:18:51','VENTAS-SALIDAS','admin_ventas_salidas','127.0.0.1'),(1898,1,'2025-12-09 17:18:54','CREAR_VENTA','admin_crear_venta','127.0.0.1'),(1899,1,'2025-12-09 17:21:29','AUTH','LOGIN_EXITOSO','127.0.0.1'),(1900,1,'2025-12-09 17:21:46','VENTAS-SALIDAS','admin_ventas_salidas','127.0.0.1'),(1901,1,'2025-12-09 17:21:55','CREAR_VENTA','admin_crear_venta','127.0.0.1'),(1902,1,'2025-12-09 17:22:18','CREAR_VENTA','admin_crear_venta','127.0.0.1'),(1903,1,'2025-12-09 17:22:27','VENTAS-SALIDAS','admin_ventas_salidas','127.0.0.1'),(1904,1,'2025-12-09 17:34:54','VENTAS-SALIDAS','admin_ventas_salidas','127.0.0.1'),(1905,1,'2025-12-09 17:34:57','COMPRAS-ENTRADAS','admin_compras_entradas','127.0.0.1'),(1906,1,'2025-12-09 17:42:10','COMPRAS-ENTRADAS','admin_compras_entradas','127.0.0.1'),(1907,1,'2025-12-09 17:42:18','COMPRAS-ENTRADAS','admin_compras_entradas','127.0.0.1'),(1908,1,'2025-12-09 17:42:19','COMPRAS-ENTRADAS','admin_compras_entradas','127.0.0.1'),(1909,1,'2025-12-09 17:42:34','COMPRAS-ENTRADAS','admin_compras_entradas','127.0.0.1'),(1910,1,'2025-12-09 17:42:36','COMPRAS-ENTRADAS-CREAR','admin_crear_compra','127.0.0.1'),(1911,1,'2025-12-09 18:14:45','COMPRAS-ENTRADAS-CREAR','admin_crear_compra','127.0.0.1'),(1912,1,'2025-12-09 18:19:47','COMPRAS-ENTRADAS-CREAR','admin_crear_compra','127.0.0.1'),(1913,1,'2025-12-09 18:19:47','COMPRAS-ENTRADAS','admin_compras_entradas','127.0.0.1'),(1914,1,'2025-12-09 18:19:48','COMPRAS-ENTRADAS','admin_compras_entradas','127.0.0.1'),(1915,1,'2025-12-09 18:19:53','COMPRAS-ENTRADAS-DETALLE-COMPLETO','admin_detalle_compra_completo','127.0.0.1'),(1916,1,'2025-12-09 18:19:56','COMPRAS-ENTRADAS-CREAR','admin_crear_compra','127.0.0.1'),(1917,1,'2025-12-09 18:34:53','COMPRAS-ENTRADAS','admin_compras_entradas','127.0.0.1'),(1918,1,'2025-12-09 18:34:59','COMPRAS-ENTRADAS-CREAR','admin_crear_compra','127.0.0.1'),(1919,1,'2025-12-09 20:15:15','AUTH','LOGIN_EXITOSO','127.0.0.1'),(1920,1,'2025-12-09 20:15:20','COMPRAS-ENTRADAS','admin_compras_entradas','127.0.0.1'),(1921,1,'2025-12-09 20:15:21','COMPRAS-ENTRADAS-CREAR','admin_crear_compra','127.0.0.1'),(1922,1,'2025-12-09 20:17:41','COMPRAS-ENTRADAS-CREAR','admin_crear_compra','127.0.0.1'),(1923,1,'2025-12-09 20:31:07','VENTAS-SALIDAS','admin_ventas_salidas','127.0.0.1'),(1924,1,'2025-12-09 20:31:09','COMPRAS-ENTRADAS','admin_compras_entradas','127.0.0.1'),(1925,1,'2025-12-09 20:31:11','COMPRAS-ENTRADAS-CREAR','admin_crear_compra','127.0.0.1'),(1926,1,'2025-12-09 20:31:17','COMPRAS-ENTRADAS-EDITAR','admin_editar_compra','127.0.0.1'),(1927,1,'2025-12-09 20:31:17','COMPRAS-ENTRADAS','admin_compras_entradas','127.0.0.1'),(1928,1,'2025-12-09 20:31:32','COMPRAS-ENTRADAS-EDITAR','admin_editar_compra','127.0.0.1'),(1929,1,'2025-12-09 20:31:32','COMPRAS-ENTRADAS','admin_compras_entradas','127.0.0.1'),(1930,1,'2025-12-09 20:33:35','COMPRAS-ENTRADAS','admin_compras_entradas','127.0.0.1'),(1931,1,'2025-12-09 20:33:37','COMPRAS-ENTRADAS-EDITAR','admin_editar_compra','127.0.0.1'),(1932,1,'2025-12-09 20:34:12','COMPRAS-ENTRADAS-EDITAR','admin_editar_compra','127.0.0.1'),(1933,1,'2025-12-09 20:34:23','COMPRAS-ENTRADAS-EDITAR','admin_editar_compra','127.0.0.1'),(1934,1,'2025-12-09 20:34:23','COMPRAS-ENTRADAS','admin_compras_entradas','127.0.0.1'),(1935,1,'2025-12-09 20:34:24','COMPRAS-ENTRADAS','admin_compras_entradas','127.0.0.1'),(1936,1,'2025-12-09 20:34:27','COMPRAS-ENTRADAS-EDITAR','admin_editar_compra','127.0.0.1'),(1937,1,'2025-12-09 20:34:38','COMPRAS-ENTRADAS-EDITAR','admin_editar_compra','127.0.0.1'),(1938,1,'2025-12-09 20:34:38','COMPRAS-ENTRADAS','admin_compras_entradas','127.0.0.1'),(1939,1,'2025-12-09 20:34:38','COMPRAS-ENTRADAS','admin_compras_entradas','127.0.0.1'),(1940,1,'2025-12-09 20:34:47','COMPRAS-ENTRADAS-EDITAR','admin_editar_compra','127.0.0.1'),(1941,1,'2025-12-09 20:35:35','COMPRAS-ENTRADAS-DETALLE-COMPLETO','admin_detalle_compra_completo','127.0.0.1'),(1942,1,'2025-12-09 20:42:42','COMPRAS-ENTRADAS-DETALLE-COMPLETO','admin_detalle_compra_completo','127.0.0.1'),(1943,1,'2025-12-09 20:42:53','COMPRAS-ENTRADAS','admin_compras_entradas','127.0.0.1'),(1944,1,'2025-12-09 20:48:01','COMPRAS-ENTRADAS-EDITAR','admin_editar_compra','127.0.0.1'),(1945,1,'2025-12-09 20:50:18','AUTH','LOGIN_EXITOSO','127.0.0.1'),(1946,1,'2025-12-09 20:50:24','COMPRAS-ENTRADAS','admin_compras_entradas','127.0.0.1'),(1947,1,'2025-12-09 20:50:26','COMPRAS-ENTRADAS-EDITAR','admin_editar_compra','127.0.0.1'),(1948,1,'2025-12-09 20:50:31','COMPRAS-ENTRADAS-DETALLE-COMPLETO','admin_detalle_compra_completo','127.0.0.1'),(1949,1,'2025-12-09 20:55:00','COMPRAS-ENTRADAS-DETALLE-COMPLETO','admin_detalle_compra_completo','127.0.0.1'),(1950,1,'2025-12-09 20:55:59','COMPRAS-ENTRADAS-DETALLE-COMPLETO','admin_detalle_compra_completo','127.0.0.1'),(1951,1,'2025-12-09 20:57:25','COMPRAS-ENTRADAS-DETALLE-COMPLETO','admin_detalle_compra_completo','127.0.0.1'),(1952,1,'2025-12-09 20:57:29','VENTAS-SALIDAS','admin_ventas_salidas','127.0.0.1'),(1953,1,'2025-12-09 20:58:07','VENTAS-SALIDAS','admin_ventas_salidas','127.0.0.1'),(1954,1,'2025-12-09 20:58:18','AUTH','LOGOUT','127.0.0.1'),(1955,1,'2025-12-09 20:58:24','AUTH','LOGIN_EXITOSO','127.0.0.1'),(1956,1,'2025-12-09 20:58:26','VENTAS-SALIDAS','admin_ventas_salidas','127.0.0.1'),(1957,1,'2025-12-09 20:58:30','CUENTAS-POR-COBRAR','admin_cuentascobrar','127.0.0.1'),(1958,1,'2025-12-09 20:59:34','CUENTAS-POR-COBRAR','admin_cuentascobrar','127.0.0.1'),(1959,1,'2025-12-09 20:59:41','COMPRAS-ENTRADAS','admin_compras_entradas','127.0.0.1'),(1960,1,'2025-12-09 20:59:42','COMPRAS-ENTRADAS-DETALLE-COMPLETO','admin_detalle_compra_completo','127.0.0.1'),(1961,1,'2025-12-09 20:59:51','VENTAS-SALIDAS','admin_ventas_salidas','127.0.0.1'),(1962,1,'2025-12-09 21:16:02','AUTH','LOGIN_EXITOSO','127.0.0.1'),(1963,1,'2025-12-09 21:16:15','VENTAS-SALIDAS','admin_ventas_salidas','127.0.0.1'),(1964,1,'2025-12-10 14:05:50','AUTH','LOGIN_EXITOSO','127.0.0.1'),(1965,1,'2025-12-10 15:02:38','AUTH','LOGIN_EXITOSO','127.0.0.1'),(1966,1,'2025-12-10 15:02:41','USUARIOS','admin_usuarios','127.0.0.1'),(1967,1,'2025-12-10 15:03:22','USUARIOS','CREAR_USUARUI: Fared@Avicola.com','127.0.0.1'),(1968,1,'2025-12-10 15:03:22','USUARIOS','crear_usuario','127.0.0.1'),(1969,1,'2025-12-10 15:03:22','USUARIOS','admin_usuarios','127.0.0.1'),(1970,1,'2025-12-10 15:03:34','VENTAS-SALIDAS','admin_ventas_salidas','127.0.0.1'),(1971,1,'2025-12-10 15:03:44','CREAR_VENTA','admin_crear_venta','127.0.0.1'),(1972,1,'2025-12-10 15:13:17','CREAR_VENTA','admin_crear_venta','127.0.0.1'),(1973,1,'2025-12-10 15:18:47','CREAR_VENTA','admin_crear_venta','127.0.0.1'),(1974,1,'2025-12-10 15:18:58','CREAR_VENTA','admin_crear_venta','127.0.0.1'),(1975,1,'2025-12-10 17:09:03','AUTH','LOGIN_EXITOSO','127.0.0.1'),(1976,1,'2025-12-10 17:09:05','VENTAS-SALIDAS','admin_ventas_salidas','127.0.0.1'),(1977,1,'2025-12-10 17:09:09','DETALLES_VENTA','admin_detalles_venta','127.0.0.1'),(1978,1,'2025-12-10 17:09:14','EDITAR_VENTA','admin_editar_venta','127.0.0.1'),(1979,1,'2025-12-10 17:09:14','DETALLES_VENTA','admin_detalles_venta','127.0.0.1'),(1980,1,'2025-12-10 17:09:27','CREAR_VENTA','admin_crear_venta','127.0.0.1'),(1981,1,'2025-12-10 17:09:48','CREAR_VENTA','admin_crear_venta','127.0.0.1'),(1982,1,'2025-12-10 17:20:51','CREAR_VENTA','admin_crear_venta','127.0.0.1'),(1983,1,'2025-12-10 17:21:16','CREAR_VENTA','admin_crear_venta','127.0.0.1'),(1984,1,'2025-12-10 17:26:27','CUENTAS-POR-COBRAR','admin_cuentascobrar','127.0.0.1'),(1985,1,'2025-12-10 17:26:45','VENTAS-SALIDAS','admin_ventas_salidas','127.0.0.1'),(1986,1,'2025-12-10 17:26:47','CREAR_VENTA','admin_crear_venta','127.0.0.1'),(1987,1,'2025-12-10 17:27:15','CREAR_VENTA','admin_crear_venta','127.0.0.1'),(1988,1,'2025-12-10 17:41:20','CREAR_VENTA','admin_crear_venta','127.0.0.1'),(1989,1,'2025-12-10 17:41:23','CREAR_VENTA','admin_crear_venta','127.0.0.1'),(1990,1,'2025-12-10 17:41:30','CREAR_VENTA','admin_crear_venta','127.0.0.1'),(1991,1,'2025-12-10 17:41:51','CREAR_VENTA','admin_crear_venta','127.0.0.1'),(1992,1,'2025-12-10 17:42:05','CREAR_VENTA','admin_crear_venta','127.0.0.1'),(1993,1,'2025-12-10 17:52:49','CREAR_VENTA','admin_crear_venta','127.0.0.1'),(1994,1,'2025-12-10 17:53:06','CREAR_VENTA','admin_crear_venta','127.0.0.1'),(1995,1,'2025-12-10 18:23:51','CREAR_VENTA','admin_crear_venta','127.0.0.1'),(1996,1,'2025-12-10 18:24:24','CREAR_VENTA','admin_crear_venta','127.0.0.1'),(1997,1,'2025-12-10 18:24:37','CREAR_VENTA','admin_crear_venta','127.0.0.1'),(1998,1,'2025-12-10 18:24:47','CREAR_VENTA','admin_crear_venta','127.0.0.1'),(1999,1,'2025-12-10 18:40:48','CREAR_VENTA','admin_crear_venta','127.0.0.1'),(2000,1,'2025-12-10 18:42:08','HISTORIAL-MOVIMIENTOS','admin_historial_movimientos','127.0.0.1'),(2001,1,'2025-12-10 18:42:53','HISTORIAL-MOVIMIENTOS','admin_historial_movimientos','127.0.0.1'),(2002,1,'2025-12-10 18:43:10','MOVIMIENTOS-INVENTARIO','admin_movimientos_inventario','127.0.0.1'),(2003,NULL,'2025-12-10 19:14:27','AUTH','LOGIN_FALLIDO: contraseña no encontrado o inactivo - Usuario: Fared@av','127.0.0.1'),(2004,1,'2025-12-10 19:14:30','AUTH','LOGIN_EXITOSO','127.0.0.1'),(2005,1,'2025-12-10 19:14:40','VENTAS-SALIDAS','admin_ventas_salidas','127.0.0.1'),(2006,1,'2025-12-10 19:14:42','CUENTAS-POR-COBRAR','admin_cuentascobrar','127.0.0.1'),(2007,1,'2025-12-10 19:14:44','DETALLE-CUENTA-COBRAR','admin_detalle_cuentacobrar','127.0.0.1'),(2008,1,'2025-12-10 19:14:50','REGISTRAR-PAGO-CXC','admin_registrar_pago','127.0.0.1'),(2009,1,'2025-12-10 19:15:04','REGISTRAR-PAGO-CXC','admin_registrar_pago','127.0.0.1'),(2010,1,'2025-12-10 19:15:04','DETALLE-CUENTA-COBRAR','admin_detalle_cuentacobrar','127.0.0.1'),(2011,1,'2025-12-10 19:15:52','DETALLE-CUENTA-COBRAR','admin_detalle_cuentacobrar','127.0.0.1'),(2012,1,'2025-12-10 19:22:22','AUTH','LOGIN_EXITOSO','127.0.0.1'),(2013,1,'2025-12-10 19:22:28','COMPRAS-ENTRADAS','admin_compras_entradas','127.0.0.1'),(2014,1,'2025-12-10 19:23:41','COMPRAS-ENTRADAS-CREAR','admin_crear_compra','127.0.0.1'),(2015,1,'2025-12-10 19:28:52','HISTORIAL-MOVIMIENTOS','admin_historial_movimientos','127.0.0.1'),(2016,1,'2025-12-10 19:34:04','COMPRAS-ENTRADAS','admin_compras_entradas','127.0.0.1'),(2017,1,'2025-12-10 19:34:05','COMPRAS-ENTRADAS-CREAR','admin_crear_compra','127.0.0.1'),(2018,1,'2025-12-10 19:34:58','HISTORIAL-MOVIMIENTOS','admin_historial_movimientos','127.0.0.1'),(2019,1,'2025-12-10 19:35:00','HISTORIAL-MOVIMIENTOS','admin_historial_movimientos','127.0.0.1'),(2020,1,'2025-12-10 19:35:25','MOVIMIENTOS-INVENTARIO','admin_movimientos_inventario','127.0.0.1'),(2021,1,'2025-12-10 19:35:26','EDITAR-MOVIMIENTO-INVENTARIO','admin_editar_movimiento','127.0.0.1'),(2022,1,'2025-12-10 19:35:28','MOVIMIENTOS-INVENTARIO','admin_movimientos_inventario','127.0.0.1'),(2023,1,'2025-12-10 20:28:43','COMPRAS-CUENTAS-POR-PAGAR','admin_cuentas_por_pagar','127.0.0.1'),(2024,1,'2025-12-10 20:28:44','COMPRAS-ENTRADAS','admin_compras_entradas','127.0.0.1'),(2025,1,'2025-12-10 20:28:46','COMPRAS-ENTRADAS-CREAR','admin_crear_compra','127.0.0.1'),(2026,1,'2025-12-10 20:29:15','COMPRAS-ENTRADAS-CREAR','admin_crear_compra','127.0.0.1'),(2027,1,'2025-12-10 20:29:15','COMPRAS-ENTRADAS','admin_compras_entradas','127.0.0.1'),(2028,1,'2025-12-10 20:29:15','COMPRAS-ENTRADAS','admin_compras_entradas','127.0.0.1'),(2029,1,'2025-12-10 20:41:09','COMPRAS-ENTRADAS','admin_compras_entradas','127.0.0.1'),(2030,1,'2025-12-10 20:41:11','COMPRAS-ENTRADAS-CREAR','admin_crear_compra','127.0.0.1'),(2031,1,'2025-12-10 20:41:11','COMPRAS-ENTRADAS-CREAR','admin_crear_compra','127.0.0.1'),(2032,1,'2025-12-10 20:41:12','COMPRAS-ENTRADAS-CREAR','admin_crear_compra','127.0.0.1'),(2033,1,'2025-12-10 20:41:12','COMPRAS-ENTRADAS-CREAR','admin_crear_compra','127.0.0.1'),(2034,1,'2025-12-10 20:41:12','COMPRAS-ENTRADAS-CREAR','admin_crear_compra','127.0.0.1'),(2035,1,'2025-12-10 20:41:12','COMPRAS-ENTRADAS-CREAR','admin_crear_compra','127.0.0.1'),(2036,1,'2025-12-10 20:41:12','COMPRAS-ENTRADAS-CREAR','admin_crear_compra','127.0.0.1'),(2037,1,'2025-12-10 20:41:13','COMPRAS-ENTRADAS-CREAR','admin_crear_compra','127.0.0.1'),(2038,1,'2025-12-10 20:41:13','COMPRAS-ENTRADAS-CREAR','admin_crear_compra','127.0.0.1'),(2039,1,'2025-12-10 20:41:13','COMPRAS-ENTRADAS-CREAR','admin_crear_compra','127.0.0.1'),(2040,1,'2025-12-10 20:41:13','COMPRAS-ENTRADAS-CREAR','admin_crear_compra','127.0.0.1'),(2041,1,'2025-12-10 20:41:13','COMPRAS-ENTRADAS-CREAR','admin_crear_compra','127.0.0.1'),(2042,1,'2025-12-10 20:41:14','COMPRAS-ENTRADAS-CREAR','admin_crear_compra','127.0.0.1'),(2043,1,'2025-12-10 20:41:14','COMPRAS-ENTRADAS-CREAR','admin_crear_compra','127.0.0.1'),(2044,1,'2025-12-10 20:41:14','COMPRAS-ENTRADAS-CREAR','admin_crear_compra','127.0.0.1'),(2045,1,'2025-12-10 20:41:14','COMPRAS-ENTRADAS-CREAR','admin_crear_compra','127.0.0.1'),(2046,1,'2025-12-10 20:41:14','COMPRAS-ENTRADAS-CREAR','admin_crear_compra','127.0.0.1'),(2047,1,'2025-12-10 20:41:15','COMPRAS-ENTRADAS-CREAR','admin_crear_compra','127.0.0.1'),(2048,1,'2025-12-10 20:41:15','COMPRAS-ENTRADAS-CREAR','admin_crear_compra','127.0.0.1'),(2049,1,'2025-12-10 20:41:17','COMPRAS-ENTRADAS-CREAR','admin_crear_compra','127.0.0.1'),(2050,1,'2025-12-10 20:41:20','COMPRAS-ENTRADAS-CREAR','admin_crear_compra','127.0.0.1'),(2051,1,'2025-12-10 20:41:22','COMPRAS-ENTRADAS-CREAR','admin_crear_compra','127.0.0.1'),(2052,1,'2025-12-10 20:41:24','COMPRAS-ENTRADAS-CREAR','admin_crear_compra','127.0.0.1'),(2053,1,'2025-12-10 20:41:24','COMPRAS-ENTRADAS-CREAR','admin_crear_compra','127.0.0.1'),(2054,1,'2025-12-10 20:41:24','COMPRAS-ENTRADAS-CREAR','admin_crear_compra','127.0.0.1'),(2055,1,'2025-12-10 20:41:25','COMPRAS-ENTRADAS-CREAR','admin_crear_compra','127.0.0.1'),(2056,1,'2025-12-10 20:41:26','COMPRAS-ENTRADAS-CREAR','admin_crear_compra','127.0.0.1'),(2057,1,'2025-12-10 20:41:26','COMPRAS-ENTRADAS-CREAR','admin_crear_compra','127.0.0.1'),(2058,1,'2025-12-10 20:41:27','COMPRAS-ENTRADAS-CREAR','admin_crear_compra','127.0.0.1'),(2059,1,'2025-12-10 20:41:27','COMPRAS-ENTRADAS-CREAR','admin_crear_compra','127.0.0.1'),(2060,1,'2025-12-10 20:41:28','COMPRAS-ENTRADAS-CREAR','admin_crear_compra','127.0.0.1'),(2061,1,'2025-12-10 20:41:28','COMPRAS-ENTRADAS-CREAR','admin_crear_compra','127.0.0.1'),(2062,1,'2025-12-10 20:41:28','COMPRAS-ENTRADAS-CREAR','admin_crear_compra','127.0.0.1'),(2063,1,'2025-12-10 20:41:29','COMPRAS-ENTRADAS-CREAR','admin_crear_compra','127.0.0.1'),(2064,1,'2025-12-10 20:41:29','COMPRAS-ENTRADAS-CREAR','admin_crear_compra','127.0.0.1'),(2065,1,'2025-12-10 20:41:29','COMPRAS-ENTRADAS-CREAR','admin_crear_compra','127.0.0.1'),(2066,1,'2025-12-10 20:41:29','COMPRAS-ENTRADAS-CREAR','admin_crear_compra','127.0.0.1'),(2067,1,'2025-12-10 20:41:30','COMPRAS-ENTRADAS-CREAR','admin_crear_compra','127.0.0.1'),(2068,1,'2025-12-10 20:41:30','COMPRAS-ENTRADAS-CREAR','admin_crear_compra','127.0.0.1'),(2069,1,'2025-12-10 20:41:30','COMPRAS-ENTRADAS-CREAR','admin_crear_compra','127.0.0.1'),(2070,1,'2025-12-10 20:41:36','COMPRAS-ENTRADAS-CREAR','admin_crear_compra','127.0.0.1'),(2071,1,'2025-12-10 20:41:36','COMPRAS-ENTRADAS-CREAR','admin_crear_compra','127.0.0.1'),(2072,1,'2025-12-10 20:41:36','COMPRAS-ENTRADAS-CREAR','admin_crear_compra','127.0.0.1'),(2073,1,'2025-12-10 20:41:37','COMPRAS-ENTRADAS-CREAR','admin_crear_compra','127.0.0.1'),(2074,1,'2025-12-10 20:41:37','COMPRAS-ENTRADAS-CREAR','admin_crear_compra','127.0.0.1'),(2075,1,'2025-12-10 20:41:37','COMPRAS-ENTRADAS-CREAR','admin_crear_compra','127.0.0.1'),(2076,1,'2025-12-10 20:41:38','COMPRAS-ENTRADAS-CREAR','admin_crear_compra','127.0.0.1'),(2077,1,'2025-12-10 20:41:38','COMPRAS-ENTRADAS-CREAR','admin_crear_compra','127.0.0.1'),(2078,1,'2025-12-10 20:41:38','COMPRAS-ENTRADAS-CREAR','admin_crear_compra','127.0.0.1'),(2079,1,'2025-12-10 20:41:39','COMPRAS-ENTRADAS-CREAR','admin_crear_compra','127.0.0.1'),(2080,1,'2025-12-10 20:41:39','COMPRAS-ENTRADAS-CREAR','admin_crear_compra','127.0.0.1'),(2081,1,'2025-12-10 20:41:39','COMPRAS-ENTRADAS-CREAR','admin_crear_compra','127.0.0.1'),(2082,1,'2025-12-10 20:41:40','COMPRAS-ENTRADAS-CREAR','admin_crear_compra','127.0.0.1'),(2083,1,'2025-12-10 20:41:40','COMPRAS-ENTRADAS-CREAR','admin_crear_compra','127.0.0.1'),(2084,1,'2025-12-10 20:41:41','COMPRAS-ENTRADAS-CREAR','admin_crear_compra','127.0.0.1'),(2085,1,'2025-12-10 20:41:41','COMPRAS-ENTRADAS-CREAR','admin_crear_compra','127.0.0.1'),(2086,1,'2025-12-10 20:41:41','COMPRAS-ENTRADAS-CREAR','admin_crear_compra','127.0.0.1'),(2087,1,'2025-12-10 20:41:42','COMPRAS-ENTRADAS-CREAR','admin_crear_compra','127.0.0.1'),(2088,1,'2025-12-10 20:41:42','COMPRAS-ENTRADAS-CREAR','admin_crear_compra','127.0.0.1'),(2089,1,'2025-12-10 20:41:42','COMPRAS-ENTRADAS-CREAR','admin_crear_compra','127.0.0.1'),(2090,1,'2025-12-10 20:42:12','COMPRAS-ENTRADAS-CREAR','admin_crear_compra','127.0.0.1'),(2091,1,'2025-12-10 20:42:13','COMPRAS-ENTRADAS-CREAR','admin_crear_compra','127.0.0.1'),(2092,1,'2025-12-10 20:42:13','COMPRAS-ENTRADAS-CREAR','admin_crear_compra','127.0.0.1'),(2093,1,'2025-12-10 20:42:13','COMPRAS-ENTRADAS-CREAR','admin_crear_compra','127.0.0.1'),(2094,1,'2025-12-10 20:42:14','COMPRAS-ENTRADAS-CREAR','admin_crear_compra','127.0.0.1'),(2095,1,'2025-12-10 20:42:14','COMPRAS-ENTRADAS-CREAR','admin_crear_compra','127.0.0.1'),(2096,1,'2025-12-10 20:42:14','COMPRAS-ENTRADAS-CREAR','admin_crear_compra','127.0.0.1'),(2097,1,'2025-12-10 20:42:15','COMPRAS-ENTRADAS-CREAR','admin_crear_compra','127.0.0.1'),(2098,1,'2025-12-10 20:42:15','COMPRAS-ENTRADAS-CREAR','admin_crear_compra','127.0.0.1'),(2099,1,'2025-12-10 20:42:15','COMPRAS-ENTRADAS-CREAR','admin_crear_compra','127.0.0.1'),(2100,1,'2025-12-10 20:42:16','COMPRAS-ENTRADAS-CREAR','admin_crear_compra','127.0.0.1'),(2101,1,'2025-12-10 20:42:16','COMPRAS-ENTRADAS-CREAR','admin_crear_compra','127.0.0.1'),(2102,1,'2025-12-10 20:42:16','COMPRAS-ENTRADAS-CREAR','admin_crear_compra','127.0.0.1'),(2103,1,'2025-12-10 20:42:17','COMPRAS-ENTRADAS-CREAR','admin_crear_compra','127.0.0.1'),(2104,1,'2025-12-10 20:42:17','COMPRAS-ENTRADAS-CREAR','admin_crear_compra','127.0.0.1'),(2105,1,'2025-12-10 20:42:17','COMPRAS-ENTRADAS-CREAR','admin_crear_compra','127.0.0.1'),(2106,1,'2025-12-10 20:42:17','COMPRAS-ENTRADAS-CREAR','admin_crear_compra','127.0.0.1'),(2107,1,'2025-12-10 20:42:18','COMPRAS-ENTRADAS-CREAR','admin_crear_compra','127.0.0.1'),(2108,1,'2025-12-10 20:42:18','COMPRAS-ENTRADAS-CREAR','admin_crear_compra','127.0.0.1'),(2109,1,'2025-12-10 20:42:18','COMPRAS-ENTRADAS-CREAR','admin_crear_compra','127.0.0.1'),(2110,1,'2025-12-10 20:43:19','COMPRAS-ENTRADAS-CREAR','admin_crear_compra','127.0.0.1'),(2111,1,'2025-12-10 20:43:19','COMPRAS-ENTRADAS-CREAR','admin_crear_compra','127.0.0.1'),(2112,1,'2025-12-10 20:43:20','COMPRAS-ENTRADAS-CREAR','admin_crear_compra','127.0.0.1'),(2113,1,'2025-12-10 20:43:20','COMPRAS-ENTRADAS-CREAR','admin_crear_compra','127.0.0.1'),(2114,1,'2025-12-10 20:43:21','COMPRAS-ENTRADAS-CREAR','admin_crear_compra','127.0.0.1'),(2115,1,'2025-12-10 20:43:21','COMPRAS-ENTRADAS-CREAR','admin_crear_compra','127.0.0.1'),(2116,1,'2025-12-10 20:43:22','COMPRAS-ENTRADAS-CREAR','admin_crear_compra','127.0.0.1'),(2117,1,'2025-12-10 20:43:22','COMPRAS-ENTRADAS-CREAR','admin_crear_compra','127.0.0.1'),(2118,1,'2025-12-10 20:43:22','COMPRAS-ENTRADAS-CREAR','admin_crear_compra','127.0.0.1'),(2119,1,'2025-12-10 20:43:23','COMPRAS-ENTRADAS-CREAR','admin_crear_compra','127.0.0.1'),(2120,1,'2025-12-10 20:43:23','COMPRAS-ENTRADAS-CREAR','admin_crear_compra','127.0.0.1'),(2121,1,'2025-12-10 20:43:23','COMPRAS-ENTRADAS-CREAR','admin_crear_compra','127.0.0.1'),(2122,1,'2025-12-10 20:43:23','COMPRAS-ENTRADAS-CREAR','admin_crear_compra','127.0.0.1'),(2123,1,'2025-12-10 20:43:25','COMPRAS-ENTRADAS-CREAR','admin_crear_compra','127.0.0.1'),(2124,1,'2025-12-10 20:43:25','COMPRAS-ENTRADAS-CREAR','admin_crear_compra','127.0.0.1'),(2125,1,'2025-12-10 20:43:25','COMPRAS-ENTRADAS-CREAR','admin_crear_compra','127.0.0.1'),(2126,1,'2025-12-10 20:43:26','COMPRAS-ENTRADAS-CREAR','admin_crear_compra','127.0.0.1'),(2127,1,'2025-12-10 20:43:26','COMPRAS-ENTRADAS-CREAR','admin_crear_compra','127.0.0.1'),(2128,1,'2025-12-10 20:43:27','COMPRAS-ENTRADAS-CREAR','admin_crear_compra','127.0.0.1'),(2129,1,'2025-12-10 20:43:27','COMPRAS-ENTRADAS-CREAR','admin_crear_compra','127.0.0.1'),(2130,1,'2025-12-10 20:45:18','COMPRAS-ENTRADAS-CREAR','admin_crear_compra','127.0.0.1'),(2131,1,'2025-12-10 20:45:18','COMPRAS-ENTRADAS-CREAR','admin_crear_compra','127.0.0.1'),(2132,1,'2025-12-10 20:45:18','COMPRAS-ENTRADAS-CREAR','admin_crear_compra','127.0.0.1'),(2133,1,'2025-12-10 20:45:18','COMPRAS-ENTRADAS-CREAR','admin_crear_compra','127.0.0.1'),(2134,1,'2025-12-10 20:45:18','COMPRAS-ENTRADAS-CREAR','admin_crear_compra','127.0.0.1'),(2135,1,'2025-12-10 20:45:19','COMPRAS-ENTRADAS-CREAR','admin_crear_compra','127.0.0.1'),(2136,1,'2025-12-10 20:45:19','COMPRAS-ENTRADAS-CREAR','admin_crear_compra','127.0.0.1'),(2137,1,'2025-12-10 20:45:19','COMPRAS-ENTRADAS-CREAR','admin_crear_compra','127.0.0.1'),(2138,1,'2025-12-10 20:45:19','COMPRAS-ENTRADAS-CREAR','admin_crear_compra','127.0.0.1'),(2139,1,'2025-12-10 20:45:20','COMPRAS-ENTRADAS-CREAR','admin_crear_compra','127.0.0.1'),(2140,1,'2025-12-10 20:45:20','COMPRAS-ENTRADAS-CREAR','admin_crear_compra','127.0.0.1'),(2141,1,'2025-12-10 20:45:20','COMPRAS-ENTRADAS-CREAR','admin_crear_compra','127.0.0.1'),(2142,1,'2025-12-10 20:45:20','COMPRAS-ENTRADAS-CREAR','admin_crear_compra','127.0.0.1'),(2143,1,'2025-12-10 20:45:20','COMPRAS-ENTRADAS-CREAR','admin_crear_compra','127.0.0.1'),(2144,1,'2025-12-10 20:45:20','COMPRAS-ENTRADAS-CREAR','admin_crear_compra','127.0.0.1'),(2145,1,'2025-12-10 20:45:21','COMPRAS-ENTRADAS-CREAR','admin_crear_compra','127.0.0.1'),(2146,1,'2025-12-10 20:45:21','COMPRAS-ENTRADAS-CREAR','admin_crear_compra','127.0.0.1'),(2147,1,'2025-12-10 20:45:21','COMPRAS-ENTRADAS-CREAR','admin_crear_compra','127.0.0.1'),(2148,1,'2025-12-10 20:45:21','COMPRAS-ENTRADAS-CREAR','admin_crear_compra','127.0.0.1'),(2149,1,'2025-12-10 20:45:21','COMPRAS-ENTRADAS-CREAR','admin_crear_compra','127.0.0.1'),(2150,1,'2025-12-10 20:45:23','COMPRAS-ENTRADAS-CREAR','admin_crear_compra','127.0.0.1'),(2151,1,'2025-12-10 20:45:23','COMPRAS-ENTRADAS-CREAR','admin_crear_compra','127.0.0.1'),(2152,1,'2025-12-10 20:45:23','COMPRAS-ENTRADAS-CREAR','admin_crear_compra','127.0.0.1'),(2153,1,'2025-12-10 20:45:23','COMPRAS-ENTRADAS-CREAR','admin_crear_compra','127.0.0.1'),(2154,1,'2025-12-10 20:45:24','COMPRAS-ENTRADAS-CREAR','admin_crear_compra','127.0.0.1'),(2155,1,'2025-12-10 20:45:24','COMPRAS-ENTRADAS-CREAR','admin_crear_compra','127.0.0.1'),(2156,1,'2025-12-10 20:45:24','COMPRAS-ENTRADAS-CREAR','admin_crear_compra','127.0.0.1'),(2157,1,'2025-12-10 20:45:24','COMPRAS-ENTRADAS-CREAR','admin_crear_compra','127.0.0.1'),(2158,1,'2025-12-10 20:45:25','COMPRAS-ENTRADAS-CREAR','admin_crear_compra','127.0.0.1'),(2159,1,'2025-12-10 20:45:25','COMPRAS-ENTRADAS-CREAR','admin_crear_compra','127.0.0.1'),(2160,1,'2025-12-10 20:45:44','COMPRAS-ENTRADAS','admin_compras_entradas','127.0.0.1'),(2161,1,'2025-12-10 20:45:52','COMPRAS-ENTRADAS-CREAR','admin_crear_compra','127.0.0.1'),(2162,1,'2025-12-10 20:45:56','HISTORIAL-MOVIMIENTOS','admin_historial_movimientos','127.0.0.1'),(2163,1,'2025-12-10 21:30:23','AUTH','LOGIN_EXITOSO','127.0.0.1'),(2164,1,'2025-12-10 21:31:00','HISTORIAL-MOVIMIENTOS','admin_historial_movimientos','127.0.0.1'),(2165,1,'2025-12-10 22:34:54','AUTH','LOGIN_EXITOSO','127.0.0.1'),(2166,1,'2025-12-10 22:34:57','HISTORIAL-MOVIMIENTOS','admin_historial_movimientos','127.0.0.1'),(2167,1,'2025-12-11 18:38:10','AUTH','LOGIN_EXITOSO','127.0.0.1'),(2168,1,'2025-12-11 18:38:15','HISTORIAL-MOVIMIENTOS','admin_historial_movimientos','127.0.0.1'),(2169,1,'2025-12-11 18:46:37','AUTH','LOGIN_EXITOSO','127.0.0.1'),(2170,1,'2025-12-11 18:46:41','HISTORIAL-MOVIMIENTOS','admin_historial_movimientos','127.0.0.1'),(2171,1,'2025-12-11 18:47:29','HISTORIAL-MOVIMIENTOS','admin_historial_movimientos','127.0.0.1'),(2172,1,'2025-12-11 18:48:55','PROCESAR-ENTRADA','admin_procesar_entrada','127.0.0.1'),(2173,1,'2025-12-11 18:49:08','COMPRAS-ENTRADAS','admin_compras_entradas','127.0.0.1'),(2174,1,'2025-12-11 18:49:17','HISTORIAL-MOVIMIENTOS','admin_historial_movimientos','127.0.0.1'),(2175,1,'2025-12-11 18:51:33','COMPRAS-ENTRADAS','admin_compras_entradas','127.0.0.1'),(2176,1,'2025-12-11 18:51:36','COMPRAS-ENTRADAS-CREAR','admin_crear_compra','127.0.0.1'),(2177,1,'2025-12-11 18:52:01','COMPRAS-ENTRADAS-CREAR','admin_crear_compra','127.0.0.1'),(2178,1,'2025-12-11 18:52:01','COMPRAS-ENTRADAS','admin_compras_entradas','127.0.0.1'),(2179,1,'2025-12-11 18:52:01','COMPRAS-ENTRADAS','admin_compras_entradas','127.0.0.1'),(2180,1,'2025-12-11 18:52:05','VENTAS-SALIDAS','admin_ventas_salidas','127.0.0.1'),(2181,1,'2025-12-11 18:52:13','COMPRAS-ENTRADAS','admin_compras_entradas','127.0.0.1'),(2182,1,'2025-12-11 18:52:15','COMPRAS-ENTRADAS-CREAR','admin_crear_compra','127.0.0.1'),(2183,1,'2025-12-11 18:52:53','VENTAS-SALIDAS','admin_ventas_salidas','127.0.0.1'),(2184,1,'2025-12-11 18:52:55','CREAR_VENTA','admin_crear_venta','127.0.0.1'),(2185,1,'2025-12-12 09:16:22','AUTH','LOGIN_EXITOSO','127.0.0.1'),(2186,1,'2025-12-12 09:18:56','COMPRAS-ENTRADAS','admin_compras_entradas','127.0.0.1'),(2187,1,'2025-12-12 09:19:01','HISTORIAL-MOVIMIENTOS','admin_historial_movimientos','127.0.0.1'),(2188,1,'2025-12-12 09:23:02','HISTORIAL-MOVIMIENTOS','admin_historial_movimientos','127.0.0.1'),(2189,1,'2025-12-12 09:23:28','PROCESAR-SALIDA','admin_procesar_salida','127.0.0.1'),(2190,1,'2025-12-12 09:23:36','HISTORIAL-MOVIMIENTOS','admin_historial_movimientos','127.0.0.1'),(2191,1,'2025-12-12 22:21:38','AUTH','LOGIN_EXITOSO','127.0.0.1'),(2192,1,'2025-12-12 22:21:45','USUARIOS','admin_usuarios','127.0.0.1'),(2193,1,'2025-12-12 22:24:28','USUARIOS','CREAR_USUARUI: Fared_Delgado','127.0.0.1'),(2194,1,'2025-12-12 22:24:28','USUARIOS','crear_usuario','127.0.0.1'),(2195,1,'2025-12-12 22:24:29','USUARIOS','admin_usuarios','127.0.0.1'),(2196,1,'2025-12-12 22:24:43','USUARIOS','admin_usuarios','127.0.0.1'),(2197,1,'2025-12-12 22:25:18','VENTAS-SALIDAS','admin_ventas_salidas','127.0.0.1'),(2198,1,'2025-12-12 22:25:22','AUTH','LOGOUT','127.0.0.1'),(2199,4,'2025-12-12 22:25:25','AUTH','LOGIN_EXITOSO','127.0.0.1'),(2200,4,'2025-12-12 22:25:31','COMPRAS-ENTRADAS','admin_compras_entradas','127.0.0.1'),(2201,4,'2025-12-12 22:25:32','COMPRAS-ENTRADAS-CREAR','admin_crear_compra','127.0.0.1'),(2202,4,'2025-12-12 22:26:14','COMPRAS-ENTRADAS-CREAR','admin_crear_compra','127.0.0.1'),(2203,4,'2025-12-12 22:26:14','COMPRAS-ENTRADAS','admin_compras_entradas','127.0.0.1'),(2204,4,'2025-12-12 22:26:14','COMPRAS-ENTRADAS','admin_compras_entradas','127.0.0.1'),(2205,4,'2025-12-12 22:26:26','VENTAS-SALIDAS','admin_ventas_salidas','127.0.0.1'),(2206,4,'2025-12-12 22:26:29','CREAR_VENTA','admin_crear_venta','127.0.0.1'),(2207,4,'2025-12-12 22:26:56','CREAR_VENTA','admin_crear_venta','127.0.0.1'),(2208,4,'2025-12-12 22:27:43','VENTAS-SALIDAS','admin_ventas_salidas','127.0.0.1'),(2209,4,'2025-12-12 22:27:48','VENTAS-SALIDAS','admin_ventas_salidas','127.0.0.1'),(2210,4,'2025-12-12 22:37:06','VENTAS-SALIDAS','admin_ventas_salidas','127.0.0.1'),(2211,4,'2025-12-12 22:42:02','VENTAS-SALIDAS','admin_ventas_salidas','127.0.0.1'),(2212,1,'2025-12-12 22:45:42','AUTH','LOGIN_EXITOSO','127.0.0.1'),(2213,1,'2025-12-12 22:45:49','VENTAS-SALIDAS','admin_ventas_salidas','127.0.0.1'),(2214,1,'2025-12-12 22:46:08','DETALLES_VENTA','admin_detalles_venta','127.0.0.1'),(2215,4,'2025-12-12 22:46:50','VENTAS-SALIDAS','admin_ventas_salidas','127.0.0.1'),(2216,1,'2025-12-12 22:47:23','DETALLES_VENTA','admin_detalles_venta','127.0.0.1'),(2217,1,'2025-12-12 22:48:20','VENTAS-SALIDAS','admin_ventas_salidas','127.0.0.1'),(2218,1,'2025-12-12 22:48:22','CREAR_VENTA','admin_crear_venta','127.0.0.1'),(2219,1,'2025-12-12 22:48:30','COMPRAS-ENTRADAS','admin_compras_entradas','127.0.0.1'),(2220,1,'2025-12-12 22:48:41','VENTAS-SALIDAS','admin_ventas_salidas','127.0.0.1'),(2221,4,'2025-12-12 22:55:32','VENTAS-SALIDAS','admin_ventas_salidas','127.0.0.1'),(2222,4,'2025-12-12 22:55:49','VENTAS-SALIDAS','admin_ventas_salidas','127.0.0.1'),(2223,1,'2025-12-12 22:56:00','VENTAS-SALIDAS','admin_ventas_salidas','127.0.0.1'),(2224,1,'2025-12-12 22:56:05','DETALLES_VENTA','admin_detalles_venta','127.0.0.1'),(2225,1,'2025-12-12 22:56:15','VENTAS-SALIDAS','admin_ventas_salidas','127.0.0.1'),(2226,1,'2025-12-12 22:56:25','VENTAS-SALIDAS','admin_ventas_salidas','127.0.0.1'),(2227,1,'2025-12-12 22:56:53','DETALLES_VENTA','admin_detalles_venta','127.0.0.1'),(2228,4,'2025-12-12 23:02:45','VENTAS-SALIDAS','admin_ventas_salidas','127.0.0.1'),(2229,4,'2025-12-12 23:02:52','VENTAS-SALIDAS','admin_ventas_salidas','127.0.0.1'),(2230,4,'2025-12-12 23:17:55','VENTAS-SALIDAS','admin_ventas_salidas','127.0.0.1'),(2231,4,'2025-12-12 23:18:46','EDITAR_VENTA','admin_editar_venta','127.0.0.1'),(2232,4,'2025-12-12 23:18:47','DETALLES_VENTA','admin_detalles_venta','127.0.0.1'),(2233,4,'2025-12-12 23:19:03','VENTAS-SALIDAS','admin_ventas_salidas','127.0.0.1'),(2234,4,'2025-12-12 23:19:24','VENTAS-SALIDAS','admin_ventas_salidas','127.0.0.1'),(2235,4,'2025-12-13 06:14:37','AUTH','LOGIN_EXITOSO','127.0.0.1'),(2236,4,'2025-12-13 06:14:50','VENTAS-SALIDAS','admin_ventas_salidas','127.0.0.1'),(2237,4,'2025-12-13 06:14:55','VENTAS-SALIDAS','admin_ventas_salidas','127.0.0.1'),(2238,1,'2025-12-13 06:33:08','AUTH','LOGIN_EXITOSO','127.0.0.1'),(2239,1,'2025-12-13 06:33:16','VENTAS-SALIDAS','admin_ventas_salidas','127.0.0.1'),(2240,4,'2025-12-13 06:33:31','VENTAS-SALIDAS','admin_ventas_salidas','127.0.0.1'),(2241,1,'2025-12-13 06:33:39','DETALLES_VENTA','admin_detalles_venta','127.0.0.1'),(2242,1,'2025-12-13 06:33:44','CREAR_VENTA','admin_crear_venta','127.0.0.1'),(2243,1,'2025-12-13 06:34:29','DETALLES_VENTA','admin_detalles_venta','127.0.0.1'),(2244,4,'2025-12-13 07:20:07','VENTAS-SALIDAS','admin_ventas_salidas','127.0.0.1'),(2245,4,'2025-12-16 09:07:50','AUTH','LOGIN_EXITOSO','127.0.0.1'),(2246,4,'2025-12-16 09:08:58','HISTORIAL-MOVIMIENTOS','admin_historial_movimientos','127.0.0.1'),(2247,4,'2025-12-16 09:12:16','MOVIMIENTOS-INVENTARIO','admin_movimientos_inventario','127.0.0.1'),(2248,4,'2025-12-16 09:19:19','EDITAR-MOVIMIENTO-INVENTARIO','admin_editar_movimiento','127.0.0.1'),(2249,4,'2025-12-16 09:19:26','MOVIMIENTOS-INVENTARIO','admin_movimientos_inventario','127.0.0.1'),(2250,4,'2025-12-16 09:21:19','MOVIMIENTOS-INVENTARIO','admin_movimientos_inventario','127.0.0.1'),(2251,4,'2025-12-16 09:21:43','CREAR-MOVIMIENTO-INVENTARIO','admin_crear_movimiento','127.0.0.1'),(2252,4,'2025-12-16 09:21:43','MOVIMIENTOS-INVENTARIO','admin_movimientos_inventario','127.0.0.1'),(2253,4,'2025-12-16 09:25:56','EDITAR-MOVIMIENTO-INVENTARIO','admin_editar_movimiento','127.0.0.1'),(2254,4,'2025-12-16 09:26:16','EDITAR-MOVIMIENTO-INVENTARIO','admin_editar_movimiento','127.0.0.1'),(2255,4,'2025-12-16 09:26:16','MOVIMIENTOS-INVENTARIO','admin_movimientos_inventario','127.0.0.1'),(2256,4,'2025-12-16 09:27:02','CREAR-MOVIMIENTO-INVENTARIO','admin_crear_movimiento','127.0.0.1'),(2257,4,'2025-12-16 09:27:03','MOVIMIENTOS-INVENTARIO','admin_movimientos_inventario','127.0.0.1'),(2258,4,'2025-12-16 09:28:29','MOVIMIENTOS-INVENTARIO','admin_movimientos_inventario','127.0.0.1'),(2259,4,'2025-12-16 09:29:07','HISTORIAL-MOVIMIENTOS','admin_historial_movimientos','127.0.0.1'),(2260,4,'2025-12-16 09:30:21','PROCESAR-SALIDA','admin_procesar_salida','127.0.0.1'),(2261,4,'2025-12-16 09:30:29','HISTORIAL-MOVIMIENTOS','admin_historial_movimientos','127.0.0.1'),(2262,4,'2025-12-16 09:32:40','AUTH','LOGIN_EXITOSO','127.0.0.1'),(2263,4,'2025-12-16 09:32:44','MOVIMIENTOS-INVENTARIO','admin_movimientos_inventario','127.0.0.1'),(2264,4,'2025-12-16 09:32:55','HISTORIAL-MOVIMIENTOS','admin_historial_movimientos','127.0.0.1'),(2265,4,'2025-12-16 09:35:41','AUTH','LOGIN_EXITOSO','127.0.0.1'),(2266,4,'2025-12-16 09:35:50','HISTORIAL-MOVIMIENTOS','admin_historial_movimientos','127.0.0.1'),(2267,4,'2025-12-16 09:53:31','AUTH','LOGIN_EXITOSO','127.0.0.1'),(2268,4,'2025-12-16 09:53:33','HISTORIAL-MOVIMIENTOS','admin_historial_movimientos','127.0.0.1'),(2269,4,'2025-12-16 09:54:30','PRODUCTOS','admin_productos','127.0.0.1'),(2270,4,'2025-12-16 09:54:33','EDITAR_PRODUCTO','admin_editar_producto','127.0.0.1'),(2271,4,'2025-12-16 09:54:46','EDITAR_PRODUCTO','admin_editar_producto','127.0.0.1'),(2272,4,'2025-12-16 09:54:46','EDITAR_PRODUCTO','admin_editar_producto','127.0.0.1'),(2273,4,'2025-12-16 09:55:20','EDITAR_PRODUCTO','admin_editar_producto','127.0.0.1'),(2274,4,'2025-12-16 09:55:20','EDITAR_PRODUCTO','admin_editar_producto','127.0.0.1'),(2275,4,'2025-12-16 09:55:30','PRODUCTOS','admin_productos','127.0.0.1'),(2276,4,'2025-12-16 09:55:36','HISTORIAL-MOVIMIENTOS','admin_historial_movimientos','127.0.0.1'),(2277,4,'2025-12-16 09:56:26','PROCESAR-SALIDA','admin_procesar_salida','127.0.0.1'),(2278,4,'2025-12-16 09:56:41','HISTORIAL-MOVIMIENTOS','admin_historial_movimientos','127.0.0.1'),(2279,4,'2025-12-16 09:57:02','VENTAS-SALIDAS','admin_ventas_salidas','127.0.0.1'),(2280,4,'2025-12-16 09:57:04','EDITAR_VENTA','admin_editar_venta','127.0.0.1'),(2281,4,'2025-12-16 09:57:04','DETALLES_VENTA','admin_detalles_venta','127.0.0.1'),(2282,4,'2025-12-16 10:02:39','VENTAS-SALIDAS','admin_ventas_salidas','127.0.0.1'),(2283,4,'2025-12-16 10:02:46','EDITAR_VENTA','admin_editar_venta','127.0.0.1'),(2284,4,'2025-12-16 10:02:46','DETALLES_VENTA','admin_detalles_venta','127.0.0.1'),(2285,4,'2025-12-16 10:03:02','COMPRAS-ENTRADAS','admin_compras_entradas','127.0.0.1'),(2286,4,'2025-12-16 10:03:04','COMPRAS-ENTRADAS-EDITAR','admin_editar_compra','127.0.0.1'),(2287,4,'2025-12-16 10:03:16','COMPRAS-ENTRADAS','admin_compras_entradas','127.0.0.1'),(2288,4,'2025-12-16 10:49:19','AUTH','LOGIN_EXITOSO','127.0.0.1'),(2289,4,'2025-12-16 10:49:26','VENTAS-SALIDAS','admin_ventas_salidas','127.0.0.1'),(2290,4,'2025-12-16 10:49:50','DETALLES_VENTA','admin_detalles_venta','127.0.0.1'),(2291,4,'2025-12-16 10:50:08','CREAR_VENTA','admin_crear_venta','127.0.0.1'),(2292,4,'2025-12-16 10:50:34','CREAR_VENTA','admin_crear_venta','127.0.0.1'),(2293,4,'2025-12-16 10:50:41','VENTAS-SALIDAS','admin_ventas_salidas','127.0.0.1'),(2294,4,'2025-12-16 10:57:53','AUTH','LOGIN_EXITOSO','127.0.0.1'),(2295,4,'2025-12-16 10:57:56','HISTORIAL-MOVIMIENTOS','admin_historial_movimientos','127.0.0.1'),(2296,4,'2025-12-16 10:57:58','HISTORIAL-MOVIMIENTOS','admin_historial_movimientos','127.0.0.1'),(2297,4,'2025-12-16 11:00:26','AUTH','LOGIN_EXITOSO','127.0.0.1'),(2298,4,'2025-12-16 11:00:29','HISTORIAL-MOVIMIENTOS','admin_historial_movimientos','127.0.0.1'),(2299,4,'2025-12-16 11:01:53','HISTORIAL-MOVIMIENTOS','admin_historial_movimientos','127.0.0.1'),(2300,4,'2025-12-16 11:03:55','HISTORIAL-MOVIMIENTOS','admin_historial_movimientos','127.0.0.1'),(2301,4,'2025-12-16 11:04:37','PROCESAR-ENTRADA','admin_procesar_entrada','127.0.0.1'),(2302,4,'2025-12-16 11:05:43','HISTORIAL-MOVIMIENTOS','admin_historial_movimientos','127.0.0.1'),(2303,4,'2025-12-16 11:05:46','VENTAS-SALIDAS','admin_ventas_salidas','127.0.0.1'),(2304,4,'2025-12-16 11:05:49','COMPRAS-ENTRADAS','admin_compras_entradas','127.0.0.1'),(2305,4,'2025-12-16 11:31:37','COMPRAS-ENTRADAS-CREAR','admin_crear_compra','127.0.0.1'),(2306,4,'2025-12-16 11:32:09','COMPRAS-ENTRADAS-CREAR','admin_crear_compra','127.0.0.1'),(2307,4,'2025-12-16 11:32:09','COMPRAS-ENTRADAS','admin_compras_entradas','127.0.0.1'),(2308,4,'2025-12-16 11:32:09','COMPRAS-ENTRADAS','admin_compras_entradas','127.0.0.1'),(2309,4,'2025-12-16 11:32:16','COMPRAS-ENTRADAS-DETALLE-COMPLETO','admin_detalle_compra_completo','127.0.0.1'),(2310,4,'2025-12-16 11:56:48','AUTH','LOGIN_EXITOSO','127.0.0.1'),(2311,4,'2025-12-16 11:56:50','COMPRAS-ENTRADAS','admin_compras_entradas','127.0.0.1'),(2312,4,'2025-12-16 12:16:21','COMPRAS-ENTRADAS','admin_compras_entradas','127.0.0.1'),(2313,4,'2025-12-16 12:16:33','COMPRAS-ENTRADAS-EDITAR','admin_editar_compra','127.0.0.1'),(2314,4,'2025-12-16 12:16:39','COMPRAS-ENTRADAS','admin_compras_entradas','127.0.0.1'),(2315,4,'2025-12-16 12:43:38','COMPRAS-ENTRADAS','admin_compras_entradas','127.0.0.1'),(2316,4,'2025-12-16 12:44:11','COMPRAS-ENTRADAS','admin_compras_entradas','127.0.0.1'),(2317,4,'2025-12-16 12:45:28','COMPRAS-ENTRADAS','admin_compras_entradas','127.0.0.1'),(2318,4,'2025-12-16 12:49:32','AUTH','LOGIN_EXITOSO','127.0.0.1'),(2319,4,'2025-12-16 12:49:35','HISTORIAL-MOVIMIENTOS','admin_historial_movimientos','127.0.0.1'),(2320,4,'2025-12-16 12:49:38','COMPRAS-ENTRADAS','admin_compras_entradas','127.0.0.1'),(2321,NULL,'2025-12-16 13:37:34','AUTH','LOGIN_FALLIDO: contraseña no encontrado o inactivo - Usuario: Rogelia@ferdel.com','127.0.0.1'),(2322,NULL,'2025-12-16 13:37:36','AUTH','LOGIN_FALLIDO: contraseña no encontrado o inactivo - Usuario: Rogelia@ferdel.com','127.0.0.1'),(2323,NULL,'2025-12-16 13:37:39','AUTH','LOGIN_FALLIDO: contraseña no encontrado o inactivo - Usuario: Rogelia@ferdel.com','127.0.0.1'),(2324,NULL,'2025-12-16 13:37:39','AUTH','LOGIN_FALLIDO: contraseña no encontrado o inactivo - Usuario: Rogelia@ferdel.com','127.0.0.1'),(2325,NULL,'2025-12-16 13:37:40','AUTH','LOGIN_FALLIDO: contraseña no encontrado o inactivo - Usuario: Rogelia@ferdel.com','127.0.0.1'),(2326,NULL,'2025-12-16 13:37:40','AUTH','LOGIN_FALLIDO: contraseña no encontrado o inactivo - Usuario: Rogelia@ferdel.com','127.0.0.1'),(2327,NULL,'2025-12-16 13:38:02','AUTH','LOGIN_FALLIDO: contraseña no encontrado o inactivo - Usuario: Rogelia@ferdel.com','127.0.0.1'),(2328,1,'2025-12-16 13:38:08','AUTH','LOGIN_EXITOSO','127.0.0.1'),(2329,1,'2025-12-16 13:38:13','PRODUCTOS','admin_productos','127.0.0.1'),(2330,1,'2025-12-16 13:38:18','HISTORIAL-MOVIMIENTOS','admin_historial_movimientos','127.0.0.1'),(2331,1,'2025-12-16 13:38:31','HISTORIAL-MOVIMIENTOS','admin_historial_movimientos','127.0.0.1'),(2332,1,'2025-12-16 13:38:33','HISTORIAL-MOVIMIENTOS','admin_historial_movimientos','127.0.0.1'),(2333,1,'2025-12-16 13:38:37','COMPRAS-ENTRADAS','admin_compras_entradas','127.0.0.1'),(2334,1,'2025-12-16 14:04:55','AUTH','LOGIN_EXITOSO','127.0.0.1'),(2335,1,'2025-12-16 14:05:04','COMPRAS-ENTRADAS','admin_compras_entradas','127.0.0.1'),(2336,1,'2025-12-16 14:07:59','AUTH','LOGIN_EXITOSO','127.0.0.1'),(2337,1,'2025-12-16 14:08:01','COMPRAS-ENTRADAS','admin_compras_entradas','127.0.0.1'),(2338,1,'2025-12-16 14:17:58','COMPRAS-ENTRADAS','admin_compras_entradas','127.0.0.1'),(2339,1,'2025-12-16 14:19:18','COMPRAS-ENTRADAS','admin_compras_entradas','127.0.0.1'),(2340,1,'2025-12-16 14:19:26','COMPRAS-ENTRADAS','admin_compras_entradas','127.0.0.1'),(2341,1,'2025-12-16 14:19:28','COMPRAS-ENTRADAS','admin_compras_entradas','127.0.0.1'),(2342,1,'2025-12-16 14:19:29','COMPRAS-ENTRADAS','admin_compras_entradas','127.0.0.1'),(2343,1,'2025-12-16 14:19:29','COMPRAS-ENTRADAS','admin_compras_entradas','127.0.0.1'),(2344,1,'2025-12-16 14:19:29','COMPRAS-ENTRADAS','admin_compras_entradas','127.0.0.1'),(2345,1,'2025-12-16 14:19:33','COMPRAS-ENTRADAS-EDITAR','admin_editar_compra','127.0.0.1'),(2346,1,'2025-12-16 14:20:00','COMPRAS-ENTRADAS','admin_compras_entradas','127.0.0.1'),(2347,1,'2025-12-16 14:20:11','COMPRAS-ENTRADAS','admin_compras_entradas','127.0.0.1'),(2348,1,'2025-12-16 14:24:44','COMPRAS-ENTRADAS','admin_compras_entradas','127.0.0.1'),(2349,1,'2025-12-16 14:24:51','COMPRAS-ENTRADAS-EDITAR','admin_editar_compra','127.0.0.1'),(2350,1,'2025-12-16 14:25:07','COMPRAS-ENTRADAS-DETALLE-COMPLETO','admin_detalle_compra_completo','127.0.0.1'),(2351,1,'2025-12-16 14:25:10','COMPRAS-ENTRADAS','admin_compras_entradas','127.0.0.1'),(2352,1,'2025-12-16 14:28:54','COMPRAS-ENTRADAS','admin_compras_entradas','127.0.0.1'),(2353,1,'2025-12-16 14:29:31','AUTH','LOGIN_EXITOSO','127.0.0.1'),(2354,1,'2025-12-16 14:29:35','COMPRAS-ENTRADAS','admin_compras_entradas','127.0.0.1'),(2355,1,'2025-12-16 14:37:13','AUTH','LOGIN_EXITOSO','127.0.0.1'),(2356,1,'2025-12-16 14:37:17','COMPRAS-ENTRADAS','admin_compras_entradas','127.0.0.1'),(2357,1,'2025-12-16 14:37:58','COMPRAS-ENTRADAS-EDITAR','admin_editar_compra','127.0.0.1'),(2358,1,'2025-12-16 14:38:08','COMPRAS-ENTRADAS-DETALLE-COMPLETO','admin_detalle_compra_completo','127.0.0.1'),(2359,1,'2025-12-16 14:38:11','COMPRAS-ENTRADAS-EDITAR','admin_editar_compra','127.0.0.1'),(2360,1,'2025-12-16 14:42:19','COMPRAS-ENTRADAS','admin_compras_entradas','127.0.0.1'),(2361,1,'2025-12-16 14:46:57','COMPRAS-ENTRADAS','admin_compras_entradas','127.0.0.1'),(2362,1,'2025-12-16 14:53:36','COMPRAS-ENTRADAS','admin_compras_entradas','127.0.0.1'),(2363,1,'2025-12-16 15:04:09','COMPRAS-ENTRADAS','admin_compras_entradas','127.0.0.1'),(2364,1,'2025-12-16 15:04:52','COMPRAS-ENTRADAS','admin_compras_entradas','127.0.0.1'),(2365,1,'2025-12-16 15:12:57','COMPRAS-ENTRADAS','admin_compras_entradas','127.0.0.1'),(2366,1,'2025-12-16 15:13:06','VENTAS-SALIDAS','admin_ventas_salidas','127.0.0.1'),(2367,1,'2025-12-16 15:13:27','VENTAS-SALIDAS','admin_ventas_salidas','127.0.0.1'),(2368,1,'2025-12-16 15:13:29','VENTAS-SALIDAS','admin_ventas_salidas','127.0.0.1'),(2369,1,'2025-12-16 15:13:30','VENTAS-SALIDAS','admin_ventas_salidas','127.0.0.1'),(2370,1,'2025-12-16 15:13:30','VENTAS-SALIDAS','admin_ventas_salidas','127.0.0.1'),(2371,1,'2025-12-16 15:13:30','VENTAS-SALIDAS','admin_ventas_salidas','127.0.0.1'),(2372,1,'2025-12-16 15:13:30','VENTAS-SALIDAS','admin_ventas_salidas','127.0.0.1'),(2373,1,'2025-12-16 15:13:30','VENTAS-SALIDAS','admin_ventas_salidas','127.0.0.1'),(2374,1,'2025-12-16 15:13:32','VENTAS-SALIDAS','admin_ventas_salidas','127.0.0.1'),(2375,1,'2025-12-16 15:13:41','DETALLES_VENTA','admin_detalles_venta','127.0.0.1'),(2376,1,'2025-12-16 15:13:46','VENTAS-SALIDAS','admin_ventas_salidas','127.0.0.1'),(2377,1,'2025-12-16 15:14:32','AUTH','LOGIN_EXITOSO','127.0.0.1'),(2378,1,'2025-12-16 15:14:36','COMPRAS-ENTRADAS','admin_compras_entradas','127.0.0.1'),(2379,1,'2025-12-16 15:15:13','VENTAS-SALIDAS','admin_ventas_salidas','127.0.0.1'),(2380,1,'2025-12-16 15:17:37','COMPRAS-ENTRADAS','admin_compras_entradas','127.0.0.1'),(2381,1,'2025-12-16 15:17:57','COMPRAS-ENTRADAS','admin_compras_entradas','127.0.0.1'),(2382,1,'2025-12-16 15:31:56','VENTAS-SALIDAS','admin_ventas_salidas','127.0.0.1'),(2383,1,'2025-12-16 15:32:12','CUENTAS-POR-COBRAR','admin_cuentascobrar','127.0.0.1'),(2384,1,'2025-12-16 15:32:18','VENTAS-SALIDAS','admin_ventas_salidas','127.0.0.1'),(2385,1,'2025-12-16 15:32:37','COMPRAS-ENTRADAS','admin_compras_entradas','127.0.0.1'),(2386,1,'2025-12-16 15:39:47','COMPRAS-ENTRADAS','admin_compras_entradas','127.0.0.1'),(2387,1,'2025-12-16 16:12:54','COMPRAS-ENTRADAS','admin_compras_entradas','127.0.0.1'),(2388,1,'2025-12-16 16:21:10','AUTH','LOGIN_EXITOSO','127.0.0.1'),(2389,1,'2025-12-16 16:21:13','COMPRAS-ENTRADAS','admin_compras_entradas','127.0.0.1'),(2390,1,'2025-12-17 09:30:56','AUTH','LOGIN_EXITOSO','127.0.0.1'),(2391,1,'2025-12-17 09:31:03','PRODUCTOS','admin_productos','127.0.0.1'),(2392,1,'2025-12-17 09:31:11','MOVIMIENTOS-INVENTARIO','admin_movimientos_inventario','127.0.0.1'),(2393,1,'2025-12-17 09:31:56','COMPRAS-ENTRADAS','admin_compras_entradas','127.0.0.1'),(2394,1,'2025-12-17 09:32:16','COMPRAS-ENTRADAS-EDITAR','admin_editar_compra','127.0.0.1'),(2395,1,'2025-12-17 09:32:19','COMPRAS-ENTRADAS','admin_compras_entradas','127.0.0.1'),(2396,1,'2025-12-17 09:50:05','AUTH','LOGIN_EXITOSO','127.0.0.1'),(2397,1,'2025-12-17 09:50:08','COMPRAS-ENTRADAS','admin_compras_entradas','127.0.0.1'),(2398,1,'2025-12-17 10:22:34','COMPRAS-ENTRADAS','admin_compras_entradas','127.0.0.1'),(2399,1,'2025-12-17 10:38:40','COMPRAS-ENTRADAS-CREAR','admin_crear_compra','127.0.0.1'),(2400,1,'2025-12-17 10:38:57','COMPRAS-ENTRADAS-CREAR','admin_crear_compra','127.0.0.1'),(2401,1,'2025-12-17 10:38:57','COMPRAS-ENTRADAS','admin_compras_entradas','127.0.0.1'),(2402,1,'2025-12-17 10:38:57','COMPRAS-ENTRADAS','admin_compras_entradas','127.0.0.1'),(2403,1,'2025-12-17 10:43:22','HISTORIAL-MOVIMIENTOS','admin_historial_movimientos','127.0.0.1'),(2404,1,'2025-12-17 10:48:55','COMPRAS-ENTRADAS','admin_compras_entradas','127.0.0.1'),(2405,1,'2025-12-17 11:19:54','AUTH','LOGIN_EXITOSO','127.0.0.1'),(2406,1,'2025-12-17 11:19:57','COMPRAS-ENTRADAS','admin_compras_entradas','127.0.0.1'),(2407,1,'2025-12-17 11:34:12','COMPRAS-ENTRADAS','admin_compras_entradas','127.0.0.1'),(2408,1,'2025-12-17 11:36:25','AUTH','LOGIN_EXITOSO','127.0.0.1'),(2409,1,'2025-12-17 11:36:27','COMPRAS-ENTRADAS','admin_compras_entradas','127.0.0.1'),(2410,1,'2025-12-17 11:46:39','AUTH','LOGIN_EXITOSO','127.0.0.1'),(2411,1,'2025-12-17 11:46:43','COMPRAS-ENTRADAS','admin_compras_entradas','127.0.0.1'),(2412,1,'2025-12-17 11:50:18','AUTH','LOGIN_EXITOSO','127.0.0.1'),(2413,1,'2025-12-17 11:50:23','COMPRAS-ENTRADAS','admin_compras_entradas','127.0.0.1'),(2414,1,'2025-12-17 11:50:35','COMPRAS-ENTRADAS','admin_compras_entradas','127.0.0.1'),(2415,1,'2025-12-17 11:57:29','COMPRAS-ENTRADAS','admin_compras_entradas','127.0.0.1'),(2416,1,'2025-12-17 12:03:03','AUTH','LOGIN_EXITOSO','127.0.0.1'),(2417,1,'2025-12-17 12:03:06','COMPRAS-ENTRADAS','admin_compras_entradas','127.0.0.1'),(2418,1,'2025-12-17 13:27:38','AUTH','LOGIN_EXITOSO','127.0.0.1'),(2419,1,'2025-12-17 13:27:45','COMPRAS-ENTRADAS','admin_compras_entradas','127.0.0.1'),(2420,1,'2025-12-17 13:27:58','COMPRAS-ENTRADAS-CREAR','admin_crear_compra','127.0.0.1'),(2421,1,'2025-12-17 13:28:42','COMPRAS-ENTRADAS-CREAR','admin_crear_compra','127.0.0.1'),(2422,1,'2025-12-17 13:28:42','COMPRAS-ENTRADAS','admin_compras_entradas','127.0.0.1'),(2423,1,'2025-12-17 13:28:43','COMPRAS-ENTRADAS','admin_compras_entradas','127.0.0.1'),(2424,1,'2025-12-17 13:38:22','AUTH','LOGIN_EXITOSO','127.0.0.1'),(2425,1,'2025-12-17 13:38:25','COMPRAS-ENTRADAS','admin_compras_entradas','127.0.0.1'),(2426,1,'2025-12-17 13:45:16','COMPRAS-ENTRADAS-CREAR','admin_crear_compra','127.0.0.1'),(2427,1,'2025-12-17 13:45:43','COMPRAS-ENTRADAS-CREAR','admin_crear_compra','127.0.0.1'),(2428,1,'2025-12-17 13:45:43','COMPRAS-ENTRADAS','admin_compras_entradas','127.0.0.1'),(2429,1,'2025-12-17 13:45:43','COMPRAS-ENTRADAS','admin_compras_entradas','127.0.0.1'),(2430,1,'2025-12-17 13:49:33','AUTH','LOGIN_EXITOSO','127.0.0.1'),(2431,1,'2025-12-17 13:49:35','COMPRAS-ENTRADAS','admin_compras_entradas','127.0.0.1'),(2432,1,'2025-12-17 13:54:23','COMPRAS-ENTRADAS-DETALLE-COMPLETO','admin_detalle_compra_completo','127.0.0.1'),(2433,1,'2025-12-17 13:54:27','COMPRAS-ENTRADAS-EDITAR','admin_editar_compra','127.0.0.1'),(2434,1,'2025-12-17 13:55:10','COMPRAS-ENTRADAS','admin_compras_entradas','127.0.0.1'),(2435,1,'2025-12-17 14:00:42','AUTH','LOGIN_EXITOSO','127.0.0.1'),(2436,1,'2025-12-17 14:00:44','COMPRAS-ENTRADAS','admin_compras_entradas','127.0.0.1'),(2437,1,'2025-12-17 14:05:08','AUTH','LOGIN_EXITOSO','127.0.0.1'),(2438,1,'2025-12-17 14:05:10','COMPRAS-ENTRADAS','admin_compras_entradas','127.0.0.1'),(2439,1,'2025-12-17 14:12:14','AUTH','LOGIN_EXITOSO','127.0.0.1'),(2440,1,'2025-12-17 14:12:16','COMPRAS-ENTRADAS','admin_compras_entradas','127.0.0.1'),(2441,1,'2025-12-17 14:12:18','COMPRAS-ENTRADAS-ANULAR','admin_anular_compra','127.0.0.1'),(2442,1,'2025-12-17 14:12:41','COMPRAS-ENTRADAS-ANULAR','admin_anular_compra','127.0.0.1'),(2443,1,'2025-12-17 14:12:44','COMPRAS-ENTRADAS-ANULAR','admin_anular_compra','127.0.0.1'),(2444,1,'2025-12-17 14:12:47','COMPRAS-ENTRADAS-ANULAR','admin_anular_compra','127.0.0.1'),(2445,1,'2025-12-17 14:12:48','COMPRAS-ENTRADAS-ANULAR','admin_anular_compra','127.0.0.1'),(2446,1,'2025-12-17 14:12:51','COMPRAS-ENTRADAS','admin_compras_entradas','127.0.0.1'),(2447,1,'2025-12-17 14:12:52','COMPRAS-ENTRADAS-ANULAR','admin_anular_compra','127.0.0.1'),(2448,1,'2025-12-17 14:12:54','COMPRAS-ENTRADAS','admin_compras_entradas','127.0.0.1'),(2449,1,'2025-12-17 14:12:56','COMPRAS-ENTRADAS-ANULAR','admin_anular_compra','127.0.0.1'),(2450,1,'2025-12-17 14:13:03','COMPRAS-ENTRADAS-ANULAR','admin_anular_compra','127.0.0.1'),(2451,1,'2025-12-17 14:13:11','COMPRAS-ENTRADAS-ANULAR','admin_anular_compra','127.0.0.1'),(2452,1,'2025-12-17 14:13:13','COMPRAS-ENTRADAS','admin_compras_entradas','127.0.0.1'),(2453,1,'2025-12-17 14:13:15','COMPRAS-ENTRADAS-ANULAR','admin_anular_compra','127.0.0.1'),(2454,1,'2025-12-17 14:13:32','COMPRAS-ENTRADAS-ANULAR','admin_anular_compra','127.0.0.1'),(2455,1,'2025-12-17 14:14:40','COMPRAS-ENTRADAS','admin_compras_entradas','127.0.0.1'),(2456,1,'2025-12-17 14:14:42','COMPRAS-ENTRADAS-ANULAR','admin_anular_compra','127.0.0.1'),(2457,1,'2025-12-17 14:15:30','COMPRAS-ENTRADAS-ANULAR','admin_anular_compra','127.0.0.1'),(2458,1,'2025-12-17 14:15:34','COMPRAS-ENTRADAS-ANULAR','admin_anular_compra','127.0.0.1'),(2459,1,'2025-12-17 14:15:36','COMPRAS-ENTRADAS-ANULAR','admin_anular_compra','127.0.0.1'),(2460,1,'2025-12-17 14:15:46','COMPRAS-ENTRADAS','admin_compras_entradas','127.0.0.1'),(2461,1,'2025-12-17 14:15:50','COMPRAS-ENTRADAS-ANULAR','admin_anular_compra','127.0.0.1'),(2462,1,'2025-12-17 14:17:33','COMPRAS','ANULACION_COMPRA','127.0.0.1'),(2463,1,'2025-12-17 14:17:33','COMPRAS-ENTRADAS-ANULAR','admin_anular_compra','127.0.0.1'),(2464,1,'2025-12-17 14:17:33','COMPRAS-ENTRADAS','admin_compras_entradas','127.0.0.1'),(2465,1,'2025-12-17 14:17:52','COMPRAS-ENTRADAS-DETALLE-COMPLETO','admin_detalle_compra_completo','127.0.0.1'),(2466,1,'2025-12-17 14:18:30','COMPRAS-ENTRADAS','admin_compras_entradas','127.0.0.1'),(2467,1,'2025-12-17 14:18:36','COMPRAS-ENTRADAS-CREAR','admin_crear_compra','127.0.0.1'),(2468,1,'2025-12-17 14:21:07','COMPRAS-ENTRADAS-CREAR','admin_crear_compra','127.0.0.1'),(2469,1,'2025-12-17 14:21:07','COMPRAS-ENTRADAS','admin_compras_entradas','127.0.0.1'),(2470,1,'2025-12-17 14:21:07','COMPRAS-ENTRADAS','admin_compras_entradas','127.0.0.1'),(2471,1,'2025-12-17 14:21:27','PRODUCTOS','admin_productos','127.0.0.1'),(2472,1,'2025-12-17 14:22:40','COMPRAS-ENTRADAS','admin_compras_entradas','127.0.0.1'),(2473,1,'2025-12-17 14:22:42','COMPRAS-ENTRADAS-ANULAR','admin_anular_compra','127.0.0.1'),(2474,1,'2025-12-17 14:24:35','COMPRAS','ANULACION_COMPRA','127.0.0.1'),(2475,1,'2025-12-17 14:24:35','COMPRAS-ENTRADAS-ANULAR','admin_anular_compra','127.0.0.1'),(2476,1,'2025-12-17 14:24:35','COMPRAS-ENTRADAS','admin_compras_entradas','127.0.0.1'),(2477,1,'2025-12-17 14:24:43','PRODUCTOS','admin_productos','127.0.0.1'),(2478,1,'2025-12-17 14:24:54','COMPRAS-ENTRADAS','admin_compras_entradas','127.0.0.1'),(2479,1,'2025-12-17 14:24:57','COMPRAS-ENTRADAS-DETALLE-COMPLETO','admin_detalle_compra_completo','127.0.0.1'),(2480,1,'2025-12-17 14:25:07','COMPRAS-ENTRADAS','admin_compras_entradas','127.0.0.1'),(2481,1,'2025-12-17 14:25:18','HISTORIAL-MOVIMIENTOS','admin_historial_movimientos','127.0.0.1'),(2482,1,'2025-12-17 14:25:57','COMPRAS-ENTRADAS','admin_compras_entradas','127.0.0.1'),(2483,1,'2025-12-17 14:27:02','MOVIMIENTOS-INVENTARIO','admin_movimientos_inventario','127.0.0.1'),(2484,1,'2025-12-17 14:31:11','COMPRAS-ENTRADAS','admin_compras_entradas','127.0.0.1'),(2485,1,'2025-12-17 14:31:13','COMPRAS-ENTRADAS-DETALLE-COMPLETO','admin_detalle_compra_completo','127.0.0.1'),(2486,1,'2025-12-17 14:31:15','COMPRAS-ENTRADAS','admin_compras_entradas','127.0.0.1'),(2487,1,'2025-12-17 14:31:16','COMPRAS-ENTRADAS-ANULAR','admin_anular_compra','127.0.0.1'),(2488,1,'2025-12-17 14:31:18','COMPRAS-ENTRADAS-ANULAR','admin_anular_compra','127.0.0.1'),(2489,1,'2025-12-17 14:31:21','COMPRAS-ENTRADAS-ANULAR','admin_anular_compra','127.0.0.1'),(2490,1,'2025-12-17 14:31:25','COMPRAS-ENTRADAS','admin_compras_entradas','127.0.0.1'),(2491,1,'2025-12-17 14:31:26','COMPRAS-ENTRADAS-ANULAR','admin_anular_compra','127.0.0.1'),(2492,1,'2025-12-17 14:32:47','COMPRAS-ENTRADAS','admin_compras_entradas','127.0.0.1'),(2493,1,'2025-12-17 14:33:22','COMPRAS-ENTRADAS','admin_compras_entradas','127.0.0.1'),(2494,1,'2025-12-17 14:33:23','COMPRAS-ENTRADAS-ANULAR','admin_anular_compra','127.0.0.1'),(2495,1,'2025-12-17 14:33:26','COMPRAS-ENTRADAS-ANULAR','admin_anular_compra','127.0.0.1'),(2496,1,'2025-12-17 14:36:45','COMPRAS-ENTRADAS-ANULAR','admin_anular_compra','127.0.0.1'),(2497,1,'2025-12-17 14:38:27','COMPRAS-ENTRADAS','admin_compras_entradas','127.0.0.1'),(2498,1,'2025-12-17 14:38:29','COMPRAS-ENTRADAS-ANULAR','admin_anular_compra','127.0.0.1'),(2499,1,'2025-12-17 14:38:36','COMPRAS-ENTRADAS-ANULAR','admin_anular_compra','127.0.0.1'),(2500,1,'2025-12-17 14:38:39','COMPRAS-ENTRADAS','admin_compras_entradas','127.0.0.1'),(2501,1,'2025-12-17 14:38:40','COMPRAS-ENTRADAS-ANULAR','admin_anular_compra','127.0.0.1'),(2502,1,'2025-12-17 14:51:10','COMPRAS-ENTRADAS-ANULAR','admin_anular_compra','127.0.0.1'),(2503,1,'2025-12-17 14:51:13','COMPRAS-ENTRADAS','admin_compras_entradas','127.0.0.1'),(2504,1,'2025-12-17 14:56:28','COMPRAS-ENTRADAS','admin_compras_entradas','127.0.0.1'),(2505,1,'2025-12-17 14:56:30','COMPRAS-ENTRADAS-ANULAR','admin_anular_compra','127.0.0.1'),(2506,1,'2025-12-17 14:56:35','COMPRAS-ENTRADAS-ANULAR','admin_anular_compra','127.0.0.1'),(2507,1,'2025-12-17 14:56:40','COMPRAS-ENTRADAS-ANULAR','admin_anular_compra','127.0.0.1'),(2508,1,'2025-12-17 14:59:50','COMPRAS-ENTRADAS-ANULAR','admin_anular_compra','127.0.0.1'),(2509,1,'2025-12-17 15:03:43','COMPRAS-ENTRADAS-CREAR','admin_crear_compra','127.0.0.1'),(2510,1,'2025-12-17 15:05:31','COMPRAS-ENTRADAS-CREAR','admin_crear_compra','127.0.0.1'),(2511,1,'2025-12-17 15:05:31','COMPRAS-ENTRADAS','admin_compras_entradas','127.0.0.1'),(2512,1,'2025-12-17 15:05:31','COMPRAS-ENTRADAS','admin_compras_entradas','127.0.0.1'),(2513,1,'2025-12-17 15:06:40','AUTH','LOGIN_EXITOSO','127.0.0.1'),(2514,1,'2025-12-17 15:06:42','AUTH','LOGIN_EXITOSO','127.0.0.1'),(2515,1,'2025-12-17 15:06:48','VENTAS-SALIDAS','admin_ventas_salidas','127.0.0.1'),(2516,1,'2025-12-17 15:06:56','CREAR_VENTA','admin_crear_venta','127.0.0.1'),(2517,1,'2025-12-17 15:07:00','CREAR_VENTA','admin_crear_venta','127.0.0.1'),(2518,1,'2025-12-17 15:07:08','CUENTAS-POR-COBRAR','admin_cuentascobrar','127.0.0.1'),(2519,1,'2025-12-17 15:07:18','VENTAS-SALIDAS','admin_ventas_salidas','127.0.0.1'),(2520,1,'2025-12-17 15:07:22','CUENTAS-POR-COBRAR','admin_cuentascobrar','127.0.0.1'),(2521,1,'2025-12-17 15:07:27','DETALLE-CUENTA-COBRAR','admin_detalle_cuentacobrar','127.0.0.1'),(2522,1,'2025-12-17 15:07:35','REGISTRAR-PAGO-CXC','admin_registrar_pago','127.0.0.1'),(2523,1,'2025-12-17 15:07:50','CUENTAS-POR-COBRAR','admin_cuentascobrar','127.0.0.1'),(2524,1,'2025-12-17 15:07:56','COMPRAS-ENTRADAS','admin_compras_entradas','127.0.0.1'),(2525,1,'2025-12-17 15:07:58','COMPRAS-ENTRADAS-CREAR','admin_crear_compra','127.0.0.1'),(2526,1,'2025-12-17 15:09:24','COMPRAS-ENTRADAS-CREAR','admin_crear_compra','127.0.0.1'),(2527,1,'2025-12-17 15:09:26','COMPRAS-ENTRADAS','admin_compras_entradas','127.0.0.1'),(2528,1,'2025-12-17 15:09:27','COMPRAS-ENTRADAS','admin_compras_entradas','127.0.0.1'),(2529,1,'2025-12-17 15:09:33','COMPRAS-ENTRADAS-ANULAR','admin_anular_compra','127.0.0.1'),(2530,1,'2025-12-17 15:10:12','COMPRAS-ENTRADAS-ANULAR','admin_anular_compra','127.0.0.1'),(2531,1,'2025-12-17 15:11:58','COMPRAS-ENTRADAS-ANULAR','admin_anular_compra','127.0.0.1'),(2532,1,'2025-12-17 15:16:48','COMPRAS-ENTRADAS','admin_compras_entradas','127.0.0.1'),(2533,1,'2025-12-17 15:16:51','COMPRAS-ENTRADAS-ANULAR','admin_anular_compra','127.0.0.1'),(2534,1,'2025-12-17 15:25:06','COMPRAS-ENTRADAS','admin_compras_entradas','127.0.0.1'),(2535,1,'2025-12-17 15:25:07','COMPRAS-ENTRADAS-ANULAR','admin_anular_compra','127.0.0.1'),(2536,1,'2025-12-17 15:26:01','COMPRAS-ENTRADAS-CREAR','admin_crear_compra','127.0.0.1'),(2537,1,'2025-12-17 15:26:35','COMPRAS-ENTRADAS-CREAR','admin_crear_compra','127.0.0.1'),(2538,1,'2025-12-17 15:26:35','COMPRAS-ENTRADAS','admin_compras_entradas','127.0.0.1'),(2539,1,'2025-12-17 15:26:35','COMPRAS-ENTRADAS','admin_compras_entradas','127.0.0.1'),(2540,1,'2025-12-17 15:26:37','COMPRAS-ENTRADAS-ANULAR','admin_anular_compra','127.0.0.1'),(2541,1,'2025-12-17 15:26:49','COMPRAS','ANULACION_COMPRA','127.0.0.1'),(2542,1,'2025-12-17 15:26:49','COMPRAS-ENTRADAS-ANULAR','admin_anular_compra','127.0.0.1'),(2543,1,'2025-12-17 15:26:49','COMPRAS-ENTRADAS','admin_compras_entradas','127.0.0.1'),(2544,1,'2025-12-17 15:26:53','HISTORIAL-MOVIMIENTOS','admin_historial_movimientos','127.0.0.1'),(2545,1,'2025-12-17 15:29:02','METODOS-PAGO','admin_metodos_pago','127.0.0.1'),(2546,1,'2025-12-17 15:29:09','MOVIMIENTOS-INVENTARIO','admin_movimientos_inventario','127.0.0.1'),(2547,1,'2025-12-17 15:30:17','CREAR-MOVIMIENTO-INVENTARIO','admin_crear_movimiento','127.0.0.1'),(2548,1,'2025-12-17 15:30:17','MOVIMIENTOS-INVENTARIO','admin_movimientos_inventario','127.0.0.1'),(2549,1,'2025-12-17 15:30:26','MOVIMIENTOS-INVENTARIO','admin_movimientos_inventario','127.0.0.1'),(2550,1,'2025-12-17 15:30:48','AUTH','LOGIN_EXITOSO','127.0.0.1'),(2551,1,'2025-12-17 15:30:51','HISTORIAL-MOVIMIENTOS','admin_historial_movimientos','127.0.0.1'),(2552,1,'2025-12-17 15:31:55','COMPRAS-ENTRADAS','admin_compras_entradas','127.0.0.1'),(2553,1,'2025-12-17 15:32:14','COMPRAS-ENTRADAS-CREAR','admin_crear_compra','127.0.0.1'),(2554,1,'2025-12-17 15:32:38','COMPRAS-ENTRADAS-CREAR','admin_crear_compra','127.0.0.1'),(2555,1,'2025-12-17 15:33:10','COMPRAS-ENTRADAS-CREAR','admin_crear_compra','127.0.0.1'),(2556,1,'2025-12-17 15:33:10','COMPRAS-ENTRADAS','admin_compras_entradas','127.0.0.1'),(2557,1,'2025-12-17 15:33:10','COMPRAS-ENTRADAS','admin_compras_entradas','127.0.0.1'),(2558,1,'2025-12-17 15:34:17','COMPRAS-ENTRADAS-ANULAR','admin_anular_compra','127.0.0.1'),(2559,1,'2025-12-17 15:34:30','COMPRAS','ANULACION_COMPRA','127.0.0.1'),(2560,1,'2025-12-17 15:34:30','COMPRAS-ENTRADAS-ANULAR','admin_anular_compra','127.0.0.1'),(2561,1,'2025-12-17 15:34:30','COMPRAS-ENTRADAS','admin_compras_entradas','127.0.0.1'),(2562,1,'2025-12-17 15:34:33','COMPRAS-ENTRADAS','admin_compras_entradas','127.0.0.1'),(2563,1,'2025-12-17 15:36:44','COMPRAS-ENTRADAS','admin_compras_entradas','127.0.0.1'),(2564,1,'2025-12-17 15:41:47','HISTORIAL-MOVIMIENTOS','admin_historial_movimientos','127.0.0.1'),(2565,1,'2025-12-17 15:42:03','COMPRAS-ENTRADAS','admin_compras_entradas','127.0.0.1'),(2566,1,'2025-12-17 15:42:44','HISTORIAL-MOVIMIENTOS','admin_historial_movimientos','127.0.0.1'),(2567,1,'2025-12-17 15:46:03','AUTH','LOGIN_EXITOSO','127.0.0.1'),(2568,1,'2025-12-17 15:46:11','COMPRAS-ENTRADAS','admin_compras_entradas','127.0.0.1'),(2569,1,'2025-12-17 15:46:28','COMPRAS-ENTRADAS','admin_compras_entradas','127.0.0.1'),(2570,1,'2025-12-17 15:46:31','COMPRAS-ENTRADAS-CREAR','admin_crear_compra','127.0.0.1'),(2571,1,'2025-12-17 15:47:01','COMPRAS-ENTRADAS-CREAR','admin_crear_compra','127.0.0.1'),(2572,1,'2025-12-17 15:47:01','COMPRAS-ENTRADAS','admin_compras_entradas','127.0.0.1'),(2573,1,'2025-12-17 15:47:01','COMPRAS-ENTRADAS','admin_compras_entradas','127.0.0.1'),(2574,1,'2025-12-17 15:47:12','HISTORIAL-MOVIMIENTOS','admin_historial_movimientos','127.0.0.1'),(2575,1,'2025-12-17 15:47:24','COMPRAS-ENTRADAS','admin_compras_entradas','127.0.0.1'),(2576,4,'2025-12-20 08:20:39','AUTH','LOGIN_EXITOSO','127.0.0.1'),(2577,4,'2025-12-20 08:20:47','COMPRAS-ENTRADAS','admin_compras_entradas','127.0.0.1'),(2578,4,'2025-12-20 08:20:54','COMPRAS-ENTRADAS-CREAR','admin_crear_compra','127.0.0.1'),(2579,4,'2025-12-20 08:21:37','COMPRAS-ENTRADAS-CREAR','admin_crear_compra','127.0.0.1'),(2580,4,'2025-12-20 08:21:37','COMPRAS-ENTRADAS','admin_compras_entradas','127.0.0.1'),(2581,4,'2025-12-20 08:21:37','COMPRAS-ENTRADAS','admin_compras_entradas','127.0.0.1'),(2582,4,'2025-12-20 08:21:44','COMPRAS-ENTRADAS-ANULAR','admin_anular_compra','127.0.0.1'),(2583,4,'2025-12-20 08:22:04','COMPRAS','ANULACION_COMPRA','127.0.0.1'),(2584,4,'2025-12-20 08:22:04','COMPRAS-ENTRADAS-ANULAR','admin_anular_compra','127.0.0.1'),(2585,4,'2025-12-20 08:22:05','COMPRAS-ENTRADAS','admin_compras_entradas','127.0.0.1'),(2586,4,'2025-12-20 08:24:17','COMPRAS-ENTRADAS-EDITAR','admin_editar_compra','127.0.0.1'),(2587,4,'2025-12-20 08:24:36','COMPRAS-ENTRADAS','admin_compras_entradas','127.0.0.1'),(2588,4,'2025-12-20 08:24:45','COMPRAS-ENTRADAS-EDITAR','admin_editar_compra','127.0.0.1'),(2589,4,'2025-12-20 08:24:58','COMPRAS-ENTRADAS-EDITAR','admin_editar_compra','127.0.0.1'),(2590,4,'2025-12-20 08:24:59','COMPRAS-ENTRADAS','admin_compras_entradas','127.0.0.1'),(2591,4,'2025-12-20 08:25:08','COMPRAS-ENTRADAS-EDITAR','admin_editar_compra','127.0.0.1'),(2592,4,'2025-12-20 08:25:39','COMPRAS-ENTRADAS-EDITAR','admin_editar_compra','127.0.0.1'),(2593,4,'2025-12-20 08:25:39','COMPRAS-ENTRADAS','admin_compras_entradas','127.0.0.1'),(2594,4,'2025-12-20 08:26:02','HISTORIAL-MOVIMIENTOS','admin_historial_movimientos','127.0.0.1'),(2595,4,'2025-12-20 09:12:28','COMPRAS-CUENTAS-POR-PAGAR','admin_cuentas_por_pagar','127.0.0.1'),(2596,4,'2025-12-20 09:12:32','COMPRAS-REGISTRAR-PAGO','registrar_pago_cuenta','127.0.0.1'),(2597,4,'2025-12-20 09:12:50','COMPRAS-REGISTRAR-PAGO','registrar_pago_cuenta','127.0.0.1'),(2598,4,'2025-12-20 09:12:50','COMPRAS-CUENTAS-POR-PAGAR','admin_cuentas_por_pagar','127.0.0.1'),(2599,4,'2025-12-20 09:13:13','COMPRAS-ENTRADAS','admin_compras_entradas','127.0.0.1'),(2600,4,'2025-12-20 09:13:14','COMPRAS-ENTRADAS-CREAR','admin_crear_compra','127.0.0.1'),(2601,4,'2025-12-20 09:13:37','COMPRAS-ENTRADAS-CREAR','admin_crear_compra','127.0.0.1'),(2602,4,'2025-12-20 09:13:38','COMPRAS-ENTRADAS','admin_compras_entradas','127.0.0.1'),(2603,4,'2025-12-20 09:13:38','COMPRAS-ENTRADAS','admin_compras_entradas','127.0.0.1'),(2604,4,'2025-12-20 09:13:43','COMPRAS-ENTRADAS-EDITAR','admin_editar_compra','127.0.0.1'),(2605,4,'2025-12-20 09:13:54','COMPRAS-ENTRADAS-EDITAR','admin_editar_compra','127.0.0.1'),(2606,4,'2025-12-20 09:13:54','COMPRAS-ENTRADAS','admin_compras_entradas','127.0.0.1'),(2607,4,'2025-12-20 09:14:02','COMPRAS-CUENTAS-POR-PAGAR','admin_cuentas_por_pagar','127.0.0.1'),(2608,4,'2025-12-20 10:38:07','COMPRAS-ENTRADAS','admin_compras_entradas','127.0.0.1'),(2609,4,'2025-12-20 10:38:11','COMPRAS-ENTRADAS-ANULAR','admin_anular_compra','127.0.0.1'),(2610,4,'2025-12-20 10:38:19','COMPRAS-ENTRADAS-ANULAR','admin_anular_compra','127.0.0.1'),(2611,4,'2025-12-20 10:38:19','COMPRAS-ENTRADAS','admin_compras_entradas','127.0.0.1'),(2612,4,'2025-12-22 09:56:37','AUTH','LOGIN_EXITOSO','127.0.0.1'),(2613,4,'2025-12-22 11:25:44','AUTH','LOGIN_EXITOSO','127.0.0.1'),(2614,4,'2025-12-22 11:25:48','COMPRAS-CUENTAS-POR-PAGAR','admin_cuentas_por_pagar','127.0.0.1'),(2615,4,'2025-12-22 11:41:32','COMPRAS-CUENTAS-POR-PAGAR','admin_cuentas_por_pagar','127.0.0.1'),(2616,4,'2025-12-22 11:48:22','COMPRAS-ENTRADAS','admin_compras_entradas','127.0.0.1'),(2617,4,'2025-12-22 11:48:24','COMPRAS-ENTRADAS-CREAR','admin_crear_compra','127.0.0.1'),(2618,4,'2025-12-22 11:49:13','COMPRAS-ENTRADAS-CREAR','admin_crear_compra','127.0.0.1'),(2619,4,'2025-12-22 11:49:13','COMPRAS-ENTRADAS','admin_compras_entradas','127.0.0.1'),(2620,4,'2025-12-22 11:49:13','COMPRAS-ENTRADAS','admin_compras_entradas','127.0.0.1'),(2621,4,'2025-12-22 11:49:18','COMPRAS-ENTRADAS-DETALLE-COMPLETO','admin_detalle_compra_completo','127.0.0.1'),(2622,4,'2025-12-22 11:49:26','COMPRAS-ENTRADAS-DETALLE-COMPLETO','admin_detalle_compra_completo','127.0.0.1'),(2623,4,'2025-12-22 11:49:30','COMPRAS-ENTRADAS-DETALLE-COMPLETO','admin_detalle_compra_completo','127.0.0.1'),(2624,4,'2025-12-22 12:20:03','AUTH','LOGIN_EXITOSO','127.0.0.1'),(2625,4,'2025-12-22 12:20:18','COMPRAS-ENTRADAS','admin_compras_entradas','127.0.0.1'),(2626,4,'2025-12-22 12:20:20','COMPRAS-ENTRADAS-CREAR','admin_crear_compra','127.0.0.1'),(2627,4,'2025-12-22 12:20:52','COMPRAS-ENTRADAS-CREAR','admin_crear_compra','127.0.0.1'),(2628,4,'2025-12-22 12:20:52','COMPRAS-ENTRADAS','admin_compras_entradas','127.0.0.1'),(2629,4,'2025-12-22 12:20:52','COMPRAS-ENTRADAS','admin_compras_entradas','127.0.0.1'),(2630,4,'2025-12-22 12:22:36','COMPRAS-CUENTAS-POR-PAGAR','admin_cuentas_por_pagar','127.0.0.1'),(2631,4,'2025-12-22 12:40:44','PRODUCTOS','admin_productos','127.0.0.1'),(2632,4,'2025-12-22 12:48:54','AUTH','LOGIN_EXITOSO','127.0.0.1'),(2633,4,'2025-12-22 12:48:58','COMPRAS-ENTRADAS','admin_compras_entradas','127.0.0.1'),(2634,4,'2025-12-22 12:48:59','COMPRAS-ENTRADAS-CREAR','admin_crear_compra','127.0.0.1'),(2635,4,'2025-12-22 12:49:25','COMPRAS-ENTRADAS-CREAR','admin_crear_compra','127.0.0.1'),(2636,4,'2025-12-22 12:49:25','COMPRAS-ENTRADAS','admin_compras_entradas','127.0.0.1'),(2637,4,'2025-12-22 12:49:25','COMPRAS-ENTRADAS','admin_compras_entradas','127.0.0.1'),(2638,4,'2025-12-22 13:54:16','AUTH','LOGIN_EXITOSO','127.0.0.1'),(2639,4,'2025-12-22 13:55:33','COMPRAS-CUENTAS-POR-PAGAR','admin_cuentas_por_pagar','127.0.0.1'),(2640,4,'2025-12-22 13:56:02','COMPRAS-REGISTRAR-PAGO','registrar_pago_cuenta','127.0.0.1'),(2641,4,'2025-12-22 13:56:22','COMPRAS-REGISTRAR-PAGO','registrar_pago_cuenta','127.0.0.1'),(2642,4,'2025-12-22 13:56:26','COMPRAS-CUENTAS-POR-PAGAR','admin_cuentas_por_pagar','127.0.0.1'),(2643,4,'2025-12-22 13:57:37','COMPRAS-CUENTAS-POR-PAGAR','admin_cuentas_por_pagar','127.0.0.1'),(2644,4,'2025-12-22 14:00:58','COMPRAS-CUENTAS-POR-PAGAR','admin_cuentas_por_pagar','127.0.0.1'),(2645,4,'2025-12-22 14:01:53','COMPRAS-CUENTAS-POR-PAGAR','admin_cuentas_por_pagar','127.0.0.1'),(2646,4,'2025-12-22 14:01:57','COMPRAS-CUENTAS-POR-PAGAR','admin_cuentas_por_pagar','127.0.0.1'),(2647,4,'2025-12-22 14:02:36','COMPRAS-CUENTAS-POR-PAGAR','admin_cuentas_por_pagar','127.0.0.1'),(2648,4,'2025-12-22 14:31:21','AUTH','LOGIN_EXITOSO','127.0.0.1'),(2649,4,'2025-12-22 14:31:33','COMPRAS-CUENTAS-POR-PAGAR','admin_cuentas_por_pagar','127.0.0.1'),(2650,4,'2025-12-22 14:32:34','COMPRAS-CUENTAS-POR-PAGAR','admin_cuentas_por_pagar','127.0.0.1'),(2651,4,'2025-12-22 14:32:41','COMPRAS-CUENTAS-POR-PAGAR','admin_cuentas_por_pagar','127.0.0.1'),(2652,4,'2025-12-22 14:36:18','COMPRAS-CUENTAS-POR-PAGAR','admin_cuentas_por_pagar','127.0.0.1'),(2653,4,'2025-12-22 14:36:38','COMPRAS-CUENTAS-POR-PAGAR','admin_cuentas_por_pagar','127.0.0.1'),(2654,4,'2025-12-22 14:36:48','COMPRAS-CUENTAS-POR-PAGAR','admin_cuentas_por_pagar','127.0.0.1'),(2655,4,'2025-12-22 14:41:08','COMPRAS-REGISTRAR-PAGO','registrar_pago_cuenta','127.0.0.1'),(2656,4,'2025-12-22 14:59:30','AUTH','LOGIN_EXITOSO','127.0.0.1'),(2657,4,'2025-12-22 14:59:43','COMPRAS-CUENTAS-POR-PAGAR','admin_cuentas_por_pagar','127.0.0.1'),(2658,4,'2025-12-22 14:59:54','COMPRAS-REGISTRAR-PAGO','registrar_pago_cuenta','127.0.0.1'),(2659,4,'2025-12-22 15:37:24','COMPRAS-CUENTAS-POR-PAGAR','admin_cuentas_por_pagar','127.0.0.1'),(2660,4,'2025-12-22 15:37:28','COMPRAS-CUENTAS-POR-PAGAR','admin_cuentas_por_pagar','127.0.0.1'),(2661,4,'2025-12-22 15:40:07','AUTH','LOGIN_EXITOSO','127.0.0.1'),(2662,4,'2025-12-22 15:40:16','COMPRAS-CUENTAS-POR-PAGAR','admin_cuentas_por_pagar','127.0.0.1'),(2663,4,'2025-12-22 15:40:32','COMPRAS-REGISTRAR-PAGO','registrar_pago_cuenta','127.0.0.1'),(2664,4,'2025-12-22 15:41:49','COMPRAS-CUENTAS-POR-PAGAR','admin_cuentas_por_pagar','127.0.0.1'),(2665,4,'2025-12-22 15:52:37','COMPRAS-REGISTRAR-PAGO','registrar_pago_cuenta','127.0.0.1'),(2666,4,'2025-12-22 17:17:05','AUTH','LOGIN_EXITOSO','127.0.0.1'),(2667,4,'2025-12-22 17:17:07','COMPRAS-ENTRADAS','admin_compras_entradas','127.0.0.1'),(2668,4,'2025-12-22 17:17:11','COMPRAS-CUENTAS-POR-PAGAR','admin_cuentas_por_pagar','127.0.0.1'),(2669,4,'2025-12-22 17:28:40','COMPRAS-CUENTAS-POR-PAGAR','admin_cuentas_por_pagar','127.0.0.1'),(2670,4,'2025-12-22 17:28:41','COMPRAS-CUENTAS-POR-PAGAR','admin_cuentas_por_pagar','127.0.0.1'),(2671,4,'2025-12-22 17:39:41','COMPRAS-CUENTAS-POR-PAGAR','admin_cuentas_por_pagar','127.0.0.1'),(2672,4,'2025-12-22 17:40:52','COMPRAS-CUENTAS-POR-PAGAR','admin_cuentas_por_pagar','127.0.0.1'),(2673,4,'2025-12-22 17:40:56','COMPRAS-CUENTAS-POR-PAGAR','admin_cuentas_por_pagar','127.0.0.1'),(2674,4,'2025-12-22 17:44:24','COMPRAS-CUENTAS-POR-PAGAR','admin_cuentas_por_pagar','127.0.0.1'),(2675,4,'2025-12-22 18:02:11','COMPRAS-CUENTAS-POR-PAGAR','admin_cuentas_por_pagar','127.0.0.1'),(2676,4,'2025-12-22 18:02:40','COMPRAS-REGISTRAR-PAGO','registrar_pago_cuenta','127.0.0.1'),(2677,4,'2025-12-22 18:19:27','COMPRAS-REGISTRAR-PAGO','registrar_pago_cuenta','127.0.0.1'),(2678,4,'2025-12-22 18:19:49','COMPRAS-REGISTRAR-PAGO','registrar_pago_cuenta','127.0.0.1'),(2679,4,'2025-12-22 18:24:02','COMPRAS-REGISTRAR-PAGO','registrar_pago_cuenta','127.0.0.1'),(2680,4,'2025-12-22 18:24:02','COMPRAS-CUENTAS-POR-PAGAR','admin_cuentas_por_pagar','127.0.0.1'),(2681,4,'2025-12-22 18:24:10','COMPRAS-REGISTRAR-PAGO','registrar_pago_cuenta','127.0.0.1'),(2682,4,'2025-12-22 18:24:28','COMPRAS-REGISTRAR-PAGO','registrar_pago_cuenta','127.0.0.1'),(2683,4,'2025-12-22 18:24:28','COMPRAS-CUENTAS-POR-PAGAR','admin_cuentas_por_pagar','127.0.0.1'),(2684,4,'2025-12-22 18:24:47','COMPRAS-ENTRADAS','admin_compras_entradas','127.0.0.1'),(2685,4,'2025-12-22 18:24:53','COMPRAS-ENTRADAS-CREAR','admin_crear_compra','127.0.0.1'),(2686,4,'2025-12-22 18:25:14','COMPRAS-ENTRADAS-CREAR','admin_crear_compra','127.0.0.1'),(2687,4,'2025-12-22 18:25:14','COMPRAS-ENTRADAS','admin_compras_entradas','127.0.0.1'),(2688,4,'2025-12-22 18:25:14','COMPRAS-ENTRADAS','admin_compras_entradas','127.0.0.1'),(2689,4,'2025-12-22 18:25:19','COMPRAS-ENTRADAS-CREAR','admin_crear_compra','127.0.0.1'),(2690,4,'2025-12-22 18:25:43','COMPRAS-ENTRADAS-CREAR','admin_crear_compra','127.0.0.1'),(2691,4,'2025-12-22 18:25:43','COMPRAS-ENTRADAS','admin_compras_entradas','127.0.0.1'),(2692,4,'2025-12-22 18:25:43','COMPRAS-ENTRADAS','admin_compras_entradas','127.0.0.1'),(2693,4,'2025-12-22 18:25:49','COMPRAS-ENTRADAS-ANULAR','admin_anular_compra','127.0.0.1'),(2694,4,'2025-12-22 18:26:07','COMPRAS','ANULACION_COMPRA','127.0.0.1'),(2695,4,'2025-12-22 18:26:07','COMPRAS-ENTRADAS-ANULAR','admin_anular_compra','127.0.0.1'),(2696,4,'2025-12-22 18:26:07','COMPRAS-ENTRADAS','admin_compras_entradas','127.0.0.1'),(2697,4,'2025-12-22 18:26:21','COMPRAS-CUENTAS-POR-PAGAR','admin_cuentas_por_pagar','127.0.0.1'),(2698,4,'2025-12-22 18:26:28','COMPRAS-ENTRADAS','admin_compras_entradas','127.0.0.1'),(2699,4,'2025-12-22 18:26:29','COMPRAS-ENTRADAS-CREAR','admin_crear_compra','127.0.0.1'),(2700,4,'2025-12-22 18:26:55','COMPRAS-ENTRADAS-CREAR','admin_crear_compra','127.0.0.1'),(2701,4,'2025-12-22 18:26:55','COMPRAS-ENTRADAS','admin_compras_entradas','127.0.0.1'),(2702,4,'2025-12-22 18:26:56','COMPRAS-ENTRADAS','admin_compras_entradas','127.0.0.1'),(2703,4,'2025-12-22 18:26:57','COMPRAS-CUENTAS-POR-PAGAR','admin_cuentas_por_pagar','127.0.0.1'),(2704,4,'2025-12-22 18:27:05','COMPRAS-ENTRADAS','admin_compras_entradas','127.0.0.1'),(2705,4,'2025-12-22 18:27:07','COMPRAS-ENTRADAS-ANULAR','admin_anular_compra','127.0.0.1'),(2706,4,'2025-12-22 18:27:21','COMPRAS','ANULACION_COMPRA','127.0.0.1'),(2707,4,'2025-12-22 18:27:21','COMPRAS-ENTRADAS-ANULAR','admin_anular_compra','127.0.0.1'),(2708,4,'2025-12-22 18:27:21','COMPRAS-ENTRADAS','admin_compras_entradas','127.0.0.1'),(2709,4,'2025-12-22 18:27:22','COMPRAS-CUENTAS-POR-PAGAR','admin_cuentas_por_pagar','127.0.0.1'),(2710,4,'2025-12-22 18:27:29','COMPRAS-ENTRADAS','admin_compras_entradas','127.0.0.1'),(2711,4,'2025-12-22 18:27:38','COMPRAS-CUENTAS-POR-PAGAR','admin_cuentas_por_pagar','127.0.0.1'),(2712,4,'2025-12-22 18:30:50','COMPRAS-CUENTAS-POR-PAGAR','admin_cuentas_por_pagar','127.0.0.1'),(2713,4,'2025-12-22 18:30:53','COMPRAS-CUENTAS-POR-PAGAR','admin_cuentas_por_pagar','127.0.0.1'),(2714,4,'2025-12-22 18:30:58','COMPRAS-REGISTRAR-PAGO','registrar_pago_cuenta','127.0.0.1'),(2715,4,'2025-12-22 18:31:06','COMPRAS-REGISTRAR-PAGO','registrar_pago_cuenta','127.0.0.1'),(2716,4,'2025-12-22 18:32:49','VENTAS-SALIDAS','admin_ventas_salidas','127.0.0.1'),(2717,4,'2025-12-22 23:20:33','AUTH','LOGIN_EXITOSO','127.0.0.1'),(2718,4,'2025-12-22 23:30:54','COMPRAS-ENTRADAS','admin_compras_entradas','127.0.0.1'),(2719,4,'2025-12-22 23:30:59','CUENTAS-POR-COBRAR','admin_cuentascobrar','127.0.0.1'),(2720,4,'2025-12-22 23:31:06','REGISTRAR-PAGO-CXC','admin_registrar_pago','127.0.0.1'),(2721,4,'2025-12-22 23:31:36','REGISTRAR-PAGO-CXC','admin_registrar_pago','127.0.0.1'),(2722,4,'2025-12-22 23:31:37','DETALLE-CUENTA-COBRAR','admin_detalle_cuentacobrar','127.0.0.1'),(2723,4,'2025-12-22 23:31:48','CUENTAS-POR-COBRAR','admin_cuentascobrar','127.0.0.1'),(2724,4,'2025-12-22 23:49:34','HISTORIAL-MOVIMIENTOS','admin_historial_movimientos','127.0.0.1'),(2725,4,'2025-12-22 23:50:35','HISTORIAL-MOVIMIENTOS','admin_historial_movimientos','127.0.0.1'),(2726,4,'2025-12-22 23:54:18','MOVIMIENTOS-INVENTARIO','admin_movimientos_inventario','127.0.0.1'),(2727,4,'2025-12-22 23:54:40','CREAR-MOVIMIENTO-INVENTARIO','admin_crear_movimiento','127.0.0.1'),(2728,4,'2025-12-22 23:54:40','MOVIMIENTOS-INVENTARIO','admin_movimientos_inventario','127.0.0.1'),(2729,4,'2025-12-23 00:40:56','VENTAS-SALIDAS','admin_ventas_salidas','127.0.0.1'),(2730,4,'2025-12-23 00:41:05','VENTAS-SALIDAS','admin_ventas_salidas','127.0.0.1'),(2731,4,'2025-12-23 00:53:45','VENTAS-SALIDAS','admin_ventas_salidas','127.0.0.1'),(2732,4,'2025-12-23 00:54:17','CREAR_VENTA','admin_crear_venta','127.0.0.1'),(2733,4,'2025-12-23 00:54:36','CREAR_VENTA','admin_crear_venta','127.0.0.1'),(2734,4,'2025-12-23 00:54:42','VENTAS-SALIDAS','admin_ventas_salidas','127.0.0.1'),(2735,1,'2025-12-23 10:15:04','AUTH','LOGIN_EXITOSO','127.0.0.1'),(2736,1,'2025-12-23 10:15:07','COMPRAS-ENTRADAS','admin_compras_entradas','127.0.0.1'),(2737,1,'2025-12-23 10:15:15','COMPRAS-ENTRADAS','admin_compras_entradas','127.0.0.1'),(2738,1,'2025-12-23 10:15:23','COMPRAS-CUENTAS-POR-PAGAR','admin_cuentas_por_pagar','127.0.0.1'),(2739,1,'2025-12-23 10:15:26','COMPRAS-REGISTRAR-PAGO','registrar_pago_cuenta','127.0.0.1'),(2740,1,'2025-12-23 10:15:26','COMPRAS-CUENTAS-POR-PAGAR','admin_cuentas_por_pagar','127.0.0.1'),(2741,1,'2025-12-23 10:15:32','COMPRAS-REGISTRAR-PAGO','registrar_pago_cuenta','127.0.0.1'),(2742,1,'2025-12-23 10:15:32','COMPRAS-CUENTAS-POR-PAGAR','admin_cuentas_por_pagar','127.0.0.1'),(2743,1,'2025-12-23 10:15:34','COMPRAS-REGISTRAR-PAGO','registrar_pago_cuenta','127.0.0.1'),(2744,1,'2025-12-23 10:15:34','COMPRAS-CUENTAS-POR-PAGAR','admin_cuentas_por_pagar','127.0.0.1'),(2745,1,'2025-12-23 10:16:20','AUTH','LOGIN_EXITOSO','127.0.0.1'),(2746,1,'2025-12-23 10:16:22','VENTAS-SALIDAS','admin_ventas_salidas','127.0.0.1'),(2747,1,'2025-12-23 10:16:24','COMPRAS-ENTRADAS','admin_compras_entradas','127.0.0.1'),(2748,1,'2025-12-23 10:19:12','AUTH','LOGIN_EXITOSO','127.0.0.1'),(2749,1,'2025-12-23 10:19:15','COMPRAS-ENTRADAS','admin_compras_entradas','127.0.0.1'),(2750,1,'2025-12-23 10:19:22','VENTAS-SALIDAS','admin_ventas_salidas','127.0.0.1'),(2751,1,'2025-12-23 10:19:23','CREAR_VENTA','admin_crear_venta','127.0.0.1'),(2752,1,'2025-12-23 10:20:15','VENTAS-SALIDAS','admin_ventas_salidas','127.0.0.1'),(2753,1,'2025-12-23 10:20:16','CREAR_VENTA','admin_crear_venta','127.0.0.1'),(2754,1,'2025-12-23 10:20:22','VENTAS-SALIDAS','admin_ventas_salidas','127.0.0.1'),(2755,1,'2025-12-23 10:20:29','COMPRAS-CUENTAS-POR-PAGAR','admin_cuentas_por_pagar','127.0.0.1'),(2756,1,'2025-12-23 10:20:33','COMPRAS-REGISTRAR-PAGO','registrar_pago_cuenta','127.0.0.1'),(2757,1,'2025-12-23 10:20:35','COMPRAS-CUENTAS-POR-PAGAR','admin_cuentas_por_pagar','127.0.0.1'),(2758,1,'2025-12-23 10:20:39','COMPRAS-REGISTRAR-PAGO','registrar_pago_cuenta','127.0.0.1'),(2759,1,'2025-12-23 10:20:58','COMPRAS-REGISTRAR-PAGO','registrar_pago_cuenta','127.0.0.1'),(2760,1,'2025-12-23 10:20:58','COMPRAS-CUENTAS-POR-PAGAR','admin_cuentas_por_pagar','127.0.0.1'),(2761,1,'2025-12-23 10:26:32','AUTH','LOGIN_EXITOSO','127.0.0.1'),(2762,1,'2025-12-23 10:26:48','VENTAS-SALIDAS','admin_ventas_salidas','127.0.0.1'),(2763,1,'2025-12-23 10:27:19','COMPRAS-ENTRADAS','admin_compras_entradas','127.0.0.1'),(2764,1,'2025-12-23 10:27:28','COMPRAS-ENTRADAS-ANULAR','admin_anular_compra','127.0.0.1'),(2765,1,'2025-12-23 10:28:08','BITACORA','LIMPIAR_BITACORA: 1764 registros eliminados','127.0.0.1'),(2766,1,'2025-12-23 10:31:10','CLIENTES','admin_clientes','127.0.0.1'),(2767,1,'2025-12-23 10:31:11','CLIENTES-EDITAR','admin_editar_cliente','127.0.0.1'),(2768,1,'2025-12-23 10:31:13','CLIENTES','admin_clientes','127.0.0.1'),(2769,1,'2025-12-23 10:32:31','PROVEEDORES','admin_proveedores','127.0.0.1'),(2770,1,'2025-12-23 10:32:36','VENTAS-SALIDAS','admin_ventas_salidas','127.0.0.1'),(2771,1,'2025-12-23 10:33:58','VENTAS-SALIDAS','admin_ventas_salidas','127.0.0.1'),(2772,1,'2025-12-23 10:42:16','VENTAS-SALIDAS','admin_ventas_salidas','127.0.0.1'),(2773,1,'2025-12-23 10:48:43','VENTAS-SALIDAS','admin_ventas_salidas','127.0.0.1'),(2774,1,'2025-12-23 10:55:41','VENTAS-SALIDAS','admin_ventas_salidas','127.0.0.1'),(2775,1,'2025-12-23 11:04:20','VENTAS-SALIDAS','admin_ventas_salidas','127.0.0.1'),(2776,1,'2025-12-23 11:05:17','COMPRAS-ENTRADAS','admin_compras_entradas','127.0.0.1'),(2777,1,'2025-12-23 11:05:19','COMPRAS-ENTRADAS-ANULAR','admin_anular_compra','127.0.0.1'),(2778,1,'2025-12-23 11:20:26','COMPRAS-ENTRADAS-ANULAR','admin_anular_compra','127.0.0.1'),(2779,1,'2025-12-23 11:20:31','VENTAS-SALIDAS','admin_ventas_salidas','127.0.0.1'),(2780,1,'2025-12-23 11:23:19','VENTAS-SALIDAS','admin_ventas_salidas','127.0.0.1'),(2781,1,'2025-12-23 11:31:41','AUTH','LOGIN_EXITOSO','127.0.0.1'),(2782,1,'2025-12-23 11:31:42','VENTAS-SALIDAS','admin_ventas_salidas','127.0.0.1'),(2783,1,'2025-12-23 12:08:18','VENTAS-SALIDAS','admin_ventas_salidas','127.0.0.1'),(2784,1,'2025-12-23 12:10:51','COMPRAS-ENTRADAS','admin_compras_entradas','127.0.0.1'),(2785,1,'2025-12-23 12:10:53','COMPRAS-ENTRADAS-ANULAR','admin_anular_compra','127.0.0.1'),(2786,1,'2025-12-23 12:11:30','COMPRAS-ENTRADAS-ANULAR','admin_anular_compra','127.0.0.1'),(2787,1,'2025-12-23 12:11:36','VENTAS-SALIDAS','admin_ventas_salidas','127.0.0.1'),(2788,1,'2025-12-23 12:31:08','VENTAS-SALIDAS','admin_ventas_salidas','127.0.0.1'),(2789,1,'2025-12-23 14:24:53','AUTH','LOGIN_EXITOSO','127.0.0.1'),(2790,1,'2025-12-23 14:24:57','VENTAS-SALIDAS','admin_ventas_salidas','127.0.0.1'),(2791,1,'2025-12-23 14:27:04','VENTAS-SALIDAS','admin_ventas_salidas','127.0.0.1'),(2792,1,'2025-12-23 14:29:29','VENTAS-SALIDAS','admin_ventas_salidas','127.0.0.1'),(2793,1,'2025-12-23 14:52:20','AUTH','LOGIN_EXITOSO','127.0.0.1'),(2794,1,'2025-12-23 14:52:27','VENTAS-SALIDAS','admin_ventas_salidas','127.0.0.1'),(2795,1,'2025-12-23 14:53:33','CREAR_VENTA','admin_crear_venta','127.0.0.1'),(2796,1,'2025-12-23 14:53:57','CREAR_VENTA','admin_crear_venta','127.0.0.1'),(2797,1,'2025-12-23 14:54:01','VENTAS-SALIDAS','admin_ventas_salidas','127.0.0.1'),(2798,1,'2025-12-23 15:06:16','AUTH','LOGIN_EXITOSO','127.0.0.1'),(2799,1,'2025-12-23 15:06:19','VENTAS-SALIDAS','admin_ventas_salidas','127.0.0.1'),(2800,1,'2025-12-23 15:17:02','VENTAS-SALIDAS','admin_ventas_salidas','127.0.0.1'),(2801,1,'2025-12-23 15:17:04','ANULAR_VENTA','admin_anular_venta','127.0.0.1'),(2802,1,'2025-12-23 15:21:38','AUTH','LOGIN_EXITOSO','127.0.0.1'),(2803,1,'2025-12-23 15:21:40','VENTAS-SALIDAS','admin_ventas_salidas','127.0.0.1'),(2804,1,'2025-12-23 15:21:41','ANULAR_VENTA','admin_anular_venta','127.0.0.1'),(2805,1,'2025-12-23 15:21:43','VENTAS-SALIDAS','admin_ventas_salidas','127.0.0.1'),(2806,1,'2025-12-23 15:21:43','ANULAR_VENTA','admin_anular_venta','127.0.0.1'),(2807,1,'2025-12-23 15:21:44','ANULAR_VENTA','admin_anular_venta','127.0.0.1'),(2808,1,'2025-12-23 15:21:45','VENTAS-SALIDAS','admin_ventas_salidas','127.0.0.1'),(2809,1,'2025-12-23 15:21:45','ANULAR_VENTA','admin_anular_venta','127.0.0.1'),(2810,1,'2025-12-23 15:21:45','VENTAS-SALIDAS','admin_ventas_salidas','127.0.0.1'),(2811,1,'2025-12-23 15:22:03','COMPRAS-ENTRADAS','admin_compras_entradas','127.0.0.1'),(2812,1,'2025-12-23 15:22:08','VENTAS-SALIDAS','admin_ventas_salidas','127.0.0.1'),(2813,1,'2025-12-23 15:22:30','VENTAS-SALIDAS','admin_ventas_salidas','127.0.0.1'),(2814,1,'2025-12-23 15:22:32','ANULAR_VENTA','admin_anular_venta','127.0.0.1'),(2815,1,'2025-12-23 15:22:35','VENTAS-SALIDAS','admin_ventas_salidas','127.0.0.1'),(2816,1,'2025-12-23 15:22:35','ANULAR_VENTA','admin_anular_venta','127.0.0.1'),(2817,1,'2025-12-23 15:22:37','VENTAS-SALIDAS','admin_ventas_salidas','127.0.0.1'),(2818,1,'2025-12-23 15:22:47','HISTORIAL-MOVIMIENTOS','admin_historial_movimientos','127.0.0.1'),(2819,1,'2025-12-23 15:23:11','MOVIMIENTOS-INVENTARIO','admin_movimientos_inventario','127.0.0.1'),(2820,1,'2025-12-23 15:25:45','VENTAS-SALIDAS','admin_ventas_salidas','127.0.0.1'),(2821,1,'2025-12-23 15:25:47','CREAR_VENTA','admin_crear_venta','127.0.0.1'),(2822,1,'2025-12-23 15:26:01','CREAR_VENTA','admin_crear_venta','127.0.0.1'),(2823,1,'2025-12-23 15:26:18','VENTAS-SALIDAS','admin_ventas_salidas','127.0.0.1'),(2824,1,'2025-12-23 15:26:21','ANULAR_VENTA','admin_anular_venta','127.0.0.1'),(2825,1,'2025-12-23 15:26:22','VENTAS-SALIDAS','admin_ventas_salidas','127.0.0.1'),(2826,1,'2025-12-23 15:26:22','ANULAR_VENTA','admin_anular_venta','127.0.0.1'),(2827,1,'2025-12-23 15:26:25','VENTAS-SALIDAS','admin_ventas_salidas','127.0.0.1'),(2828,1,'2025-12-23 15:26:32','HISTORIAL-MOVIMIENTOS','admin_historial_movimientos','127.0.0.1'),(2829,1,'2025-12-23 15:26:44','HISTORIAL-MOVIMIENTOS','admin_historial_movimientos','127.0.0.1'),(2830,1,'2025-12-23 15:26:49','HISTORIAL-MOVIMIENTOS','admin_historial_movimientos','127.0.0.1'),(2831,1,'2025-12-23 15:28:19','COMPRAS-ENTRADAS','admin_compras_entradas','127.0.0.1'),(2832,1,'2025-12-23 15:28:22','COMPRAS-ENTRADAS-CREAR','admin_crear_compra','127.0.0.1'),(2833,1,'2025-12-23 15:28:54','COMPRAS-ENTRADAS-CREAR','admin_crear_compra','127.0.0.1'),(2834,1,'2025-12-23 15:28:54','COMPRAS-ENTRADAS','admin_compras_entradas','127.0.0.1'),(2835,1,'2025-12-23 15:28:54','COMPRAS-ENTRADAS','admin_compras_entradas','127.0.0.1'),(2836,1,'2025-12-23 15:28:57','COMPRAS-ENTRADAS-ANULAR','admin_anular_compra','127.0.0.1'),(2837,1,'2025-12-23 15:29:05','COMPRAS','ANULACION_COMPRA','127.0.0.1'),(2838,1,'2025-12-23 15:29:05','COMPRAS-ENTRADAS-ANULAR','admin_anular_compra','127.0.0.1'),(2839,1,'2025-12-23 15:29:05','COMPRAS-ENTRADAS','admin_compras_entradas','127.0.0.1'),(2840,1,'2025-12-23 15:29:14','HISTORIAL-MOVIMIENTOS','admin_historial_movimientos','127.0.0.1'),(2841,1,'2025-12-23 15:52:08','VENTAS-SALIDAS','admin_ventas_salidas','127.0.0.1'),(2842,1,'2025-12-23 15:52:10','ANULAR_VENTA','admin_anular_venta','127.0.0.1'),(2843,1,'2025-12-23 15:57:20','VENTAS-SALIDAS','admin_ventas_salidas','127.0.0.1'),(2844,1,'2025-12-23 15:57:20','VENTAS-SALIDAS','admin_ventas_salidas','127.0.0.1'),(2845,1,'2025-12-23 16:06:35','AUTH','LOGIN_EXITOSO','127.0.0.1'),(2846,1,'2025-12-23 16:06:42','VENTAS-SALIDAS','admin_ventas_salidas','127.0.0.1'),(2847,1,'2025-12-23 16:06:44','ANULAR_VENTA','admin_anular_venta','127.0.0.1'),(2848,1,'2025-12-23 16:06:51','VENTAS-SALIDAS','admin_ventas_salidas','127.0.0.1'),(2849,1,'2025-12-23 16:06:53','ANULAR_VENTA','admin_anular_venta','127.0.0.1'),(2850,1,'2025-12-23 16:09:21','VENTAS-SALIDAS','admin_ventas_salidas','127.0.0.1'),(2851,1,'2025-12-23 16:09:22','ANULAR_VENTA','admin_anular_venta','127.0.0.1'),(2852,1,'2025-12-23 16:15:58','CUENTAS-POR-COBRAR','admin_cuentascobrar','127.0.0.1'),(2853,1,'2025-12-23 16:16:01','VENTAS-SALIDAS','admin_ventas_salidas','127.0.0.1'),(2854,1,'2025-12-23 16:16:04','CUENTAS-POR-COBRAR','admin_cuentascobrar','127.0.0.1'),(2855,1,'2025-12-23 16:16:35','VENTAS-SALIDAS','admin_ventas_salidas','127.0.0.1'),(2856,1,'2025-12-23 16:16:37','ANULAR_VENTA','admin_anular_venta','127.0.0.1'),(2857,1,'2025-12-24 09:18:10','AUTH','LOGIN_EXITOSO','127.0.0.1'),(2858,1,'2025-12-24 09:19:19','VENTAS-SALIDAS','admin_ventas_salidas','127.0.0.1'),(2859,1,'2025-12-24 09:19:21','ANULAR_VENTA','admin_anular_venta','127.0.0.1'),(2860,1,'2025-12-24 09:20:38','VENTAS-SALIDAS','admin_ventas_salidas','127.0.0.1'),(2861,1,'2025-12-24 09:20:39','ANULAR_VENTA','admin_anular_venta','127.0.0.1'),(2862,1,'2025-12-24 09:23:26','VENTAS-SALIDAS','admin_ventas_salidas','127.0.0.1'),(2863,1,'2025-12-24 09:23:28','VENTAS-SALIDAS','admin_ventas_salidas','127.0.0.1'),(2864,1,'2025-12-24 09:23:29','ANULAR_VENTA','admin_anular_venta','127.0.0.1'),(2865,1,'2025-12-24 09:23:36','HISTORIAL-MOVIMIENTOS','admin_historial_movimientos','127.0.0.1'),(2866,1,'2025-12-24 09:23:49','VENTAS-SALIDAS','admin_ventas_salidas','127.0.0.1'),(2867,1,'2025-12-24 09:23:52','ANULAR_VENTA','admin_anular_venta','127.0.0.1'),(2868,1,'2025-12-24 09:25:27','VENTAS-SALIDAS','admin_ventas_salidas','127.0.0.1'),(2869,1,'2025-12-24 09:25:28','ANULAR_VENTA','admin_anular_venta','127.0.0.1'),(2870,1,'2025-12-24 09:25:32','ANULAR_VENTA','admin_anular_venta','127.0.0.1'),(2871,1,'2025-12-24 09:36:42','VENTAS-SALIDAS','admin_ventas_salidas','127.0.0.1'),(2872,1,'2025-12-24 09:36:43','ANULAR_VENTA','admin_anular_venta','127.0.0.1'),(2873,1,'2025-12-24 09:37:12','AUTH','LOGIN_EXITOSO','127.0.0.1'),(2874,1,'2025-12-24 09:37:14','VENTAS-SALIDAS','admin_ventas_salidas','127.0.0.1'),(2875,1,'2025-12-24 09:37:15','ANULAR_VENTA','admin_anular_venta','127.0.0.1'),(2876,1,'2025-12-24 09:43:32','VENTAS-SALIDAS','admin_ventas_salidas','127.0.0.1'),(2877,1,'2025-12-24 09:43:34','VENTAS-SALIDAS','admin_ventas_salidas','127.0.0.1'),(2878,1,'2025-12-24 09:43:34','VENTAS-SALIDAS','admin_ventas_salidas','127.0.0.1'),(2879,1,'2025-12-24 09:43:35','VENTAS-SALIDAS','admin_ventas_salidas','127.0.0.1'),(2880,1,'2025-12-24 09:43:37','ANULAR_VENTA','admin_anular_venta','127.0.0.1'),(2881,1,'2025-12-24 09:47:53','VENTAS-SALIDAS','admin_ventas_salidas','127.0.0.1'),(2882,1,'2025-12-24 09:47:55','ANULAR_VENTA','admin_anular_venta','127.0.0.1'),(2883,1,'2025-12-24 09:49:50','VENTAS-SALIDAS','admin_ventas_salidas','127.0.0.1'),(2884,1,'2025-12-24 09:49:52','ANULAR_VENTA','admin_anular_venta','127.0.0.1'),(2885,1,'2025-12-24 09:50:32','AUTH','LOGIN_EXITOSO','127.0.0.1'),(2886,1,'2025-12-24 09:50:38','VENTAS-SALIDAS','admin_ventas_salidas','127.0.0.1'),(2887,1,'2025-12-24 09:50:40','ANULAR_VENTA','admin_anular_venta','127.0.0.1'),(2888,1,'2025-12-24 09:50:49','COMPRAS-ENTRADAS','admin_compras_entradas','127.0.0.1'),(2889,1,'2025-12-24 09:50:54','COMPRAS-ENTRADAS','admin_compras_entradas','127.0.0.1'),(2890,1,'2025-12-24 09:52:16','COMPRAS-ENTRADAS','admin_compras_entradas','127.0.0.1'),(2891,1,'2025-12-24 09:52:18','COMPRAS-ENTRADAS-ANULAR','admin_anular_compra','127.0.0.1'),(2892,1,'2025-12-24 09:52:22','COMPRAS-ENTRADAS-ANULAR','admin_anular_compra','127.0.0.1'),(2893,1,'2025-12-24 09:52:27','COMPRAS-ENTRADAS-ANULAR','admin_anular_compra','127.0.0.1'),(2894,1,'2025-12-24 09:52:49','COMPRAS-ENTRADAS','admin_compras_entradas','127.0.0.1'),(2895,1,'2025-12-24 09:52:52','VENTAS-SALIDAS','admin_ventas_salidas','127.0.0.1'),(2896,1,'2025-12-24 09:52:55','ANULAR_VENTA','admin_anular_venta','127.0.0.1'),(2897,1,'2025-12-24 09:53:02','ANULAR_VENTA','admin_anular_venta','127.0.0.1'),(2898,1,'2025-12-24 09:53:05','ANULAR_VENTA','admin_anular_venta','127.0.0.1'),(2899,1,'2025-12-24 09:53:21','COMPRAS-ENTRADAS','admin_compras_entradas','127.0.0.1'),(2900,1,'2025-12-24 09:53:23','COMPRAS-ENTRADAS-ANULAR','admin_anular_compra','127.0.0.1'),(2901,1,'2025-12-24 09:53:49','VENTAS-SALIDAS','admin_ventas_salidas','127.0.0.1'),(2902,1,'2025-12-24 09:53:50','ANULAR_VENTA','admin_anular_venta','127.0.0.1'),(2903,1,'2025-12-24 09:58:43','CREAR_VENTA','admin_crear_venta','127.0.0.1'),(2904,1,'2025-12-24 09:58:57','CREAR_VENTA','admin_crear_venta','127.0.0.1'),(2905,1,'2025-12-24 09:59:04','VENTAS-SALIDAS','admin_ventas_salidas','127.0.0.1'),(2906,1,'2025-12-24 10:01:06','ANULAR_VENTA','admin_anular_venta','127.0.0.1'),(2907,1,'2025-12-24 10:01:18','VENTAS-SALIDAS','admin_ventas_salidas','127.0.0.1'),(2908,1,'2025-12-24 10:01:19','ANULAR_VENTA','admin_anular_venta','127.0.0.1'),(2909,1,'2025-12-24 10:06:24','VENTAS-SALIDAS','admin_ventas_salidas','127.0.0.1'),(2910,1,'2025-12-24 10:06:25','ANULAR_VENTA','admin_anular_venta','127.0.0.1'),(2911,1,'2025-12-24 10:10:45','ANULAR_VENTA','admin_anular_venta','127.0.0.1'),(2912,1,'2025-12-24 10:18:55','VENTAS-SALIDAS','admin_ventas_salidas','127.0.0.1'),(2913,1,'2025-12-24 10:18:56','ANULAR_VENTA','admin_anular_venta','127.0.0.1'),(2914,1,'2025-12-24 10:19:16','ANULAR_VENTA','admin_anular_venta','127.0.0.1'),(2915,1,'2025-12-24 10:19:16','VENTAS-SALIDAS','admin_ventas_salidas','127.0.0.1'),(2916,1,'2025-12-24 10:19:25','HISTORIAL-MOVIMIENTOS','admin_historial_movimientos','127.0.0.1'),(2917,1,'2025-12-24 10:19:40','PRODUCTOS','admin_productos','127.0.0.1'),(2918,1,'2025-12-24 10:19:45','VENTAS-SALIDAS','admin_ventas_salidas','127.0.0.1'),(2919,1,'2025-12-24 10:19:46','CREAR_VENTA','admin_crear_venta','127.0.0.1'),(2920,1,'2025-12-24 10:20:17','CREAR_VENTA','admin_crear_venta','127.0.0.1'),(2921,1,'2025-12-24 10:20:32','VENTAS-SALIDAS','admin_ventas_salidas','127.0.0.1'),(2922,1,'2025-12-24 10:20:48','ANULAR_VENTA','admin_anular_venta','127.0.0.1'),(2923,1,'2025-12-24 10:26:17','CREAR_VENTA','admin_crear_venta','127.0.0.1'),(2924,1,'2025-12-24 10:26:43','CREAR_VENTA','admin_crear_venta','127.0.0.1'),(2925,1,'2025-12-24 10:26:49','HISTORIAL-MOVIMIENTOS','admin_historial_movimientos','127.0.0.1'),(2926,1,'2025-12-24 10:27:10','HISTORIAL-MOVIMIENTOS','admin_historial_movimientos','127.0.0.1'),(2927,1,'2025-12-24 10:31:14','VENTAS-SALIDAS','admin_ventas_salidas','127.0.0.1'),(2928,1,'2025-12-24 10:31:52','HISTORIAL-MOVIMIENTOS','admin_historial_movimientos','127.0.0.1'),(2929,1,'2025-12-24 10:32:08','HISTORIAL-MOVIMIENTOS','admin_historial_movimientos','127.0.0.1'),(2930,1,'2025-12-24 10:32:21','HISTORIAL-MOVIMIENTOS','admin_historial_movimientos','127.0.0.1'),(2931,1,'2025-12-24 10:33:18','COMPRAS-CUENTAS-POR-PAGAR','admin_cuentas_por_pagar','127.0.0.1'),(2932,1,'2025-12-24 10:33:21','CUENTAS-POR-COBRAR','admin_cuentascobrar','127.0.0.1'),(2933,1,'2025-12-24 10:57:41','AUTH','LOGIN_EXITOSO','127.0.0.1'),(2934,1,'2025-12-24 10:57:44','VENTAS-SALIDAS','admin_ventas_salidas','127.0.0.1'),(2935,1,'2025-12-24 10:57:45','ANULAR_VENTA','admin_anular_venta','127.0.0.1'),(2936,1,'2025-12-24 11:00:03','CREAR_VENTA','admin_crear_venta','127.0.0.1'),(2937,1,'2025-12-24 11:00:20','CREAR_VENTA','admin_crear_venta','127.0.0.1'),(2938,1,'2025-12-24 11:00:24','VENTAS-SALIDAS','admin_ventas_salidas','127.0.0.1'),(2939,1,'2025-12-24 11:00:43','ANULAR_VENTA','admin_anular_venta','127.0.0.1'),(2940,1,'2025-12-24 11:02:09','ANULAR_VENTA','admin_anular_venta','127.0.0.1'),(2941,1,'2025-12-24 11:02:21','CUENTAS-POR-COBRAR','admin_cuentascobrar','127.0.0.1'),(2942,1,'2025-12-24 11:19:21','CUENTAS-POR-COBRAR','admin_cuentascobrar','127.0.0.1'),(2943,1,'2025-12-24 11:19:23','VENTAS-SALIDAS','admin_ventas_salidas','127.0.0.1'),(2944,1,'2025-12-24 11:19:42','CREAR_VENTA','admin_crear_venta','127.0.0.1'),(2945,1,'2025-12-24 11:21:05','AUTH','LOGIN_EXITOSO','127.0.0.1'),(2946,1,'2025-12-24 11:21:21','CUENTAS-POR-COBRAR','admin_cuentascobrar','127.0.0.1'),(2947,1,'2025-12-24 11:21:27','VENTAS-SALIDAS','admin_ventas_salidas','127.0.0.1'),(2948,1,'2025-12-24 11:22:13','CREAR_VENTA','admin_crear_venta','127.0.0.1'),(2949,1,'2025-12-24 11:22:38','VENTAS-SALIDAS','admin_ventas_salidas','127.0.0.1'),(2950,1,'2025-12-24 11:22:42','ANULAR_VENTA','admin_anular_venta','127.0.0.1'),(2951,1,'2025-12-24 11:23:06','VENTAS-SALIDAS','admin_ventas_salidas','127.0.0.1'),(2952,1,'2025-12-24 11:23:23','ANULAR_VENTA','admin_anular_venta','127.0.0.1'),(2953,1,'2025-12-24 11:23:27','VENTAS-SALIDAS','admin_ventas_salidas','127.0.0.1'),(2954,1,'2025-12-24 11:23:30','ANULAR_VENTA','admin_anular_venta','127.0.0.1'),(2955,1,'2025-12-24 11:23:33','ANULAR_VENTA','admin_anular_venta','127.0.0.1'),(2956,1,'2025-12-24 11:23:38','ANULAR_VENTA','admin_anular_venta','127.0.0.1'),(2957,1,'2025-12-24 11:25:41','ANULAR_VENTA','admin_anular_venta','127.0.0.1'),(2958,1,'2025-12-24 11:25:44','VENTAS-SALIDAS','admin_ventas_salidas','127.0.0.1'),(2959,1,'2025-12-24 11:25:48','ANULAR_VENTA','admin_anular_venta','127.0.0.1'),(2960,1,'2025-12-24 11:26:00','ANULAR_VENTA','admin_anular_venta','127.0.0.1'),(2961,1,'2025-12-24 11:26:01','VENTAS-SALIDAS','admin_ventas_salidas','127.0.0.1'),(2962,1,'2025-12-24 11:26:13','VENTAS-SALIDAS','admin_ventas_salidas','127.0.0.1'),(2963,1,'2025-12-24 11:27:10','HISTORIAL-MOVIMIENTOS','admin_historial_movimientos','127.0.0.1'),(2964,1,'2025-12-24 11:28:09','USUARIOS','admin_usuarios','127.0.0.1'),(2965,1,'2025-12-24 11:28:30','USUARIOS','admin_usuarios','127.0.0.1'),(2966,1,'2025-12-24 11:29:08','USUARIOS','crear_usuario','127.0.0.1'),(2967,1,'2025-12-24 11:29:08','USUARIOS','admin_usuarios','127.0.0.1'),(2968,1,'2025-12-24 11:31:55','USUARIOS','admin_usuarios','127.0.0.1'),(2969,1,'2025-12-24 11:32:43','USUARIOS','admin_usuarios','127.0.0.1'),(2970,1,'2025-12-24 11:34:25','CREAR_VENTA','admin_crear_venta','127.0.0.1'),(2971,1,'2025-12-24 11:34:31','ANULAR_VENTA','admin_anular_venta','127.0.0.1'),(2972,1,'2025-12-24 11:34:34','ANULAR_VENTA','admin_anular_venta','127.0.0.1'),(2973,1,'2025-12-24 11:40:06','VENTAS-SALIDAS','admin_ventas_salidas','127.0.0.1'),(2974,1,'2025-12-24 11:40:29','VENTAS-SALIDAS','admin_ventas_salidas','127.0.0.1'),(2975,1,'2025-12-24 11:40:44','ANULAR_VENTA','admin_anular_venta','127.0.0.1'),(2976,1,'2025-12-24 11:40:50','ANULAR_VENTA','admin_anular_venta','127.0.0.1'),(2977,1,'2025-12-24 11:40:54','ANULAR_VENTA','admin_anular_venta','127.0.0.1'),(2978,1,'2025-12-24 11:41:15','VENTAS-SALIDAS','admin_ventas_salidas','127.0.0.1'),(2979,1,'2025-12-24 11:41:19','ANULAR_VENTA','admin_anular_venta','127.0.0.1'),(2980,1,'2025-12-24 11:41:25','VENTAS-SALIDAS','admin_ventas_salidas','127.0.0.1'),(2981,1,'2025-12-24 11:41:29','ANULAR_VENTA','admin_anular_venta','127.0.0.1'),(2982,1,'2025-12-24 11:41:43','VENTAS-SALIDAS','admin_ventas_salidas','127.0.0.1'),(2983,1,'2025-12-24 11:41:47','ANULAR_VENTA','admin_anular_venta','127.0.0.1'),(2984,1,'2025-12-24 11:42:15','AUTH','LOGIN_EXITOSO','127.0.0.1'),(2985,1,'2025-12-24 11:42:15','AUTH','LOGIN_EXITOSO','127.0.0.1'),(2986,1,'2025-12-24 11:42:17','VENTAS-SALIDAS','admin_ventas_salidas','127.0.0.1'),(2987,1,'2025-12-24 11:42:19','ANULAR_VENTA','admin_anular_venta','127.0.0.1'),(2988,1,'2025-12-24 11:42:46','AUTH','LOGIN_EXITOSO','127.0.0.1'),(2989,1,'2025-12-24 11:42:49','VENTAS-SALIDAS','admin_ventas_salidas','127.0.0.1'),(2990,1,'2025-12-24 11:42:51','ANULAR_VENTA','admin_anular_venta','127.0.0.1'),(2991,1,'2025-12-24 11:45:23','AUTH','LOGIN_EXITOSO','127.0.0.1'),(2992,1,'2025-12-24 11:45:26','CUENTAS-POR-COBRAR','admin_cuentascobrar','127.0.0.1'),(2993,1,'2025-12-24 11:45:27','VENTAS-SALIDAS','admin_ventas_salidas','127.0.0.1'),(2994,1,'2025-12-24 11:45:28','ANULAR_VENTA','admin_anular_venta','127.0.0.1'),(2995,1,'2025-12-24 11:46:04','ANULAR_VENTA','admin_anular_venta','127.0.0.1'),(2996,1,'2025-12-24 11:46:13','HISTORIAL-MOVIMIENTOS','admin_historial_movimientos','127.0.0.1'),(2997,1,'2025-12-24 11:46:21','VENTAS-SALIDAS','admin_ventas_salidas','127.0.0.1'),(2998,1,'2025-12-24 11:46:26','ANULAR_VENTA','admin_anular_venta','127.0.0.1'),(2999,1,'2025-12-24 11:46:33','ANULAR_VENTA','admin_anular_venta','127.0.0.1'),(3000,1,'2025-12-24 11:46:33','VENTAS-SALIDAS','admin_ventas_salidas','127.0.0.1'),(3001,1,'2025-12-24 11:46:39','HISTORIAL-MOVIMIENTOS','admin_historial_movimientos','127.0.0.1'),(3002,1,'2025-12-24 12:01:04','VENTAS-SALIDAS','admin_ventas_salidas','127.0.0.1'),(3003,1,'2025-12-24 12:01:05','ANULAR_VENTA','admin_anular_venta','127.0.0.1'),(3004,1,'2025-12-24 12:10:28','VENTAS-SALIDAS','admin_ventas_salidas','127.0.0.1'),(3005,1,'2025-12-24 12:10:29','ANULAR_VENTA','admin_anular_venta','127.0.0.1'),(3006,1,'2025-12-24 12:10:51','AUTH','LOGIN_EXITOSO','127.0.0.1'),(3007,1,'2025-12-24 12:10:53','VENTAS-SALIDAS','admin_ventas_salidas','127.0.0.1'),(3008,1,'2025-12-24 12:10:54','ANULAR_VENTA','admin_anular_venta','127.0.0.1'),(3009,1,'2025-12-24 13:33:59','AUTH','LOGIN_EXITOSO','127.0.0.1'),(3010,1,'2025-12-24 13:36:57','VENTAS-SALIDAS','admin_ventas_salidas','127.0.0.1'),(3011,1,'2025-12-24 13:37:19','VENTAS-SALIDAS','admin_ventas_salidas','127.0.0.1'),(3012,1,'2025-12-24 13:37:20','ANULAR_VENTA','admin_anular_venta','127.0.0.1'),(3013,1,'2025-12-24 13:38:15','AUTH','LOGIN_EXITOSO','127.0.0.1'),(3014,1,'2025-12-24 13:38:18','VENTAS-SALIDAS','admin_ventas_salidas','127.0.0.1'),(3015,1,'2025-12-24 13:38:19','ANULAR_VENTA','admin_anular_venta','127.0.0.1'),(3016,1,'2025-12-24 13:39:01','AUTH','LOGIN_EXITOSO','127.0.0.1'),(3017,1,'2025-12-24 13:40:16','VENTAS-SALIDAS','admin_ventas_salidas','127.0.0.1'),(3018,1,'2025-12-24 13:40:17','ANULAR_VENTA','admin_anular_venta','127.0.0.1'),(3019,1,'2025-12-24 13:40:44','AUTH','LOGIN_EXITOSO','127.0.0.1'),(3020,1,'2025-12-24 13:40:46','VENTAS-SALIDAS','admin_ventas_salidas','127.0.0.1'),(3021,1,'2025-12-24 13:40:48','ANULAR_VENTA','admin_anular_venta','127.0.0.1'),(3022,1,'2025-12-24 13:40:50','ANULAR_VENTA','admin_anular_venta','127.0.0.1'),(3023,1,'2025-12-24 13:40:52','ANULAR_VENTA','admin_anular_venta','127.0.0.1'),(3024,1,'2025-12-24 13:40:54','CREAR_VENTA','admin_crear_venta','127.0.0.1'),(3025,1,'2025-12-24 13:41:07','CREAR_VENTA','admin_crear_venta','127.0.0.1'),(3026,1,'2025-12-24 13:41:19','VENTAS-SALIDAS','admin_ventas_salidas','127.0.0.1'),(3027,1,'2025-12-24 13:41:20','ANULAR_VENTA','admin_anular_venta','127.0.0.1'),(3028,1,'2025-12-24 13:41:23','ANULAR_VENTA','admin_anular_venta','127.0.0.1'),(3029,1,'2025-12-24 13:41:26','ANULAR_VENTA','admin_anular_venta','127.0.0.1'),(3030,1,'2025-12-24 13:41:31','ANULAR_VENTA','admin_anular_venta','127.0.0.1'),(3031,1,'2025-12-24 13:41:34','ANULAR_VENTA','admin_anular_venta','127.0.0.1'),(3032,1,'2025-12-24 13:41:37','ANULAR_VENTA','admin_anular_venta','127.0.0.1'),(3033,1,'2025-12-24 13:41:42','VENTAS-SALIDAS','admin_ventas_salidas','127.0.0.1'),(3034,1,'2025-12-24 13:41:44','ANULAR_VENTA','admin_anular_venta','127.0.0.1'),(3035,1,'2025-12-24 13:41:46','ANULAR_VENTA','admin_anular_venta','127.0.0.1'),(3036,1,'2025-12-24 13:41:52','ANULAR_VENTA','admin_anular_venta','127.0.0.1'),(3037,1,'2025-12-24 13:41:55','ANULAR_VENTA','admin_anular_venta','127.0.0.1'),(3038,1,'2025-12-24 13:42:32','ANULAR_VENTA','admin_anular_venta','127.0.0.1'),(3039,1,'2025-12-24 13:42:36','ANULAR_VENTA','admin_anular_venta','127.0.0.1'),(3040,1,'2025-12-24 13:42:38','ANULAR_VENTA','admin_anular_venta','127.0.0.1'),(3041,1,'2025-12-24 13:42:40','ANULAR_VENTA','admin_anular_venta','127.0.0.1'),(3042,1,'2025-12-24 13:52:23','AUTH','LOGOUT','127.0.0.1'),(3043,1,'2025-12-24 13:52:25','AUTH','LOGIN_EXITOSO','127.0.0.1'),(3044,1,'2025-12-24 13:56:56','AUTH','LOGIN_EXITOSO','127.0.0.1'),(3045,1,'2025-12-24 14:12:55','PROVEEDORES','admin_proveedores','127.0.0.1'),(3046,1,'2025-12-24 14:12:57','UNIDADES-MEDIDAS','admin_unidades_medidas','127.0.0.1'),(3047,1,'2025-12-24 14:12:58','UNIDADES-MEDIDAS','admin_unidades_medidas','127.0.0.1'),(3048,1,'2025-12-24 14:13:00','PRODUCTOS','admin_productos','127.0.0.1'),(3049,1,'2025-12-24 14:13:07','HISTORIAL-MOVIMIENTOS','admin_historial_movimientos','127.0.0.1'),(3050,1,'2025-12-24 14:14:44','BODEGA','admin_bodega','127.0.0.1'),(3051,1,'2025-12-24 14:14:49','PRODUCTOS','admin_productos','127.0.0.1'),(3052,1,'2025-12-24 14:15:00','EDITAR_PRODUCTO','admin_editar_producto','127.0.0.1'),(3053,1,'2025-12-24 14:15:08','EDITAR_PRODUCTO','admin_editar_producto','127.0.0.1'),(3054,1,'2025-12-24 14:15:08','PRODUCTOS','admin_productos','127.0.0.1'),(3055,1,'2025-12-24 14:15:15','EDITAR_PRODUCTO','admin_editar_producto','127.0.0.1'),(3056,1,'2025-12-24 14:15:22','EDITAR_PRODUCTO','admin_editar_producto','127.0.0.1'),(3057,1,'2025-12-24 14:15:22','PRODUCTOS','admin_productos','127.0.0.1'),(3058,1,'2025-12-24 14:22:09','VENTAS-SALIDAS','admin_ventas_salidas','127.0.0.1'),(3059,1,'2025-12-24 14:22:13','ANULAR_VENTA','admin_anular_venta','127.0.0.1'),(3060,1,'2025-12-24 14:22:15','ANULAR_VENTA','admin_anular_venta','127.0.0.1'),(3061,1,'2025-12-24 14:22:37','ANULAR_VENTA','admin_anular_venta','127.0.0.1'),(3062,1,'2025-12-24 14:23:56','COMPRAS-ENTRADAS','admin_compras_entradas','127.0.0.1'),(3063,1,'2025-12-24 14:31:12','HISTORIAL-MOVIMIENTOS','admin_historial_movimientos','127.0.0.1'),(3064,1,'2025-12-24 14:31:29','COMPRAS-ENTRADAS','admin_compras_entradas','127.0.0.1'),(3065,1,'2025-12-24 14:31:34','VENTAS-SALIDAS','admin_ventas_salidas','127.0.0.1'),(3066,1,'2025-12-24 14:31:35','ANULAR_VENTA','admin_anular_venta','127.0.0.1'),(3067,1,'2025-12-24 14:32:20','ANULAR_VENTA','admin_anular_venta','127.0.0.1'),(3068,1,'2025-12-24 14:32:22','ANULAR_VENTA','admin_anular_venta','127.0.0.1'),(3069,1,'2025-12-24 14:32:24','ANULAR_VENTA','admin_anular_venta','127.0.0.1'),(3070,1,'2025-12-24 14:32:26','ANULAR_VENTA','admin_anular_venta','127.0.0.1'),(3071,1,'2025-12-24 14:50:47','AUTH','LOGIN_EXITOSO','127.0.0.1'),(3072,1,'2025-12-24 14:50:49','VENTAS-SALIDAS','admin_ventas_salidas','127.0.0.1'),(3073,1,'2025-12-24 14:51:05','VENTAS-SALIDAS','admin_ventas_salidas','127.0.0.1'),(3074,1,'2025-12-24 14:51:22','ANULAR_VENTA','admin_anular_venta','127.0.0.1'),(3075,1,'2025-12-24 15:13:06','AUTH','LOGIN_EXITOSO','127.0.0.1'),(3076,1,'2025-12-24 15:13:08','VENTAS-SALIDAS','admin_ventas_salidas','127.0.0.1'),(3077,1,'2025-12-24 15:13:10','ANULAR_VENTA','admin_anular_venta','127.0.0.1'),(3078,1,'2025-12-24 15:13:18','ANULAR_VENTA','admin_anular_venta','127.0.0.1'),(3079,1,'2025-12-24 15:13:18','VENTAS-SALIDAS','admin_ventas_salidas','127.0.0.1'),(3080,1,'2025-12-24 15:13:53','HISTORIAL-MOVIMIENTOS','admin_historial_movimientos','127.0.0.1'),(3081,1,'2025-12-24 15:16:02','VENTAS-SALIDAS','admin_ventas_salidas','127.0.0.1'),(3082,1,'2025-12-24 15:16:04','CREAR_VENTA','admin_crear_venta','127.0.0.1'),(3083,1,'2025-12-24 15:16:17','CREAR_VENTA','admin_crear_venta','127.0.0.1'),(3084,1,'2025-12-24 15:16:21','VENTAS-SALIDAS','admin_ventas_salidas','127.0.0.1'),(3085,1,'2025-12-24 15:16:22','CUENTAS-POR-COBRAR','admin_cuentascobrar','127.0.0.1'),(3086,1,'2025-12-24 15:16:40','VENTAS-SALIDAS','admin_ventas_salidas','127.0.0.1'),(3087,1,'2025-12-24 15:16:42','ANULAR_VENTA','admin_anular_venta','127.0.0.1'),(3088,1,'2025-12-24 15:16:52','ANULAR_VENTA','admin_anular_venta','127.0.0.1'),(3089,1,'2025-12-24 15:16:52','VENTAS-SALIDAS','admin_ventas_salidas','127.0.0.1'),(3090,1,'2025-12-24 15:17:01','VENTAS-SALIDAS','admin_ventas_salidas','127.0.0.1'),(3091,1,'2025-12-24 15:17:04','ANULAR_VENTA','admin_anular_venta','127.0.0.1'),(3092,1,'2025-12-24 15:17:10','CREAR_VENTA','admin_crear_venta','127.0.0.1'),(3093,1,'2025-12-24 15:17:30','CREAR_VENTA','admin_crear_venta','127.0.0.1'),(3094,1,'2025-12-24 15:17:35','VENTAS-SALIDAS','admin_ventas_salidas','127.0.0.1'),(3095,1,'2025-12-24 15:17:37','VENTAS-SALIDAS','admin_ventas_salidas','127.0.0.1'),(3096,1,'2025-12-24 15:18:29','PRODUCTOS','admin_productos','127.0.0.1'),(3097,1,'2025-12-24 15:19:27','EDITAR_PRODUCTO','admin_editar_producto','127.0.0.1'),(3098,1,'2025-12-24 15:19:32','EDITAR_PRODUCTO','admin_editar_producto','127.0.0.1'),(3099,1,'2025-12-24 15:19:32','PRODUCTOS','admin_productos','127.0.0.1'),(3100,1,'2025-12-24 15:20:32','VENTAS-SALIDAS','admin_ventas_salidas','127.0.0.1'),(3101,1,'2025-12-24 15:20:36','CREAR_VENTA','admin_crear_venta','127.0.0.1'),(3102,1,'2025-12-24 15:20:48','CREAR_VENTA','admin_crear_venta','127.0.0.1'),(3103,1,'2025-12-24 15:20:52','VENTAS-SALIDAS','admin_ventas_salidas','127.0.0.1'),(3104,1,'2025-12-24 15:20:55','VENTAS-SALIDAS','admin_ventas_salidas','127.0.0.1'),(3105,1,'2025-12-24 15:21:29','VENTAS-SALIDAS','admin_ventas_salidas','127.0.0.1'),(3106,1,'2025-12-24 15:21:30','ANULAR_VENTA','admin_anular_venta','127.0.0.1'),(3107,1,'2025-12-24 15:21:37','ANULAR_VENTA','admin_anular_venta','127.0.0.1'),(3108,1,'2025-12-24 15:21:38','VENTAS-SALIDAS','admin_ventas_salidas','127.0.0.1'),(3109,1,'2025-12-24 15:21:46','ANULAR_VENTA','admin_anular_venta','127.0.0.1'),(3110,1,'2025-12-24 15:21:48','VENTAS-SALIDAS','admin_ventas_salidas','127.0.0.1'),(3111,1,'2025-12-24 15:27:14','HISTORIAL-MOVIMIENTOS','admin_historial_movimientos','127.0.0.1'),(3112,1,'2025-12-24 15:27:40','HISTORIAL-MOVIMIENTOS','admin_historial_movimientos','127.0.0.1'),(3113,1,'2025-12-26 09:18:50','AUTH','LOGIN_EXITOSO','127.0.0.1'),(3114,1,'2025-12-26 09:18:53','VENTAS-SALIDAS','admin_ventas_salidas','127.0.0.1'),(3115,1,'2025-12-26 09:19:07','VENTAS-SALIDAS','admin_ventas_salidas','127.0.0.1'),(3116,1,'2025-12-26 09:19:44','VENTAS-SALIDAS','admin_ventas_salidas','127.0.0.1'),(3117,1,'2025-12-26 09:20:36','CREAR_VENTA','admin_crear_venta','127.0.0.1'),(3118,1,'2025-12-26 09:20:51','CREAR_VENTA','admin_crear_venta','127.0.0.1'),(3119,1,'2025-12-26 09:20:54','VENTAS-SALIDAS','admin_ventas_salidas','127.0.0.1'),(3120,1,'2025-12-26 09:21:02','ANULAR_VENTA','admin_anular_venta','127.0.0.1'),(3121,1,'2025-12-26 09:21:15','ANULAR_VENTA','admin_anular_venta','127.0.0.1'),(3122,1,'2025-12-26 09:21:15','VENTAS-SALIDAS','admin_ventas_salidas','127.0.0.1'),(3123,1,'2025-12-26 09:21:22','ANULAR_VENTA','admin_anular_venta','127.0.0.1'),(3124,1,'2025-12-26 09:21:26','ANULAR_VENTA','admin_anular_venta','127.0.0.1'),(3125,1,'2025-12-26 09:31:49','ANULAR_VENTA','admin_anular_venta','127.0.0.1'),(3126,1,'2025-12-26 09:37:20','VENTAS-SALIDAS','admin_ventas_salidas','127.0.0.1'),(3127,1,'2025-12-26 09:38:23','VENTAS-SALIDAS','admin_ventas_salidas','127.0.0.1'),(3128,1,'2025-12-26 09:39:27','AUTH','LOGIN_EXITOSO','127.0.0.1'),(3129,1,'2025-12-26 09:40:03','VENTAS-SALIDAS','admin_ventas_salidas','127.0.0.1'),(3130,1,'2025-12-26 09:40:28','AUTH','LOGIN_EXITOSO','127.0.0.1'),(3131,1,'2025-12-26 09:40:30','VENTAS-SALIDAS','admin_ventas_salidas','127.0.0.1'),(3132,1,'2025-12-26 09:42:43','VENTAS-SALIDAS','admin_ventas_salidas','127.0.0.1'),(3133,1,'2025-12-26 09:43:01','VENTAS-SALIDAS','admin_ventas_salidas','127.0.0.1'),(3134,1,'2025-12-26 10:13:46','AUTH','LOGIN_EXITOSO','127.0.0.1'),(3135,1,'2025-12-26 10:13:48','VENTAS-SALIDAS','admin_ventas_salidas','127.0.0.1'),(3136,1,'2025-12-26 10:38:40','VENTAS-SALIDAS','admin_ventas_salidas','127.0.0.1'),(3137,1,'2025-12-26 10:39:34','ANULAR_VENTA','admin_anular_venta','127.0.0.1'),(3138,1,'2025-12-26 10:39:45','VENTAS-SALIDAS','admin_ventas_salidas','127.0.0.1'),(3139,1,'2025-12-26 10:39:46','ANULAR_VENTA','admin_anular_venta','127.0.0.1'),(3140,1,'2025-12-26 10:41:48','VENTAS-SALIDAS','admin_ventas_salidas','127.0.0.1'),(3141,1,'2025-12-26 10:42:42','VENTAS-SALIDAS','admin_ventas_salidas','127.0.0.1'),(3142,1,'2025-12-26 10:42:47','COMPRAS-ENTRADAS','admin_compras_entradas','127.0.0.1'),(3143,1,'2025-12-26 10:43:12','COMPRAS-ENTRADAS-DETALLE-COMPLETO','admin_detalle_compra_completo','127.0.0.1'),(3144,1,'2025-12-26 10:52:55','AUTH','LOGIN_EXITOSO','127.0.0.1'),(3145,1,'2025-12-26 10:52:57','VENTAS-SALIDAS','admin_ventas_salidas','127.0.0.1'),(3146,1,'2025-12-26 10:52:59','ANULAR_VENTA','admin_anular_venta','127.0.0.1'),(3147,1,'2025-12-26 10:53:14','VENTAS-SALIDAS','admin_ventas_salidas','127.0.0.1'),(3148,1,'2025-12-26 10:53:16','ANULAR_VENTA','admin_anular_venta','127.0.0.1'),(3149,1,'2025-12-26 10:56:27','AUTH','LOGIN_EXITOSO','127.0.0.1'),(3150,1,'2025-12-26 10:56:30','VENTAS-SALIDAS','admin_ventas_salidas','127.0.0.1'),(3151,1,'2025-12-26 10:56:31','ANULAR_VENTA','admin_anular_venta','127.0.0.1'),(3152,1,'2025-12-26 10:57:37','ANULAR_VENTA','admin_anular_venta','127.0.0.1'),(3153,1,'2025-12-26 10:58:15','VENTAS-SALIDAS','admin_ventas_salidas','127.0.0.1'),(3154,1,'2025-12-26 11:00:46','AUTH','LOGIN_EXITOSO','127.0.0.1'),(3155,1,'2025-12-26 11:00:59','CLIENTES','admin_clientes','127.0.0.1'),(3156,1,'2025-12-26 11:01:27','CLIENTES-CREAR','admin_crear_cliente','127.0.0.1'),(3157,1,'2025-12-26 11:01:27','CLIENTES','admin_clientes','127.0.0.1'),(3158,1,'2025-12-26 11:01:46','USUARIOS','admin_usuarios','127.0.0.1'),(3159,1,'2025-12-26 11:02:23','USUARIOS','CREAR_USUARUI: Jahir','127.0.0.1'),(3160,1,'2025-12-26 11:02:23','USUARIOS','crear_usuario','127.0.0.1'),(3161,1,'2025-12-26 11:02:23','USUARIOS','admin_usuarios','127.0.0.1'),(3162,1,'2025-12-26 11:02:32','AUTH','LOGOUT','127.0.0.1'),(3163,1,'2025-12-26 11:02:34','AUTH','LOGIN_EXITOSO','127.0.0.1'),(3164,1,'2025-12-26 11:02:37','AUTH','LOGOUT','127.0.0.1'),(3165,6,'2025-12-26 11:02:46','AUTH','LOGIN_EXITOSO','127.0.0.1'),(3166,6,'2025-12-26 11:02:52','VENTAS-SALIDAS','admin_ventas_salidas','127.0.0.1'),(3167,6,'2025-12-26 11:03:14','CUENTAS-POR-COBRAR','admin_cuentascobrar','127.0.0.1'),(3168,6,'2025-12-26 11:03:24','VENTAS-SALIDAS','admin_ventas_salidas','127.0.0.1'),(3169,6,'2025-12-26 11:03:26','CUENTAS-POR-COBRAR','admin_cuentascobrar','127.0.0.1'),(3170,6,'2025-12-26 11:06:14','PRODUCTOS','admin_productos','127.0.0.1'),(3171,6,'2025-12-26 11:06:19','EDITAR_PRODUCTO','admin_editar_producto','127.0.0.1'),(3172,6,'2025-12-26 11:06:24','EDITAR_PRODUCTO','admin_editar_producto','127.0.0.1'),(3173,6,'2025-12-26 11:06:24','PRODUCTOS','admin_productos','127.0.0.1'),(3174,6,'2025-12-26 11:18:44','VENTAS-SALIDAS','admin_ventas_salidas','127.0.0.1'),(3175,6,'2025-12-26 11:18:58','VENTAS-SALIDAS','admin_ventas_salidas','127.0.0.1'),(3176,6,'2025-12-26 11:34:55','AUTH','LOGIN_EXITOSO','127.0.0.1'),(3177,6,'2025-12-26 11:34:57','VENTAS-SALIDAS','admin_ventas_salidas','127.0.0.1'),(3178,6,'2025-12-26 11:39:43','AUTH','LOGIN_EXITOSO','127.0.0.1'),(3179,6,'2025-12-26 11:39:45','VENTAS-SALIDAS','admin_ventas_salidas','127.0.0.1'),(3180,6,'2025-12-26 11:39:46','DETALLES_VENTA','admin_detalles_venta','127.0.0.1'),(3181,6,'2025-12-26 11:39:47','VENTAS-SALIDAS','admin_ventas_salidas','127.0.0.1'),(3182,6,'2025-12-26 11:39:53','DETALLES_VENTA','admin_detalles_venta','127.0.0.1'),(3183,6,'2025-12-26 11:39:53','VENTAS-SALIDAS','admin_ventas_salidas','127.0.0.1'),(3184,6,'2025-12-26 11:40:36','DETALLES_VENTA','admin_detalles_venta','127.0.0.1'),(3185,6,'2025-12-26 11:40:36','VENTAS-SALIDAS','admin_ventas_salidas','127.0.0.1'),(3186,6,'2025-12-26 11:40:47','DETALLES_VENTA','admin_detalles_venta','127.0.0.1'),(3187,6,'2025-12-26 11:40:47','VENTAS-SALIDAS','admin_ventas_salidas','127.0.0.1'),(3188,6,'2025-12-26 11:40:50','DETALLES_VENTA','admin_detalles_venta','127.0.0.1'),(3189,6,'2025-12-26 11:40:50','VENTAS-SALIDAS','admin_ventas_salidas','127.0.0.1'),(3190,6,'2025-12-26 11:40:52','DETALLES_VENTA','admin_detalles_venta','127.0.0.1'),(3191,6,'2025-12-26 11:40:52','VENTAS-SALIDAS','admin_ventas_salidas','127.0.0.1'),(3192,6,'2025-12-26 11:40:54','DETALLES_VENTA','admin_detalles_venta','127.0.0.1'),(3193,6,'2025-12-26 11:40:54','VENTAS-SALIDAS','admin_ventas_salidas','127.0.0.1'),(3194,6,'2025-12-26 11:41:38','AUTH','LOGIN_EXITOSO','127.0.0.1'),(3195,6,'2025-12-26 11:41:39','VENTAS-SALIDAS','admin_ventas_salidas','127.0.0.1'),(3196,6,'2025-12-26 11:41:41','DETALLES_VENTA','admin_detalles_venta','127.0.0.1'),(3197,6,'2025-12-26 11:41:41','VENTAS-SALIDAS','admin_ventas_salidas','127.0.0.1'),(3198,6,'2025-12-26 11:41:46','DETALLES_VENTA','admin_detalles_venta','127.0.0.1'),(3199,6,'2025-12-26 11:41:46','VENTAS-SALIDAS','admin_ventas_salidas','127.0.0.1'),(3200,6,'2025-12-26 11:43:13','DETALLES_VENTA','admin_detalles_venta','127.0.0.1'),(3201,6,'2025-12-26 11:43:13','VENTAS-SALIDAS','admin_ventas_salidas','127.0.0.1'),(3202,6,'2025-12-26 11:51:20','AUTH','LOGIN_EXITOSO','127.0.0.1'),(3203,6,'2025-12-26 11:51:22','VENTAS-SALIDAS','admin_ventas_salidas','127.0.0.1'),(3204,6,'2025-12-26 11:51:23','DETALLES_VENTA','admin_detalles_venta','127.0.0.1'),(3205,6,'2025-12-26 11:51:24','VENTAS-SALIDAS','admin_ventas_salidas','127.0.0.1'),(3206,6,'2025-12-26 11:52:33','DETALLES_VENTA','admin_detalles_venta','127.0.0.1'),(3207,6,'2025-12-26 11:52:33','VENTAS-SALIDAS','admin_ventas_salidas','127.0.0.1'),(3208,6,'2025-12-26 11:52:53','DETALLES_VENTA','admin_detalles_venta','127.0.0.1'),(3209,6,'2025-12-26 11:52:53','VENTAS-SALIDAS','admin_ventas_salidas','127.0.0.1'),(3210,6,'2025-12-26 11:53:02','DETALLES_VENTA','admin_detalles_venta','127.0.0.1'),(3211,6,'2025-12-26 11:53:02','VENTAS-SALIDAS','admin_ventas_salidas','127.0.0.1'),(3212,6,'2025-12-26 11:53:48','AUTH','LOGIN_EXITOSO','127.0.0.1'),(3213,6,'2025-12-26 11:53:51','VENTAS-SALIDAS','admin_ventas_salidas','127.0.0.1'),(3214,6,'2025-12-26 11:53:53','DETALLES_VENTA','admin_detalles_venta','127.0.0.1'),(3215,6,'2025-12-26 11:53:53','VENTAS-SALIDAS','admin_ventas_salidas','127.0.0.1'),(3216,6,'2025-12-26 11:54:11','DETALLES_VENTA','admin_detalles_venta','127.0.0.1'),(3217,6,'2025-12-26 11:54:11','VENTAS-SALIDAS','admin_ventas_salidas','127.0.0.1'),(3218,6,'2025-12-26 11:54:48','VENTAS-SALIDAS','admin_ventas_salidas','127.0.0.1'),(3219,6,'2025-12-26 11:54:49','DETALLES_VENTA','admin_detalles_venta','127.0.0.1'),(3220,6,'2025-12-26 11:54:49','VENTAS-SALIDAS','admin_ventas_salidas','127.0.0.1'),(3221,6,'2025-12-26 11:55:45','AUTH','LOGIN_EXITOSO','127.0.0.1'),(3222,6,'2025-12-26 11:55:49','VENTAS-SALIDAS','admin_ventas_salidas','127.0.0.1'),(3223,6,'2025-12-26 11:55:50','DETALLES_VENTA','admin_detalles_venta','127.0.0.1'),(3224,6,'2025-12-26 11:55:50','VENTAS-SALIDAS','admin_ventas_salidas','127.0.0.1'),(3225,6,'2025-12-26 11:57:46','VENTAS-SALIDAS','admin_ventas_salidas','127.0.0.1'),(3226,6,'2025-12-26 11:57:47','DETALLES_VENTA','admin_detalles_venta','127.0.0.1'),(3227,6,'2025-12-26 11:57:47','VENTAS-SALIDAS','admin_ventas_salidas','127.0.0.1'),(3228,6,'2025-12-26 11:58:41','VENTAS-SALIDAS','admin_ventas_salidas','127.0.0.1'),(3229,6,'2025-12-26 11:58:42','DETALLES_VENTA','admin_detalles_venta','127.0.0.1'),(3230,6,'2025-12-26 11:58:42','VENTAS-SALIDAS','admin_ventas_salidas','127.0.0.1'),(3231,6,'2025-12-26 11:58:56','AUTH','LOGIN_EXITOSO','127.0.0.1'),(3232,6,'2025-12-26 11:58:58','VENTAS-SALIDAS','admin_ventas_salidas','127.0.0.1'),(3233,6,'2025-12-26 11:59:00','DETALLES_VENTA','admin_detalles_venta','127.0.0.1'),(3234,6,'2025-12-26 11:59:00','VENTAS-SALIDAS','admin_ventas_salidas','127.0.0.1'),(3235,6,'2025-12-26 12:01:18','AUTH','LOGIN_EXITOSO','127.0.0.1'),(3236,6,'2025-12-26 12:01:20','VENTAS-SALIDAS','admin_ventas_salidas','127.0.0.1'),(3237,6,'2025-12-26 12:01:21','DETALLES_VENTA','admin_detalles_venta','127.0.0.1'),(3238,6,'2025-12-26 12:01:21','VENTAS-SALIDAS','admin_ventas_salidas','127.0.0.1'),(3239,6,'2025-12-26 12:02:39','VENTAS-SALIDAS','admin_ventas_salidas','127.0.0.1'),(3240,6,'2025-12-26 12:02:40','DETALLES_VENTA','admin_detalles_venta','127.0.0.1'),(3241,6,'2025-12-26 12:02:53','VENTAS-SALIDAS','admin_ventas_salidas','127.0.0.1'),(3242,6,'2025-12-26 12:03:04','DETALLES_VENTA','admin_detalles_venta','127.0.0.1'),(3243,6,'2025-12-26 12:03:07','VENTAS-SALIDAS','admin_ventas_salidas','127.0.0.1'),(3244,6,'2025-12-26 12:03:09','DETALLES_VENTA','admin_detalles_venta','127.0.0.1'),(3245,6,'2025-12-26 12:03:27','DETALLES_VENTA','admin_detalles_venta','127.0.0.1'),(3246,6,'2025-12-26 12:08:37','VENTAS-SALIDAS','admin_ventas_salidas','127.0.0.1'),(3247,6,'2025-12-26 12:08:38','CREAR_VENTA','admin_crear_venta','127.0.0.1'),(3248,6,'2025-12-26 12:08:51','CREAR_VENTA','admin_crear_venta','127.0.0.1'),(3249,6,'2025-12-26 12:08:57','VENTAS-SALIDAS','admin_ventas_salidas','127.0.0.1'),(3250,6,'2025-12-26 12:09:01','DETALLES_VENTA','admin_detalles_venta','127.0.0.1'),(3251,6,'2025-12-26 12:12:56','DETALLES_VENTA','admin_detalles_venta','127.0.0.1'),(3252,6,'2025-12-26 12:12:59','DETALLES_VENTA','admin_detalles_venta','127.0.0.1'),(3253,6,'2025-12-26 12:13:13','AUTH','LOGIN_EXITOSO','127.0.0.1'),(3254,6,'2025-12-26 12:13:16','VENTAS-SALIDAS','admin_ventas_salidas','127.0.0.1'),(3255,6,'2025-12-26 12:13:17','DETALLES_VENTA','admin_detalles_venta','127.0.0.1'),(3256,6,'2025-12-26 12:13:18','VENTAS-SALIDAS','admin_ventas_salidas','127.0.0.1'),(3257,6,'2025-12-26 12:14:08','AUTH','LOGIN_EXITOSO','127.0.0.1'),(3258,6,'2025-12-26 12:14:10','VENTAS-SALIDAS','admin_ventas_salidas','127.0.0.1'),(3259,6,'2025-12-26 12:14:11','DETALLES_VENTA','admin_detalles_venta','127.0.0.1'),(3260,6,'2025-12-26 12:14:41','VENTAS-SALIDAS','admin_ventas_salidas','127.0.0.1'),(3261,6,'2025-12-26 12:14:46','CREAR_VENTA','admin_crear_venta','127.0.0.1'),(3262,6,'2025-12-26 12:15:00','CREAR_VENTA','admin_crear_venta','127.0.0.1'),(3263,6,'2025-12-26 12:15:03','VENTAS-SALIDAS','admin_ventas_salidas','127.0.0.1'),(3264,6,'2025-12-26 12:15:10','DETALLES_VENTA','admin_detalles_venta','127.0.0.1'),(3265,6,'2025-12-26 12:18:20','DETALLES_VENTA','admin_detalles_venta','127.0.0.1'),(3266,6,'2025-12-26 12:18:20','VENTAS-SALIDAS','admin_ventas_salidas','127.0.0.1'),(3267,6,'2025-12-26 12:18:27','DETALLES_VENTA','admin_detalles_venta','127.0.0.1'),(3268,6,'2025-12-26 12:18:27','VENTAS-SALIDAS','admin_ventas_salidas','127.0.0.1'),(3269,6,'2025-12-26 12:20:42','VENTAS-SALIDAS','admin_ventas_salidas','127.0.0.1'),(3270,6,'2025-12-26 12:20:44','DETALLES_VENTA','admin_detalles_venta','127.0.0.1'),(3271,6,'2025-12-26 12:21:05','DETALLES_VENTA','admin_detalles_venta','127.0.0.1'),(3272,6,'2025-12-26 12:21:07','DETALLES_VENTA','admin_detalles_venta','127.0.0.1'),(3273,6,'2025-12-26 12:21:14','DETALLES_VENTA','admin_detalles_venta','127.0.0.1'),(3274,6,'2025-12-26 12:21:15','DETALLES_VENTA','admin_detalles_venta','127.0.0.1'),(3275,6,'2025-12-26 12:21:15','DETALLES_VENTA','admin_detalles_venta','127.0.0.1'),(3276,6,'2025-12-26 12:21:15','DETALLES_VENTA','admin_detalles_venta','127.0.0.1'),(3277,6,'2025-12-26 12:21:15','DETALLES_VENTA','admin_detalles_venta','127.0.0.1'),(3278,6,'2025-12-26 12:21:17','COMPRAS-ENTRADAS','admin_compras_entradas','127.0.0.1'),(3279,6,'2025-12-26 12:21:18','VENTAS-SALIDAS','admin_ventas_salidas','127.0.0.1'),(3280,6,'2025-12-26 12:21:19','DETALLES_VENTA','admin_detalles_venta','127.0.0.1'),(3281,6,'2025-12-26 12:23:19','AUTH','LOGIN_EXITOSO','127.0.0.1'),(3282,6,'2025-12-26 12:23:22','VENTAS-SALIDAS','admin_ventas_salidas','127.0.0.1'),(3283,6,'2025-12-26 12:23:24','DETALLES_VENTA','admin_detalles_venta','127.0.0.1'),(3284,6,'2025-12-26 12:24:55','VENTAS-SALIDAS','admin_ventas_salidas','127.0.0.1'),(3285,6,'2025-12-26 12:24:56','DETALLES_VENTA','admin_detalles_venta','127.0.0.1'),(3286,6,'2025-12-26 12:31:06','DETALLES_VENTA','admin_detalles_venta','127.0.0.1'),(3287,6,'2025-12-26 13:52:21','AUTH','LOGIN_EXITOSO','127.0.0.1'),(3288,6,'2025-12-26 13:53:53','VENTAS-SALIDAS','admin_ventas_salidas','127.0.0.1'),(3289,6,'2025-12-26 13:55:30','VENTAS-SALIDAS','admin_ventas_salidas','127.0.0.1'),(3290,6,'2025-12-26 13:55:36','CUENTAS-POR-COBRAR','admin_cuentascobrar','127.0.0.1'),(3291,6,'2025-12-26 13:56:45','VENTAS-SALIDAS','admin_ventas_salidas','127.0.0.1'),(3292,6,'2025-12-26 13:56:48','DETALLES_VENTA','admin_detalles_venta','127.0.0.1'),(3293,6,'2025-12-26 13:56:56','VENTAS-SALIDAS','admin_ventas_salidas','127.0.0.1'),(3294,6,'2025-12-26 13:57:01','CUENTAS-POR-COBRAR','admin_cuentascobrar','127.0.0.1'),(3295,6,'2025-12-26 13:58:12','CUENTAS-POR-COBRAR','admin_cuentascobrar','127.0.0.1'),(3296,6,'2025-12-26 14:04:36','COMPRAS-CUENTAS-POR-PAGAR','admin_cuentas_por_pagar','127.0.0.1'),(3297,6,'2025-12-26 14:04:38','CUENTAS-POR-COBRAR','admin_cuentascobrar','127.0.0.1'),(3298,6,'2025-12-26 14:20:10','CUENTAS-POR-COBRAR','admin_cuentascobrar','127.0.0.1'),(3299,6,'2025-12-26 14:20:54','CUENTAS-POR-COBRAR','admin_cuentascobrar','127.0.0.1'),(3300,6,'2025-12-26 14:21:16','CUENTAS-POR-COBRAR','admin_cuentascobrar','127.0.0.1'),(3301,6,'2025-12-26 14:24:28','CUENTAS-POR-COBRAR','admin_cuentascobrar','127.0.0.1'),(3302,1,'2025-12-26 14:26:50','AUTH','LOGIN_EXITOSO','127.0.0.1'),(3303,1,'2025-12-26 14:26:57','CLIENTES','admin_clientes','127.0.0.1'),(3304,1,'2025-12-26 14:27:12','PROVEEDORES','admin_proveedores','127.0.0.1'),(3305,1,'2025-12-26 14:28:06','CUENTAS-POR-COBRAR','admin_cuentascobrar','127.0.0.1'),(3306,1,'2025-12-26 14:28:53','CUENTAS-POR-COBRAR','admin_cuentascobrar','127.0.0.1'),(3307,6,'2025-12-26 14:29:01','CUENTAS-POR-COBRAR','admin_cuentascobrar','127.0.0.1'),(3308,6,'2025-12-26 14:29:09','COMPRAS-ENTRADAS','admin_compras_entradas','127.0.0.1'),(3309,6,'2025-12-26 14:29:10','CUENTAS-POR-COBRAR','admin_cuentascobrar','127.0.0.1'),(3310,1,'2025-12-26 14:30:24','CUENTAS-POR-COBRAR','admin_cuentascobrar','127.0.0.1'),(3311,1,'2025-12-26 14:30:34','VENTAS-SALIDAS','admin_ventas_salidas','127.0.0.1'),(3312,1,'2025-12-26 14:30:48','VENTAS-SALIDAS','admin_ventas_salidas','127.0.0.1'),(3313,6,'2025-12-26 14:33:57','CUENTAS-POR-COBRAR','admin_cuentascobrar','127.0.0.1'),(3314,6,'2025-12-26 14:42:26','CUENTAS-POR-COBRAR','admin_cuentascobrar','127.0.0.1'),(3315,6,'2025-12-26 14:45:33','AUTH','LOGIN_EXITOSO','127.0.0.1'),(3316,6,'2025-12-26 14:45:35','CUENTAS-POR-COBRAR','admin_cuentascobrar','127.0.0.1'),(3317,6,'2025-12-26 14:46:18','AUTH','LOGIN_EXITOSO','127.0.0.1'),(3318,6,'2025-12-26 14:46:20','CUENTAS-POR-COBRAR','admin_cuentascobrar','127.0.0.1'),(3319,6,'2025-12-26 14:46:51','AUTH','LOGIN_EXITOSO','127.0.0.1'),(3320,6,'2025-12-26 14:46:53','CUENTAS-POR-COBRAR','admin_cuentascobrar','127.0.0.1'),(3321,6,'2025-12-26 14:47:09','COMPRAS-CUENTAS-POR-PAGAR','admin_cuentas_por_pagar','127.0.0.1'),(3322,6,'2025-12-26 14:47:33','CUENTAS-POR-COBRAR','admin_cuentascobrar','127.0.0.1'),(3323,6,'2025-12-26 14:52:29','CUENTAS-POR-COBRAR','admin_cuentascobrar','127.0.0.1'),(3324,6,'2025-12-26 14:54:18','CUENTAS-POR-COBRAR','admin_cuentascobrar','127.0.0.1'),(3325,6,'2025-12-26 14:54:54','CUENTAS-POR-COBRAR','admin_cuentascobrar','127.0.0.1'),(3326,6,'2025-12-26 15:01:02','CUENTAS-POR-COBRAR','admin_cuentascobrar','127.0.0.1'),(3327,6,'2025-12-26 15:01:15','CUENTAS-POR-COBRAR','admin_cuentascobrar','127.0.0.1'),(3328,6,'2025-12-26 15:01:19','REGISTRAR-PAGO-CXC','admin_registrar_pago','127.0.0.1'),(3329,6,'2025-12-26 15:01:21','DETALLE-CUENTA-COBRAR','admin_detalle_cuentacobrar','127.0.0.1'),(3330,6,'2025-12-26 15:01:23','CUENTAS-POR-COBRAR','admin_cuentascobrar','127.0.0.1'),(3331,6,'2025-12-26 15:01:25','REGISTRAR-PAGO-CXC','admin_registrar_pago','127.0.0.1'),(3332,6,'2025-12-26 15:01:26','DETALLE-CUENTA-COBRAR','admin_detalle_cuentacobrar','127.0.0.1'),(3333,6,'2025-12-26 15:01:29','CUENTAS-POR-COBRAR','admin_cuentascobrar','127.0.0.1'),(3334,6,'2025-12-26 15:01:31','REGISTRAR-PAGO-CXC','admin_registrar_pago','127.0.0.1'),(3335,6,'2025-12-26 15:01:34','CUENTAS-POR-COBRAR','admin_cuentascobrar','127.0.0.1'),(3336,6,'2025-12-26 15:07:12','CUENTAS-POR-COBRAR','admin_cuentascobrar','127.0.0.1'),(3337,6,'2025-12-26 15:07:29','COMPRAS-CUENTAS-POR-PAGAR','admin_cuentas_por_pagar','127.0.0.1'),(3338,6,'2025-12-26 15:10:32','CUENTAS-POR-COBRAR','admin_cuentascobrar','127.0.0.1'),(3339,6,'2025-12-26 15:10:45','DETALLE-CUENTA-COBRAR','admin_detalle_cuentacobrar','127.0.0.1'),(3340,6,'2025-12-26 15:10:48','CUENTAS-POR-COBRAR','admin_cuentascobrar','127.0.0.1'),(3341,6,'2025-12-26 15:13:37','AUTH','LOGIN_EXITOSO','127.0.0.1'),(3342,6,'2025-12-26 15:13:40','CUENTAS-POR-COBRAR','admin_cuentascobrar','127.0.0.1'),(3343,6,'2025-12-26 15:14:35','VENTAS-SALIDAS','admin_ventas_salidas','127.0.0.1'),(3344,6,'2025-12-26 15:14:36','CUENTAS-POR-COBRAR','admin_cuentascobrar','127.0.0.1'),(3345,6,'2025-12-26 15:14:49','CUENTAS-POR-COBRAR','admin_cuentascobrar','127.0.0.1'),(3346,6,'2025-12-26 15:28:51','AUTH','LOGIN_EXITOSO','127.0.0.1'),(3347,6,'2025-12-26 15:28:55','CUENTAS-POR-COBRAR','admin_cuentascobrar','127.0.0.1'),(3348,6,'2025-12-26 15:29:06','CUENTAS-POR-COBRAR','admin_cuentascobrar','127.0.0.1'),(3349,6,'2025-12-26 15:30:03','AUTH','LOGIN_EXITOSO','127.0.0.1'),(3350,6,'2025-12-26 15:30:13','CUENTAS-POR-COBRAR','admin_cuentascobrar','127.0.0.1'),(3351,6,'2025-12-26 15:34:03','CUENTAS-POR-COBRAR','admin_cuentascobrar','127.0.0.1'),(3352,6,'2025-12-26 15:36:46','CUENTAS-POR-COBRAR','admin_cuentascobrar','127.0.0.1'),(3353,6,'2025-12-26 15:36:46','CUENTAS-POR-COBRAR','admin_cuentascobrar','127.0.0.1'),(3354,6,'2025-12-26 15:39:35','CUENTAS-POR-COBRAR','admin_cuentascobrar','127.0.0.1'),(3355,6,'2025-12-26 15:39:43','DETALLE-CUENTA-COBRAR','admin_detalle_cuentacobrar','127.0.0.1'),(3356,6,'2025-12-26 15:41:03','CUENTAS-POR-COBRAR','admin_cuentascobrar','127.0.0.1'),(3357,6,'2025-12-26 15:41:07','DETALLE-CUENTA-COBRAR','admin_detalle_cuentacobrar','127.0.0.1'),(3358,6,'2025-12-26 15:41:09','REGISTRAR-PAGO-CXC','admin_registrar_pago','127.0.0.1'),(3359,6,'2025-12-26 15:41:19','REGISTRAR-PAGO-CXC','admin_registrar_pago','127.0.0.1'),(3360,6,'2025-12-26 15:41:19','DETALLE-CUENTA-COBRAR','admin_detalle_cuentacobrar','127.0.0.1'),(3361,6,'2025-12-26 15:41:30','CUENTAS-POR-COBRAR','admin_cuentascobrar','127.0.0.1'),(3362,6,'2025-12-26 15:41:35','DETALLE-CUENTA-COBRAR','admin_detalle_cuentacobrar','127.0.0.1'),(3363,6,'2025-12-26 15:45:07','CUENTAS-POR-COBRAR','admin_cuentascobrar','127.0.0.1'),(3364,6,'2025-12-26 15:45:35','REGISTRAR-PAGO-CXC','admin_registrar_pago','127.0.0.1'),(3365,6,'2025-12-26 15:45:39','DETALLE-CUENTA-COBRAR','admin_detalle_cuentacobrar','127.0.0.1'),(3366,6,'2025-12-26 15:45:41','CUENTAS-POR-COBRAR','admin_cuentascobrar','127.0.0.1'),(3367,6,'2025-12-26 15:45:45','DETALLE-CUENTA-COBRAR','admin_detalle_cuentacobrar','127.0.0.1'),(3368,6,'2025-12-26 15:46:00','CUENTAS-POR-COBRAR','admin_cuentascobrar','127.0.0.1'),(3369,6,'2025-12-26 15:49:36','REGISTRAR-PAGO-CXC','admin_registrar_pago','127.0.0.1'),(3370,6,'2025-12-26 15:49:49','REGISTRAR-PAGO-CXC','admin_registrar_pago','127.0.0.1'),(3371,6,'2025-12-26 15:50:05','REGISTRAR-PAGO-CXC','admin_registrar_pago','127.0.0.1'),(3372,6,'2025-12-26 15:50:05','DETALLE-CUENTA-COBRAR','admin_detalle_cuentacobrar','127.0.0.1'),(3373,6,'2025-12-26 15:50:13','CUENTAS-POR-COBRAR','admin_cuentascobrar','127.0.0.1'),(3374,6,'2025-12-26 15:56:01','REGISTRAR-PAGO-CXC','admin_registrar_pago','127.0.0.1'),(3375,6,'2025-12-26 15:56:10','REGISTRAR-PAGO-CXC','admin_registrar_pago','127.0.0.1'),(3376,6,'2025-12-26 15:56:11','DETALLE-CUENTA-COBRAR','admin_detalle_cuentacobrar','127.0.0.1'),(3377,6,'2025-12-26 15:56:16','CUENTAS-POR-COBRAR','admin_cuentascobrar','127.0.0.1'),(3378,6,'2025-12-26 15:56:20','CUENTAS-POR-COBRAR','admin_cuentascobrar','127.0.0.1'),(3379,6,'2025-12-27 09:07:54','AUTH','LOGIN_EXITOSO','127.0.0.1'),(3380,6,'2025-12-27 09:07:59','VENTAS-SALIDAS','admin_ventas_salidas','127.0.0.1'),(3381,6,'2025-12-27 09:08:01','DETALLES_VENTA','admin_detalles_venta','127.0.0.1'),(3382,6,'2025-12-27 09:08:06','DETALLES_VENTA','admin_detalles_venta','127.0.0.1'),(3383,6,'2025-12-27 09:10:07','DETALLES_VENTA','admin_detalles_venta','127.0.0.1'),(3384,6,'2025-12-27 09:10:47','VENTAS-SALIDAS','admin_ventas_salidas','127.0.0.1'),(3385,6,'2025-12-27 09:10:49','DETALLES_VENTA','admin_detalles_venta','127.0.0.1'),(3386,6,'2025-12-27 09:10:51','VENTAS-SALIDAS','admin_ventas_salidas','127.0.0.1'),(3387,6,'2025-12-27 11:37:00','AUTH','LOGIN_EXITOSO','127.0.0.1'),(3388,6,'2025-12-27 11:39:19','VENTAS-SALIDAS','admin_ventas_salidas','127.0.0.1'),(3389,6,'2025-12-27 11:39:41','CREAR_VENTA','admin_crear_venta','127.0.0.1'),(3390,6,'2025-12-27 11:40:18','VENTAS-SALIDAS','admin_ventas_salidas','127.0.0.1'),(3391,6,'2025-12-27 11:45:32','VENTAS-SALIDAS','admin_ventas_salidas','127.0.0.1'),(3392,6,'2025-12-27 11:46:28','VENTAS-SALIDAS','admin_ventas_salidas','127.0.0.1'),(3393,6,'2025-12-27 11:55:11','USUARIOS','admin_usuarios','127.0.0.1'),(3394,6,'2025-12-27 11:55:15','USUARIOS','admin_usuarios','127.0.0.1'),(3395,6,'2025-12-27 11:55:21','CATEGORIAS','admin_categorias','127.0.0.1'),(3396,6,'2025-12-27 11:55:26','USUARIOS','admin_usuarios','127.0.0.1'),(3397,6,'2025-12-27 11:59:30','AUTH','LOGIN_EXITOSO','127.0.0.1'),(3398,6,'2025-12-27 11:59:57','AUTH','LOGOUT','127.0.0.1'),(3399,6,'2025-12-27 11:59:59','AUTH','LOGIN_EXITOSO','127.0.0.1'),(3400,6,'2025-12-27 12:09:35','AUTH','LOGOUT','127.0.0.1'),(3401,6,'2025-12-27 12:09:37','AUTH','LOGIN_EXITOSO','127.0.0.1'),(3402,6,'2025-12-27 12:12:02','AUTH','LOGOUT','127.0.0.1'),(3403,6,'2025-12-27 12:12:04','AUTH','LOGIN_EXITOSO','127.0.0.1'),(3404,6,'2025-12-27 12:12:22','CUENTAS-POR-COBRAR','admin_cuentascobrar','127.0.0.1'),(3405,6,'2025-12-27 12:26:50','AUTH','LOGIN_EXITOSO','127.0.0.1'),(3406,6,'2025-12-27 12:26:59','VENTAS-SALIDAS','admin_ventas_salidas','127.0.0.1'),(3407,6,'2025-12-27 12:27:23','VENTAS-SALIDAS','admin_ventas_salidas','127.0.0.1'),(3408,6,'2025-12-27 12:28:01','PRODUCTOS','admin_productos','127.0.0.1'),(3409,6,'2025-12-27 12:28:06','VENTAS-SALIDAS','admin_ventas_salidas','127.0.0.1'),(3410,6,'2025-12-27 12:28:43','CUENTAS-POR-COBRAR','admin_cuentascobrar','127.0.0.1'),(3411,6,'2025-12-27 12:28:50','AUTH','LOGOUT','127.0.0.1'),(3412,6,'2025-12-27 13:56:20','AUTH','LOGIN_EXITOSO','127.0.0.1'),(3413,6,'2025-12-27 13:56:22','VENTAS-SALIDAS','admin_ventas_salidas','127.0.0.1'),(3414,6,'2025-12-27 14:01:50','VENTAS-SALIDAS','admin_ventas_salidas','127.0.0.1'),(3415,6,'2025-12-27 14:06:56','VENTAS-SALIDAS','admin_ventas_salidas','127.0.0.1'),(3416,6,'2025-12-27 14:07:24','VENTAS-SALIDAS','admin_ventas_salidas','127.0.0.1'),(3417,6,'2025-12-27 14:26:02','AUTH','LOGIN_EXITOSO','127.0.0.1'),(3418,6,'2025-12-27 14:26:04','VENTAS-SALIDAS','admin_ventas_salidas','127.0.0.1'),(3419,6,'2025-12-27 14:26:06','CREAR_VENTA','admin_crear_venta','127.0.0.1'),(3420,6,'2025-12-27 14:26:26','CREAR_VENTA','admin_crear_venta','127.0.0.1'),(3421,6,'2025-12-27 14:35:16','AUTH','LOGIN_EXITOSO','127.0.0.1'),(3422,6,'2025-12-27 14:35:23','CUENTAS-POR-COBRAR','admin_cuentascobrar','127.0.0.1'),(3423,6,'2025-12-27 14:35:25','REGISTRAR-PAGO-CXC','admin_registrar_pago','127.0.0.1'),(3424,6,'2025-12-27 14:35:31','DETALLE-CUENTA-COBRAR','admin_detalle_cuentacobrar','127.0.0.1'),(3425,6,'2025-12-27 14:35:34','CUENTAS-POR-COBRAR','admin_cuentascobrar','127.0.0.1'),(3426,6,'2025-12-27 14:35:42','REGISTRAR-PAGO-CXC','admin_registrar_pago','127.0.0.1'),(3427,6,'2025-12-27 14:36:24','REGISTRAR-PAGO-CXC','admin_registrar_pago','127.0.0.1'),(3428,6,'2025-12-27 14:36:24','DETALLE-CUENTA-COBRAR','admin_detalle_cuentacobrar','127.0.0.1'),(3429,6,'2025-12-27 14:49:12','CUENTAS-POR-COBRAR','admin_cuentascobrar','127.0.0.1'),(3430,6,'2025-12-27 14:49:22','DETALLE-CUENTA-COBRAR','admin_detalle_cuentacobrar','127.0.0.1'),(3431,6,'2025-12-27 14:49:24','CUENTAS-POR-COBRAR','admin_cuentascobrar','127.0.0.1'),(3432,6,'2025-12-27 14:49:25','DETALLE-CUENTA-COBRAR','admin_detalle_cuentacobrar','127.0.0.1'),(3433,6,'2025-12-27 14:49:27','CUENTAS-POR-COBRAR','admin_cuentascobrar','127.0.0.1'),(3434,6,'2025-12-27 14:49:28','DETALLE-CUENTA-COBRAR','admin_detalle_cuentacobrar','127.0.0.1'),(3435,6,'2025-12-27 14:49:33','REGISTRAR-PAGO-CXC','admin_registrar_pago','127.0.0.1'),(3436,6,'2025-12-27 14:49:56','REGISTRAR-PAGO-CXC','admin_registrar_pago','127.0.0.1'),(3437,6,'2025-12-27 14:49:56','DETALLE-CUENTA-COBRAR','admin_detalle_cuentacobrar','127.0.0.1'),(3438,6,'2025-12-27 14:55:14','CUENTAS-POR-COBRAR','admin_cuentascobrar','127.0.0.1'),(3439,6,'2025-12-27 14:55:34','REGISTRAR-PAGO-CXC','admin_registrar_pago','127.0.0.1'),(3440,6,'2025-12-27 14:56:56','REGISTRAR-PAGO-CXC','admin_registrar_pago','127.0.0.1'),(3441,6,'2025-12-27 14:56:56','DETALLE-CUENTA-COBRAR','admin_detalle_cuentacobrar','127.0.0.1'),(3442,6,'2025-12-27 14:57:03','CUENTAS-POR-COBRAR','admin_cuentascobrar','127.0.0.1'),(3443,6,'2025-12-27 14:57:41','REGISTRAR-PAGO-CXC','admin_registrar_pago','127.0.0.1'),(3444,6,'2025-12-27 14:57:58','REGISTRAR-PAGO-CXC','admin_registrar_pago','127.0.0.1'),(3445,6,'2025-12-27 14:57:58','DETALLE-CUENTA-COBRAR','admin_detalle_cuentacobrar','127.0.0.1'),(3446,6,'2025-12-27 15:02:54','CUENTAS-POR-COBRAR','admin_cuentascobrar','127.0.0.1'),(3447,6,'2025-12-27 15:18:35','AUTH','LOGIN_EXITOSO','127.0.0.1'),(3448,6,'2025-12-27 15:18:38','CUENTAS-POR-COBRAR','admin_cuentascobrar','127.0.0.1'),(3449,6,'2025-12-27 15:18:49','REGISTRAR-PAGO-CXC','admin_registrar_pago','127.0.0.1'),(3450,6,'2025-12-27 15:19:04','REGISTRAR-PAGO-CXC','admin_registrar_pago','127.0.0.1'),(3451,6,'2025-12-27 15:19:04','DETALLE-CUENTA-COBRAR','admin_detalle_cuentacobrar','127.0.0.1'),(3452,6,'2025-12-27 15:22:01','VENTAS-SALIDAS','admin_ventas_salidas','127.0.0.1'),(3453,6,'2025-12-27 15:22:02','CREAR_VENTA','admin_crear_venta','127.0.0.1'),(3454,6,'2025-12-27 15:22:20','CREAR_VENTA','admin_crear_venta','127.0.0.1'),(3455,6,'2025-12-27 15:22:31','VENTAS-SALIDAS','admin_ventas_salidas','127.0.0.1'),(3456,6,'2025-12-27 15:37:15','CUENTAS-POR-COBRAR','admin_cuentascobrar','127.0.0.1'),(3457,6,'2025-12-27 15:37:16','DETALLE-CUENTA-COBRAR','admin_detalle_cuentacobrar','127.0.0.1'),(3458,6,'2025-12-27 15:37:20','CUENTAS-POR-COBRAR','admin_cuentascobrar','127.0.0.1'),(3459,6,'2025-12-27 15:37:29','REGISTRAR-PAGO-CXC','admin_registrar_pago','127.0.0.1'),(3460,6,'2025-12-27 15:37:49','REGISTRAR-PAGO-CXC','admin_registrar_pago','127.0.0.1'),(3461,6,'2025-12-27 15:37:49','DETALLE-CUENTA-COBRAR','admin_detalle_cuentacobrar','127.0.0.1'),(3462,6,'2025-12-27 15:37:51','CUENTAS-POR-COBRAR','admin_cuentascobrar','127.0.0.1'),(3463,6,'2025-12-27 15:37:59','COMPRAS-ENTRADAS','admin_compras_entradas','127.0.0.1'),(3464,6,'2025-12-27 15:38:01','CUENTAS-POR-COBRAR','admin_cuentascobrar','127.0.0.1'),(3465,6,'2025-12-27 15:40:12','DETALLE-CUENTA-COBRAR','admin_detalle_cuentacobrar','127.0.0.1'),(3466,6,'2025-12-27 15:40:15','CUENTAS-POR-COBRAR','admin_cuentascobrar','127.0.0.1'),(3467,6,'2025-12-27 15:40:17','DETALLE-CUENTA-COBRAR','admin_detalle_cuentacobrar','127.0.0.1'),(3468,6,'2025-12-27 15:40:25','REGISTRAR-PAGO-CXC','admin_registrar_pago','127.0.0.1'),(3469,6,'2025-12-27 15:40:41','REGISTRAR-PAGO-CXC','admin_registrar_pago','127.0.0.1'),(3470,6,'2025-12-27 15:40:41','DETALLE-CUENTA-COBRAR','admin_detalle_cuentacobrar','127.0.0.1'),(3471,6,'2025-12-27 15:40:51','CUENTAS-POR-COBRAR','admin_cuentascobrar','127.0.0.1'),(3472,6,'2025-12-27 15:41:04','DETALLE-CUENTA-COBRAR','admin_detalle_cuentacobrar','127.0.0.1'),(3473,6,'2025-12-27 15:41:11','REGISTRAR-PAGO-CXC','admin_registrar_pago','127.0.0.1'),(3474,6,'2025-12-27 15:41:33','REGISTRAR-PAGO-CXC','admin_registrar_pago','127.0.0.1'),(3475,6,'2025-12-27 15:41:33','DETALLE-CUENTA-COBRAR','admin_detalle_cuentacobrar','127.0.0.1'),(3476,6,'2025-12-27 15:49:23','AUTH','LOGIN_EXITOSO','127.0.0.1'),(3477,6,'2025-12-27 15:49:26','CUENTAS-POR-COBRAR','admin_cuentascobrar','127.0.0.1'),(3478,6,'2025-12-27 15:49:29','DETALLE-CUENTA-COBRAR','admin_detalle_cuentacobrar','127.0.0.1'),(3479,6,'2025-12-27 15:51:35','CUENTAS-POR-COBRAR','admin_cuentascobrar','127.0.0.1'),(3480,6,'2025-12-27 15:51:36','DETALLE-CUENTA-COBRAR','admin_detalle_cuentacobrar','127.0.0.1'),(3481,6,'2025-12-27 15:59:34','CUENTAS-POR-COBRAR','admin_cuentascobrar','127.0.0.1'),(3482,6,'2025-12-27 15:59:38','DETALLE-CUENTA-COBRAR','admin_detalle_cuentacobrar','127.0.0.1'),(3483,6,'2025-12-27 15:59:43','CUENTAS-POR-COBRAR','admin_cuentascobrar','127.0.0.1'),(3484,6,'2025-12-27 15:59:44','DETALLE-CUENTA-COBRAR','admin_detalle_cuentacobrar','127.0.0.1'),(3485,6,'2025-12-29 13:15:45','AUTH','LOGIN_EXITOSO','127.0.0.1'),(3486,6,'2025-12-29 13:16:45','CUENTAS-POR-COBRAR','admin_cuentascobrar','127.0.0.1'),(3487,6,'2025-12-29 13:16:49','DETALLE-CUENTA-COBRAR','admin_detalle_cuentacobrar','127.0.0.1'),(3488,6,'2025-12-29 13:16:51','CUENTAS-POR-COBRAR','admin_cuentascobrar','127.0.0.1'),(3489,6,'2025-12-29 13:16:52','DETALLE-CUENTA-COBRAR','admin_detalle_cuentacobrar','127.0.0.1'),(3490,6,'2025-12-29 13:17:20','USUARIOS','admin_usuarios','127.0.0.1'),(3491,6,'2025-12-29 13:18:45','USUARIOS','admin_usuarios','127.0.0.1'),(3492,6,'2025-12-29 13:19:10','CUENTAS-POR-COBRAR','admin_cuentascobrar','127.0.0.1'),(3493,6,'2025-12-29 13:19:28','DETALLE-CUENTA-COBRAR','admin_detalle_cuentacobrar','127.0.0.1'),(3494,6,'2025-12-29 13:29:21','DETALLE-CUENTA-COBRAR','admin_detalle_cuentacobrar','127.0.0.1'),(3495,6,'2025-12-29 13:29:22','CUENTAS-POR-COBRAR','admin_cuentascobrar','127.0.0.1'),(3496,6,'2025-12-29 13:29:30','DETALLE-CUENTA-COBRAR','admin_detalle_cuentacobrar','127.0.0.1'),(3497,6,'2025-12-29 13:29:30','CUENTAS-POR-COBRAR','admin_cuentascobrar','127.0.0.1'),(3498,6,'2025-12-29 13:29:55','CUENTAS-POR-COBRAR','admin_cuentascobrar','127.0.0.1'),(3499,6,'2025-12-29 13:29:56','CUENTAS-POR-COBRAR','admin_cuentascobrar','127.0.0.1'),(3500,6,'2025-12-29 13:29:56','CUENTAS-POR-COBRAR','admin_cuentascobrar','127.0.0.1'),(3501,6,'2025-12-29 13:29:58','DETALLE-CUENTA-COBRAR','admin_detalle_cuentacobrar','127.0.0.1'),(3502,6,'2025-12-29 13:37:17','REGISTRAR-PAGO-CXC','admin_registrar_pago','127.0.0.1'),(3503,6,'2025-12-29 13:38:34','CUENTAS-POR-COBRAR','admin_cuentascobrar','127.0.0.1'),(3504,6,'2025-12-29 13:38:37','DETALLE-CUENTA-COBRAR','admin_detalle_cuentacobrar','127.0.0.1'),(3505,6,'2025-12-29 13:38:37','CUENTAS-POR-COBRAR','admin_cuentascobrar','127.0.0.1'),(3506,6,'2025-12-29 13:40:27','CUENTAS-POR-COBRAR','admin_cuentascobrar','127.0.0.1'),(3507,6,'2025-12-29 13:40:29','DETALLE-CUENTA-COBRAR','admin_detalle_cuentacobrar','127.0.0.1'),(3508,6,'2025-12-29 13:40:32','CUENTAS-POR-COBRAR','admin_cuentascobrar','127.0.0.1'),(3509,6,'2025-12-29 13:40:33','DETALLE-CUENTA-COBRAR','admin_detalle_cuentacobrar','127.0.0.1'),(3510,6,'2025-12-29 13:40:34','REGISTRAR-PAGO-CXC','admin_registrar_pago','127.0.0.1'),(3511,6,'2025-12-29 13:40:39','DETALLE-CUENTA-COBRAR','admin_detalle_cuentacobrar','127.0.0.1'),(3512,6,'2025-12-29 13:40:40','CUENTAS-POR-COBRAR','admin_cuentascobrar','127.0.0.1'),(3513,6,'2025-12-29 13:40:49','REGISTRAR-PAGO-CXC','admin_registrar_pago','127.0.0.1'),(3514,6,'2025-12-29 13:40:56','DETALLE-CUENTA-COBRAR','admin_detalle_cuentacobrar','127.0.0.1'),(3515,6,'2025-12-29 13:46:33','REGISTRAR-PAGO-CXC','admin_registrar_pago','127.0.0.1'),(3516,6,'2025-12-29 13:46:59','REGISTRAR-PAGO-CXC','admin_registrar_pago','127.0.0.1'),(3517,6,'2025-12-29 13:46:59','DETALLE-CUENTA-COBRAR','admin_detalle_cuentacobrar','127.0.0.1'),(3518,6,'2025-12-29 13:47:23','REGISTRAR-PAGO-CXC','admin_registrar_pago','127.0.0.1'),(3519,6,'2025-12-29 13:51:46','CUENTAS-POR-COBRAR','admin_cuentascobrar','127.0.0.1'),(3520,6,'2025-12-29 13:51:48','DETALLE-CUENTA-COBRAR','admin_detalle_cuentacobrar','127.0.0.1'),(3521,6,'2025-12-29 13:51:48','CUENTAS-POR-COBRAR','admin_cuentascobrar','127.0.0.1'),(3522,6,'2025-12-29 13:53:10','CUENTAS-POR-COBRAR','admin_cuentascobrar','127.0.0.1'),(3523,6,'2025-12-29 13:53:11','DETALLE-CUENTA-COBRAR','admin_detalle_cuentacobrar','127.0.0.1'),(3524,6,'2025-12-29 14:01:39','CUENTAS-POR-COBRAR','admin_cuentascobrar','127.0.0.1'),(3525,6,'2025-12-29 14:01:40','DETALLE-CUENTA-COBRAR','admin_detalle_cuentacobrar','127.0.0.1'),(3526,6,'2025-12-29 14:11:11','AUTH','LOGIN_EXITOSO','127.0.0.1'),(3527,6,'2025-12-29 14:11:13','VENTAS-SALIDAS','admin_ventas_salidas','127.0.0.1'),(3528,6,'2025-12-29 14:11:17','CUENTAS-POR-COBRAR','admin_cuentascobrar','127.0.0.1'),(3529,6,'2025-12-29 14:11:19','DETALLE-CUENTA-COBRAR','admin_detalle_cuentacobrar','127.0.0.1'),(3530,6,'2025-12-29 14:11:19','CUENTAS-POR-COBRAR','admin_cuentascobrar','127.0.0.1'),(3531,6,'2025-12-29 14:12:26','DETALLE-CUENTA-COBRAR','admin_detalle_cuentacobrar','127.0.0.1'),(3532,6,'2025-12-29 14:12:32','REGISTRAR-PAGO-CXC','admin_registrar_pago','127.0.0.1'),(3533,6,'2025-12-29 14:14:47','REGISTRAR-PAGO-CXC','admin_registrar_pago','127.0.0.1'),(3534,6,'2025-12-29 14:15:20','DETALLE-CUENTA-COBRAR','admin_detalle_cuentacobrar','127.0.0.1'),(3535,6,'2025-12-29 14:17:07','COMPRAS-ENTRADAS','admin_compras_entradas','127.0.0.1'),(3536,6,'2025-12-29 14:18:01','COMPRAS-ENTRADAS-CREAR','admin_crear_compra','127.0.0.1'),(3537,6,'2025-12-29 14:19:38','COMPRAS-ENTRADAS-CREAR','admin_crear_compra','127.0.0.1'),(3538,6,'2025-12-29 14:19:38','COMPRAS-ENTRADAS','admin_compras_entradas','127.0.0.1'),(3539,6,'2025-12-29 14:19:38','COMPRAS-ENTRADAS','admin_compras_entradas','127.0.0.1'),(3540,6,'2025-12-29 14:22:00','CUENTAS-POR-COBRAR','admin_cuentascobrar','127.0.0.1'),(3541,6,'2025-12-29 14:22:02','DETALLE-CUENTA-COBRAR','admin_detalle_cuentacobrar','127.0.0.1'),(3542,6,'2025-12-29 14:22:07','CUENTAS-POR-COBRAR','admin_cuentascobrar','127.0.0.1'),(3543,6,'2025-12-29 14:25:55','USUARIOS','admin_usuarios','127.0.0.1'),(3544,6,'2025-12-29 14:25:57','EMPRESA','admin_empresas','127.0.0.1'),(3545,6,'2025-12-29 14:29:50','EMPRESA','admin_empresas','127.0.0.1'),(3546,6,'2025-12-29 14:29:57','CLIENTES','admin_clientes','127.0.0.1'),(3547,6,'2025-12-29 14:29:59','USUARIOS','admin_usuarios','127.0.0.1'),(3548,6,'2025-12-29 14:30:01','EMPRESA','admin_empresas','127.0.0.1'),(3549,6,'2025-12-29 14:30:03','CLIENTES','admin_clientes','127.0.0.1'),(3550,6,'2025-12-29 14:33:08','CLIENTES','admin_clientes','127.0.0.1'),(3551,6,'2025-12-29 14:33:11','CLIENTES-EDITAR','admin_editar_cliente','127.0.0.1'),(3552,6,'2025-12-29 14:33:14','CLIENTES','admin_clientes','127.0.0.1'),(3553,6,'2025-12-29 14:33:15','CLIENTES-EDITAR','admin_editar_cliente','127.0.0.1'),(3554,6,'2025-12-29 14:33:26','CLIENTES','admin_clientes','127.0.0.1'),(3555,6,'2025-12-29 14:34:55','COMPRAS-ENTRADAS','admin_compras_entradas','127.0.0.1'),(3556,6,'2025-12-29 14:50:38','COMPRAS-ENTRADAS','admin_compras_entradas','127.0.0.1'),(3557,6,'2025-12-29 14:50:40','COMPRAS-ENTRADAS-ANULAR','admin_anular_compra','127.0.0.1'),(3558,6,'2025-12-29 14:51:13','COMPRAS-ENTRADAS','admin_compras_entradas','127.0.0.1'),(3559,6,'2025-12-29 14:52:32','PRODUCTOS','admin_productos','127.0.0.1'),(3560,6,'2025-12-29 14:52:37','EDITAR_PRODUCTO','admin_editar_producto','127.0.0.1'),(3561,6,'2025-12-29 14:53:16','EDITAR_PRODUCTO','admin_editar_producto','127.0.0.1'),(3562,6,'2025-12-29 14:53:25','EDITAR_PRODUCTO','admin_editar_producto','127.0.0.1'),(3563,6,'2025-12-29 14:53:25','PRODUCTOS','admin_productos','127.0.0.1'),(3564,6,'2025-12-29 14:55:15','COMPRAS-CUENTAS-POR-PAGAR','admin_cuentas_por_pagar','127.0.0.1'),(3565,6,'2025-12-29 14:59:12','COMPRAS-CUENTAS-POR-PAGAR','admin_cuentas_por_pagar','127.0.0.1'),(3566,6,'2025-12-29 14:59:15','COMPRAS-CUENTAS-POR-PAGAR','admin_cuentas_por_pagar','127.0.0.1'),(3567,6,'2025-12-29 14:59:15','COMPRAS-CUENTAS-POR-PAGAR','admin_cuentas_por_pagar','127.0.0.1'),(3568,6,'2025-12-29 14:59:22','COMPRAS-CUENTAS-POR-PAGAR','admin_cuentas_por_pagar','127.0.0.1'),(3569,6,'2025-12-29 14:59:27','CUENTAS-POR-COBRAR','admin_cuentascobrar','127.0.0.1'),(3570,6,'2025-12-29 14:59:29','COMPRAS-CUENTAS-POR-PAGAR','admin_cuentas_por_pagar','127.0.0.1'),(3571,6,'2025-12-29 14:59:38','COMPRAS-ENTRADAS','admin_compras_entradas','127.0.0.1'),(3572,6,'2025-12-29 14:59:40','COMPRAS-ENTRADAS-DETALLE-COMPLETO','admin_detalle_compra_completo','127.0.0.1'),(3573,6,'2025-12-29 15:00:09','COMPRAS-ENTRADAS','admin_compras_entradas','127.0.0.1'),(3574,6,'2025-12-29 15:03:19','COMPRAS-CUENTAS-POR-PAGAR','admin_cuentas_por_pagar','127.0.0.1'),(3575,6,'2025-12-29 15:07:26','COMPRAS-ENTRADAS','admin_compras_entradas','127.0.0.1'),(3576,6,'2025-12-29 15:15:53','COMPRAS-CUENTAS-POR-PAGAR','admin_cuentas_por_pagar','127.0.0.1'),(3577,6,'2025-12-29 15:17:04','COMPRAS-REGISTRAR-PAGO','registrar_pago_cuenta','127.0.0.1'),(3578,6,'2025-12-29 15:17:26','CUENTAS-POR-COBRAR','admin_cuentascobrar','127.0.0.1'),(3579,6,'2025-12-29 15:17:28','REGISTRAR-PAGO-CXC','admin_registrar_pago','127.0.0.1'),(3580,6,'2025-12-29 15:17:31','DETALLE-CUENTA-COBRAR','admin_detalle_cuentacobrar','127.0.0.1'),(3581,6,'2025-12-29 15:17:35','COMPRAS-CUENTAS-POR-PAGAR','admin_cuentas_por_pagar','127.0.0.1'),(3582,6,'2025-12-29 15:22:03','CUENTAS-POR-COBRAR','admin_cuentascobrar','127.0.0.1'),(3583,6,'2025-12-29 15:24:30','CUENTAS-POR-COBRAR','admin_cuentascobrar','127.0.0.1'),(3584,6,'2025-12-29 15:24:41','COMPRAS-CUENTAS-POR-PAGAR','admin_cuentas_por_pagar','127.0.0.1'),(3585,6,'2025-12-29 15:24:49','COMPRAS-CUENTAS-POR-PAGAR','admin_cuentas_por_pagar','127.0.0.1'),(3586,6,'2025-12-29 15:24:53','CUENTAS-POR-COBRAR','admin_cuentascobrar','127.0.0.1'),(3587,6,'2025-12-29 15:25:00','COMPRAS-CUENTAS-POR-PAGAR','admin_cuentas_por_pagar','127.0.0.1'),(3588,6,'2025-12-29 15:25:04','CUENTAS-POR-COBRAR','admin_cuentascobrar','127.0.0.1'),(3589,6,'2025-12-29 15:32:47','COMPRAS-CUENTAS-POR-PAGAR','admin_cuentas_por_pagar','127.0.0.1'),(3590,6,'2025-12-29 15:32:59','CUENTAS-POR-COBRAR','admin_cuentascobrar','127.0.0.1'),(3591,6,'2025-12-29 15:33:21','COMPRAS-CUENTAS-POR-PAGAR','admin_cuentas_por_pagar','127.0.0.1'),(3592,6,'2025-12-29 15:35:50','AUTH','LOGIN_EXITOSO','127.0.0.1'),(3593,6,'2025-12-29 15:35:54','COMPRAS-CUENTAS-POR-PAGAR','admin_cuentas_por_pagar','127.0.0.1'),(3594,6,'2025-12-29 15:40:57','CATEGORIAS','admin_categorias','127.0.0.1'),(3595,6,'2025-12-29 15:41:04','PROVEEDORES','admin_proveedores','127.0.0.1'),(3596,6,'2025-12-29 15:45:58','PROVEEDORES','admin_proveedores','127.0.0.1'),(3597,6,'2025-12-29 15:48:00','UNIDADES-MEDIDAS','admin_unidades_medidas','127.0.0.1'),(3598,6,'2025-12-29 15:48:17','UNIDADES-MEDIDAS','admin_unidades_medidas','127.0.0.1'),(3599,6,'2025-12-29 15:48:29','CATEGORIAS','admin_categorias','127.0.0.1'),(3600,6,'2025-12-29 15:48:34','MOVIMIENTOS-INVENTARIO','admin_movimientos_inventario','127.0.0.1'),(3601,6,'2025-12-29 15:48:41','METODOS-PAGO','admin_metodos_pago','127.0.0.1'),(3602,6,'2025-12-29 15:50:55','METODOS-PAGO','admin_metodos_pago','127.0.0.1'),(3603,6,'2025-12-29 15:51:07','MOVIMIENTOS-INVENTARIO','admin_movimientos_inventario','127.0.0.1'),(3604,6,'2025-12-29 15:53:25','MOVIMIENTOS-INVENTARIO','admin_movimientos_inventario','127.0.0.1'),(3605,6,'2025-12-29 15:53:39','MOVIMIENTOS-INVENTARIO','admin_movimientos_inventario','127.0.0.1'),(3606,6,'2025-12-29 15:53:49','MOVIMIENTOS-INVENTARIO','admin_movimientos_inventario','127.0.0.1'),(3607,6,'2025-12-29 15:54:43','BODEGA','admin_bodega','127.0.0.1'),(3608,6,'2025-12-29 15:54:46','HISTORIAL-MOVIMIENTOS','admin_historial_movimientos','127.0.0.1'),(3609,6,'2025-12-29 15:58:11','AUTH','LOGIN_EXITOSO','127.0.0.1'),(3610,6,'2025-12-29 15:58:14','VENTAS-SALIDAS','admin_ventas_salidas','127.0.0.1'),(3611,6,'2025-12-29 15:58:20','CUENTAS-POR-COBRAR','admin_cuentascobrar','127.0.0.1'),(3612,6,'2025-12-29 15:58:24','COMPRAS-CUENTAS-POR-PAGAR','admin_cuentas_por_pagar','127.0.0.1'),(3613,6,'2025-12-29 15:58:26','COMPRAS-ENTRADAS','admin_compras_entradas','127.0.0.1'),(3614,6,'2025-12-29 15:58:27','COMPRAS-ENTRADAS-EDITAR','admin_editar_compra','127.0.0.1'),(3615,6,'2025-12-29 15:58:30','COMPRAS-ENTRADAS-ANULAR','admin_anular_compra','127.0.0.1'),(3616,6,'2025-12-29 15:58:33','COMPRAS-ENTRADAS-ANULAR','admin_anular_compra','127.0.0.1'),(3617,6,'2025-12-29 15:58:37','VENTAS-SALIDAS','admin_ventas_salidas','127.0.0.1'),(3618,6,'2025-12-29 16:05:39','VENTAS-SALIDAS','admin_ventas_salidas','127.0.0.1'),(3619,6,'2025-12-29 16:05:41','ANULAR_VENTA','admin_anular_venta','127.0.0.1'),(3620,6,'2025-12-29 16:06:21','ANULAR_VENTA','admin_anular_venta','127.0.0.1'),(3621,6,'2025-12-29 16:06:28','ANULAR_VENTA','admin_anular_venta','127.0.0.1'),(3622,1,'2025-12-29 16:08:13','AUTH','LOGIN_EXITOSO','127.0.0.1'),(3623,1,'2025-12-29 16:08:26','VENTAS-SALIDAS','admin_ventas_salidas','127.0.0.1'),(3624,1,'2025-12-29 16:08:47','ANULAR_VENTA','admin_anular_venta','127.0.0.1'),(3625,1,'2025-12-29 16:08:53','CREAR_VENTA','admin_crear_venta','127.0.0.1'),(3626,1,'2025-12-29 16:09:05','VENTAS-SALIDAS','admin_ventas_salidas','127.0.0.1'),(3627,1,'2025-12-29 16:09:37','AUTH','LOGIN_EXITOSO','127.0.0.1'),(3628,1,'2025-12-29 16:09:43','VENTAS-SALIDAS','admin_ventas_salidas','127.0.0.1'),(3629,1,'2025-12-29 16:09:45','ANULAR_VENTA','admin_anular_venta','127.0.0.1'),(3630,1,'2025-12-29 16:11:08','AUTH','LOGOUT','127.0.0.1'),(3631,6,'2025-12-30 08:46:14','AUTH','LOGIN_EXITOSO','127.0.0.1'),(3632,6,'2025-12-30 08:46:19','VENTAS-SALIDAS','admin_ventas_salidas','127.0.0.1'),(3633,6,'2025-12-30 08:46:32','CUENTAS-POR-COBRAR','admin_cuentascobrar','127.0.0.1'),(3634,6,'2025-12-30 08:46:58','CUENTAS-POR-COBRAR','admin_cuentascobrar','127.0.0.1'),(3635,6,'2025-12-30 08:47:02','COMPRAS-ENTRADAS','admin_compras_entradas','127.0.0.1'),(3636,6,'2025-12-30 08:47:10','USUARIOS','admin_usuarios','127.0.0.1'),(3637,6,'2025-12-30 08:47:11','EMPRESA','admin_empresas','127.0.0.1'),(3638,6,'2025-12-30 08:47:17','CLIENTES','admin_clientes','127.0.0.1'),(3639,6,'2025-12-30 08:47:19','PROVEEDORES','admin_proveedores','127.0.0.1'),(3640,6,'2025-12-30 08:47:22','UNIDADES-MEDIDAS','admin_unidades_medidas','127.0.0.1'),(3641,6,'2025-12-30 08:47:26','CATEGORIAS','admin_categorias','127.0.0.1'),(3642,6,'2025-12-30 08:47:28','METODOS-PAGO','admin_metodos_pago','127.0.0.1'),(3643,6,'2025-12-30 08:47:31','MOVIMIENTOS-INVENTARIO','admin_movimientos_inventario','127.0.0.1'),(3644,6,'2025-12-30 08:48:24','MOVIMIENTOS-INVENTARIO','admin_movimientos_inventario','127.0.0.1'),(3645,6,'2025-12-30 08:49:02','MOVIMIENTOS-INVENTARIO','admin_movimientos_inventario','127.0.0.1'),(3646,6,'2025-12-30 08:49:38','MOVIMIENTOS-INVENTARIO','admin_movimientos_inventario','127.0.0.1'),(3647,6,'2025-12-30 08:49:53','MOVIMIENTOS-INVENTARIO','admin_movimientos_inventario','127.0.0.1'),(3648,6,'2025-12-30 08:56:52','VENTAS-SALIDAS','admin_ventas_salidas','127.0.0.1'),(3649,6,'2025-12-30 08:57:05','VENTAS-SALIDAS','admin_ventas_salidas','127.0.0.1'),(3650,6,'2025-12-30 08:57:12','VENTAS-SALIDAS','admin_ventas_salidas','127.0.0.1'),(3651,6,'2025-12-30 08:58:17','AUTH','LOGIN_EXITOSO','127.0.0.1'),(3652,6,'2025-12-30 09:20:10','AUTH','LOGOUT','127.0.0.1'),(3653,6,'2025-12-30 09:20:19','AUTH','LOGIN_EXITOSO','127.0.0.1'),(3654,6,'2025-12-30 09:21:18','CUENTAS-POR-COBRAR','admin_cuentascobrar','127.0.0.1'),(3655,6,'2025-12-30 09:22:19','VENTAS-SALIDAS','admin_ventas_salidas','127.0.0.1'),(3656,6,'2025-12-30 09:22:22','CUENTAS-POR-COBRAR','admin_cuentascobrar','127.0.0.1'),(3657,6,'2025-12-30 09:29:37','VENTAS-SALIDAS','admin_ventas_salidas','127.0.0.1'),(3658,6,'2025-12-30 09:32:03','VENTAS-SALIDAS','admin_ventas_salidas','127.0.0.1'),(3659,6,'2025-12-30 09:32:06','AUTH','LOGOUT','127.0.0.1'),(3660,6,'2025-12-30 09:32:15','AUTH','LOGIN_EXITOSO','127.0.0.1'),(3661,6,'2025-12-30 09:35:52','AUTH','LOGIN_EXITOSO','127.0.0.1'),(3662,6,'2025-12-30 10:46:57','CAJA','admin_caja','127.0.0.1'),(3663,6,'2025-12-30 10:49:42','AUTH','LOGIN_EXITOSO','127.0.0.1'),(3664,6,'2025-12-30 10:49:48','CAJA','admin_caja','127.0.0.1'),(3665,6,'2025-12-30 10:49:49','CAJA','admin_caja','127.0.0.1'),(3666,6,'2025-12-30 10:49:50','CAJA','admin_caja','127.0.0.1'),(3667,6,'2025-12-30 10:49:50','CAJA','admin_caja','127.0.0.1'),(3668,6,'2025-12-30 10:51:45','AUTH','LOGIN_EXITOSO','127.0.0.1'),(3669,6,'2025-12-30 10:51:49','AUTH','LOGOUT','127.0.0.1'),(3670,6,'2025-12-30 10:51:51','AUTH','LOGIN_EXITOSO','127.0.0.1'),(3671,6,'2025-12-30 10:53:23','VENTAS-SALIDAS','admin_ventas_salidas','127.0.0.1'),(3672,6,'2025-12-30 10:53:44','AUTH','LOGIN_EXITOSO','127.0.0.1'),(3673,6,'2025-12-30 10:53:59','USUARIOS','admin_usuarios','127.0.0.1'),(3674,6,'2025-12-30 10:54:41','AUTH','LOGIN_EXITOSO','127.0.0.1'),(3675,6,'2025-12-30 10:55:14','CAJA','admin_caja','127.0.0.1'),(3676,6,'2025-12-30 11:04:37','CAJA','admin_caja','127.0.0.1'),(3677,6,'2025-12-30 11:04:48','VENTAS-SALIDAS','admin_ventas_salidas','127.0.0.1'),(3678,6,'2025-12-30 11:04:50','CREAR_VENTA','admin_crear_venta','127.0.0.1'),(3679,6,'2025-12-30 11:05:05','CREAR_VENTA','admin_crear_venta','127.0.0.1'),(3680,6,'2025-12-30 11:05:09','VENTAS-SALIDAS','admin_ventas_salidas','127.0.0.1'),(3681,6,'2025-12-30 11:05:11','CAJA','admin_caja','127.0.0.1'),(3682,6,'2025-12-30 11:06:38','CAJA','admin_caja','127.0.0.1'),(3683,6,'2025-12-30 11:08:34','CUENTAS-POR-COBRAR','admin_cuentascobrar','127.0.0.1'),(3684,6,'2025-12-30 11:08:41','DETALLE-CUENTA-COBRAR','admin_detalle_cuentacobrar','127.0.0.1'),(3685,6,'2025-12-30 11:08:42','REGISTRAR-PAGO-CXC','admin_registrar_pago','127.0.0.1'),(3686,6,'2025-12-30 11:09:06','REGISTRAR-PAGO-CXC','admin_registrar_pago','127.0.0.1'),(3687,6,'2025-12-30 11:09:06','DETALLE-CUENTA-COBRAR','admin_detalle_cuentacobrar','127.0.0.1'),(3688,6,'2025-12-30 11:09:18','CAJA','admin_caja','127.0.0.1'),(3689,6,'2025-12-30 11:16:09','AUTH','LOGIN_EXITOSO','127.0.0.1'),(3690,6,'2025-12-30 11:19:04','CAJA','admin_caja','127.0.0.1'),(3691,6,'2025-12-30 11:20:59','CAJA','admin_caja','127.0.0.1'),(3692,6,'2025-12-30 11:21:13','VENTAS-SALIDAS','admin_ventas_salidas','127.0.0.1'),(3693,6,'2025-12-30 11:24:41','CREAR_VENTA','admin_crear_venta','127.0.0.1'),(3694,6,'2025-12-30 11:24:41','CREAR_VENTA','admin_crear_venta','127.0.0.1'),(3695,6,'2025-12-30 11:25:23','CREAR_VENTA','admin_crear_venta','127.0.0.1'),(3696,6,'2025-12-30 11:25:37','VENTAS-SALIDAS','admin_ventas_salidas','127.0.0.1'),(3697,6,'2025-12-30 11:51:29','CAJA','admin_caja','127.0.0.1'),(3698,6,'2025-12-30 11:51:44','CAJA','admin_caja','127.0.0.1'),(3699,1,'2025-12-30 11:52:53','AUTH','LOGIN_EXITOSO','127.0.0.1'),(3700,1,'2025-12-30 11:52:55','AUTH','LOGIN_EXITOSO','127.0.0.1'),(3701,1,'2025-12-30 11:53:03','VENTAS-SALIDAS','admin_ventas_salidas','127.0.0.1'),(3702,1,'2025-12-30 11:53:06','CREAR_VENTA','admin_crear_venta','127.0.0.1'),(3703,1,'2025-12-30 11:53:31','CREAR_VENTA','admin_crear_venta','127.0.0.1'),(3704,1,'2025-12-30 11:53:52','VENTAS-SALIDAS','admin_ventas_salidas','127.0.0.1'),(3705,6,'2025-12-30 11:53:55','CAJA','admin_caja','127.0.0.1'),(3706,1,'2025-12-30 11:54:16','CREAR_VENTA','admin_crear_venta','127.0.0.1'),(3707,1,'2025-12-30 11:54:43','CREAR_VENTA','admin_crear_venta','127.0.0.1'),(3708,6,'2025-12-30 11:55:00','CAJA','admin_caja','127.0.0.1'),(3709,1,'2025-12-30 11:55:31','CAJA','admin_caja','127.0.0.1'),(3710,6,'2025-12-30 11:58:55','CAJA','admin_caja','127.0.0.1'),(3711,6,'2025-12-30 13:20:28','AUTH','LOGIN_EXITOSO','127.0.0.1'),(3712,6,'2025-12-30 13:20:31','CAJA','admin_caja','127.0.0.1'),(3713,6,'2025-12-30 14:02:16','AUTH','LOGIN_EXITOSO','127.0.0.1'),(3714,6,'2025-12-30 14:02:19','CAJA','admin_caja','127.0.0.1'),(3715,6,'2025-12-30 14:03:43','APERTURAR_CAJA','admin_caja_aperturar','127.0.0.1'),(3716,6,'2025-12-30 14:03:44','CAJA','admin_caja','127.0.0.1'),(3717,6,'2025-12-30 14:10:19','CAJA','admin_caja','127.0.0.1'),(3718,6,'2025-12-30 14:10:34','AGREGAR_MOVIMIENTO_CAJA','admin_caja_movimiento','127.0.0.1'),(3719,6,'2025-12-30 14:10:34','CAJA','admin_caja','127.0.0.1'),(3720,6,'2025-12-30 14:12:20','HISTORIAL_CAJA','admin_caja_historial','127.0.0.1'),(3721,6,'2025-12-30 14:12:30','HISTORIAL_CAJA','admin_caja_historial','127.0.0.1'),(3722,6,'2025-12-30 14:12:44','HISTORIAL_CAJA','admin_caja_historial','127.0.0.1'),(3723,6,'2025-12-30 14:12:45','HISTORIAL_CAJA','admin_caja_historial','127.0.0.1'),(3724,6,'2025-12-30 14:12:46','HISTORIAL_CAJA','admin_caja_historial','127.0.0.1'),(3725,6,'2025-12-30 14:12:47','HISTORIAL_CAJA','admin_caja_historial','127.0.0.1'),(3726,6,'2025-12-30 14:12:49','HISTORIAL_CAJA','admin_caja_historial','127.0.0.1'),(3727,6,'2025-12-30 14:12:50','HISTORIAL_CAJA','admin_caja_historial','127.0.0.1'),(3728,6,'2025-12-30 14:12:52','HISTORIAL_CAJA','admin_caja_historial','127.0.0.1'),(3729,6,'2025-12-30 14:13:44','CAJA','admin_caja','127.0.0.1'),(3730,6,'2025-12-30 14:15:30','HISTORIAL_CAJA','admin_caja_historial','127.0.0.1'),(3731,6,'2025-12-30 14:15:32','CAJA','admin_caja','127.0.0.1'),(3732,6,'2025-12-30 14:16:03','HISTORIAL_CAJA','admin_caja_historial','127.0.0.1'),(3733,6,'2025-12-30 14:16:05','CAJA','admin_caja','127.0.0.1'),(3734,6,'2025-12-30 14:21:51','CAJA','admin_caja','127.0.0.1'),(3735,6,'2025-12-30 14:22:04','HISTORIAL_CAJA','admin_caja_historial','127.0.0.1'),(3736,6,'2025-12-30 14:22:15','HISTORIAL_CAJA','admin_caja_historial','127.0.0.1'),(3737,6,'2025-12-30 14:22:20','CAJA','admin_caja','127.0.0.1'),(3738,6,'2025-12-30 14:41:17','HISTORIAL_CAJA','admin_caja_historial','127.0.0.1'),(3739,6,'2025-12-30 14:41:20','HISTORIAL_CAJA','admin_caja_historial','127.0.0.1'),(3740,6,'2025-12-30 14:41:21','HISTORIAL_CAJA','admin_caja_historial','127.0.0.1'),(3741,6,'2025-12-30 14:41:29','HISTORIAL_CAJA','admin_caja_historial','127.0.0.1'),(3742,6,'2025-12-30 14:41:29','HISTORIAL_CAJA','admin_caja_historial','127.0.0.1'),(3743,6,'2025-12-30 14:41:31','HISTORIAL_CAJA','admin_caja_historial','127.0.0.1'),(3744,6,'2025-12-30 14:41:32','HISTORIAL_CAJA','admin_caja_historial','127.0.0.1'),(3745,6,'2025-12-30 14:41:35','HISTORIAL_CAJA','admin_caja_historial','127.0.0.1'),(3746,6,'2025-12-30 14:41:36','HISTORIAL_CAJA','admin_caja_historial','127.0.0.1'),(3747,6,'2025-12-30 14:41:38','CAJA','admin_caja','127.0.0.1'),(3748,6,'2025-12-30 14:51:47','HISTORIAL_CAJA','admin_caja_historial','127.0.0.1'),(3749,6,'2025-12-30 14:55:55','CAJA','admin_caja','127.0.0.1'),(3750,6,'2025-12-30 14:55:56','HISTORIAL_CAJA','admin_caja_historial','127.0.0.1'),(3751,6,'2025-12-30 14:58:54','CAJA','admin_caja','127.0.0.1'),(3752,6,'2025-12-30 14:58:55','HISTORIAL_CAJA','admin_caja_historial','127.0.0.1'),(3753,6,'2025-12-30 14:58:58','HISTORIAL_CAJA','admin_caja_historial','127.0.0.1'),(3754,6,'2025-12-30 14:58:59','HISTORIAL_CAJA','admin_caja_historial','127.0.0.1'),(3755,6,'2025-12-30 15:02:10','AUTH','LOGIN_EXITOSO','127.0.0.1'),(3756,6,'2025-12-30 15:02:12','CAJA','admin_caja','127.0.0.1'),(3757,6,'2025-12-30 15:02:13','HISTORIAL_CAJA','admin_caja_historial','127.0.0.1'),(3758,6,'2025-12-30 15:11:28','AUTH','LOGIN_EXITOSO','127.0.0.1'),(3759,6,'2025-12-30 15:11:31','CAJA','admin_caja','127.0.0.1'),(3760,6,'2025-12-30 15:11:32','HISTORIAL_CAJA','admin_caja_historial','127.0.0.1'),(3761,6,'2025-12-30 15:12:18','HISTORIAL_CAJA','admin_caja_historial','127.0.0.1'),(3762,6,'2025-12-30 15:12:19','HISTORIAL_CAJA','admin_caja_historial','127.0.0.1'),(3763,6,'2025-12-30 15:12:26','VENTAS-SALIDAS','admin_ventas_salidas','127.0.0.1'),(3764,6,'2025-12-30 15:12:28','CREAR_VENTA','admin_crear_venta','127.0.0.1'),(3765,6,'2025-12-30 15:12:33','CLIENTES','admin_clientes','127.0.0.1'),(3766,6,'2025-12-30 15:13:02','CLIENTES-CREAR','admin_crear_cliente','127.0.0.1'),(3767,6,'2025-12-30 15:13:02','CLIENTES','admin_clientes','127.0.0.1'),(3768,6,'2025-12-30 15:13:17','CLIENTES-CREAR','admin_crear_cliente','127.0.0.1'),(3769,6,'2025-12-30 15:13:17','CLIENTES','admin_clientes','127.0.0.1'),(3770,6,'2025-12-30 15:13:32','CAJA','admin_caja','127.0.0.1'),(3771,6,'2025-12-30 15:13:36','VENTAS-SALIDAS','admin_ventas_salidas','127.0.0.1'),(3772,6,'2025-12-30 15:13:38','CREAR_VENTA','admin_crear_venta','127.0.0.1'),(3773,6,'2025-12-30 15:14:06','CREAR_VENTA','admin_crear_venta','127.0.0.1'),(3774,6,'2025-12-30 15:16:47','CAJA','admin_caja','127.0.0.1'),(3775,6,'2025-12-30 15:29:31','CAJA','admin_caja','127.0.0.1'),(3776,6,'2025-12-30 15:29:42','CAJA','admin_caja','127.0.0.1'),(3777,6,'2025-12-30 15:30:18','AGREGAR_MOVIMIENTO_CAJA','admin_caja_movimiento','127.0.0.1'),(3778,6,'2025-12-30 15:30:18','CAJA','admin_caja','127.0.0.1'),(3779,6,'2025-12-30 15:31:08','HISTORIAL_CAJA','admin_caja_historial','127.0.0.1'),(3780,6,'2025-12-30 15:31:10','HISTORIAL_CAJA','admin_caja_historial','127.0.0.1'),(3781,6,'2025-12-30 15:31:13','HISTORIAL_CAJA','admin_caja_historial','127.0.0.1'),(3782,6,'2025-12-30 15:31:25','CAJA','admin_caja','127.0.0.1'),(3783,6,'2025-12-30 15:31:54','HISTORIAL-MOVIMIENTOS','admin_historial_movimientos','127.0.0.1'),(3784,6,'2025-12-30 15:35:00','CAJA','admin_caja','127.0.0.1'),(3785,6,'2025-12-30 15:35:13','HISTORIAL_CAJA','admin_caja_historial','127.0.0.1'),(3786,6,'2025-12-30 15:43:44','VENTAS-SALIDAS','admin_ventas_salidas','127.0.0.1'),(3787,6,'2025-12-30 15:44:00','CUENTAS-POR-COBRAR','admin_cuentascobrar','127.0.0.1'),(3788,6,'2025-12-30 15:44:01','VENTAS-SALIDAS','admin_ventas_salidas','127.0.0.1'),(3789,6,'2025-12-30 15:44:02','DETALLES_VENTA','admin_detalles_venta','127.0.0.1'),(3790,6,'2025-12-30 15:44:02','VENTAS-SALIDAS','admin_ventas_salidas','127.0.0.1'),(3791,6,'2025-12-30 15:44:52','VENTAS-SALIDAS','admin_ventas_salidas','127.0.0.1'),(3792,6,'2025-12-30 15:44:53','DETALLES_VENTA','admin_detalles_venta','127.0.0.1'),(3793,6,'2025-12-30 15:44:53','VENTAS-SALIDAS','admin_ventas_salidas','127.0.0.1'),(3794,6,'2025-12-30 15:46:52','VENTAS-SALIDAS','admin_ventas_salidas','127.0.0.1'),(3795,6,'2025-12-30 15:46:54','DETALLES_VENTA','admin_detalles_venta','127.0.0.1'),(3796,6,'2025-12-30 15:47:10','VENTAS-SALIDAS','admin_ventas_salidas','127.0.0.1'),(3797,6,'2025-12-30 15:50:48','DETALLES_VENTA','admin_detalles_venta','127.0.0.1'),(3798,6,'2025-12-30 15:55:08','VENTAS-SALIDAS','admin_ventas_salidas','127.0.0.1'),(3799,6,'2025-12-30 15:55:55','CAJA','admin_caja','127.0.0.1'),(3800,6,'2025-12-30 15:56:12','AUTH','LOGOUT','127.0.0.1'),(3801,6,'2025-12-30 15:56:14','AUTH','LOGIN_EXITOSO','127.0.0.1'),(3802,6,'2025-12-30 16:00:16','CAJA','admin_caja','127.0.0.1'),(3803,6,'2025-12-30 16:00:22','CAJA','admin_caja','127.0.0.1'),(3804,6,'2025-12-30 16:01:55','CAJA','admin_caja','127.0.0.1'),(3805,6,'2025-12-30 16:01:58','CAJA','admin_caja','127.0.0.1'),(3806,6,'2025-12-30 16:02:00','HISTORIAL_CAJA','admin_caja_historial','127.0.0.1'),(3807,6,'2025-12-30 16:04:31','USUARIOS','admin_usuarios','127.0.0.1'),(3808,6,'2025-12-30 16:05:00','USUARIOS','admin_usuarios','127.0.0.1'),(3809,6,'2025-12-30 16:05:08','AUTH','LOGOUT','127.0.0.1'),(3810,2,'2025-12-30 16:05:15','AUTH','LOGIN_EXITOSO','127.0.0.1'),(3811,2,'2025-12-30 16:05:42','AUTH','LOGOUT','127.0.0.1'),(3812,6,'2025-12-30 16:05:46','AUTH','LOGIN_EXITOSO','127.0.0.1'),(3813,6,'2025-12-30 16:07:29','AUTH','LOGIN_EXITOSO','127.0.0.1'),(3814,1,'2025-12-30 16:07:59','AUTH','LOGIN_EXITOSO','127.0.0.1'),(3815,1,'2025-12-30 16:08:14','CAJA','admin_caja','127.0.0.1'),(3816,1,'2025-12-30 16:09:28','AUTH','LOGOUT','127.0.0.1'),(3817,6,'2025-12-30 16:10:30','USUARIOS','admin_usuarios','127.0.0.1'),(3818,6,'2025-12-30 16:10:46','USUARIOS','CREAR_USUARUI: Juan','127.0.0.1'),(3819,6,'2025-12-30 16:10:46','USUARIOS','crear_usuario','127.0.0.1'),(3820,6,'2025-12-30 16:10:46','USUARIOS','admin_usuarios','127.0.0.1'),(3821,6,'2025-12-30 16:11:01','MOVIMIENTOS-INVENTARIO','admin_movimientos_inventario','127.0.0.1'),(3822,6,'2025-12-30 16:11:04','PRODUCTOS','admin_productos','127.0.0.1'),(3823,6,'2025-12-30 16:11:12','HISTORIAL-MOVIMIENTOS','admin_historial_movimientos','127.0.0.1'),(3824,6,'2025-12-30 16:17:12','HISTORIAL-MOVIMIENTOS','admin_historial_movimientos','127.0.0.1'),(3825,6,'2025-12-30 16:17:15','HISTORIAL-MOVIMIENTOS','admin_historial_movimientos','127.0.0.1'),(3826,6,'2025-12-30 16:17:20','HISTORIAL-MOVIMIENTOS','admin_historial_movimientos','127.0.0.1'),(3827,6,'2025-12-30 16:18:39','AUTH','LOGOUT','127.0.0.1'),(3828,6,'2025-12-30 16:18:41','AUTH','LOGIN_EXITOSO','127.0.0.1'),(3829,6,'2025-12-30 16:18:54','CUENTAS-POR-COBRAR','admin_cuentascobrar','127.0.0.1'),(3830,1,'2025-12-30 18:50:46','AUTH','LOGIN_EXITOSO','127.0.0.1'),(3831,1,'2025-12-30 18:51:00','CAJA','admin_caja','127.0.0.1'),(3832,1,'2025-12-30 18:51:13','CIERRE_CAJA','admin_caja_cerrar','127.0.0.1'),(3833,1,'2025-12-30 18:51:14','CAJA','admin_caja','127.0.0.1'),(3834,1,'2025-12-30 18:51:45','CIERRE_CAJA','admin_caja_cerrar','127.0.0.1'),(3835,1,'2025-12-30 18:51:45','CAJA','admin_caja','127.0.0.1'),(3836,1,'2025-12-30 19:02:19','CAJA','admin_caja','127.0.0.1'),(3837,1,'2025-12-30 19:02:26','CIERRE_CAJA','admin_caja_cerrar','127.0.0.1'),(3838,1,'2025-12-30 19:02:26','CAJA','admin_caja','127.0.0.1'),(3839,1,'2025-12-30 19:12:03','CAJA','admin_caja','127.0.0.1'),(3840,1,'2025-12-30 19:12:13','CIERRE_CAJA','admin_caja_cerrar','127.0.0.1'),(3841,1,'2025-12-30 19:12:13','CAJA','admin_caja','127.0.0.1'),(3842,1,'2025-12-30 19:12:25','HISTORIAL_CAJA','admin_caja_historial','127.0.0.1'),(3843,1,'2025-12-30 19:13:56','CAJA','admin_caja','127.0.0.1'),(3844,1,'2025-12-30 19:15:53','CIERRE_CAJA','admin_caja_cerrar','127.0.0.1'),(3845,1,'2025-12-30 19:15:53','CAJA','admin_caja','127.0.0.1'),(3846,1,'2025-12-30 19:16:02','HISTORIAL_CAJA','admin_caja_historial','127.0.0.1'),(3847,1,'2025-12-30 19:16:13','HISTORIAL_CAJA','admin_caja_historial','127.0.0.1'),(3848,1,'2025-12-30 19:16:28','CAJA','admin_caja','127.0.0.1'),(3849,1,'2025-12-30 19:17:17','CAJA','admin_caja','127.0.0.1'),(3850,1,'2026-01-02 13:50:04','AUTH','LOGIN_EXITOSO','127.0.0.1'),(3851,1,'2026-01-02 13:50:13','CAJA','admin_caja','127.0.0.1'),(3852,1,'2026-01-02 13:50:34','HISTORIAL_CAJA','admin_caja_historial','127.0.0.1'),(3853,1,'2026-01-02 13:50:38','HISTORIAL_CAJA','admin_caja_historial','127.0.0.1'),(3854,1,'2026-01-02 13:50:43','CAJA','admin_caja','127.0.0.1'),(3855,1,'2026-01-02 18:05:49','AUTH','LOGIN_EXITOSO','127.0.0.1'),(3856,1,'2026-01-02 18:05:52','CAJA','admin_caja','127.0.0.1'),(3857,1,'2026-01-02 18:06:10','APERTURAR_CAJA','admin_caja_aperturar','127.0.0.1'),(3858,1,'2026-01-02 18:06:10','CAJA','admin_caja','127.0.0.1'),(3859,1,'2026-01-02 18:06:54','VENTAS-SALIDAS','admin_ventas_salidas','127.0.0.1'),(3860,1,'2026-01-02 18:06:56','CREAR_VENTA','admin_crear_venta','127.0.0.1'),(3861,1,'2026-01-02 18:07:09','CREAR_VENTA','admin_crear_venta','127.0.0.1'),(3862,1,'2026-01-02 18:07:17','CAJA','admin_caja','127.0.0.1'),(3863,1,'2026-01-02 18:07:55','HISTORIAL_CAJA','admin_caja_historial','127.0.0.1'),(3864,1,'2026-01-02 18:08:06','CAJA','admin_caja','127.0.0.1'),(3865,1,'2026-01-02 18:12:29','VENTAS-SALIDAS','admin_ventas_salidas','127.0.0.1'),(3866,1,'2026-01-02 18:12:31','ANULAR_VENTA','admin_anular_venta','127.0.0.1'),(3867,1,'2026-01-02 18:12:45','ANULAR_VENTA','admin_anular_venta','127.0.0.1'),(3868,1,'2026-01-02 18:12:45','VENTAS-SALIDAS','admin_ventas_salidas','127.0.0.1'),(3869,1,'2026-01-02 18:12:50','CAJA','admin_caja','127.0.0.1'),(3870,1,'2026-01-02 18:13:01','CANCELACION_MOVIMIENTO','admin_caja_cancelar_movimiento','127.0.0.1'),(3871,1,'2026-01-02 18:13:01','CAJA','admin_caja','127.0.0.1'),(3872,1,'2026-01-05 08:33:08','AUTH','LOGIN_EXITOSO','127.0.0.1'),(3873,1,'2026-01-05 08:33:18','CAJA','admin_caja','127.0.0.1'),(3874,1,'2026-01-05 08:33:26','HISTORIAL_CAJA','admin_caja_historial','127.0.0.1'),(3875,1,'2026-01-05 08:33:30','HISTORIAL_CAJA','admin_caja_historial','127.0.0.1'),(3876,1,'2026-01-05 12:55:48','AUTH','LOGIN_EXITOSO','127.0.0.1'),(3877,1,'2026-01-05 12:57:24','CAJA','admin_caja','127.0.0.1'),(3878,1,'2026-01-05 12:57:37','APERTURAR_CAJA','admin_caja_aperturar','127.0.0.1'),(3879,1,'2026-01-05 12:57:38','CAJA','admin_caja','127.0.0.1'),(3880,1,'2026-01-05 13:10:40','AUTH','LOGIN_EXITOSO','127.0.0.1'),(3881,1,'2026-01-05 13:11:17','CAJA','admin_caja','127.0.0.1'),(3882,1,'2026-01-05 13:11:37','GASTOS','admin_gastos_operativos','127.0.0.1'),(3883,1,'2026-01-05 13:12:31','GASTOS','admin_gastos_operativos','127.0.0.1'),(3884,1,'2026-01-05 13:24:30','CAJA','admin_caja','127.0.0.1'),(3885,1,'2026-01-05 14:12:54','AUTH','LOGIN_EXITOSO','127.0.0.1'),(3886,1,'2026-01-05 14:19:28','AUTH','LOGIN_EXITOSO','127.0.0.1'),(3887,1,'2026-01-05 15:39:44','AUTH','LOGIN_EXITOSO','127.0.0.1'),(3888,1,'2026-01-05 15:40:27','CAJA','admin_caja','127.0.0.1'),(3889,1,'2026-01-05 15:40:41','VENTAS-SALIDAS','admin_ventas_salidas','127.0.0.1'),(3890,1,'2026-01-05 15:40:44','CREAR_VENTA','admin_crear_venta','127.0.0.1'),(3891,1,'2026-01-05 15:41:00','CREAR_VENTA','admin_crear_venta','127.0.0.1'),(3892,1,'2026-01-05 15:41:04','VENTAS-SALIDAS','admin_ventas_salidas','127.0.0.1'),(3893,1,'2026-01-05 15:41:06','CAJA','admin_caja','127.0.0.1'),(3894,1,'2026-01-05 15:41:29','CUENTAS-POR-COBRAR','admin_cuentascobrar','127.0.0.1'),(3895,1,'2026-01-05 15:41:35','REGISTRAR-PAGO-CXC','admin_registrar_pago','127.0.0.1'),(3896,1,'2026-01-05 15:41:43','REGISTRAR-PAGO-CXC','admin_registrar_pago','127.0.0.1'),(3897,1,'2026-01-05 15:41:43','DETALLE-CUENTA-COBRAR','admin_detalle_cuentacobrar','127.0.0.1'),(3898,1,'2026-01-05 15:41:53','CAJA','admin_caja','127.0.0.1'),(3899,1,'2026-01-05 15:42:11','HISTORIAL_CAJA','admin_caja_historial','127.0.0.1'),(3900,1,'2026-01-05 15:45:11','CAJA','admin_caja','127.0.0.1'),(3901,1,'2026-01-05 15:45:59','AGREGAR_MOVIMIENTO_CAJA','admin_caja_movimiento','127.0.0.1'),(3902,1,'2026-01-05 15:45:59','CAJA','admin_caja','127.0.0.1'),(3903,1,'2026-01-05 15:51:51','AJUSTAR_MOVIMIENTO_CAJA','admin_caja_ajustar','127.0.0.1'),(3904,1,'2026-01-05 15:51:51','CAJA','admin_caja','127.0.0.1'),(3905,1,'2026-01-05 15:52:05','ANULAR_MOVIMIENTO_CAJA','admin_caja_anular','127.0.0.1'),(3906,1,'2026-01-05 15:52:05','CAJA','admin_caja','127.0.0.1'),(3907,1,'2026-01-05 15:52:56','AGREGAR_MOVIMIENTO_CAJA','admin_caja_movimiento','127.0.0.1'),(3908,1,'2026-01-05 15:52:56','CAJA','admin_caja','127.0.0.1'),(3909,1,'2026-01-05 15:56:55','CAJA','admin_caja','127.0.0.1'),(3910,1,'2026-01-05 15:57:32','CAJA','admin_caja','127.0.0.1'),(3911,1,'2026-01-05 16:02:16','AUTH','LOGIN_EXITOSO','127.0.0.1'),(3912,1,'2026-01-05 16:02:30','VENTAS-SALIDAS','admin_ventas_salidas','127.0.0.1'),(3913,1,'2026-01-05 16:32:48','AUTH','LOGIN_EXITOSO','127.0.0.1'),(3914,1,'2026-01-05 16:32:50','CAJA','admin_caja','127.0.0.1'),(3915,1,'2026-01-05 16:35:10','CAJA','admin_caja','127.0.0.1'),(3916,1,'2026-01-05 16:35:12','VENTAS-SALIDAS','admin_ventas_salidas','127.0.0.1'),(3917,1,'2026-01-05 16:35:14','CREAR_VENTA','admin_crear_venta','127.0.0.1'),(3918,1,'2026-01-05 16:39:29','CREAR_VENTA','admin_crear_venta','127.0.0.1'),(3919,1,'2026-01-05 16:39:32','VENTAS-SALIDAS','admin_ventas_salidas','127.0.0.1'),(3920,1,'2026-01-05 16:39:38','ANULAR_VENTA','admin_anular_venta','127.0.0.1'),(3921,1,'2026-01-05 16:39:55','ANULAR_VENTA','admin_anular_venta','127.0.0.1'),(3922,1,'2026-01-05 16:39:55','VENTAS-SALIDAS','admin_ventas_salidas','127.0.0.1'),(3923,1,'2026-01-05 16:40:05','CAJA','admin_caja','127.0.0.1'),(3924,1,'2026-01-05 19:01:31','AUTH','LOGIN_EXITOSO','127.0.0.1'),(3925,1,'2026-01-05 19:01:35','CAJA','admin_caja','127.0.0.1'),(3926,1,'2026-01-05 21:16:26','AUTH','LOGIN_EXITOSO','127.0.0.1'),(3927,1,'2026-01-05 21:17:41','AUTH','LOGIN_EXITOSO','127.0.0.1'),(3928,1,'2026-01-05 21:42:54','VER_CAJA','admin_caja','127.0.0.1'),(3929,1,'2026-01-05 21:43:39','HISTORIAL_CAJA','admin_caja_historial','127.0.0.1'),(3930,1,'2026-01-05 21:43:39','VER_CAJA','admin_caja','127.0.0.1'),(3931,1,'2026-01-05 21:45:45','HISTORIAL_CAJA','admin_caja_historial','127.0.0.1'),(3932,1,'2026-01-05 21:45:46','VER_CAJA','admin_caja','127.0.0.1'),(3933,1,'2026-01-05 21:45:52','HISTORIAL_CAJA','admin_caja_historial','127.0.0.1'),(3934,1,'2026-01-05 21:45:52','VER_CAJA','admin_caja','127.0.0.1'),(3935,1,'2026-01-05 21:49:25','VER_CAJA','admin_caja','127.0.0.1'),(3936,1,'2026-01-05 21:49:27','HISTORIAL_CAJA','admin_caja_historial','127.0.0.1'),(3937,1,'2026-01-05 21:49:35','VER_CAJA','admin_caja','127.0.0.1'),(3938,1,'2026-01-05 22:02:18','VER_CAJA','admin_caja','127.0.0.1'),(3939,1,'2026-01-05 22:55:43','VER_CAJA','admin_caja','127.0.0.1'),(3940,1,'2026-01-05 22:58:42','CERRAR_CAJA','admin_caja_cerrar','127.0.0.1'),(3941,1,'2026-01-05 22:58:42','VER_CAJA','admin_caja','127.0.0.1'),(3942,6,'2026-01-06 08:33:20','VER_CAJA','admin_caja','127.0.0.1'),(3943,6,'2026-01-06 08:33:45','APERTURAR_CAJA','admin_caja_aperturar','127.0.0.1'),(3944,6,'2026-01-06 08:33:45','VER_CAJA','admin_caja','127.0.0.1'),(3945,6,'2026-01-06 08:33:55','HISTORIAL_CAJA','admin_caja_historial','127.0.0.1'),(3946,6,'2026-01-06 08:34:04','VER_CAJA','admin_caja','127.0.0.1'),(3947,6,'2026-01-06 08:34:10','VENTAS-SALIDAS','admin_ventas_salidas','127.0.0.1'),(3948,6,'2026-01-06 08:35:30','CREAR_VENTA','admin_crear_venta','127.0.0.1'),(3949,6,'2026-01-06 08:35:53','CREAR_VENTA','admin_crear_venta','127.0.0.1'),(3950,6,'2026-01-06 08:35:58','VENTAS-SALIDAS','admin_ventas_salidas','127.0.0.1'),(3951,6,'2026-01-06 08:36:44','CREAR_VENTA','admin_crear_venta','127.0.0.1'),(3952,6,'2026-01-06 08:37:02','CREAR_VENTA','admin_crear_venta','127.0.0.1'),(3953,6,'2026-01-06 08:37:05','VENTAS-SALIDAS','admin_ventas_salidas','127.0.0.1'),(3954,6,'2026-01-06 08:37:13','CUENTAS-POR-COBRAR','admin_cuentascobrar','127.0.0.1'),(3955,6,'2026-01-06 08:37:17','VENTAS-SALIDAS','admin_ventas_salidas','127.0.0.1'),(3956,6,'2026-01-06 08:37:23','COMPRAS-ENTRADAS','admin_compras_entradas','127.0.0.1'),(3957,6,'2026-01-06 08:37:26','GASTOS','admin_gastos_operativos','127.0.0.1'),(3958,6,'2026-01-06 08:37:53','VENTAS-SALIDAS','admin_ventas_salidas','127.0.0.1'),(3959,6,'2026-01-06 08:37:55','CREAR_VENTA','admin_crear_venta','127.0.0.1'),(3960,6,'2026-01-06 08:38:36','CREAR_VENTA','admin_crear_venta','127.0.0.1'),(3961,6,'2026-01-06 08:38:40','VENTAS-SALIDAS','admin_ventas_salidas','127.0.0.1'),(3962,6,'2026-01-06 08:38:46','ANULAR_VENTA','admin_anular_venta','127.0.0.1'),(3963,6,'2026-01-06 08:39:05','ANULAR_VENTA','admin_anular_venta','127.0.0.1'),(3964,6,'2026-01-06 08:39:05','VENTAS-SALIDAS','admin_ventas_salidas','127.0.0.1'),(3965,6,'2026-01-06 08:43:38','AUTH','LOGIN_EXITOSO','127.0.0.1'),(3966,6,'2026-01-06 08:43:42','VER_CAJA','admin_caja','127.0.0.1'),(3967,6,'2026-01-06 08:43:44','VENTAS-SALIDAS','admin_ventas_salidas','127.0.0.1'),(3968,6,'2026-01-06 08:43:47','CREAR_VENTA','admin_crear_venta','127.0.0.1'),(3969,6,'2026-01-06 08:44:04','CREAR_VENTA','admin_crear_venta','127.0.0.1'),(3970,6,'2026-01-06 08:44:08','VENTAS-SALIDAS','admin_ventas_salidas','127.0.0.1'),(3971,6,'2026-01-06 08:44:13','ANULAR_VENTA','admin_anular_venta','127.0.0.1'),(3972,6,'2026-01-06 08:44:21','ANULAR_VENTA','admin_anular_venta','127.0.0.1'),(3973,6,'2026-01-06 08:44:21','VENTAS-SALIDAS','admin_ventas_salidas','127.0.0.1'),(3974,6,'2026-01-06 08:45:12','AUTH','LOGIN_EXITOSO','127.0.0.1'),(3975,6,'2026-01-06 08:45:14','VER_CAJA','admin_caja','127.0.0.1'),(3976,6,'2026-01-06 08:45:19','VENTAS-SALIDAS','admin_ventas_salidas','127.0.0.1'),(3977,6,'2026-01-06 08:45:21','CREAR_VENTA','admin_crear_venta','127.0.0.1'),(3978,6,'2026-01-06 08:45:38','CREAR_VENTA','admin_crear_venta','127.0.0.1'),(3979,6,'2026-01-06 08:45:41','VENTAS-SALIDAS','admin_ventas_salidas','127.0.0.1'),(3980,6,'2026-01-06 08:45:51','ANULAR_VENTA','admin_anular_venta','127.0.0.1'),(3981,6,'2026-01-06 08:46:03','ANULAR_VENTA','admin_anular_venta','127.0.0.1'),(3982,6,'2026-01-06 08:46:03','VENTAS-SALIDAS','admin_ventas_salidas','127.0.0.1'),(3983,6,'2026-01-06 08:48:28','CREAR_VENTA','admin_crear_venta','127.0.0.1'),(3984,6,'2026-01-06 08:48:43','CREAR_VENTA','admin_crear_venta','127.0.0.1'),(3985,6,'2026-01-06 08:48:47','VENTAS-SALIDAS','admin_ventas_salidas','127.0.0.1'),(3986,6,'2026-01-06 08:49:43','VER_CAJA','admin_caja','127.0.0.1'),(3987,6,'2026-01-06 08:50:09','VENTAS-SALIDAS','admin_ventas_salidas','127.0.0.1'),(3988,6,'2026-01-06 08:50:13','VER_CAJA','admin_caja','127.0.0.1'),(3989,6,'2026-01-06 08:50:46','VENTAS-SALIDAS','admin_ventas_salidas','127.0.0.1'),(3990,6,'2026-01-06 08:50:51','VER_CAJA','admin_caja','127.0.0.1'),(3991,6,'2026-01-06 08:52:07','VER_CAJA','admin_caja','127.0.0.1'),(3992,6,'2026-01-06 08:52:32','CUENTAS-POR-COBRAR','admin_cuentascobrar','127.0.0.1'),(3993,6,'2026-01-06 08:52:35','REGISTRAR-PAGO-CXC','admin_registrar_pago','127.0.0.1'),(3994,6,'2026-01-06 08:52:52','REGISTRAR-PAGO-CXC','admin_registrar_pago','127.0.0.1'),(3995,6,'2026-01-06 08:52:52','DETALLE-CUENTA-COBRAR','admin_detalle_cuentacobrar','127.0.0.1'),(3996,6,'2026-01-06 08:54:02','DETALLE-CUENTA-COBRAR','admin_detalle_cuentacobrar','127.0.0.1'),(3997,6,'2026-01-06 08:54:04','CUENTAS-POR-COBRAR','admin_cuentascobrar','127.0.0.1'),(3998,6,'2026-01-06 08:54:06','REGISTRAR-PAGO-CXC','admin_registrar_pago','127.0.0.1'),(3999,6,'2026-01-06 08:54:36','REGISTRAR-PAGO-CXC','admin_registrar_pago','127.0.0.1'),(4000,6,'2026-01-06 08:54:36','DETALLE-CUENTA-COBRAR','admin_detalle_cuentacobrar','127.0.0.1'),(4001,6,'2026-01-06 08:55:36','CUENTAS-POR-COBRAR','admin_cuentascobrar','127.0.0.1'),(4002,6,'2026-01-06 08:55:44','DETALLE-CUENTA-COBRAR','admin_detalle_cuentacobrar','127.0.0.1'),(4003,6,'2026-01-06 08:55:47','CUENTAS-POR-COBRAR','admin_cuentascobrar','127.0.0.1'),(4004,6,'2026-01-06 08:55:54','CUENTAS-POR-COBRAR','admin_cuentascobrar','127.0.0.1'),(4005,6,'2026-01-06 08:56:00','CUENTAS-POR-COBRAR','admin_cuentascobrar','127.0.0.1'),(4006,6,'2026-01-06 08:56:05','REGISTRAR-PAGO-CXC','admin_registrar_pago','127.0.0.1'),(4007,6,'2026-01-06 08:56:12','REGISTRAR-PAGO-CXC','admin_registrar_pago','127.0.0.1'),(4008,6,'2026-01-06 08:56:12','DETALLE-CUENTA-COBRAR','admin_detalle_cuentacobrar','127.0.0.1'),(4009,6,'2026-01-06 08:56:21','CUENTAS-POR-COBRAR','admin_cuentascobrar','127.0.0.1'),(4010,6,'2026-01-06 08:56:56','VER_CAJA','admin_caja','127.0.0.1'),(4011,6,'2026-01-06 09:00:12','AGREGAR_MOVIMIENTO','admin_caja_movimiento','127.0.0.1'),(4012,6,'2026-01-06 09:00:12','VER_CAJA','admin_caja','127.0.0.1'),(4013,6,'2026-01-06 09:00:58','ANULAR_MOVIMIENTO','admin_caja_anular','127.0.0.1'),(4014,6,'2026-01-06 09:00:58','VER_CAJA','admin_caja','127.0.0.1'),(4015,6,'2026-01-06 09:10:41','VER_CAJA','admin_caja','127.0.0.1'),(4016,6,'2026-01-06 09:11:00','AUTH','LOGIN_EXITOSO','127.0.0.1'),(4017,6,'2026-01-06 09:11:03','VENTAS-SALIDAS','admin_ventas_salidas','127.0.0.1'),(4018,6,'2026-01-06 09:11:06','CREAR_VENTA','admin_crear_venta','127.0.0.1'),(4019,6,'2026-01-06 09:11:31','CREAR_VENTA','admin_crear_venta','127.0.0.1'),(4020,6,'2026-01-06 09:11:35','VENTAS-SALIDAS','admin_ventas_salidas','127.0.0.1'),(4021,6,'2026-01-06 09:11:39','VER_CAJA','admin_caja','127.0.0.1'),(4022,6,'2026-01-06 09:12:13','ANULAR_MOVIMIENTO','admin_caja_anular','127.0.0.1'),(4023,6,'2026-01-06 09:12:13','VER_CAJA','admin_caja','127.0.0.1'),(4024,6,'2026-01-06 09:12:33','VER_CAJA','admin_caja','127.0.0.1'),(4025,6,'2026-01-06 09:12:35','VER_CAJA','admin_caja','127.0.0.1'),(4026,6,'2026-01-06 09:13:03','VENTAS-SALIDAS','admin_ventas_salidas','127.0.0.1'),(4027,6,'2026-01-06 09:13:05','ANULAR_VENTA','admin_anular_venta','127.0.0.1'),(4028,6,'2026-01-06 09:13:22','ANULAR_VENTA','admin_anular_venta','127.0.0.1'),(4029,6,'2026-01-06 09:13:22','VENTAS-SALIDAS','admin_ventas_salidas','127.0.0.1'),(4030,6,'2026-01-06 09:13:26','VER_CAJA','admin_caja','127.0.0.1'),(4031,6,'2026-01-06 09:14:43','AGREGAR_MOVIMIENTO','admin_caja_movimiento','127.0.0.1'),(4032,6,'2026-01-06 09:14:43','VER_CAJA','admin_caja','127.0.0.1'),(4033,6,'2026-01-06 09:14:58','ANULAR_MOVIMIENTO','admin_caja_anular','127.0.0.1'),(4034,6,'2026-01-06 09:14:58','VER_CAJA','admin_caja','127.0.0.1'),(4035,6,'2026-01-06 09:16:14','AGREGAR_MOVIMIENTO','admin_caja_movimiento','127.0.0.1'),(4036,6,'2026-01-06 09:16:14','VER_CAJA','admin_caja','127.0.0.1'),(4037,6,'2026-01-06 09:16:39','ANULAR_MOVIMIENTO','admin_caja_anular','127.0.0.1'),(4038,6,'2026-01-06 09:16:39','VER_CAJA','admin_caja','127.0.0.1'),(4039,6,'2026-01-06 09:17:49','AGREGAR_MOVIMIENTO','admin_caja_movimiento','127.0.0.1'),(4040,6,'2026-01-06 09:17:49','VER_CAJA','admin_caja','127.0.0.1'),(4041,6,'2026-01-06 09:18:11','ANULAR_MOVIMIENTO','admin_caja_anular','127.0.0.1'),(4042,6,'2026-01-06 09:18:11','VER_CAJA','admin_caja','127.0.0.1'),(4043,6,'2026-01-06 09:18:45','ANULAR_MOVIMIENTO','admin_caja_anular','127.0.0.1'),(4044,6,'2026-01-06 09:18:45','VER_CAJA','admin_caja','127.0.0.1'),(4045,6,'2026-01-06 09:19:06','ANULAR_MOVIMIENTO','admin_caja_anular','127.0.0.1'),(4046,6,'2026-01-06 09:19:06','VER_CAJA','admin_caja','127.0.0.1'),(4047,6,'2026-01-06 09:19:33','ANULAR_MOVIMIENTO','admin_caja_anular','127.0.0.1'),(4048,6,'2026-01-06 09:19:33','VER_CAJA','admin_caja','127.0.0.1'),(4049,6,'2026-01-06 09:41:22','VER_CAJA','admin_caja','127.0.0.1'),(4050,6,'2026-01-06 09:41:45','AUTH','LOGIN_EXITOSO','127.0.0.1'),(4051,6,'2026-01-06 09:41:51','VER_CAJA','admin_caja','127.0.0.1'),(4052,6,'2026-01-06 09:42:35','HISTORIAL_CAJA','admin_caja_historial','127.0.0.1'),(4053,6,'2026-01-06 10:51:07','AUTH','LOGIN_EXITOSO','127.0.0.1'),(4054,6,'2026-01-06 10:51:10','VER_CAJA','admin_caja','127.0.0.1'),(4055,6,'2026-01-06 10:51:22','HISTORIAL_CAJA','admin_caja_historial','127.0.0.1'),(4056,6,'2026-01-06 10:51:34','VENTAS-SALIDAS','admin_ventas_salidas','127.0.0.1'),(4057,6,'2026-01-06 10:51:35','CREAR_VENTA','admin_crear_venta','127.0.0.1'),(4058,6,'2026-01-06 10:52:24','CREAR_VENTA','admin_crear_venta','127.0.0.1'),(4059,6,'2026-01-06 10:52:58','CREAR_VENTA','admin_crear_venta','127.0.0.1'),(4060,6,'2026-01-06 10:53:07','VENTAS-SALIDAS','admin_ventas_salidas','127.0.0.1'),(4061,6,'2026-01-06 10:54:21','VENTAS-SALIDAS','admin_ventas_salidas','127.0.0.1'),(4062,6,'2026-01-06 11:01:26','VER_CAJA','admin_caja','127.0.0.1'),(4063,6,'2026-01-06 11:01:44','REPORTE_CAJA','admin_caja_reporte','127.0.0.1'),(4064,6,'2026-01-06 11:01:44','VER_CAJA','admin_caja','127.0.0.1'),(4065,6,'2026-01-06 11:01:51','REPORTE_CAJA','admin_caja_reporte','127.0.0.1'),(4066,6,'2026-01-06 11:01:51','VER_CAJA','admin_caja','127.0.0.1'),(4067,6,'2026-01-06 11:07:34','VER_CAJA','admin_caja','127.0.0.1'),(4068,6,'2026-01-06 11:07:36','VER_CAJA','admin_caja','127.0.0.1'),(4069,6,'2026-01-06 11:07:36','VER_CAJA','admin_caja','127.0.0.1'),(4070,6,'2026-01-06 11:07:37','VER_CAJA','admin_caja','127.0.0.1'),(4071,6,'2026-01-06 11:07:39','REPORTE_CAJA','admin_caja_reporte','127.0.0.1'),(4072,6,'2026-01-06 11:07:39','VER_CAJA','admin_caja','127.0.0.1'),(4073,6,'2026-01-06 11:07:40','HISTORIAL_CAJA','admin_caja_historial','127.0.0.1'),(4074,6,'2026-01-06 11:08:40','VER_CAJA','admin_caja','127.0.0.1'),(4075,6,'2026-01-06 11:08:48','HISTORIAL_CAJA','admin_caja_historial','127.0.0.1'),(4076,6,'2026-01-06 11:11:12','HISTORIAL_CAJA','admin_caja_historial','127.0.0.1'),(4077,6,'2026-01-06 11:11:14','VER_CAJA','admin_caja','127.0.0.1'),(4078,6,'2026-01-06 11:11:15','REPORTE_CAJA','admin_caja_reporte','127.0.0.1'),(4079,6,'2026-01-06 11:11:15','VER_CAJA','admin_caja','127.0.0.1'),(4080,6,'2026-01-06 11:11:19','REPORTE_CAJA','admin_caja_reporte','127.0.0.1'),(4081,6,'2026-01-06 11:11:19','VER_CAJA','admin_caja','127.0.0.1'),(4082,6,'2026-01-06 11:11:20','REPORTE_CAJA','admin_caja_reporte','127.0.0.1'),(4083,6,'2026-01-06 11:11:20','VER_CAJA','admin_caja','127.0.0.1'),(4084,6,'2026-01-06 11:11:47','AUTH','LOGIN_EXITOSO','127.0.0.1'),(4085,6,'2026-01-06 11:11:48','VER_CAJA','admin_caja','127.0.0.1'),(4086,6,'2026-01-06 11:11:50','REPORTE_CAJA','admin_caja_reporte','127.0.0.1'),(4087,6,'2026-01-06 11:11:50','VER_CAJA','admin_caja','127.0.0.1'),(4088,6,'2026-01-06 11:12:06','VER_CAJA','admin_caja','127.0.0.1'),(4089,6,'2026-01-06 11:12:07','VER_CAJA','admin_caja','127.0.0.1'),(4090,6,'2026-01-06 11:12:07','VER_CAJA','admin_caja','127.0.0.1'),(4091,6,'2026-01-06 11:12:07','VER_CAJA','admin_caja','127.0.0.1'),(4092,6,'2026-01-06 11:12:12','VER_CAJA','admin_caja','127.0.0.1'),(4093,6,'2026-01-06 11:12:13','VER_CAJA','admin_caja','127.0.0.1'),(4094,6,'2026-01-06 11:12:15','REPORTE_CAJA','admin_caja_reporte','127.0.0.1'),(4095,6,'2026-01-06 11:12:15','VER_CAJA','admin_caja','127.0.0.1'),(4096,6,'2026-01-06 11:16:23','REPORTE_CAJA','admin_caja_reporte','127.0.0.1'),(4097,6,'2026-01-06 11:16:23','VER_CAJA','admin_caja','127.0.0.1'),(4098,6,'2026-01-06 11:20:45','REPORTE_CAJA','admin_caja_reporte','127.0.0.1'),(4099,6,'2026-01-06 11:21:08','REPORTE_CAJA','admin_caja_reporte','127.0.0.1'),(4100,6,'2026-01-06 11:21:37','REPORTE_CAJA','admin_caja_reporte','127.0.0.1'),(4101,6,'2026-01-06 11:21:48','REPORTE_CAJA','admin_caja_reporte','127.0.0.1'),(4102,6,'2026-01-06 11:22:15','VER_CAJA','admin_caja','127.0.0.1'),(4103,6,'2026-01-06 11:22:16','HISTORIAL_CAJA','admin_caja_historial','127.0.0.1'),(4104,6,'2026-01-06 11:41:38','VER_CAJA','admin_caja','127.0.0.1'),(4105,6,'2026-01-06 11:42:47','AUTH','LOGIN_EXITOSO','127.0.0.1'),(4106,6,'2026-01-06 11:42:49','VER_CAJA','admin_caja','127.0.0.1'),(4107,6,'2026-01-06 11:42:51','REPORTE_CAJA','admin_caja_reporte','127.0.0.1'),(4108,6,'2026-01-06 11:42:58','VER_CAJA','admin_caja','127.0.0.1'),(4109,6,'2026-01-06 11:42:59','HISTORIAL_CAJA','admin_caja_historial','127.0.0.1'),(4110,6,'2026-01-06 11:43:02','VER_CAJA','admin_caja','127.0.0.1'),(4111,6,'2026-01-06 11:43:03','REPORTE_CAJA','admin_caja_reporte','127.0.0.1'),(4112,6,'2026-01-06 11:43:05','VER_CAJA','admin_caja','127.0.0.1'),(4113,6,'2026-01-06 11:43:07','REPORTE_CAJA','admin_caja_reporte','127.0.0.1'),(4114,6,'2026-01-06 11:43:15','VER_CAJA','admin_caja','127.0.0.1'),(4115,6,'2026-01-06 11:43:16','HISTORIAL_CAJA','admin_caja_historial','127.0.0.1'),(4116,6,'2026-01-06 11:43:23','VER_CAJA','admin_caja','127.0.0.1'),(4117,6,'2026-01-06 11:43:24','REPORTE_CAJA','admin_caja_reporte','127.0.0.1'),(4118,6,'2026-01-06 11:43:32','HISTORIAL_CAJA','admin_caja_historial','127.0.0.1'),(4119,6,'2026-01-06 11:43:37','VER_CAJA','admin_caja','127.0.0.1'),(4120,6,'2026-01-06 13:36:15','AUTH','LOGIN_EXITOSO','127.0.0.1'),(4121,6,'2026-01-06 13:36:18','VER_CAJA','admin_caja','127.0.0.1'),(4122,6,'2026-01-06 13:36:58','VER_CAJA','admin_caja','127.0.0.1'),(4123,6,'2026-01-06 13:41:59','VER_CAJA','admin_caja','127.0.0.1'),(4124,6,'2026-01-06 13:42:08','VENTAS-SALIDAS','admin_ventas_salidas','127.0.0.1'),(4125,6,'2026-01-06 13:42:09','CREAR_VENTA','admin_crear_venta','127.0.0.1'),(4126,6,'2026-01-06 13:42:30','CREAR_VENTA','admin_crear_venta','127.0.0.1'),(4127,6,'2026-01-06 13:42:35','VENTAS-SALIDAS','admin_ventas_salidas','127.0.0.1'),(4128,6,'2026-01-06 13:42:39','VER_CAJA','admin_caja','127.0.0.1'),(4129,6,'2026-01-06 13:43:03','COMPRAS-ENTRADAS','admin_compras_entradas','127.0.0.1'),(4130,6,'2026-01-06 13:43:08','COMPRAS-ENTRADAS-CREAR','admin_crear_compra','127.0.0.1'),(4131,6,'2026-01-06 13:43:24','PRODUCTOS','admin_productos','127.0.0.1'),(4132,6,'2026-01-06 13:44:17','EDITAR_PRODUCTO','admin_editar_producto','127.0.0.1'),(4133,6,'2026-01-06 13:44:24','EDITAR_PRODUCTO','admin_editar_producto','127.0.0.1'),(4134,6,'2026-01-06 13:44:24','PRODUCTOS','admin_productos','127.0.0.1'),(4135,6,'2026-01-06 13:49:10','CREAR_PRODUCTO','admin_crear_producto','127.0.0.1'),(4136,6,'2026-01-06 13:49:10','PRODUCTOS','admin_productos','127.0.0.1'),(4137,6,'2026-01-06 13:49:25','EDITAR_PRODUCTO','admin_editar_producto','127.0.0.1'),(4138,6,'2026-01-06 13:49:35','EDITAR_PRODUCTO','admin_editar_producto','127.0.0.1'),(4139,6,'2026-01-06 13:49:35','PRODUCTOS','admin_productos','127.0.0.1'),(4140,6,'2026-01-06 13:49:42','COMPRAS-ENTRADAS','admin_compras_entradas','127.0.0.1'),(4141,6,'2026-01-06 13:49:44','COMPRAS-ENTRADAS-CREAR','admin_crear_compra','127.0.0.1'),(4142,6,'2026-01-06 13:50:37','COMPRAS-ENTRADAS-CREAR','admin_crear_compra','127.0.0.1'),(4143,6,'2026-01-06 13:50:37','COMPRAS-ENTRADAS','admin_compras_entradas','127.0.0.1'),(4144,6,'2026-01-06 13:50:37','COMPRAS-ENTRADAS','admin_compras_entradas','127.0.0.1'),(4145,6,'2026-01-06 13:53:55','AUTH','LOGIN_EXITOSO','127.0.0.1'),(4146,6,'2026-01-06 13:53:57','VER_CAJA','admin_caja','127.0.0.1'),(4147,6,'2026-01-06 13:53:59','HISTORIAL_CAJA','admin_caja_historial','127.0.0.1'),(4148,6,'2026-01-06 13:54:04','VER_CAJA','admin_caja','127.0.0.1'),(4149,6,'2026-01-06 13:54:05','REPORTE_CAJA','admin_caja_reporte','127.0.0.1'),(4150,6,'2026-01-06 13:54:10','HISTORIAL_CAJA','admin_caja_historial','127.0.0.1'),(4151,6,'2026-01-06 13:54:13','VER_CAJA','admin_caja','127.0.0.1'),(4152,6,'2026-01-06 13:54:17','REPORTE_CAJA','admin_caja_reporte','127.0.0.1'),(4153,6,'2026-01-06 13:54:31','REPORTE_CAJA','admin_caja_reporte','127.0.0.1'),(4154,6,'2026-01-06 13:54:34','VER_CAJA','admin_caja','127.0.0.1'),(4155,6,'2026-01-06 13:54:38','HISTORIAL_CAJA','admin_caja_historial','127.0.0.1'),(4156,6,'2026-01-06 14:02:51','HISTORIAL_CAJA','admin_caja_historial','127.0.0.1'),(4157,6,'2026-01-06 14:02:51','VER_CAJA','admin_caja','127.0.0.1'),(4158,6,'2026-01-06 14:02:52','HISTORIAL_CAJA','admin_caja_historial','127.0.0.1'),(4159,6,'2026-01-06 14:02:52','VER_CAJA','admin_caja','127.0.0.1'),(4160,6,'2026-01-06 14:03:30','AUTH','LOGIN_EXITOSO','127.0.0.1'),(4161,6,'2026-01-06 14:03:31','VER_CAJA','admin_caja','127.0.0.1'),(4162,6,'2026-01-06 14:03:33','HISTORIAL_CAJA','admin_caja_historial','127.0.0.1'),(4163,6,'2026-01-06 14:03:33','VER_CAJA','admin_caja','127.0.0.1'),(4164,6,'2026-01-06 14:09:39','AUTH','LOGIN_EXITOSO','127.0.0.1'),(4165,6,'2026-01-06 14:09:39','AUTH','LOGIN_EXITOSO','127.0.0.1'),(4166,6,'2026-01-06 14:09:42','VER_CAJA','admin_caja','127.0.0.1'),(4167,6,'2026-01-06 14:09:43','HISTORIAL_CAJA','admin_caja_historial','127.0.0.1'),(4168,6,'2026-01-06 14:09:43','VER_CAJA','admin_caja','127.0.0.1'),(4169,6,'2026-01-06 14:13:43','VER_CAJA','admin_caja','127.0.0.1'),(4170,6,'2026-01-06 14:13:44','HISTORIAL_CAJA','admin_caja_historial','127.0.0.1'),(4171,6,'2026-01-06 14:13:44','VER_CAJA','admin_caja','127.0.0.1'),(4172,6,'2026-01-06 14:17:27','VER_CAJA','admin_caja','127.0.0.1'),(4173,6,'2026-01-06 14:17:28','HISTORIAL_CAJA','admin_caja_historial','127.0.0.1'),(4174,6,'2026-01-06 14:17:36','HISTORIAL_CAJA','admin_caja_historial','127.0.0.1'),(4175,6,'2026-01-06 14:18:16','HISTORIAL_CAJA','admin_caja_historial','127.0.0.1'),(4176,6,'2026-01-06 14:18:17','HISTORIAL_CAJA','admin_caja_historial','127.0.0.1'),(4177,6,'2026-01-06 14:18:20','HISTORIAL_CAJA','admin_caja_historial','127.0.0.1'),(4178,6,'2026-01-06 14:21:27','HISTORIAL_CAJA','admin_caja_historial','127.0.0.1'),(4179,6,'2026-01-06 14:24:50','HISTORIAL_CAJA','admin_caja_historial','127.0.0.1'),(4180,6,'2026-01-06 14:25:43','HISTORIAL_CAJA','admin_caja_historial','127.0.0.1'),(4181,6,'2026-01-06 14:26:08','VER_CAJA','admin_caja','127.0.0.1'),(4182,6,'2026-01-06 14:33:26','VER_CAJA','admin_caja','127.0.0.1'),(4183,6,'2026-01-06 14:34:00','AGREGAR_MOVIMIENTO','admin_caja_movimiento','127.0.0.1'),(4184,6,'2026-01-06 14:34:00','VER_CAJA','admin_caja','127.0.0.1'),(4185,6,'2026-01-06 14:34:13','VER_CAJA','admin_caja','127.0.0.1'),(4186,6,'2026-01-06 14:34:26','VENTAS-SALIDAS','admin_ventas_salidas','127.0.0.1'),(4187,6,'2026-01-06 14:34:27','VER_CAJA','admin_caja','127.0.0.1'),(4188,6,'2026-01-06 14:38:06','AGREGAR_MOVIMIENTO','admin_caja_movimiento','127.0.0.1'),(4189,6,'2026-01-06 14:38:06','VER_CAJA','admin_caja','127.0.0.1'),(4190,6,'2026-01-06 14:41:22','CUENTAS-POR-COBRAR','admin_cuentascobrar','127.0.0.1'),(4191,6,'2026-01-06 14:41:23','CUENTAS-POR-COBRAR','admin_cuentascobrar','127.0.0.1'),(4192,6,'2026-01-06 14:41:23','VENTAS-SALIDAS','admin_ventas_salidas','127.0.0.1'),(4193,6,'2026-01-06 14:41:25','CREAR_VENTA','admin_crear_venta','127.0.0.1'),(4194,6,'2026-01-06 14:41:34','CREAR_VENTA','admin_crear_venta','127.0.0.1'),(4195,6,'2026-01-06 14:41:38','VENTAS-SALIDAS','admin_ventas_salidas','127.0.0.1'),(4196,6,'2026-01-06 14:41:39','VER_CAJA','admin_caja','127.0.0.1'),(4197,6,'2026-01-06 14:42:31','HISTORIAL_CAJA','admin_caja_historial','127.0.0.1'),(4198,6,'2026-01-06 14:42:33','VER_CAJA','admin_caja','127.0.0.1'),(4199,6,'2026-01-06 14:42:34','REPORTE_CAJA','admin_caja_reporte','127.0.0.1'),(4200,6,'2026-01-06 14:42:36','VER_CAJA','admin_caja','127.0.0.1'),(4201,6,'2026-01-06 14:42:37','REPORTE_CAJA','admin_caja_reporte','127.0.0.1'),(4202,6,'2026-01-06 14:42:42','VER_CAJA','admin_caja','127.0.0.1'),(4203,6,'2026-01-06 14:42:43','HISTORIAL_CAJA','admin_caja_historial','127.0.0.1'),(4204,6,'2026-01-06 14:42:46','VER_CAJA','admin_caja','127.0.0.1'),(4205,6,'2026-01-06 14:42:47','REPORTE_CAJA','admin_caja_reporte','127.0.0.1'),(4206,6,'2026-01-06 14:42:49','REPORTE_CAJA','admin_caja_reporte','127.0.0.1'),(4207,6,'2026-01-06 14:42:58','VER_CAJA','admin_caja','127.0.0.1'),(4208,6,'2026-01-06 14:47:46','REPORTE_CAJA','admin_caja_reporte','127.0.0.1'),(4209,6,'2026-01-06 14:47:47','VER_CAJA','admin_caja','127.0.0.1'),(4210,6,'2026-01-06 14:47:48','HISTORIAL_CAJA','admin_caja_historial','127.0.0.1'),(4211,6,'2026-01-06 14:47:50','VER_CAJA','admin_caja','127.0.0.1'),(4212,6,'2026-01-07 08:08:41','AUTH','LOGIN_EXITOSO','127.0.0.1'),(4213,6,'2026-01-07 08:08:44','VER_CAJA','admin_caja','127.0.0.1'),(4214,6,'2026-01-07 08:08:51','APERTURAR_CAJA','admin_caja_aperturar','127.0.0.1'),(4215,6,'2026-01-07 08:08:51','VER_CAJA','admin_caja','127.0.0.1'),(4216,6,'2026-01-07 08:12:35','HISTORIAL_CAJA','admin_caja_historial','127.0.0.1'),(4217,6,'2026-01-07 08:12:45','VER_CAJA','admin_caja','127.0.0.1'),(4218,6,'2026-01-07 08:12:51','HISTORIAL_CAJA','admin_caja_historial','127.0.0.1'),(4219,6,'2026-01-07 08:13:06','VENTAS-SALIDAS','admin_ventas_salidas','127.0.0.1'),(4220,6,'2026-01-07 08:13:07','CREAR_VENTA','admin_crear_venta','127.0.0.1'),(4221,6,'2026-01-07 08:13:21','CREAR_VENTA','admin_crear_venta','127.0.0.1'),(4222,6,'2026-01-07 08:13:26','VENTAS-SALIDAS','admin_ventas_salidas','127.0.0.1'),(4223,6,'2026-01-07 08:13:29','VER_CAJA','admin_caja','127.0.0.1'),(4224,6,'2026-01-07 08:15:35','HISTORIAL_CAJA','admin_caja_historial','127.0.0.1'),(4225,6,'2026-01-07 08:17:39','CUENTAS-POR-COBRAR','admin_cuentascobrar','127.0.0.1'),(4226,6,'2026-01-07 08:17:40','REGISTRAR-PAGO-CXC','admin_registrar_pago','127.0.0.1'),(4227,6,'2026-01-07 08:18:08','REGISTRAR-PAGO-CXC','admin_registrar_pago','127.0.0.1'),(4228,6,'2026-01-07 08:18:08','DETALLE-CUENTA-COBRAR','admin_detalle_cuentacobrar','127.0.0.1'),(4229,6,'2026-01-07 08:18:28','DETALLE-CUENTA-COBRAR','admin_detalle_cuentacobrar','127.0.0.1'),(4230,6,'2026-01-07 08:18:31','CUENTAS-POR-COBRAR','admin_cuentascobrar','127.0.0.1'),(4231,6,'2026-01-07 08:18:37','VER_CAJA','admin_caja','127.0.0.1'),(4232,6,'2026-01-07 08:18:39','REPORTE_CAJA','admin_caja_reporte','127.0.0.1'),(4233,6,'2026-01-07 08:22:14','VER_CAJA','admin_caja','127.0.0.1'),(4234,6,'2026-01-07 08:48:53','AGREGAR_MOVIMIENTO','admin_caja_movimiento','127.0.0.1'),(4235,6,'2026-01-07 08:48:53','VER_CAJA','admin_caja','127.0.0.1'),(4236,6,'2026-01-07 08:49:13','AGREGAR_MOVIMIENTO','admin_caja_movimiento','127.0.0.1'),(4237,6,'2026-01-07 08:49:13','VER_CAJA','admin_caja','127.0.0.1'),(4238,6,'2026-01-07 08:50:16','AGREGAR_MOVIMIENTO','admin_caja_movimiento','127.0.0.1'),(4239,6,'2026-01-07 08:50:16','VER_CAJA','admin_caja','127.0.0.1'),(4240,6,'2026-01-07 09:00:07','AUTH','LOGIN_EXITOSO','127.0.0.1'),(4241,6,'2026-01-07 09:00:12','VER_CAJA','admin_caja','127.0.0.1'),(4242,6,'2026-01-07 09:00:37','AGREGAR_MOVIMIENTO','admin_caja_movimiento','127.0.0.1'),(4243,6,'2026-01-07 09:00:37','VER_CAJA','admin_caja','127.0.0.1'),(4244,6,'2026-01-07 09:12:16','VER_CAJA','admin_caja','127.0.0.1'),(4245,6,'2026-01-07 09:14:16','AGREGAR_MOVIMIENTO','admin_caja_movimiento','127.0.0.1'),(4246,6,'2026-01-07 09:14:16','VER_CAJA','admin_caja','127.0.0.1'),(4247,6,'2026-01-07 09:19:37','VER_CAJA','admin_caja','127.0.0.1'),(4248,6,'2026-01-07 09:19:37','VER_CAJA','admin_caja','127.0.0.1'),(4249,6,'2026-01-07 09:20:13','AUTH','LOGIN_EXITOSO','127.0.0.1'),(4250,6,'2026-01-07 09:20:25','VER_CAJA','admin_caja','127.0.0.1'),(4251,6,'2026-01-07 09:21:37','AGREGAR_MOVIMIENTO','admin_caja_movimiento','127.0.0.1'),(4252,6,'2026-01-07 09:21:37','VER_CAJA','admin_caja','127.0.0.1'),(4253,6,'2026-01-07 09:25:17','HISTORIAL_CAJA','admin_caja_historial','127.0.0.1'),(4254,6,'2026-01-07 09:25:28','REPORTE_CAJA','admin_caja_reporte','127.0.0.1'),(4255,6,'2026-01-07 09:27:33','VENTAS-SALIDAS','admin_ventas_salidas','127.0.0.1'),(4256,6,'2026-01-07 09:27:34','CREAR_VENTA','admin_crear_venta','127.0.0.1'),(4257,6,'2026-01-07 09:27:36','COMPRAS-ENTRADAS','admin_compras_entradas','127.0.0.1'),(4258,6,'2026-01-07 09:27:38','COMPRAS-ENTRADAS-CREAR','admin_crear_compra','127.0.0.1'),(4259,6,'2026-01-07 09:27:52','PRODUCTOS','admin_productos','127.0.0.1'),(4260,6,'2026-01-07 09:28:44','CREAR_PRODUCTO','admin_crear_producto','127.0.0.1'),(4261,6,'2026-01-07 09:28:44','PRODUCTOS','admin_productos','127.0.0.1'),(4262,6,'2026-01-07 09:28:49','EDITAR_PRODUCTO','admin_editar_producto','127.0.0.1'),(4263,6,'2026-01-07 09:28:54','EDITAR_PRODUCTO','admin_editar_producto','127.0.0.1'),(4264,6,'2026-01-07 09:28:54','PRODUCTOS','admin_productos','127.0.0.1'),(4265,6,'2026-01-07 09:34:43','VER_CAJA','admin_caja','127.0.0.1'),(4266,6,'2026-01-07 10:08:10','USUARIOS','admin_usuarios','127.0.0.1'),(4267,6,'2026-01-07 10:55:23','HISTORIAL-MOVIMIENTOS','admin_historial_movimientos','127.0.0.1'),(4268,6,'2026-01-07 11:00:58','HISTORIAL-MOVIMIENTOS','admin_historial_movimientos','127.0.0.1'),(4269,6,'2026-01-07 11:01:31','HISTORIAL-MOVIMIENTOS','admin_historial_movimientos','127.0.0.1'),(4270,6,'2026-01-07 11:27:57','AUTH','LOGIN_EXITOSO','127.0.0.1'),(4271,6,'2026-01-07 11:28:02','CATEGORIAS','admin_categorias','127.0.0.1'),(4272,6,'2026-01-07 11:38:43','AUTH','LOGIN_EXITOSO','127.0.0.1'),(4273,6,'2026-01-07 11:38:49','CATEGORIAS','admin_categorias','127.0.0.1'),(4274,6,'2026-01-07 11:46:15','AUTH','LOGIN_EXITOSO','127.0.0.1'),(4275,6,'2026-01-07 11:46:18','VER_CAJA','admin_caja','127.0.0.1'),(4276,6,'2026-01-07 11:46:21','CATEGORIAS','admin_categorias','127.0.0.1'),(4277,6,'2026-01-07 11:52:35','AUTH','LOGIN_EXITOSO','127.0.0.1'),(4278,6,'2026-01-07 11:52:39','CATEGORIAS','admin_categorias','127.0.0.1'),(4279,6,'2026-01-07 13:18:07','AUTH','LOGIN_EXITOSO','127.0.0.1'),(4280,6,'2026-01-07 13:18:13','VER_CAJA','admin_caja','127.0.0.1'),(4281,6,'2026-01-07 13:18:24','HISTORIAL_CAJA','admin_caja_historial','127.0.0.1'),(4282,6,'2026-01-07 13:18:28','VER_CAJA','admin_caja','127.0.0.1'),(4283,6,'2026-01-07 13:18:42','VENTAS-SALIDAS','admin_ventas_salidas','127.0.0.1'),(4284,6,'2026-01-07 13:38:37','VENTAS-SALIDAS','admin_ventas_salidas','127.0.0.1'),(4285,6,'2026-01-07 13:38:51','PRODUCTOS','admin_productos','127.0.0.1'),(4286,6,'2026-01-07 13:38:53','CREAR_VENTA','admin_crear_venta','127.0.0.1'),(4287,6,'2026-01-07 13:39:07','CREAR_VENTA','admin_crear_venta','127.0.0.1'),(4288,6,'2026-01-07 13:39:10','PRODUCTOS','admin_productos','127.0.0.1'),(4289,6,'2026-01-07 13:39:13','PRODUCTOS','admin_productos','127.0.0.1'),(4290,6,'2026-01-07 13:39:30','BODEGA','admin_bodega','127.0.0.1'),(4291,6,'2026-01-07 13:39:31','PRODUCTOS','admin_productos','127.0.0.1'),(4292,6,'2026-01-07 13:39:58','CREAR_VENTA','admin_crear_venta','127.0.0.1'),(4293,6,'2026-01-07 13:40:01','VENTAS-SALIDAS','admin_ventas_salidas','127.0.0.1'),(4294,6,'2026-01-07 13:40:06','DETALLES_VENTA','admin_detalles_venta','127.0.0.1'),(4295,6,'2026-01-07 13:40:32','VENTAS-SALIDAS','admin_ventas_salidas','127.0.0.1'),(4296,6,'2026-01-07 13:40:33','CREAR_VENTA','admin_crear_venta','127.0.0.1'),(4297,6,'2026-01-07 13:40:53','CREAR_VENTA','admin_crear_venta','127.0.0.1'),(4298,6,'2026-01-07 13:40:57','PRODUCTOS','admin_productos','127.0.0.1'),(4299,6,'2026-01-07 13:46:37','VENTAS-SALIDAS','admin_ventas_salidas','127.0.0.1'),(4300,6,'2026-01-07 13:46:39','PRODUCTOS','admin_productos','127.0.0.1'),(4301,6,'2026-01-07 13:54:39','VENTAS-SALIDAS','admin_ventas_salidas','127.0.0.1'),(4302,6,'2026-01-07 13:54:41','CREAR_VENTA','admin_crear_venta','127.0.0.1'),(4303,6,'2026-01-07 14:02:27','AUTH','LOGIN_EXITOSO','127.0.0.1'),(4304,6,'2026-01-07 14:02:46','AUTH','LOGOUT','127.0.0.1'),(4305,1,'2026-01-07 14:02:50','AUTH','LOGIN_EXITOSO','127.0.0.1'),(4306,1,'2026-01-07 14:03:00','PRODUCTOS','admin_productos','127.0.0.1'),(4307,1,'2026-01-07 14:03:04','VENTAS-SALIDAS','admin_ventas_salidas','127.0.0.1'),(4308,1,'2026-01-07 14:03:08','CREAR_VENTA','admin_crear_venta','127.0.0.1'),(4309,1,'2026-01-07 14:03:29','CREAR_VENTA','admin_crear_venta','127.0.0.1'),(4310,1,'2026-01-07 14:03:34','PRODUCTOS','admin_productos','127.0.0.1'),(4311,1,'2026-01-07 14:04:05','PRODUCTOS','admin_productos','127.0.0.1'),(4312,1,'2026-01-07 14:04:08','EDITAR_PRODUCTO','admin_editar_producto','127.0.0.1'),(4313,1,'2026-01-07 14:05:24','VENTAS-SALIDAS','admin_ventas_salidas','127.0.0.1'),(4314,1,'2026-01-07 14:08:23','PRODUCTOS','admin_productos','127.0.0.1'),(4315,1,'2026-01-07 14:08:27','CREAR_VENTA','admin_crear_venta','127.0.0.1'),(4316,1,'2026-01-07 14:08:44','CREAR_VENTA','admin_crear_venta','127.0.0.1'),(4317,1,'2026-01-07 14:08:47','VENTAS-SALIDAS','admin_ventas_salidas','127.0.0.1'),(4318,1,'2026-01-07 14:08:50','PRODUCTOS','admin_productos','127.0.0.1'),(4319,1,'2026-01-07 14:11:49','AUTH','LOGIN_EXITOSO','127.0.0.1'),(4320,1,'2026-01-07 14:11:59','VENTAS-SALIDAS','admin_ventas_salidas','127.0.0.1'),(4321,1,'2026-01-07 14:12:03','PRODUCTOS','admin_productos','127.0.0.1'),(4322,1,'2026-01-07 14:12:04','CREAR_VENTA','admin_crear_venta','127.0.0.1'),(4323,1,'2026-01-07 14:12:27','CREAR_VENTA','admin_crear_venta','127.0.0.1'),(4324,1,'2026-01-07 14:12:31','PRODUCTOS','admin_productos','127.0.0.1'),(4325,1,'2026-01-07 14:13:03','VENTAS-SALIDAS','admin_ventas_salidas','127.0.0.1'),(4326,1,'2026-01-07 14:13:04','CREAR_VENTA','admin_crear_venta','127.0.0.1'),(4327,1,'2026-01-07 14:13:28','CREAR_VENTA','admin_crear_venta','127.0.0.1'),(4328,1,'2026-01-07 14:13:41','PRODUCTOS','admin_productos','127.0.0.1'),(4329,1,'2026-01-07 14:14:25','VENTAS-SALIDAS','admin_ventas_salidas','127.0.0.1'),(4330,1,'2026-01-07 14:14:26','CREAR_VENTA','admin_crear_venta','127.0.0.1'),(4331,1,'2026-01-07 14:14:30','HISTORIAL-MOVIMIENTOS','admin_historial_movimientos','127.0.0.1'),(4332,1,'2026-01-07 14:14:37','HISTORIAL-MOVIMIENTOS','admin_historial_movimientos','127.0.0.1'),(4333,1,'2026-01-07 14:16:58','HISTORIAL-MOVIMIENTOS','admin_historial_movimientos','127.0.0.1'),(4334,1,'2026-01-07 14:18:48','VENTAS-SALIDAS','admin_ventas_salidas','127.0.0.1'),(4335,1,'2026-01-07 14:18:50','CREAR_VENTA','admin_crear_venta','127.0.0.1'),(4336,1,'2026-01-07 14:18:59','PRODUCTOS','admin_productos','127.0.0.1'),(4337,1,'2026-01-07 14:19:43','CREAR_PRODUCTO','admin_crear_producto','127.0.0.1'),(4338,1,'2026-01-07 14:19:43','PRODUCTOS','admin_productos','127.0.0.1'),(4339,1,'2026-01-07 14:21:15','VENTAS-SALIDAS','admin_ventas_salidas','127.0.0.1'),(4340,1,'2026-01-07 14:21:17','CREAR_VENTA','admin_crear_venta','127.0.0.1'),(4341,1,'2026-01-07 14:21:35','CREAR_VENTA','admin_crear_venta','127.0.0.1'),(4342,1,'2026-01-07 14:21:40','HISTORIAL-MOVIMIENTOS','admin_historial_movimientos','127.0.0.1'),(4343,1,'2026-01-07 14:23:33','VER_CAJA','admin_caja','127.0.0.1'),(4344,1,'2026-01-07 14:25:06','HISTORIAL_CAJA','admin_caja_historial','127.0.0.1'),(4345,1,'2026-01-07 14:28:45','AUTH','LOGIN_EXITOSO','127.0.0.1'),(4346,1,'2026-01-07 14:29:16','VER_CAJA','admin_caja','127.0.0.1'),(4347,1,'2026-01-07 14:29:56','VENTAS-SALIDAS','admin_ventas_salidas','127.0.0.1'),(4348,1,'2026-01-07 14:32:43','VER_CAJA','admin_caja','127.0.0.1'),(4349,1,'2026-01-07 14:33:15','HISTORIAL_CAJA','admin_caja_historial','127.0.0.1'),(4350,1,'2026-01-07 14:33:28','VER_CAJA','admin_caja','127.0.0.1'),(4351,1,'2026-01-07 14:33:42','REPORTE_CAJA','admin_caja_reporte','127.0.0.1'),(4352,1,'2026-01-07 14:35:55','HISTORIAL_CAJA','admin_caja_historial','127.0.0.1'),(4353,1,'2026-01-07 14:36:27','PRODUCTOS','admin_productos','127.0.0.1'),(4354,1,'2026-01-07 14:37:59','PRODUCTOS','admin_productos','127.0.0.1'),(4355,1,'2026-01-07 14:38:24','PRODUCTOS','admin_productos','127.0.0.1'),(4356,1,'2026-01-07 14:38:38','HISTORIAL_CAJA','admin_caja_historial','127.0.0.1'),(4357,1,'2026-01-07 14:39:34','PRODUCTOS','admin_productos','127.0.0.1'),(4358,1,'2026-01-07 14:46:06','PRODUCTOS','admin_productos','127.0.0.1'),(4359,1,'2026-01-07 14:56:26','HISTORIAL-MOVIMIENTOS','admin_historial_movimientos','127.0.0.1'),(4360,1,'2026-01-07 15:00:08','CUENTAS-POR-COBRAR','admin_cuentascobrar','127.0.0.1'),(4361,1,'2026-01-07 15:00:08','VENTAS-SALIDAS','admin_ventas_salidas','127.0.0.1'),(4362,1,'2026-01-07 15:01:27','HISTORIAL-MOVIMIENTOS','admin_historial_movimientos','127.0.0.1'),(4363,1,'2026-01-07 15:03:36','HISTORIAL-MOVIMIENTOS','admin_historial_movimientos','127.0.0.1'),(4364,1,'2026-01-07 15:06:00','VENTAS-SALIDAS','admin_ventas_salidas','127.0.0.1'),(4365,1,'2026-01-07 15:06:02','CREAR_VENTA','admin_crear_venta','127.0.0.1'),(4366,1,'2026-01-07 15:06:25','CREAR_VENTA','admin_crear_venta','127.0.0.1'),(4367,1,'2026-01-07 15:06:44','CREAR_VENTA','admin_crear_venta','127.0.0.1'),(4368,1,'2026-01-07 15:07:01','CREAR_VENTA','admin_crear_venta','127.0.0.1'),(4369,1,'2026-01-07 15:09:43','VENTAS-SALIDAS','admin_ventas_salidas','127.0.0.1'),(4370,1,'2026-01-07 15:13:28','DETALLES_VENTA','admin_detalles_venta','127.0.0.1'),(4371,1,'2026-01-07 15:13:28','VENTAS-SALIDAS','admin_ventas_salidas','127.0.0.1'),(4372,1,'2026-01-07 15:13:33','DETALLES_VENTA','admin_detalles_venta','127.0.0.1'),(4373,1,'2026-01-07 15:13:33','VENTAS-SALIDAS','admin_ventas_salidas','127.0.0.1'),(4374,1,'2026-01-07 15:16:19','VENTAS-SALIDAS','admin_ventas_salidas','127.0.0.1'),(4375,1,'2026-01-07 15:16:22','CREAR_VENTA','admin_crear_venta','127.0.0.1'),(4376,1,'2026-01-07 15:16:57','CREAR_VENTA','admin_crear_venta','127.0.0.1'),(4377,1,'2026-01-07 15:23:04','VENTAS-SALIDAS','admin_ventas_salidas','127.0.0.1'),(4378,1,'2026-01-07 15:23:05','DETALLES_VENTA','admin_detalles_venta','127.0.0.1'),(4379,1,'2026-01-07 15:23:05','VENTAS-SALIDAS','admin_ventas_salidas','127.0.0.1'),(4380,1,'2026-01-07 15:31:17','VENTAS-SALIDAS','admin_ventas_salidas','127.0.0.1'),(4381,1,'2026-01-07 15:31:19','HISTORIAL-MOVIMIENTOS','admin_historial_movimientos','127.0.0.1'),(4382,1,'2026-01-07 15:33:17','HISTORIAL-MOVIMIENTOS','admin_historial_movimientos','127.0.0.1'),(4383,1,'2026-01-07 15:35:30','AUTH','LOGIN_EXITOSO','127.0.0.1'),(4384,1,'2026-01-07 15:35:32','VENTAS-SALIDAS','admin_ventas_salidas','127.0.0.1'),(4385,1,'2026-01-07 15:35:34','DETALLES_VENTA','admin_detalles_venta','127.0.0.1'),(4386,1,'2026-01-07 15:35:34','VENTAS-SALIDAS','admin_ventas_salidas','127.0.0.1'),(4387,1,'2026-01-07 15:35:48','VENTAS-SALIDAS','admin_ventas_salidas','127.0.0.1'),(4388,1,'2026-01-07 15:35:54','CREAR_VENTA','admin_crear_venta','127.0.0.1'),(4389,1,'2026-01-07 15:37:00','CREAR_VENTA','admin_crear_venta','127.0.0.1'),(4390,1,'2026-01-07 15:45:30','VENTAS-SALIDAS','admin_ventas_salidas','127.0.0.1'),(4391,1,'2026-01-07 15:45:32','CREAR_VENTA','admin_crear_venta','127.0.0.1'),(4392,1,'2026-01-07 15:46:12','CREAR_VENTA','admin_crear_venta','127.0.0.1'),(4393,1,'2026-01-07 15:49:27','AUTH','LOGIN_EXITOSO','127.0.0.1'),(4394,1,'2026-01-07 15:49:30','VENTAS-SALIDAS','admin_ventas_salidas','127.0.0.1'),(4395,1,'2026-01-07 15:49:31','CREAR_VENTA','admin_crear_venta','127.0.0.1'),(4396,1,'2026-01-07 15:50:27','CREAR_VENTA','admin_crear_venta','127.0.0.1'),(4397,1,'2026-01-07 15:50:52','VENTAS-SALIDAS','admin_ventas_salidas','127.0.0.1'),(4398,1,'2026-01-07 15:50:58','ANULAR_VENTA','admin_anular_venta','127.0.0.1'),(4399,1,'2026-01-07 15:51:16','ANULAR_VENTA','admin_anular_venta','127.0.0.1'),(4400,1,'2026-01-07 15:51:16','VENTAS-SALIDAS','admin_ventas_salidas','127.0.0.1'),(4401,1,'2026-01-07 15:51:19','VER_CAJA','admin_caja','127.0.0.1'),(4402,1,'2026-01-07 15:51:34','VENTAS-SALIDAS','admin_ventas_salidas','127.0.0.1'),(4403,1,'2026-01-07 15:51:38','VER_CAJA','admin_caja','127.0.0.1'),(4404,1,'2026-01-07 16:14:04','VENTAS-SALIDAS','admin_ventas_salidas','127.0.0.1'),(4405,1,'2026-01-07 16:14:10','CREAR_VENTA','admin_crear_venta','127.0.0.1'),(4406,1,'2026-01-07 16:14:59','CREAR_VENTA','admin_crear_venta','127.0.0.1'),(4407,1,'2026-01-07 16:15:03','VENTAS-SALIDAS','admin_ventas_salidas','127.0.0.1'),(4408,1,'2026-01-07 16:15:08','VER_CAJA','admin_caja','127.0.0.1'),(4409,1,'2026-01-07 16:15:15','ANULAR_VENTA','admin_anular_venta','127.0.0.1'),(4410,1,'2026-01-07 16:15:30','ANULAR_VENTA','admin_anular_venta','127.0.0.1'),(4411,1,'2026-01-07 16:15:30','VENTAS-SALIDAS','admin_ventas_salidas','127.0.0.1'),(4412,1,'2026-01-07 16:15:32','VER_CAJA','admin_caja','127.0.0.1'),(4413,1,'2026-01-07 16:16:30','HISTORIAL_CAJA','admin_caja_historial','127.0.0.1'),(4414,1,'2026-01-07 16:17:01','VER_CAJA','admin_caja','127.0.0.1'),(4415,1,'2026-01-07 16:17:03','HISTORIAL_CAJA','admin_caja_historial','127.0.0.1'),(4416,1,'2026-01-08 08:43:49','AUTH','LOGIN_EXITOSO','127.0.0.1'),(4417,1,'2026-01-08 08:45:20','VER_CAJA','admin_caja','127.0.0.1'),(4418,1,'2026-01-08 08:46:29','VER_CAJA','admin_caja','127.0.0.1'),(4419,1,'2026-01-08 08:46:35','HISTORIAL_CAJA','admin_caja_historial','127.0.0.1'),(4420,1,'2026-01-08 08:46:38','HISTORIAL_CAJA','admin_caja_historial','127.0.0.1'),(4421,1,'2026-01-08 08:46:40','VER_CAJA','admin_caja','127.0.0.1'),(4422,1,'2026-01-08 08:46:41','REPORTE_CAJA','admin_caja_reporte','127.0.0.1'),(4423,1,'2026-01-08 08:46:44','HISTORIAL_CAJA','admin_caja_historial','127.0.0.1'),(4424,1,'2026-01-08 08:46:57','VER_CAJA','admin_caja','127.0.0.1'),(4425,1,'2026-01-08 08:48:00','APERTURAR_CAJA','admin_caja_aperturar','127.0.0.1'),(4426,1,'2026-01-08 08:48:00','VER_CAJA','admin_caja','127.0.0.1'),(4427,1,'2026-01-08 08:48:31','APERTURAR_CAJA','admin_caja_aperturar','127.0.0.1'),(4428,1,'2026-01-08 08:48:31','VER_CAJA','admin_caja','127.0.0.1'),(4429,1,'2026-01-08 08:51:04','VENTAS-SALIDAS','admin_ventas_salidas','127.0.0.1'),(4430,1,'2026-01-08 08:51:06','CREAR_VENTA','admin_crear_venta','127.0.0.1'),(4431,1,'2026-01-08 08:51:24','VER_CAJA','admin_caja','127.0.0.1'),(4432,1,'2026-01-08 08:51:26','HISTORIAL_CAJA','admin_caja_historial','127.0.0.1'),(4433,1,'2026-01-08 08:51:29','VER_CAJA','admin_caja','127.0.0.1'),(4434,1,'2026-01-08 08:51:31','REPORTE_CAJA','admin_caja_reporte','127.0.0.1'),(4435,1,'2026-01-08 08:51:33','VER_CAJA','admin_caja','127.0.0.1'),(4436,1,'2026-01-08 08:51:36','CUENTAS-POR-COBRAR','admin_cuentascobrar','127.0.0.1'),(4437,1,'2026-01-08 08:51:38','CUENTAS-POR-COBRAR','admin_cuentascobrar','127.0.0.1'),(4438,1,'2026-01-08 08:51:40','VENTAS-SALIDAS','admin_ventas_salidas','127.0.0.1'),(4439,1,'2026-01-08 09:04:00','AUTH','LOGIN_EXITOSO','127.0.0.1'),(4440,1,'2026-01-08 09:04:07','VENTAS-SALIDAS','admin_ventas_salidas','127.0.0.1'),(4441,1,'2026-01-08 09:04:08','CREAR_VENTA','admin_crear_venta','127.0.0.1'),(4442,1,'2026-01-08 09:04:30','CREAR_VENTA','admin_crear_venta','127.0.0.1'),(4443,1,'2026-01-08 09:04:34','VENTAS-SALIDAS','admin_ventas_salidas','127.0.0.1'),(4444,1,'2026-01-08 09:04:42','VER_CAJA','admin_caja','127.0.0.1'),(4445,1,'2026-01-08 09:04:51','VENTAS-SALIDAS','admin_ventas_salidas','127.0.0.1'),(4446,1,'2026-01-08 09:04:53','ANULAR_VENTA','admin_anular_venta','127.0.0.1'),(4447,1,'2026-01-08 09:05:07','ANULAR_VENTA','admin_anular_venta','127.0.0.1'),(4448,1,'2026-01-08 09:05:07','VENTAS-SALIDAS','admin_ventas_salidas','127.0.0.1'),(4449,1,'2026-01-08 09:05:09','VER_CAJA','admin_caja','127.0.0.1'),(4450,1,'2026-01-08 09:12:15','VENTAS-SALIDAS','admin_ventas_salidas','127.0.0.1'),(4451,1,'2026-01-08 09:19:13','AUTH','LOGIN_EXITOSO','127.0.0.1'),(4452,1,'2026-01-08 09:19:16','VENTAS-SALIDAS','admin_ventas_salidas','127.0.0.1'),(4453,1,'2026-01-08 09:19:17','CREAR_VENTA','admin_crear_venta','127.0.0.1'),(4454,1,'2026-01-08 09:19:35','CREAR_VENTA','admin_crear_venta','127.0.0.1'),(4455,1,'2026-01-08 09:19:42','VENTAS-SALIDAS','admin_ventas_salidas','127.0.0.1'),(4456,1,'2026-01-08 09:19:51','DETALLES_VENTA','admin_detalles_venta','127.0.0.1'),(4457,1,'2026-01-08 09:20:45','VER_CAJA','admin_caja','127.0.0.1'),(4458,1,'2026-01-08 09:20:53','VENTAS-SALIDAS','admin_ventas_salidas','127.0.0.1'),(4459,1,'2026-01-08 09:20:54','ANULAR_VENTA','admin_anular_venta','127.0.0.1'),(4460,1,'2026-01-08 09:21:00','ANULAR_VENTA','admin_anular_venta','127.0.0.1'),(4461,1,'2026-01-08 09:21:00','VENTAS-SALIDAS','admin_ventas_salidas','127.0.0.1'),(4462,1,'2026-01-08 09:21:10','VER_CAJA','admin_caja','127.0.0.1'),(4463,1,'2026-01-08 09:22:07','VER_CAJA','admin_caja','127.0.0.1'),(4464,1,'2026-01-08 09:24:12','VER_CAJA','admin_caja','127.0.0.1'),(4465,1,'2026-01-08 09:28:15','AUTH','LOGIN_EXITOSO','127.0.0.1'),(4466,1,'2026-01-08 09:28:55','HISTORIAL-MOVIMIENTOS','admin_historial_movimientos','127.0.0.1'),(4467,1,'2026-01-08 09:28:59','HISTORIAL-MOVIMIENTOS','admin_historial_movimientos','127.0.0.1'),(4468,1,'2026-01-08 09:29:01','HISTORIAL-MOVIMIENTOS','admin_historial_movimientos','127.0.0.1'),(4469,1,'2026-01-08 09:29:03','HISTORIAL-MOVIMIENTOS','admin_historial_movimientos','127.0.0.1'),(4470,1,'2026-01-08 09:29:12','HISTORIAL-MOVIMIENTOS','admin_historial_movimientos','127.0.0.1'),(4471,1,'2026-01-08 09:29:16','HISTORIAL-MOVIMIENTOS','admin_historial_movimientos','127.0.0.1'),(4472,1,'2026-01-08 09:29:29','VENTAS-SALIDAS','admin_ventas_salidas','127.0.0.1'),(4473,1,'2026-01-08 09:51:26','AUTH','LOGIN_EXITOSO','127.0.0.1'),(4474,1,'2026-01-08 09:51:30','VENTAS-SALIDAS','admin_ventas_salidas','127.0.0.1'),(4475,1,'2026-01-08 09:52:00','VENTAS-SALIDAS','admin_ventas_salidas','127.0.0.1'),(4476,1,'2026-01-08 09:52:20','VENTAS-SALIDAS','admin_ventas_salidas','127.0.0.1'),(4477,1,'2026-01-08 09:52:44','VENTAS-SALIDAS','admin_ventas_salidas','127.0.0.1'),(4478,1,'2026-01-08 09:52:49','VENTAS-SALIDAS','admin_ventas_salidas','127.0.0.1'),(4479,1,'2026-01-08 09:53:21','VENTAS-SALIDAS','admin_ventas_salidas','127.0.0.1'),(4480,1,'2026-01-08 09:53:38','VENTAS-SALIDAS','admin_ventas_salidas','127.0.0.1'),(4481,1,'2026-01-08 09:53:43','VENTAS-SALIDAS','admin_ventas_salidas','127.0.0.1'),(4482,1,'2026-01-08 09:54:03','VENTAS-SALIDAS','admin_ventas_salidas','127.0.0.1'),(4483,1,'2026-01-08 09:54:09','VENTAS-SALIDAS','admin_ventas_salidas','127.0.0.1'),(4484,1,'2026-01-08 09:55:19','VENTAS-SALIDAS','admin_ventas_salidas','127.0.0.1'),(4485,1,'2026-01-08 09:55:26','VENTAS-SALIDAS','admin_ventas_salidas','127.0.0.1'),(4486,1,'2026-01-08 09:55:33','VENTAS-SALIDAS','admin_ventas_salidas','127.0.0.1'),(4487,1,'2026-01-08 09:55:37','VENTAS-SALIDAS','admin_ventas_salidas','127.0.0.1'),(4488,1,'2026-01-08 09:55:42','VENTAS-SALIDAS','admin_ventas_salidas','127.0.0.1'),(4489,1,'2026-01-08 09:55:56','VENTAS-SALIDAS','admin_ventas_salidas','127.0.0.1'),(4490,1,'2026-01-08 09:56:13','VENTAS-SALIDAS','admin_ventas_salidas','127.0.0.1'),(4491,1,'2026-01-08 09:57:04','AUTH','LOGIN_EXITOSO','127.0.0.1'),(4492,1,'2026-01-08 09:57:07','VENTAS-SALIDAS','admin_ventas_salidas','127.0.0.1'),(4493,1,'2026-01-08 10:04:06','VER_CAJA','admin_caja','127.0.0.1'),(4494,1,'2026-01-08 10:04:07','HISTORIAL_CAJA','admin_caja_historial','127.0.0.1'),(4495,1,'2026-01-08 10:04:18','HISTORIAL_CAJA','admin_caja_historial','127.0.0.1'),(4496,1,'2026-01-08 10:04:25','VENTAS-SALIDAS','admin_ventas_salidas','127.0.0.1'),(4497,1,'2026-01-08 10:06:55','COMPRAS-ENTRADAS','admin_compras_entradas','127.0.0.1'),(4498,1,'2026-01-08 10:07:05','COMPRAS-ENTRADAS-CREAR','admin_crear_compra','127.0.0.1'),(4499,1,'2026-01-08 10:07:44','COMPRAS-ENTRADAS-CREAR','admin_crear_compra','127.0.0.1'),(4500,1,'2026-01-08 10:07:44','COMPRAS-ENTRADAS','admin_compras_entradas','127.0.0.1'),(4501,1,'2026-01-08 10:07:44','COMPRAS-ENTRADAS','admin_compras_entradas','127.0.0.1'),(4502,1,'2026-01-08 10:07:51','COMPRAS-ENTRADAS-CREAR','admin_crear_compra','127.0.0.1'),(4503,1,'2026-01-08 11:21:59','AUTH','LOGIN_EXITOSO','127.0.0.1'),(4504,1,'2026-01-08 11:22:02','CUENTAS-POR-COBRAR','admin_cuentascobrar','127.0.0.1'),(4505,1,'2026-01-08 11:22:02','VENTAS-SALIDAS','admin_ventas_salidas','127.0.0.1'),(4506,1,'2026-01-08 11:23:16','AUTH','LOGIN_EXITOSO','127.0.0.1'),(4507,1,'2026-01-08 11:23:17','VENTAS-SALIDAS','admin_ventas_salidas','127.0.0.1'),(4508,1,'2026-01-08 11:23:52','VENTAS-SALIDAS','admin_ventas_salidas','127.0.0.1'),(4509,1,'2026-01-08 11:24:40','VENTAS-SALIDAS','admin_ventas_salidas','127.0.0.1'),(4510,1,'2026-01-08 11:24:42','VENTAS-SALIDAS','admin_ventas_salidas','127.0.0.1'),(4511,1,'2026-01-08 11:24:42','VENTAS-SALIDAS','admin_ventas_salidas','127.0.0.1'),(4512,1,'2026-01-08 11:24:42','VENTAS-SALIDAS','admin_ventas_salidas','127.0.0.1'),(4513,1,'2026-01-08 11:25:04','VENTAS-SALIDAS','admin_ventas_salidas','127.0.0.1'),(4514,1,'2026-01-08 11:25:28','COMPRAS-ENTRADAS','admin_compras_entradas','127.0.0.1'),(4515,1,'2026-01-08 11:26:10','AUTH','LOGIN_EXITOSO','127.0.0.1'),(4516,1,'2026-01-08 11:26:14','VER_CAJA','admin_caja','127.0.0.1'),(4517,1,'2026-01-08 11:26:17','VENTAS-SALIDAS','admin_ventas_salidas','127.0.0.1'),(4518,1,'2026-01-08 11:26:20','COMPRAS-ENTRADAS','admin_compras_entradas','127.0.0.1'),(4519,1,'2026-01-08 11:26:24','COMPRAS-ENTRADAS','admin_compras_entradas','127.0.0.1'),(4520,1,'2026-01-08 11:26:28','VENTAS-SALIDAS','admin_ventas_salidas','127.0.0.1'),(4521,1,'2026-01-09 09:08:40','AUTH','LOGIN_EXITOSO','127.0.0.1'),(4522,1,'2026-01-09 09:08:48','VENTAS-SALIDAS','admin_ventas_salidas','127.0.0.1'),(4523,1,'2026-01-09 10:00:28','AUTH','LOGIN_EXITOSO','127.0.0.1'),(4524,1,'2026-01-09 10:00:30','VENTAS-SALIDAS','admin_ventas_salidas','127.0.0.1'),(4525,1,'2026-01-09 10:07:09','VENTAS-SALIDAS','admin_ventas_salidas','127.0.0.1'),(4526,1,'2026-01-09 10:07:12','COMPRAS-ENTRADAS','admin_compras_entradas','127.0.0.1'),(4527,1,'2026-01-09 10:07:13','COMPRAS-ENTRADAS-CREAR','admin_crear_compra','127.0.0.1'),(4528,1,'2026-01-09 10:07:36','COMPRAS-ENTRADAS-CREAR','admin_crear_compra','127.0.0.1'),(4529,1,'2026-01-09 10:07:36','COMPRAS-ENTRADAS','admin_compras_entradas','127.0.0.1'),(4530,1,'2026-01-09 10:07:36','COMPRAS-ENTRADAS','admin_compras_entradas','127.0.0.1'),(4531,1,'2026-01-09 13:26:02','AUTH','LOGIN_EXITOSO','127.0.0.1'),(4532,1,'2026-01-09 13:26:05','VENTAS-SALIDAS','admin_ventas_salidas','127.0.0.1'),(4533,1,'2026-01-09 13:26:34','CREAR_VENTA','admin_crear_venta','127.0.0.1'),(4534,1,'2026-01-09 13:26:51','CREAR_VENTA','admin_crear_venta','127.0.0.1'),(4535,1,'2026-01-09 13:27:00','VER_CAJA','admin_caja','127.0.0.1'),(4536,1,'2026-01-09 13:27:13','APERTURAR_CAJA','admin_caja_aperturar','127.0.0.1'),(4537,1,'2026-01-09 13:27:13','VER_CAJA','admin_caja','127.0.0.1'),(4538,1,'2026-01-09 13:27:18','APERTURAR_CAJA','admin_caja_aperturar','127.0.0.1'),(4539,1,'2026-01-09 13:27:18','VER_CAJA','admin_caja','127.0.0.1'),(4540,1,'2026-01-09 13:28:40','AGREGAR_MOVIMIENTO','admin_caja_movimiento','127.0.0.1'),(4541,1,'2026-01-09 13:28:40','VER_CAJA','admin_caja','127.0.0.1'),(4542,1,'2026-01-09 13:31:36','VENTAS-SALIDAS','admin_ventas_salidas','127.0.0.1'),(4543,1,'2026-01-09 13:31:38','VENTAS-SALIDAS','admin_ventas_salidas','127.0.0.1'),(4544,1,'2026-01-09 13:31:45','VENTAS-SALIDAS','admin_ventas_salidas','127.0.0.1'),(4545,1,'2026-01-09 13:33:22','VENTAS-SALIDAS','admin_ventas_salidas','127.0.0.1'),(4546,1,'2026-01-09 13:33:24','VENTAS-SALIDAS','admin_ventas_salidas','127.0.0.1'),(4547,1,'2026-01-09 13:35:01','VENTAS-SALIDAS','admin_ventas_salidas','127.0.0.1'),(4548,1,'2026-01-09 13:35:06','CREAR_VENTA','admin_crear_venta','127.0.0.1');
/*!40000 ALTER TABLE `bitacora` ENABLE KEYS */;
UNLOCK TABLES;

--
-- Table structure for table `bodegas`
--

DROP TABLE IF EXISTS `bodegas`;
/*!40101 SET @saved_cs_client     = @@character_set_client */;
/*!50503 SET character_set_client = utf8mb4 */;
CREATE TABLE `bodegas` (
  `ID_Bodega` int NOT NULL AUTO_INCREMENT,
  `Nombre` varchar(255) NOT NULL,
  `Ubicacion` varchar(255) DEFAULT NULL,
  `Estado` enum('activa','inactiva') DEFAULT 'activa',
  `ID_Empresa` int NOT NULL,
  `Fecha_Creacion` timestamp NULL DEFAULT CURRENT_TIMESTAMP,
  PRIMARY KEY (`ID_Bodega`),
  KEY `ID_Empresa` (`ID_Empresa`),
  CONSTRAINT `bodegas_ibfk_1` FOREIGN KEY (`ID_Empresa`) REFERENCES `empresa` (`ID_Empresa`)
) ENGINE=InnoDB AUTO_INCREMENT=3 DEFAULT CHARSET=utf8mb4 COLLATE=utf8mb4_0900_ai_ci;
/*!40101 SET character_set_client = @saved_cs_client */;

--
-- Dumping data for table `bodegas`
--

LOCK TABLES `bodegas` WRITE;
/*!40000 ALTER TABLE `bodegas` DISABLE KEYS */;
INSERT INTO `bodegas` VALUES (1,'Bodega Central Huevos','Diriomo, Granada','activa',1,'2025-11-10 15:31:51'),(2,'Bodega Alimentos','Diriomo, Granada','inactiva',1,'2025-11-25 00:06:06');
/*!40000 ALTER TABLE `bodegas` ENABLE KEYS */;
UNLOCK TABLES;

--
-- Table structure for table `caja_movimientos`
--

DROP TABLE IF EXISTS `caja_movimientos`;
/*!40101 SET @saved_cs_client     = @@character_set_client */;
/*!50503 SET character_set_client = utf8mb4 */;
CREATE TABLE `caja_movimientos` (
  `ID_Movimiento` int NOT NULL AUTO_INCREMENT,
  `Fecha` datetime DEFAULT CURRENT_TIMESTAMP,
  `Tipo_Movimiento` enum('ENTRADA','SALIDA') NOT NULL,
  `Descripcion` varchar(500) NOT NULL,
  `Monto` decimal(15,2) NOT NULL,
  `ID_Factura` int DEFAULT NULL,
  `ID_Pagos_cxc` int DEFAULT NULL,
  `ID_Usuario` int DEFAULT NULL,
  `Referencia_Documento` varchar(100) DEFAULT NULL,
  `Es_Ajuste` tinyint(1) DEFAULT '0',
  `Movimiento_Origen` int DEFAULT NULL,
  `Comentario_Ajuste` varchar(500) DEFAULT NULL,
  `Estado` enum('ACTIVO','ANULADO') DEFAULT 'ACTIVO',
  `Fecha_Anulacion` datetime DEFAULT NULL,
  `ID_Usuario_Anula` int DEFAULT NULL,
  PRIMARY KEY (`ID_Movimiento`),
  KEY `idx_es_ajuste` (`Es_Ajuste`),
  KEY `idx_movimiento_origen` (`Movimiento_Origen`),
  KEY `idx_estado_fecha` (`Estado`,`Fecha`),
  KEY `idx_fecha_estado_tipo` (`Fecha`,`Estado`,`Tipo_Movimiento`),
  CONSTRAINT `caja_movimientos_chk_1` CHECK ((`Monto` >= 0))
) ENGINE=InnoDB AUTO_INCREMENT=94 DEFAULT CHARSET=utf8mb4 COLLATE=utf8mb4_0900_ai_ci;
/*!40101 SET character_set_client = @saved_cs_client */;

--
-- Dumping data for table `caja_movimientos`
--

LOCK TABLES `caja_movimientos` WRITE;
/*!40000 ALTER TABLE `caja_movimientos` DISABLE KEYS */;
INSERT INTO `caja_movimientos` VALUES (1,'2025-12-27 14:26:26','ENTRADA','Venta al contado - Factura #88 - Cliente: Jonathan',16000.00,88,NULL,6,'FAC-00088',0,NULL,NULL,'ACTIVO',NULL,NULL),(2,'2025-12-27 14:36:24','ENTRADA','Pago CxC - Josue Delgado - Documento: FAC-00078 - N/A',1900.00,NULL,6,6,'PAGO-CXC-00006',0,NULL,NULL,'ACTIVO',NULL,NULL),(3,'2025-12-27 14:49:55','ENTRADA','Pago CxC - Leonardo - Documento: FAC-00052 - N/A',11000.50,NULL,7,6,'PAGO-CXC-00007',0,NULL,NULL,'ACTIVO',NULL,NULL),(4,'2025-12-27 14:56:56','ENTRADA','Pago CxC - Leonardo - Documento: FAC-00059 - n/a',800.00,NULL,8,6,'PAGO-CXC-00008',0,NULL,NULL,'ACTIVO',NULL,NULL),(5,'2025-12-27 14:57:58','ENTRADA','Pago CxC - Leonardo - Documento: FAC-00059 - N//A',800.00,NULL,9,6,'PAGO-CXC-00009',0,NULL,NULL,'ACTIVO',NULL,NULL),(6,'2025-12-27 15:19:04','ENTRADA','Pago CxC - Fared - Documento: FAC-000008 - N/A',140.00,NULL,10,6,'PAGO-CXC-00010',0,NULL,NULL,'ACTIVO',NULL,NULL),(7,'2025-12-27 15:22:20','ENTRADA','Venta al contado - Factura #89 - Cliente: Fared',14000.00,89,NULL,6,'FAC-00089',0,NULL,NULL,'ACTIVO',NULL,NULL),(8,'2025-12-27 15:37:49','ENTRADA','Pago CxC - Fared - Documento: FAC-00057 - n/a',1000.00,NULL,11,6,'PAGO-CXC-00011',0,NULL,NULL,'ACTIVO',NULL,NULL),(9,'2025-12-27 15:40:41','ENTRADA','Pago CxC - Fared - Documento: FAC-00057 - n/a',60.00,NULL,12,6,'PAGO-CXC-00012',0,NULL,NULL,'ACTIVO',NULL,NULL),(10,'2025-12-27 15:41:33','ENTRADA','Pago CxC - Fared - Documento: FAC-00057 - adasdasd',300.00,NULL,13,6,'PAGO-CXC-00013',0,NULL,NULL,'ACTIVO',NULL,NULL),(11,'2025-12-29 13:46:59','ENTRADA','Pago CxC - Fared - Documento: FAC-00056 - nada',7000.00,NULL,14,6,'PAGO-CXC-00014',0,NULL,NULL,'ACTIVO',NULL,NULL),(12,'2025-12-30 11:05:05','ENTRADA','Venta al contado - Factura #90 - Cliente: Jahir',19500.00,90,NULL,6,'FAC-00090',0,NULL,NULL,'ACTIVO',NULL,NULL),(13,'2025-12-30 11:09:06','ENTRADA','Pago CxC - Fared - Documento: FAC-00016 - n/a',3240.00,NULL,15,6,'PAGO-CXC-00015',0,NULL,NULL,'ACTIVO',NULL,NULL),(14,'2025-12-30 11:25:23','ENTRADA','Venta al contado - Factura #91 - Cliente: Fared',7450.00,91,NULL,6,'FAC-00091',0,NULL,NULL,'ACTIVO',NULL,NULL),(15,'2025-12-30 11:53:31','ENTRADA','Venta al contado - Factura #92 - Cliente: Fared',1950.00,92,NULL,1,'FAC-00092',0,NULL,NULL,'ACTIVO',NULL,NULL),(16,'2025-12-30 11:54:43','ENTRADA','Venta al contado - Factura #93 - Cliente: Jonathan',30400.00,93,NULL,1,'FAC-00093',0,NULL,NULL,'ACTIVO',NULL,NULL),(17,'2025-12-30 14:03:43','ENTRADA','Apertura de caja',0.01,NULL,NULL,NULL,'APERTURA',0,NULL,NULL,'ACTIVO',NULL,NULL),(18,'2025-12-30 14:10:34','SALIDA','Pago Pelon',1500.00,NULL,NULL,NULL,'Sueldo',0,NULL,NULL,'ACTIVO',NULL,NULL),(19,'2025-12-30 15:14:06','ENTRADA','Venta al contado - Factura #94 - Cliente: Clientes Varios',16500.00,94,NULL,6,'FAC-00094',0,NULL,NULL,'ACTIVO',NULL,NULL),(20,'2025-12-30 15:30:18','SALIDA','compra de bujia',500.00,NULL,NULL,NULL,'Repuestos',0,NULL,NULL,'ACTIVO',NULL,NULL),(21,'2025-12-30 19:12:13','SALIDA','Cierre de caja -  - Diferencia: $+7000.00',77040.01,NULL,NULL,NULL,'CIERRE',0,NULL,NULL,'ACTIVO',NULL,NULL),(22,'2026-01-02 18:06:10','ENTRADA','Apertura de caja - Saldo Inicial',10000.00,NULL,NULL,NULL,'APERTURA',0,NULL,NULL,'ACTIVO',NULL,NULL),(23,'2026-01-02 18:07:09','ENTRADA','Venta al contado - Factura #95 - Cliente: Fared',19500.00,95,NULL,1,'FAC-00095',0,NULL,NULL,'ACTIVO',NULL,NULL),(24,'2026-01-02 18:13:01','SALIDA','CANCELACIÓN TOTAL: Venta al contado - Factura #95 - Cliente: Fared',19500.00,95,NULL,NULL,'CANC_TOTAL_FAC-00095',1,23,'CANCELACIÓN COMPLETA - si comprendo','ACTIVO',NULL,NULL),(25,'2026-01-05 12:57:37','ENTRADA','Apertura de caja',100.00,NULL,NULL,1,'APERTURA',0,NULL,NULL,'ACTIVO',NULL,NULL),(26,'2026-01-05 15:41:00','ENTRADA','Venta al contado - Factura #96 - Cliente: Clientes Varios',11700.00,96,NULL,1,'FAC-00096',0,NULL,NULL,'ACTIVO',NULL,NULL),(27,'2026-01-05 15:41:43','ENTRADA','Pago CxC - Fared - Documento: FAC-00057 - dasdasd',400.00,NULL,16,1,'PAGO-CXC-00016',0,NULL,NULL,'ACTIVO',NULL,NULL),(28,'2026-01-05 15:45:59','SALIDA','Pago a Pelon',150.00,NULL,NULL,1,'PAGO SUELDO',0,NULL,'mal ingreso','ANULADO','2026-01-05 15:52:05',1),(29,'2026-01-05 15:52:05','ENTRADA','AJUSTE: Pago a Pelon',150.00,NULL,NULL,1,'AJUSTE',1,28,'Anulación del movimiento #28. Motivo: mal ingreso','ACTIVO',NULL,NULL),(30,'2026-01-05 15:52:55','SALIDA','Pago a Pelon',200.00,NULL,NULL,1,'PAGO SUELDO',0,NULL,NULL,'ACTIVO',NULL,NULL),(31,'2026-01-05 16:39:29','ENTRADA','Venta al contado - Factura #97 - Cliente: Clientes Varios',1950.00,97,NULL,1,'FAC-00097',0,NULL,NULL,'ACTIVO',NULL,NULL),(32,'2026-01-05 16:39:54','SALIDA','REVERSIÓN VENTA #97 - Anulación - Cliente: Clientes Varios - Método original: efectivo',1950.00,97,NULL,1,'REV-31',0,NULL,NULL,'ACTIVO',NULL,NULL),(33,'2026-01-05 22:58:42','SALIDA','Cierre de caja - Saldo: $12150.00 - simon',12150.00,NULL,NULL,1,'CIERRE',0,NULL,NULL,'ACTIVO',NULL,NULL),(34,'2026-01-06 08:33:45','ENTRADA','Apertura de caja - $14000.00',14000.00,NULL,NULL,6,'APERTURA',0,NULL,NULL,'ACTIVO',NULL,NULL),(35,'2026-01-06 08:35:53','ENTRADA','Venta al contado - Factura #98 - Cliente: Clientes Varios',1950.00,98,NULL,6,'FAC-00098',0,NULL,NULL,'ACTIVO',NULL,NULL),(36,'2026-01-06 08:37:02','ENTRADA','Venta al contado - Factura #99 - Cliente: Fared',2200.00,99,NULL,6,'FAC-00099',0,NULL,NULL,'ACTIVO',NULL,NULL),(37,'2026-01-06 08:38:36','ENTRADA','Venta al contado - Factura #100 - Cliente: Fared',2000.00,100,NULL,6,'FAC-00100',0,NULL,NULL,'ACTIVO',NULL,NULL),(38,'2026-01-06 08:39:05','SALIDA','REVERSIÓN VENTA #100 - Anulación - Cliente: Fared - Método original: efectivo',2000.00,100,NULL,6,'REV-37',0,NULL,NULL,'ACTIVO',NULL,NULL),(39,'2026-01-06 08:44:04','ENTRADA','Venta al contado - Factura #101 - Cliente: Clientes Varios',1950.00,101,NULL,6,'FAC-00101',0,NULL,NULL,'ACTIVO',NULL,NULL),(40,'2026-01-06 08:44:21','SALIDA','REVERSIÓN VENTA #101 - Anulación - Cliente: Clientes Varios - Método original: efectivo',1950.00,101,NULL,6,'REV-39',0,NULL,NULL,'ACTIVO',NULL,NULL),(41,'2026-01-06 08:45:38','ENTRADA','Venta al contado - Factura #102 - Cliente: Clientes Varios',260.00,102,NULL,6,'FAC-00102',0,NULL,NULL,'ACTIVO',NULL,NULL),(42,'2026-01-06 08:46:03','SALIDA','REVERSIÓN VENTA #102 - Anulación - Cliente: Clientes Varios - Método original: efectivo',260.00,102,NULL,6,'REV-41',0,NULL,NULL,'ACTIVO',NULL,NULL),(43,'2026-01-06 08:48:43','ENTRADA','Venta al contado - Factura #103 - Cliente: Clientes Varios',195.00,103,NULL,6,'FAC-00103',0,NULL,NULL,'ACTIVO',NULL,NULL),(44,'2026-01-06 08:52:52','ENTRADA','Pago CxC - Fared - Documento: FAC-00016 - N/A',3000.00,NULL,17,6,'PAGO-CXC-00017',0,NULL,NULL,'ACTIVO',NULL,NULL),(45,'2026-01-06 08:54:36','ENTRADA','Pago CxC - Fared - Documento: FAC-00019 - N/A',300.00,NULL,18,6,'PAGO-CXC-00018',0,NULL,NULL,'ACTIVO',NULL,NULL),(46,'2026-01-06 08:56:12','ENTRADA','Pago CxC - Fared - Documento: FAC-00019 - Pago registrado',340.00,NULL,19,6,'PAGO-CXC-00019',0,NULL,NULL,'ACTIVO',NULL,NULL),(47,'2026-01-06 09:00:12','SALIDA','Pago Luz',400.00,NULL,NULL,6,'Servicio Energético',0,NULL,NULL,'ANULADO','2026-01-06 09:00:57',6),(48,'2026-01-06 09:00:57','ENTRADA','Anulación: Pago Luz',400.00,NULL,NULL,6,'ANULACION',0,47,NULL,'ANULADO','2026-01-06 09:12:13',6),(49,'2026-01-06 09:11:31','ENTRADA','Venta al contado - Factura #104 - Cliente: Jahir',200.00,104,NULL,6,'FAC-00104',0,NULL,'Anulado por reversión de venta #104. mal ingreso de cantidad de producto','ANULADO','2026-01-06 09:13:22',6),(50,'2026-01-06 09:12:13','SALIDA','Anulación: Anulación: Pago Luz',400.00,NULL,NULL,6,'ANULACION',0,48,NULL,'ACTIVO',NULL,NULL),(51,'2026-01-06 09:13:22','SALIDA','REVERSIÓN VENTA #104 - Anulación - Cliente: Jahir - Método original: efectivo',200.00,104,NULL,6,'REV-49',1,49,NULL,'ACTIVO',NULL,NULL),(52,'2026-01-06 09:14:43','SALIDA','Compra bujia',190.00,NULL,NULL,6,'gasto',0,NULL,NULL,'ANULADO','2026-01-06 09:14:58',6),(53,'2026-01-06 09:14:58','ENTRADA','Anulación: Compra bujia',190.00,NULL,NULL,6,'ANULACION',0,52,NULL,'ANULADO','2026-01-06 09:19:33',6),(54,'2026-01-06 09:16:14','SALIDA','litro de cener',100.00,NULL,NULL,6,'gastos operativos',0,NULL,NULL,'ANULADO','2026-01-06 09:16:39',6),(55,'2026-01-06 09:16:39','ENTRADA','Anulación: litro de cener',100.00,NULL,NULL,6,'ANULACION',0,54,NULL,'ANULADO','2026-01-06 09:19:06',6),(56,'2026-01-06 09:17:49','SALIDA','pago a chepito',200.00,NULL,NULL,6,'Pago Sueldo',0,NULL,NULL,'ANULADO','2026-01-06 09:18:11',6),(57,'2026-01-06 09:18:11','ENTRADA','Anulación: pago a chepito',200.00,NULL,NULL,6,'ANULACION',0,56,NULL,'ANULADO','2026-01-06 09:18:45',6),(58,'2026-01-06 09:18:45','SALIDA','Anulación: Anulación: pago a chepito',200.00,NULL,NULL,6,'ANULACION',0,57,NULL,'ACTIVO',NULL,NULL),(59,'2026-01-06 09:19:06','SALIDA','Anulación: Anulación: litro de cener',100.00,NULL,NULL,6,'ANULACION',0,55,NULL,'ACTIVO',NULL,NULL),(60,'2026-01-06 09:19:33','SALIDA','Anulación: Anulación: Compra bujia',190.00,NULL,NULL,6,'ANULACION',0,53,NULL,'ACTIVO',NULL,NULL),(61,'2026-01-06 10:52:58','ENTRADA','Venta al contado - Factura #105 - Cliente: Clientes Varios',2000.00,105,NULL,6,'FAC-00105',0,NULL,NULL,'ACTIVO',NULL,NULL),(62,'2026-01-06 13:42:30','ENTRADA','Venta al contado - Factura #106 - Cliente: Fared',2000.00,106,NULL,6,'FAC-00106',0,NULL,NULL,'ACTIVO',NULL,NULL),(63,'2026-01-06 14:34:00','ENTRADA','Pelon ruta',59200.00,NULL,NULL,6,NULL,0,NULL,NULL,'ACTIVO',NULL,NULL),(64,'2026-01-06 14:38:06','SALIDA','Pago a Pelon',1800.00,NULL,NULL,6,NULL,0,NULL,NULL,'ACTIVO',NULL,NULL),(65,'2026-01-06 14:41:34','ENTRADA','Venta al contado - Factura #107 - Cliente: Clientes Varios',200.00,107,NULL,6,'FAC-00107',0,NULL,NULL,'ACTIVO',NULL,NULL),(66,'2026-01-07 08:08:51','ENTRADA','Apertura de caja',100.00,NULL,NULL,6,NULL,0,NULL,NULL,'ACTIVO',NULL,NULL),(67,'2026-01-07 08:13:21','ENTRADA','Venta al contado - Factura #108 - Cliente: Clientes Varios',3800.00,108,NULL,6,'FAC-00108',0,NULL,NULL,'ACTIVO',NULL,NULL),(68,'2026-01-07 08:18:08','ENTRADA','Pago CxC - Jorges - Documento: FAC-00020 - N/A',810.00,NULL,20,6,'PAGO-CXC-00020',0,NULL,NULL,'ACTIVO',NULL,NULL),(69,'2026-01-07 09:00:37','ENTRADA','Ruta Masaya',20000.00,NULL,NULL,6,'',0,NULL,NULL,'ACTIVO',NULL,NULL),(70,'2026-01-07 09:14:16','SALIDA','100 separadores',300.00,NULL,NULL,6,'',0,NULL,NULL,'ACTIVO',NULL,NULL),(71,'2026-01-07 09:21:37','ENTRADA','Venta de huevos fuera de caja',200.00,NULL,NULL,6,'Venta huevo',0,NULL,NULL,'ACTIVO',NULL,NULL),(72,'2026-01-07 13:39:07','ENTRADA','Venta al contado - Factura #109 - Cliente: Clientes Varios',170000.00,109,NULL,6,'FAC-00109',0,NULL,NULL,'ACTIVO',NULL,NULL),(73,'2026-01-07 13:40:53','ENTRADA','Venta al contado - Factura #110 - Cliente: Fared',38000.00,110,NULL,6,'FAC-00110',0,NULL,NULL,'ACTIVO',NULL,NULL),(74,'2026-01-07 14:03:29','ENTRADA','Venta al contado - Factura #111 - Cliente: Jahir',2000.00,111,NULL,1,'FAC-00111',0,NULL,NULL,'ACTIVO',NULL,NULL),(75,'2026-01-07 14:08:44','ENTRADA','Venta al contado - Factura #112 - Cliente: Jonathan',2000.00,112,NULL,1,'FAC-00112',0,NULL,NULL,'ACTIVO',NULL,NULL),(76,'2026-01-07 14:12:27','ENTRADA','Venta al contado - Factura #113 - Cliente: Jonathan',24000.00,113,NULL,1,'FAC-00113',0,NULL,NULL,'ACTIVO',NULL,NULL),(77,'2026-01-07 14:13:28','ENTRADA','Venta al contado - Factura #114 - Cliente: Fared',200.00,114,NULL,1,'FAC-00114',0,NULL,NULL,'ACTIVO',NULL,NULL),(78,'2026-01-07 14:21:35','ENTRADA','Venta al contado - Factura #115 - Cliente: Josue Delgado',6250.00,115,NULL,1,'FAC-00115',0,NULL,NULL,'ACTIVO',NULL,NULL),(79,'2026-01-07 15:07:01','ENTRADA','Venta al contado - Factura #116 - Cliente: Jonathan',2350.00,116,NULL,1,'FAC-00116',0,NULL,NULL,'ACTIVO',NULL,NULL),(80,'2026-01-07 15:16:57','ENTRADA','Venta al contado - Factura #117 - Cliente: Josue Delgado',1885.00,117,NULL,1,'FAC-00117',0,NULL,NULL,'ACTIVO',NULL,NULL),(81,'2026-01-07 15:37:00','ENTRADA','Venta al contado - Factura #118 - Cliente: Josue Delgado',9900.00,118,NULL,1,'FAC-00118',0,NULL,NULL,'ACTIVO',NULL,NULL),(82,'2026-01-07 15:46:12','ENTRADA','Venta al contado - Factura #119 - Cliente: Fared',11950.00,119,NULL,1,'FAC-00119',0,NULL,NULL,'ACTIVO',NULL,NULL),(83,'2026-01-07 15:50:27','ENTRADA','Venta al contado - Factura #120 - Cliente: Jorges',22000.00,120,NULL,1,'FAC-00120',0,NULL,'Anulado por reversión de venta #120. mal ingreso de datos','ANULADO','2026-01-07 15:51:16',1),(84,'2026-01-07 15:51:16','SALIDA','REVERSIÓN VENTA #120 - Anulación - Cliente: Jorges - Método original: efectivo',22000.00,120,NULL,1,'REV-83',1,83,NULL,'ACTIVO',NULL,NULL),(85,'2026-01-07 16:14:59','ENTRADA','Venta al contado - Factura #121 - Cliente: Clientes Varios',2000.00,121,NULL,1,'FAC-00121',0,NULL,'ANULADO POR ANULACIÓN DE VENTA #121: venta incorrecta','ANULADO','2026-01-07 16:15:30',1),(86,'2026-01-07 16:15:30','SALIDA','ANULACIÓN VENTA #121 - Cliente: Clientes Varios - Método original: efectivo',2000.00,121,NULL,1,'ANUL-VTA-121-20260107161530',1,121,'Anulación de venta #121. Motivo: venta incorrecta. ','ACTIVO',NULL,NULL),(87,'2026-01-08 08:48:31','ENTRADA','Apertura de caja',1.00,NULL,NULL,1,NULL,0,NULL,NULL,'ACTIVO',NULL,NULL),(88,'2026-01-08 09:04:30','ENTRADA','Venta al contado - Factura #122 - Cliente: Clientes Varios',200.00,122,NULL,1,'FAC-00122',0,NULL,'ANULADO POR ANULACIÓN DE VENTA #122: error','ANULADO','2026-01-08 09:05:07',1),(89,'2026-01-08 09:05:07','SALIDA','ANULACIÓN VENTA #122 - Cliente: Clientes Varios - Método original: efectivo',200.00,122,NULL,1,'ANUL-VTA-122-20260108090507',1,122,'Anulación de venta #122. Motivo: error. ','ANULADO',NULL,NULL),(90,'2026-01-08 09:19:35','ENTRADA','Venta al contado - Factura #123 - Cliente: Clientes Varios',190.00,123,NULL,1,'FAC-00123',0,NULL,'ANULADO POR ANULACIÓN DE VENTA #123: sdfsdfsdfsdf','ANULADO','2026-01-08 09:21:00',1),(91,'2026-01-09 13:26:51','ENTRADA','Venta al contado - Factura #124 - Cliente: Clientes Varios',2000.00,124,NULL,1,'FAC-00124',0,NULL,NULL,'ACTIVO',NULL,NULL),(92,'2026-01-09 13:27:18','ENTRADA','Apertura de caja',10.00,NULL,NULL,1,NULL,0,NULL,NULL,'ACTIVO',NULL,NULL),(93,'2026-01-09 13:28:40','SALIDA','compra de sener',150.00,NULL,NULL,1,'gasto',0,NULL,NULL,'ACTIVO',NULL,NULL);
/*!40000 ALTER TABLE `caja_movimientos` ENABLE KEYS */;
UNLOCK TABLES;

--
-- Table structure for table `catalogo_movimientos`
--

DROP TABLE IF EXISTS `catalogo_movimientos`;
/*!40101 SET @saved_cs_client     = @@character_set_client */;
/*!50503 SET character_set_client = utf8mb4 */;
CREATE TABLE `catalogo_movimientos` (
  `ID_TipoMovimiento` int NOT NULL AUTO_INCREMENT,
  `Descripcion` varchar(255) DEFAULT NULL,
  `Adicion` varchar(255) DEFAULT NULL,
  `Letra` varchar(10) DEFAULT NULL,
  PRIMARY KEY (`ID_TipoMovimiento`)
) ENGINE=InnoDB AUTO_INCREMENT=11 DEFAULT CHARSET=utf8mb4 COLLATE=utf8mb4_0900_ai_ci;
/*!40101 SET character_set_client = @saved_cs_client */;

--
-- Dumping data for table `catalogo_movimientos`
--

LOCK TABLES `catalogo_movimientos` WRITE;
/*!40000 ALTER TABLE `catalogo_movimientos` DISABLE KEYS */;
INSERT INTO `catalogo_movimientos` VALUES (1,'Compra','Entrada por compra','E'),(2,'Venta','Salida por venta','S'),(3,'Producción','Entrada por producción','E'),(4,'Consumo','Salida por consumo','S'),(5,'Ajuste Salida','Ajuste de salida de inventario','S'),(6,'Traslado','Movimiento Interno','T'),(7,'Merma','Perdidas','S'),(8,'Ajuste Entrada','Ajuste de entrada de inventario','E'),(9,'Anulacion Compra','Anular compra proveedores','S'),(10,'Anulacion Venta','Anular venta clientes','E');
/*!40000 ALTER TABLE `catalogo_movimientos` ENABLE KEYS */;
UNLOCK TABLES;

--
-- Table structure for table `categorias_producto`
--

DROP TABLE IF EXISTS `categorias_producto`;
/*!40101 SET @saved_cs_client     = @@character_set_client */;
/*!50503 SET character_set_client = utf8mb4 */;
CREATE TABLE `categorias_producto` (
  `ID_Categoria` int NOT NULL AUTO_INCREMENT,
  `Descripcion` varchar(255) NOT NULL,
  PRIMARY KEY (`ID_Categoria`)
) ENGINE=InnoDB AUTO_INCREMENT=11 DEFAULT CHARSET=utf8mb4 COLLATE=utf8mb4_0900_ai_ci;
/*!40101 SET character_set_client = @saved_cs_client */;

--
-- Dumping data for table `categorias_producto`
--

LOCK TABLES `categorias_producto` WRITE;
/*!40000 ALTER TABLE `categorias_producto` DISABLE KEYS */;
INSERT INTO `categorias_producto` VALUES (1,'Huevos'),(2,'Pollos'),(3,'Gallinas'),(4,'Alimentos'),(5,'Medicamentos'),(6,'Vacunas'),(7,'Material de Empaque'),(8,'Limpieza y Desinfectantes'),(9,'Equipos'),(10,'Servicios');
/*!40000 ALTER TABLE `categorias_producto` ENABLE KEYS */;
UNLOCK TABLES;

--
-- Table structure for table `clientes`
--

DROP TABLE IF EXISTS `clientes`;
/*!40101 SET @saved_cs_client     = @@character_set_client */;
/*!50503 SET character_set_client = utf8mb4 */;
CREATE TABLE `clientes` (
  `ID_Cliente` int NOT NULL AUTO_INCREMENT,
  `Nombre` varchar(255) NOT NULL,
  `Telefono` varchar(50) DEFAULT NULL,
  `Direccion` text,
  `RUC_CEDULA` varchar(50) DEFAULT NULL,
  `ID_Empresa` int DEFAULT NULL,
  `Estado` enum('ACTIVO','INACTIVO') DEFAULT 'ACTIVO',
  `Fecha_Creacion` datetime DEFAULT CURRENT_TIMESTAMP,
  `ID_Usuario_Creacion` int DEFAULT NULL,
  PRIMARY KEY (`ID_Cliente`),
  KEY `ID_Empresa` (`ID_Empresa`),
  KEY `ID_Usuario_Creacion` (`ID_Usuario_Creacion`),
  CONSTRAINT `clientes_ibfk_1` FOREIGN KEY (`ID_Empresa`) REFERENCES `empresa` (`ID_Empresa`),
  CONSTRAINT `clientes_ibfk_2` FOREIGN KEY (`ID_Usuario_Creacion`) REFERENCES `usuarios` (`ID_Usuario`)
) ENGINE=InnoDB AUTO_INCREMENT=8 DEFAULT CHARSET=utf8mb4 COLLATE=utf8mb4_0900_ai_ci;
/*!40101 SET character_set_client = @saved_cs_client */;

--
-- Dumping data for table `clientes`
--

LOCK TABLES `clientes` WRITE;
/*!40000 ALTER TABLE `clientes` DISABLE KEYS */;
INSERT INTO `clientes` VALUES (1,'Jorges','78963251','Ticuantepe, Managua','R526582555SD',1,'ACTIVO','2025-10-31 11:03:35',1),(2,'Fared','85809865','bo.17 de octubreFrente a la casa de la mujer','401-160503-1006T',1,'ACTIVO','2025-10-31 16:55:21',1),(3,'Leonardo','785412','Guanacaste','201',1,'ACTIVO','2025-11-24 18:02:28',1),(4,'Jonathan','000000','00000','000000000',1,'ACTIVO','2025-12-08 23:37:27',1),(5,'Josue Delgado','25639874','Diriomo, Granada','789654123',1,'ACTIVO','2025-12-08 23:38:32',1),(6,'Jahir','7896523','Diriomo, Granada','785-632514-0001A',1,'ACTIVO','2025-12-26 11:01:27',1),(7,'Clientes Varios','none','none','000000001',1,'ACTIVO','2025-12-30 15:13:17',1);
/*!40000 ALTER TABLE `clientes` ENABLE KEYS */;
UNLOCK TABLES;

--
-- Table structure for table `cuentas_por_cobrar`
--

DROP TABLE IF EXISTS `cuentas_por_cobrar`;
/*!40101 SET @saved_cs_client     = @@character_set_client */;
/*!50503 SET character_set_client = utf8mb4 */;
CREATE TABLE `cuentas_por_cobrar` (
  `ID_Movimiento` int NOT NULL AUTO_INCREMENT,
  `Fecha` date NOT NULL,
  `ID_Cliente` int NOT NULL,
  `Num_Documento` varchar(255) NOT NULL,
  `Observacion` text,
  `Fecha_Vencimiento` date DEFAULT NULL,
  `Tipo_Movimiento` int NOT NULL,
  `Monto_Movimiento` decimal(12,2) NOT NULL,
  `ID_Empresa` int NOT NULL,
  `Saldo_Pendiente` decimal(12,2) DEFAULT NULL,
  `ID_Factura` int DEFAULT NULL,
  `ID_Usuario_Creacion` int DEFAULT NULL,
  `Estado` enum('Pendiente','Pagada','Anulada','Vencida') DEFAULT 'Pendiente' COMMENT 'Estados: Pendiente, Pagada, Anulada, Vencida',
  PRIMARY KEY (`ID_Movimiento`),
  KEY `ID_Cliente` (`ID_Cliente`),
  KEY `ID_Empresa` (`ID_Empresa`),
  KEY `ID_Factura` (`ID_Factura`),
  KEY `ID_Usuario_Creacion` (`ID_Usuario_Creacion`),
  CONSTRAINT `cuentas_por_cobrar_ibfk_1` FOREIGN KEY (`ID_Cliente`) REFERENCES `clientes` (`ID_Cliente`),
  CONSTRAINT `cuentas_por_cobrar_ibfk_2` FOREIGN KEY (`ID_Empresa`) REFERENCES `empresa` (`ID_Empresa`),
  CONSTRAINT `cuentas_por_cobrar_ibfk_3` FOREIGN KEY (`ID_Factura`) REFERENCES `facturacion` (`ID_Factura`),
  CONSTRAINT `cuentas_por_cobrar_ibfk_4` FOREIGN KEY (`ID_Usuario_Creacion`) REFERENCES `usuarios` (`ID_Usuario`)
) ENGINE=InnoDB AUTO_INCREMENT=27 DEFAULT CHARSET=utf8mb4 COLLATE=utf8mb4_0900_ai_ci;
/*!40101 SET character_set_client = @saved_cs_client */;

--
-- Dumping data for table `cuentas_por_cobrar`
--

LOCK TABLES `cuentas_por_cobrar` WRITE;
/*!40000 ALTER TABLE `cuentas_por_cobrar` DISABLE KEYS */;
INSERT INTO `cuentas_por_cobrar` VALUES (1,'2025-11-23',2,'FAC-000006','asd','2025-12-23',1,800.00,1,0.00,6,1,'Pagada'),(2,'2025-11-23',2,'FAC-000007','Venta a crédito FAC-000007','2025-12-23',1,160.00,1,0.00,7,1,'Pagada'),(3,'2025-11-23',2,'FAC-000008','Venta a crédito FAC-000008','2025-12-23',1,140.00,1,0.00,8,1,'Pagada'),(4,'2025-11-24',2,'FAC-000014','primera prueba','2025-12-24',1,900.00,1,0.00,14,1,'Pagada'),(5,'2025-11-24',2,'FAC-00016','ninguno','2025-12-24',1,6240.00,1,0.00,16,1,'Pagada'),(6,'2025-11-24',2,'FAC-00019','prueba_4','2025-12-24',1,640.00,1,0.00,19,1,'Pagada'),(7,'2025-11-24',1,'FAC-00020','prueba_5','2025-12-24',1,1620.00,1,810.00,20,1,'Vencida'),(8,'2025-11-24',1,'FAC-00021','Prueba_6_Debbug','2025-12-24',1,1440.00,1,1440.00,21,1,'Pendiente'),(9,'2025-11-24',2,'FAC-00022','prueba_8','2025-12-24',1,1600.00,1,1600.00,22,1,'Pendiente'),(10,'2025-11-24',3,'FAC-00027','pruebaaas_6','2025-12-24',1,1800.00,1,1800.00,27,1,'Pendiente'),(11,'2025-11-24',2,'FAC-00032','primera pueba','2025-12-24',1,1440.00,1,1440.00,32,1,'Pendiente'),(12,'2025-11-25',1,'FAC-00040','Venta a crédito','2025-12-25',1,1800.00,1,1800.00,40,1,'Pendiente'),(13,'2025-11-25',3,'FAC-00052','Venta a crédito','2025-12-25',1,21128.50,1,10128.00,52,1,'Pendiente'),(14,'2025-11-25',2,'FAC-00053','prueba desde mobile','2025-12-25',1,5700.00,1,5700.00,53,1,'Pendiente'),(15,'2025-11-25',3,'FAC-00054','segunda prueba','2025-12-25',1,5700.00,1,5700.00,54,1,'Pendiente'),(16,'2025-11-25',2,'FAC-00056','hjhjklñlkjhgfdssdfghjklñ','2025-12-25',1,10200.00,1,3200.00,56,1,'Vencida'),(17,'2025-11-25',2,'FAC-00057','prueba','2025-12-25',1,1760.00,1,0.00,57,1,'Pagada'),(18,'2025-11-25',3,'FAC-00059','Prueba dos con fecha correcta de factura','2025-12-25',1,1600.00,1,0.00,59,1,'Pagada'),(19,'2025-12-03',2,'FAC-00061','Ninguno','2026-01-02',1,3200.00,1,0.00,61,1,'Pagada'),(20,'2025-12-12',5,'FAC-00072','pruebas','2026-01-11',1,19000.00,1,0.00,72,4,'Pagada'),(21,'2025-12-23',5,'FAC-00074','Venta a crédito | ANULADA: Anulación por usuario','2026-01-22',1,1800.00,1,0.00,74,4,'Anulada'),(22,'2025-12-23',2,'FAC-00075','Venta a crédito | ANULADA: Anulación por usuario','2026-01-22',1,19500.00,1,0.00,75,1,'Anulada'),(23,'2025-12-24',5,'FAC-00078','Venta a crédito','2026-01-23',1,1900.00,1,0.00,78,1,'Pagada'),(24,'2025-12-24',2,'FAC-00082','Venta a crédito | ANULADA: adasdasdasd','2026-01-23',1,19500.00,1,0.00,82,1,'Anulada'),(25,'2025-12-24',1,'FAC-00084','Venta a crédito | ANULADA: fdgsdfgsdfg','2026-01-23',1,19500.00,1,0.00,84,1,'Anulada'),(26,'2025-12-26',4,'FAC-00085','Venta a crédito | ANULADA: dfsfsdfsdfsd','2026-01-25',1,19500.00,1,0.00,85,1,'Anulada');
/*!40000 ALTER TABLE `cuentas_por_cobrar` ENABLE KEYS */;
UNLOCK TABLES;

--
-- Table structure for table `cuentas_por_pagar`
--

DROP TABLE IF EXISTS `cuentas_por_pagar`;
/*!40101 SET @saved_cs_client     = @@character_set_client */;
/*!50503 SET character_set_client = utf8mb4 */;
CREATE TABLE `cuentas_por_pagar` (
  `ID_Cuenta` int NOT NULL AUTO_INCREMENT,
  `ID_Movimiento` int DEFAULT NULL,
  `Fecha` date DEFAULT NULL,
  `ID_Proveedor` int DEFAULT NULL,
  `Num_Documento` varchar(255) DEFAULT NULL,
  `Observacion` text,
  `Fecha_Vencimiento` date DEFAULT NULL,
  `Tipo_Movimiento` int DEFAULT NULL,
  `Monto_Movimiento` decimal(12,2) DEFAULT NULL,
  `ID_Empresa` int DEFAULT NULL,
  `Saldo_Pendiente` decimal(12,2) DEFAULT '0.00',
  `ID_Usuario_Creacion` int DEFAULT NULL,
  `Estado` enum('Pendiente','Pagada','Anulada','Vencida','Parcial') DEFAULT 'Pendiente',
  PRIMARY KEY (`ID_Cuenta`),
  KEY `ID_Proveedor` (`ID_Proveedor`),
  KEY `ID_Empresa` (`ID_Empresa`),
  KEY `ID_Usuario_Creacion` (`ID_Usuario_Creacion`),
  CONSTRAINT `cuentas_por_pagar_ibfk_1` FOREIGN KEY (`ID_Proveedor`) REFERENCES `proveedores` (`ID_Proveedor`),
  CONSTRAINT `cuentas_por_pagar_ibfk_2` FOREIGN KEY (`ID_Empresa`) REFERENCES `empresa` (`ID_Empresa`),
  CONSTRAINT `cuentas_por_pagar_ibfk_3` FOREIGN KEY (`ID_Usuario_Creacion`) REFERENCES `usuarios` (`ID_Usuario`)
) ENGINE=InnoDB AUTO_INCREMENT=10 DEFAULT CHARSET=utf8mb4 COLLATE=utf8mb4_0900_ai_ci;
/*!40101 SET character_set_client = @saved_cs_client */;

--
-- Dumping data for table `cuentas_por_pagar`
--

LOCK TABLES `cuentas_por_pagar` WRITE;
/*!40000 ALTER TABLE `cuentas_por_pagar` DISABLE KEYS */;
INSERT INTO `cuentas_por_pagar` VALUES (1,9,'2025-11-14',1,'prueba_9','niceee madafackas','2025-12-14',1,21000.00,1,0.00,1,'Pagada'),(2,10,'2025-11-14',1,'prueba_10','ninguno','2025-12-14',1,18000.00,1,0.00,1,'Pagada'),(3,11,'2025-11-14',1,'prueba_11','lioncu','2025-12-14',1,24000.00,1,0.00,1,'Pagada'),(4,12,'2025-11-14',1,'prueba_11','nada','2025-12-14',1,17000.00,1,10000.00,1,'Pendiente'),(5,15,'2025-11-15',1,'prueba_43','dasdasd','2025-12-15',1,2700.00,1,2700.00,1,'Pendiente'),(6,100,'2025-12-20',1,'','Compra a crédito','2026-01-19',1,152000.00,1,152000.00,4,'Pendiente'),(7,104,'2025-12-22',1,'','Compra a crédito','2026-01-21',1,12800.00,1,12800.00,4,'Pendiente'),(8,106,'2025-12-23',1,'Prueba_111','Compra a crédito | ANULADA %d/%m/%Y %H:%i - Compra #106','2026-01-22',1,1440.00,1,0.00,4,'Anulada'),(9,108,'2025-12-23',1,'','Compra a crédito | ANULADA %d/%m/%Y %H:%i - Compra #108','2026-01-22',1,1440.00,1,0.00,4,'Anulada');
/*!40000 ALTER TABLE `cuentas_por_pagar` ENABLE KEYS */;
UNLOCK TABLES;

--
-- Table structure for table `detalle_facturacion`
--

DROP TABLE IF EXISTS `detalle_facturacion`;
/*!40101 SET @saved_cs_client     = @@character_set_client */;
/*!50503 SET character_set_client = utf8mb4 */;
CREATE TABLE `detalle_facturacion` (
  `ID_Detalle` int NOT NULL AUTO_INCREMENT,
  `ID_Factura` int DEFAULT NULL,
  `ID_Producto` int DEFAULT NULL,
  `Cantidad` decimal(12,2) DEFAULT NULL,
  `Costo` decimal(12,2) DEFAULT NULL,
  `Total` decimal(12,2) DEFAULT NULL,
  PRIMARY KEY (`ID_Detalle`),
  KEY `ID_Factura` (`ID_Factura`),
  KEY `ID_Producto` (`ID_Producto`),
  CONSTRAINT `detalle_facturacion_ibfk_1` FOREIGN KEY (`ID_Factura`) REFERENCES `facturacion` (`ID_Factura`),
  CONSTRAINT `detalle_facturacion_ibfk_2` FOREIGN KEY (`ID_Producto`) REFERENCES `productos` (`ID_Producto`)
) ENGINE=InnoDB AUTO_INCREMENT=138 DEFAULT CHARSET=utf8mb4 COLLATE=utf8mb4_0900_ai_ci;
/*!40101 SET character_set_client = @saved_cs_client */;

--
-- Dumping data for table `detalle_facturacion`
--

LOCK TABLES `detalle_facturacion` WRITE;
/*!40000 ALTER TABLE `detalle_facturacion` DISABLE KEYS */;
INSERT INTO `detalle_facturacion` VALUES (1,4,5,50.00,180.00,9000.00),(2,5,5,2.00,180.00,360.00),(3,6,2,5.00,160.00,800.00),(4,7,3,1.00,160.00,160.00),(5,8,4,1.00,140.00,140.00),(6,9,5,20.00,180.00,3600.00),(7,9,3,10.00,160.00,1600.00),(8,9,4,6.00,140.00,840.00),(9,10,2,1.00,160.00,160.00),(10,11,2,4.00,160.00,640.00),(11,12,2,5.00,160.00,800.00),(12,13,5,10.00,180.00,1800.00),(13,14,5,5.00,180.00,900.00),(14,15,2,1.00,160.00,160.00),(15,16,3,39.00,160.00,6240.00),(16,17,3,1.00,160.00,160.00),(17,17,5,1.00,180.00,180.00),(18,18,3,1.00,160.00,160.00),(19,19,2,4.00,160.00,640.00),(20,20,5,9.00,180.00,1620.00),(21,21,3,8.00,180.00,1440.00),(22,22,2,10.00,160.00,1600.00),(23,26,5,20.00,180.00,3600.00),(24,27,2,10.00,180.00,1800.00),(25,30,5,10.00,180.00,1800.00),(26,30,2,10.00,160.00,1600.00),(27,31,5,1.00,180.00,180.00),(28,31,5,1.00,180.00,180.00),(29,32,5,8.00,180.00,1440.00),(30,33,5,10.00,180.00,1800.00),(31,35,5,10.00,180.00,1800.00),(32,36,2,50.00,160.00,8000.00),(33,37,5,20.00,180.00,3600.00),(34,37,2,10.00,160.00,1600.00),(35,40,5,10.00,180.00,1800.00),(36,44,2,10.00,180.00,1800.00),(37,46,2,30.00,180.00,5400.00),(38,47,2,10.00,160.00,1600.00),(39,48,2,10.00,160.00,1600.00),(40,49,2,10.00,160.00,1600.00),(41,50,2,10.00,160.00,1600.00),(42,51,2,26.00,160.00,4160.00),(43,52,7,10.15,190.00,1928.50),(44,52,2,100.00,160.00,16000.00),(45,52,3,20.00,160.00,3200.00),(46,53,7,30.00,190.00,5700.00),(47,54,7,30.00,190.00,5700.00),(48,55,2,20.00,160.00,3200.00),(49,56,2,20.00,160.00,3200.00),(50,56,7,20.00,190.00,3800.00),(51,56,3,20.00,160.00,3200.00),(52,57,3,11.00,160.00,1760.00),(53,58,2,10.00,190.00,1900.00),(54,59,2,10.00,160.00,1600.00),(55,60,7,5.00,190.00,950.00),(56,61,2,20.00,160.00,3200.00),(57,62,2,1.00,160.00,160.00),(58,63,7,5.00,190.00,950.00),(59,64,9,10.00,1500.00,15000.00),(60,65,2,10.00,160.00,1600.00),(61,66,8,100.00,130.00,13000.00),(62,67,5,50.00,180.00,9000.00),(63,68,7,1.00,190.00,190.00),(64,69,7,1.00,190.00,190.00),(65,70,5,25.00,180.00,4500.00),(66,71,2,9.00,180.00,1620.00),(67,72,7,100.00,190.00,19000.00),(68,73,9,10.00,1500.00,15000.00),(69,74,5,10.00,180.00,1800.00),(70,75,5,100.00,195.00,19500.00),(71,76,5,10.00,180.00,1800.00),(72,77,5,10.00,180.00,1800.00),(73,78,5,10.00,190.00,1900.00),(74,79,5,10.00,195.00,1950.00),(75,80,5,10.00,180.00,1800.00),(76,81,5,100.00,180.00,18000.00),(77,82,5,100.00,195.00,19500.00),(78,83,5,100.00,195.00,19500.00),(79,84,5,100.00,195.00,19500.00),(80,85,5,100.00,195.00,19500.00),(81,86,5,100.00,195.00,19500.00),(82,87,5,100.00,195.00,19500.00),(83,88,3,100.00,160.00,16000.00),(84,89,8,100.00,140.00,14000.00),(85,90,5,100.00,195.00,19500.00),(86,91,5,30.00,195.00,5850.00),(87,91,2,10.00,160.00,1600.00),(88,92,5,10.00,195.00,1950.00),(89,93,2,190.00,160.00,30400.00),(90,94,8,100.00,165.00,16500.00),(91,95,5,100.00,195.00,19500.00),(92,96,5,60.00,195.00,11700.00),(93,97,5,10.00,195.00,1950.00),(94,98,5,10.00,195.00,1950.00),(95,99,7,11.00,200.00,2200.00),(96,100,7,10.00,200.00,2000.00),(97,101,5,10.00,195.00,1950.00),(98,102,8,2.00,130.00,260.00),(99,103,8,1.00,195.00,195.00),(100,104,7,1.00,200.00,200.00),(101,105,5,10.00,200.00,2000.00),(102,106,5,10.00,200.00,2000.00),(103,107,5,1.00,200.00,200.00),(104,108,5,19.00,200.00,3800.00),(105,109,5,850.00,200.00,170000.00),(106,110,7,190.00,200.00,38000.00),(107,111,7,10.00,200.00,2000.00),(108,112,7,10.00,200.00,2000.00),(109,113,7,120.00,200.00,24000.00),(110,113,11,120.00,0.00,0.00),(111,114,7,1.00,200.00,200.00),(112,114,11,1.00,0.00,0.00),(113,115,12,5.00,1250.00,6250.00),(114,116,11,100.00,3.50,350.00),(115,116,7,10.00,200.00,2000.00),(116,116,11,10.00,0.00,0.00),(117,117,11,50.00,3.50,175.00),(118,117,10,9.00,190.00,1710.00),(119,117,11,9.00,0.00,0.00),(120,118,12,3.00,1250.00,3750.00),(121,118,7,29.00,200.00,5800.00),(122,118,11,100.00,3.50,350.00),(123,118,11,31.00,0.00,0.00),(124,119,12,5.00,1250.00,6250.00),(125,119,10,30.00,190.00,5700.00),(126,119,11,33.00,0.00,0.00),(127,120,11,100.00,200.00,20000.00),(128,120,7,10.00,200.00,2000.00),(129,120,11,11.00,0.00,0.00),(130,121,7,10.00,200.00,2000.00),(131,121,11,11.00,0.00,0.00),(132,122,7,1.00,200.00,200.00),(133,122,11,1.00,0.00,0.00),(134,123,10,1.00,190.00,190.00),(135,123,11,1.00,0.00,0.00),(136,124,5,10.00,200.00,2000.00),(137,124,11,11.00,0.00,0.00);
/*!40000 ALTER TABLE `detalle_facturacion` ENABLE KEYS */;
UNLOCK TABLES;

--
-- Table structure for table `detalle_movimientos_inventario`
--

DROP TABLE IF EXISTS `detalle_movimientos_inventario`;
/*!40101 SET @saved_cs_client     = @@character_set_client */;
/*!50503 SET character_set_client = utf8mb4 */;
CREATE TABLE `detalle_movimientos_inventario` (
  `ID_Detalle_Movimiento` int NOT NULL AUTO_INCREMENT,
  `ID_Movimiento` int NOT NULL,
  `ID_Producto` int NOT NULL,
  `Cantidad` decimal(15,4) NOT NULL,
  `Costo_Unitario` decimal(15,2) DEFAULT '0.00',
  `Precio_Unitario` decimal(15,2) DEFAULT '0.00',
  `Subtotal` decimal(15,2) DEFAULT '0.00',
  `ID_Usuario_Creacion` int NOT NULL,
  `Fecha_Creacion` datetime DEFAULT CURRENT_TIMESTAMP,
  PRIMARY KEY (`ID_Detalle_Movimiento`),
  KEY `ID_Usuario_Creacion` (`ID_Usuario_Creacion`),
  KEY `idx_movimiento` (`ID_Movimiento`),
  KEY `idx_producto` (`ID_Producto`),
  CONSTRAINT `detalle_movimientos_inventario_ibfk_1` FOREIGN KEY (`ID_Movimiento`) REFERENCES `movimientos_inventario` (`ID_Movimiento`) ON DELETE CASCADE,
  CONSTRAINT `detalle_movimientos_inventario_ibfk_2` FOREIGN KEY (`ID_Producto`) REFERENCES `productos` (`ID_Producto`),
  CONSTRAINT `detalle_movimientos_inventario_ibfk_3` FOREIGN KEY (`ID_Usuario_Creacion`) REFERENCES `usuarios` (`ID_Usuario`)
) ENGINE=InnoDB AUTO_INCREMENT=195 DEFAULT CHARSET=utf8mb4 COLLATE=utf8mb4_0900_ai_ci;
/*!40101 SET character_set_client = @saved_cs_client */;

--
-- Dumping data for table `detalle_movimientos_inventario`
--

LOCK TABLES `detalle_movimientos_inventario` WRITE;
/*!40000 ALTER TABLE `detalle_movimientos_inventario` DISABLE KEYS */;
INSERT INTO `detalle_movimientos_inventario` VALUES (2,2,1,500.0000,170.00,170.00,85000.00,1,'2025-11-12 22:10:18'),(3,3,1,500.0000,170.00,170.00,85000.00,1,'2025-11-13 08:35:29'),(4,4,1,200.0000,140.00,140.00,28000.00,1,'2025-11-13 09:02:58'),(5,5,1,50.0000,170.00,170.00,8500.00,1,'2025-11-13 09:14:52'),(6,6,2,200.0000,160.00,160.00,32000.00,1,'2025-11-13 10:06:58'),(7,7,1,100.0000,170.00,170.00,17000.00,1,'2025-11-13 10:08:48'),(8,7,2,100.0000,160.00,160.00,16000.00,1,'2025-11-13 10:08:48'),(9,8,4,500.0000,140.00,140.00,70000.00,1,'2025-11-13 23:09:30'),(10,9,4,150.0000,140.00,140.00,21000.00,1,'2025-11-14 08:10:23'),(11,10,1,100.0000,180.00,180.00,18000.00,1,'2025-11-14 08:12:53'),(12,11,3,150.0000,160.00,160.00,24000.00,1,'2025-11-14 08:43:17'),(14,12,3,100.0000,170.00,170.00,17000.00,1,'2025-11-14 11:35:57'),(22,13,1,100.0000,180.00,180.00,18000.00,1,'2025-11-15 02:31:50'),(23,14,1,50.0000,180.00,180.00,9000.00,1,'2025-11-15 02:32:10'),(27,17,1,35.0000,170.00,0.00,5950.00,1,'2025-11-15 10:39:19'),(28,1,1,150.0000,170.00,170.00,25500.00,1,'2025-11-15 10:43:26'),(29,16,4,350.0000,140.00,140.00,49000.00,1,'2025-11-15 11:33:37'),(30,18,5,150.0000,150.00,0.00,22500.00,1,'2025-11-15 11:43:03'),(31,19,2,5.0000,0.00,160.00,800.00,1,'2025-11-23 00:19:38'),(32,20,3,1.0000,0.00,160.00,160.00,1,'2025-11-23 00:37:07'),(33,21,4,1.0000,0.00,140.00,140.00,1,'2025-11-23 00:50:58'),(34,22,5,20.0000,0.00,180.00,3600.00,1,'2025-11-23 20:22:54'),(35,22,3,10.0000,0.00,160.00,1600.00,1,'2025-11-23 20:22:54'),(36,22,4,6.0000,0.00,140.00,840.00,1,'2025-11-23 20:22:54'),(37,15,5,15.0000,180.00,180.00,2700.00,1,'2025-11-23 20:25:09'),(38,23,2,1.0000,0.00,160.00,160.00,1,'2025-11-23 20:35:14'),(39,24,2,4.0000,0.00,160.00,640.00,1,'2025-11-23 22:15:39'),(40,25,2,5.0000,0.00,160.00,800.00,1,'2025-11-23 23:10:13'),(41,26,5,10.0000,0.00,180.00,1800.00,1,'2025-11-23 23:28:22'),(42,27,5,5.0000,0.00,180.00,900.00,1,'2025-11-23 23:31:16'),(43,28,2,1.0000,0.00,160.00,160.00,1,'2025-11-23 23:46:14'),(44,45,5,100.0000,126.00,150.00,12600.00,1,'2025-11-25 09:08:32'),(45,49,6,100.0000,1250.00,1500.00,125000.00,1,'2025-11-25 10:18:57'),(46,62,2,100.0000,140.00,160.00,14000.00,1,'2025-12-04 01:07:27'),(47,63,2,1.0000,160.00,160.00,160.00,1,'2025-12-08 15:38:25'),(48,64,7,5.0000,190.00,190.00,950.00,1,'2025-12-08 15:55:32'),(49,65,9,10.0000,1500.00,1500.00,15000.00,1,'2025-12-08 22:04:43'),(50,66,2,10.0000,160.00,160.00,1600.00,1,'2025-12-09 17:22:18'),(55,67,5,100.0000,135.00,180.00,13500.00,1,'2025-12-09 20:34:37'),(56,67,7,100.0000,142.50,190.00,14250.00,1,'2025-12-09 20:34:37'),(57,72,5,25.0000,180.00,180.00,4500.00,1,'2025-12-10 17:53:06'),(58,73,2,9.0000,180.00,180.00,1620.00,1,'2025-12-10 18:24:47'),(59,74,3,200.0000,128.00,160.00,25600.00,1,'2025-12-10 20:29:15'),(60,75,5,10.0000,144.00,180.00,1440.00,1,'2025-12-11 18:48:55'),(61,76,5,100.0000,144.00,180.00,14400.00,1,'2025-12-11 18:52:01'),(62,77,5,10.0000,155.00,180.00,1550.00,1,'2025-12-12 09:23:28'),(63,78,7,102.0000,152.00,190.00,15504.00,4,'2025-12-12 22:26:14'),(64,79,7,100.0000,190.00,190.00,19000.00,4,'2025-12-12 22:26:56'),(65,80,5,100.0000,155.00,180.00,15500.00,4,'2025-12-16 09:30:21'),(66,81,9,10.0000,1200.00,1500.00,12000.00,4,'2025-12-16 09:56:26'),(67,82,9,10.0000,1500.00,1500.00,15000.00,4,'2025-12-16 10:50:33'),(68,83,5,100.0000,155.00,180.00,15500.00,4,'2025-12-16 11:04:37'),(69,84,8,100.0000,104.00,130.00,10400.00,4,'2025-12-16 11:32:09'),(70,85,5,10.0000,144.00,180.00,1440.00,1,'2025-12-17 10:38:57'),(71,86,5,50.0000,144.00,180.00,7200.00,1,'2025-12-17 13:28:42'),(72,87,7,10.0000,152.00,190.00,1520.00,1,'2025-12-17 13:45:43'),(73,88,7,-10.0000,152.00,0.00,-1520.00,1,'2025-12-17 14:17:33'),(74,89,5,100.0000,144.00,180.00,14400.00,1,'2025-12-17 14:21:07'),(75,90,5,-100.0000,144.00,0.00,-14400.00,1,'2025-12-17 14:24:35'),(76,91,5,115.0000,144.00,180.00,16560.00,1,'2025-12-17 15:05:31'),(77,92,5,100.0000,155.00,180.00,15500.00,1,'2025-12-17 15:09:24'),(78,93,5,10.0000,144.00,180.00,1440.00,1,'2025-12-17 15:26:35'),(79,94,5,-10.0000,144.00,0.00,-1440.00,1,'2025-12-17 15:26:49'),(80,95,5,10.0000,144.00,180.00,1440.00,1,'2025-12-17 15:33:10'),(81,96,5,-10.0000,144.00,0.00,-1440.00,1,'2025-12-17 15:34:29'),(82,97,7,100.0000,155.00,190.00,15500.00,1,'2025-12-17 15:47:01'),(83,98,5,10.0000,144.00,180.00,1440.00,4,'2025-12-20 08:21:36'),(84,99,5,-10.0000,144.00,0.00,-1440.00,4,'2025-12-20 08:22:04'),(85,100,7,1000.0000,152.00,190.00,152000.00,4,'2025-12-20 09:13:37'),(86,101,7,-1000.0000,152.00,0.00,-152000.00,4,'2025-12-20 10:38:19'),(87,102,5,100.0000,155.00,180.00,15500.00,4,'2025-12-22 11:49:13'),(88,103,8,100.0000,90.00,180.00,9000.00,4,'2025-12-22 12:20:51'),(89,104,3,100.0000,128.00,160.00,12800.00,4,'2025-12-22 12:49:24'),(90,105,5,10.0000,144.00,180.00,1440.00,4,'2025-12-22 18:25:14'),(91,106,5,10.0000,144.00,180.00,1440.00,4,'2025-12-22 18:25:43'),(92,107,5,-10.0000,144.00,0.00,-1440.00,4,'2025-12-22 18:26:07'),(93,108,5,10.0000,144.00,180.00,1440.00,4,'2025-12-22 18:26:55'),(94,109,5,-10.0000,144.00,0.00,-1440.00,4,'2025-12-22 18:27:20'),(95,110,5,10.0000,180.00,180.00,1800.00,4,'2025-12-23 00:54:36'),(96,111,5,100.0000,195.00,195.00,19500.00,1,'2025-12-23 14:53:57'),(97,112,5,10.0000,180.00,180.00,1800.00,1,'2025-12-23 15:26:01'),(98,113,9,10.0000,1200.00,1500.00,12000.00,1,'2025-12-23 15:28:54'),(99,114,9,-10.0000,1200.00,0.00,-12000.00,1,'2025-12-23 15:29:05'),(100,115,5,10.0000,180.00,180.00,1800.00,1,'2025-12-24 09:58:57'),(101,116,5,10.0000,180.00,180.00,1800.00,1,'2025-12-24 10:19:16'),(102,117,5,10.0000,190.00,190.00,1900.00,1,'2025-12-24 10:20:17'),(103,118,5,10.0000,195.00,195.00,1950.00,1,'2025-12-24 10:26:43'),(104,119,5,10.0000,180.00,180.00,1800.00,1,'2025-12-24 11:00:20'),(105,120,5,10.0000,180.00,180.00,1800.00,1,'2025-12-24 11:26:00'),(106,121,5,10.0000,195.00,195.00,1950.00,1,'2025-12-24 11:46:33'),(107,122,5,100.0000,180.00,180.00,18000.00,1,'2025-12-24 13:41:07'),(108,123,7,1.0000,190.00,190.00,190.00,1,'2025-12-24 15:13:18'),(109,124,5,100.0000,195.00,195.00,19500.00,1,'2025-12-24 15:16:17'),(110,125,5,100.0000,195.00,195.00,19500.00,1,'2025-12-24 15:16:52'),(111,126,5,100.0000,195.00,195.00,19500.00,1,'2025-12-24 15:17:30'),(112,127,5,100.0000,195.00,195.00,19500.00,1,'2025-12-24 15:20:48'),(113,128,5,100.0000,195.00,195.00,19500.00,1,'2025-12-24 15:21:37'),(114,129,5,100.0000,195.00,195.00,19500.00,1,'2025-12-26 09:20:51'),(115,130,5,100.0000,195.00,195.00,19500.00,1,'2025-12-26 09:21:15'),(116,131,5,100.0000,195.00,195.00,19500.00,6,'2025-12-26 12:08:51'),(117,132,5,100.0000,195.00,195.00,19500.00,6,'2025-12-26 12:15:00'),(118,133,3,100.0000,160.00,160.00,16000.00,6,'2025-12-27 14:26:26'),(119,134,8,100.0000,140.00,140.00,14000.00,6,'2025-12-27 15:22:20'),(120,135,5,1000.0000,156.00,195.00,156000.00,6,'2025-12-29 14:19:38'),(121,135,7,1000.0000,156.00,195.00,156000.00,6,'2025-12-29 14:19:38'),(122,135,2,1000.0000,128.00,160.00,128000.00,6,'2025-12-29 14:19:38'),(123,135,3,1000.0000,128.00,160.00,128000.00,6,'2025-12-29 14:19:38'),(124,136,5,100.0000,195.00,195.00,19500.00,6,'2025-12-30 11:05:05'),(125,137,5,30.0000,195.00,195.00,5850.00,6,'2025-12-30 11:25:23'),(126,137,2,10.0000,160.00,160.00,1600.00,6,'2025-12-30 11:25:23'),(127,138,5,10.0000,195.00,195.00,1950.00,1,'2025-12-30 11:53:31'),(128,139,2,190.0000,160.00,160.00,30400.00,1,'2025-12-30 11:54:42'),(129,140,8,100.0000,165.00,165.00,16500.00,6,'2025-12-30 15:14:06'),(130,141,5,100.0000,195.00,195.00,19500.00,1,'2026-01-02 18:07:09'),(131,142,5,100.0000,195.00,195.00,19500.00,1,'2026-01-02 18:12:45'),(132,143,5,60.0000,195.00,195.00,11700.00,1,'2026-01-05 15:41:00'),(133,144,5,10.0000,195.00,195.00,1950.00,1,'2026-01-05 16:39:29'),(134,145,5,10.0000,195.00,195.00,1950.00,1,'2026-01-05 16:39:55'),(135,146,5,10.0000,195.00,195.00,1950.00,6,'2026-01-06 08:35:53'),(136,147,7,11.0000,200.00,200.00,2200.00,6,'2026-01-06 08:37:02'),(137,148,7,10.0000,200.00,200.00,2000.00,6,'2026-01-06 08:38:36'),(138,149,7,10.0000,200.00,200.00,2000.00,6,'2026-01-06 08:39:05'),(139,150,5,10.0000,195.00,195.00,1950.00,6,'2026-01-06 08:44:04'),(140,151,5,10.0000,195.00,195.00,1950.00,6,'2026-01-06 08:44:21'),(141,152,8,2.0000,130.00,130.00,260.00,6,'2026-01-06 08:45:38'),(142,153,8,2.0000,130.00,130.00,260.00,6,'2026-01-06 08:46:03'),(143,154,8,1.0000,195.00,195.00,195.00,6,'2026-01-06 08:48:43'),(144,155,7,1.0000,200.00,200.00,200.00,6,'2026-01-06 09:11:31'),(145,156,7,1.0000,200.00,200.00,200.00,6,'2026-01-06 09:13:22'),(146,157,5,10.0000,200.00,200.00,2000.00,6,'2026-01-06 10:52:58'),(147,158,5,10.0000,200.00,200.00,2000.00,6,'2026-01-06 13:42:30'),(148,159,10,1000.0000,140.00,200.00,140000.00,6,'2026-01-06 13:50:37'),(149,160,5,1.0000,200.00,200.00,200.00,6,'2026-01-06 14:41:34'),(150,161,5,19.0000,200.00,200.00,3800.00,6,'2026-01-07 08:13:21'),(151,162,5,850.0000,200.00,200.00,170000.00,6,'2026-01-07 13:39:07'),(152,163,7,190.0000,200.00,200.00,38000.00,6,'2026-01-07 13:40:53'),(153,164,7,10.0000,200.00,200.00,2000.00,1,'2026-01-07 14:03:29'),(154,165,7,10.0000,200.00,200.00,2000.00,1,'2026-01-07 14:08:44'),(155,166,7,120.0000,200.00,200.00,24000.00,1,'2026-01-07 14:12:27'),(156,166,11,120.0000,0.00,0.00,0.00,1,'2026-01-07 14:12:27'),(157,167,7,1.0000,200.00,200.00,200.00,1,'2026-01-07 14:13:28'),(158,167,11,1.0000,0.00,0.00,0.00,1,'2026-01-07 14:13:28'),(159,168,12,5.0000,1250.00,1250.00,6250.00,1,'2026-01-07 14:21:35'),(160,169,11,100.0000,3.50,3.50,350.00,1,'2026-01-07 15:07:01'),(161,169,7,10.0000,200.00,200.00,2000.00,1,'2026-01-07 15:07:01'),(162,169,11,10.0000,0.00,0.00,0.00,1,'2026-01-07 15:07:01'),(163,170,11,50.0000,3.50,3.50,175.00,1,'2026-01-07 15:16:57'),(164,170,10,9.0000,190.00,190.00,1710.00,1,'2026-01-07 15:16:57'),(165,170,11,9.0000,0.00,0.00,0.00,1,'2026-01-07 15:16:57'),(166,171,12,3.0000,1250.00,1250.00,3750.00,1,'2026-01-07 15:37:00'),(167,171,7,29.0000,200.00,200.00,5800.00,1,'2026-01-07 15:37:00'),(168,171,11,100.0000,3.50,3.50,350.00,1,'2026-01-07 15:37:00'),(169,171,11,31.0000,0.00,0.00,0.00,1,'2026-01-07 15:37:00'),(170,172,12,5.0000,1250.00,1250.00,6250.00,1,'2026-01-07 15:46:12'),(171,172,10,30.0000,190.00,190.00,5700.00,1,'2026-01-07 15:46:12'),(172,172,11,33.0000,0.00,0.00,0.00,1,'2026-01-07 15:46:12'),(173,173,11,100.0000,200.00,200.00,20000.00,1,'2026-01-07 15:50:27'),(174,173,7,10.0000,200.00,200.00,2000.00,1,'2026-01-07 15:50:27'),(175,173,11,11.0000,0.00,0.00,0.00,1,'2026-01-07 15:50:27'),(176,174,11,100.0000,200.00,200.00,20000.00,1,'2026-01-07 15:51:16'),(177,174,7,10.0000,200.00,200.00,2000.00,1,'2026-01-07 15:51:16'),(178,174,11,11.0000,0.00,0.00,0.00,1,'2026-01-07 15:51:16'),(179,175,7,10.0000,200.00,200.00,2000.00,1,'2026-01-07 16:14:59'),(180,175,11,11.0000,0.00,0.00,0.00,1,'2026-01-07 16:14:59'),(181,176,7,10.0000,200.00,200.00,2000.00,1,'2026-01-07 16:15:30'),(182,176,11,11.0000,0.00,0.00,0.00,1,'2026-01-07 16:15:30'),(183,177,7,1.0000,200.00,200.00,200.00,1,'2026-01-08 09:04:30'),(184,177,11,1.0000,0.00,0.00,0.00,1,'2026-01-08 09:04:30'),(185,178,7,1.0000,200.00,200.00,200.00,1,'2026-01-08 09:05:07'),(186,178,11,1.0000,0.00,0.00,0.00,1,'2026-01-08 09:05:07'),(187,179,10,1.0000,190.00,190.00,190.00,1,'2026-01-08 09:19:35'),(188,179,11,1.0000,0.00,0.00,0.00,1,'2026-01-08 09:19:35'),(189,180,10,1.0000,190.00,190.00,190.00,1,'2026-01-08 09:21:00'),(190,180,11,1.0000,0.00,0.00,0.00,1,'2026-01-08 09:21:00'),(191,181,11,2000.0000,2.80,3.50,5600.00,1,'2026-01-08 10:07:44'),(192,182,5,1000.0000,160.00,200.00,160000.00,1,'2026-01-09 10:07:36'),(193,183,5,10.0000,200.00,200.00,2000.00,1,'2026-01-09 13:26:51'),(194,183,11,11.0000,0.00,0.00,0.00,1,'2026-01-09 13:26:51');
/*!40000 ALTER TABLE `detalle_movimientos_inventario` ENABLE KEYS */;
UNLOCK TABLES;

--
-- Table structure for table `empresa`
--

DROP TABLE IF EXISTS `empresa`;
/*!40101 SET @saved_cs_client     = @@character_set_client */;
/*!50503 SET character_set_client = utf8mb4 */;
CREATE TABLE `empresa` (
  `ID_Empresa` int NOT NULL AUTO_INCREMENT,
  `Nombre_Empresa` varchar(255) NOT NULL,
  `Direccion` varchar(240) DEFAULT NULL,
  `Telefono` varchar(20) DEFAULT NULL,
  `Estado` enum('Activo','Inactivo') DEFAULT 'Activo',
  `RUC` varchar(20) DEFAULT NULL,
  PRIMARY KEY (`ID_Empresa`)
) ENGINE=InnoDB AUTO_INCREMENT=3 DEFAULT CHARSET=utf8mb4 COLLATE=utf8mb4_0900_ai_ci;
/*!40101 SET character_set_client = @saved_cs_client */;

--
-- Dumping data for table `empresa`
--

LOCK TABLES `empresa` WRITE;
/*!40000 ALTER TABLE `empresa` DISABLE KEYS */;
INSERT INTO `empresa` VALUES (1,'Granja Avicola FERDEL','Rastro Municipal 150 mts. Norte, Diriomo','81006837','Activo','2031407850000U'),(2,'Cerdos','Rastro Municipal 150 mts. Norte, Diriomo','81006837','Activo','2031407850000U');
/*!40000 ALTER TABLE `empresa` ENABLE KEYS */;
UNLOCK TABLES;

--
-- Table structure for table `facturacion`
--

DROP TABLE IF EXISTS `facturacion`;
/*!40101 SET @saved_cs_client     = @@character_set_client */;
/*!50503 SET character_set_client = utf8mb4 */;
CREATE TABLE `facturacion` (
  `ID_Factura` int NOT NULL AUTO_INCREMENT,
  `Fecha` date NOT NULL,
  `IDCliente` int NOT NULL,
  `Credito_Contado` int DEFAULT NULL,
  `Observacion` text,
  `ID_Empresa` int NOT NULL,
  `ID_Usuario_Creacion` int DEFAULT NULL,
  `Fecha_Creacion` datetime DEFAULT CURRENT_TIMESTAMP,
  `Estado` enum('Activa','Anulada') NOT NULL DEFAULT 'Activa',
  PRIMARY KEY (`ID_Factura`),
  KEY `IDCliente` (`IDCliente`),
  KEY `ID_Empresa` (`ID_Empresa`),
  KEY `ID_Usuario_Creacion` (`ID_Usuario_Creacion`),
  CONSTRAINT `facturacion_ibfk_1` FOREIGN KEY (`IDCliente`) REFERENCES `clientes` (`ID_Cliente`),
  CONSTRAINT `facturacion_ibfk_2` FOREIGN KEY (`ID_Empresa`) REFERENCES `empresa` (`ID_Empresa`),
  CONSTRAINT `facturacion_ibfk_3` FOREIGN KEY (`ID_Usuario_Creacion`) REFERENCES `usuarios` (`ID_Usuario`)
) ENGINE=InnoDB AUTO_INCREMENT=125 DEFAULT CHARSET=utf8mb4 COLLATE=utf8mb4_0900_ai_ci;
/*!40101 SET character_set_client = @saved_cs_client */;

--
-- Dumping data for table `facturacion`
--

LOCK TABLES `facturacion` WRITE;
/*!40000 ALTER TABLE `facturacion` DISABLE KEYS */;
INSERT INTO `facturacion` VALUES (1,'2025-11-23',2,NULL,'',1,1,'2025-11-22 23:06:26','Activa'),(2,'2025-11-23',1,NULL,'asdfagasdf',1,1,'2025-11-23 00:03:56','Activa'),(3,'2025-11-23',1,NULL,'',1,1,'2025-11-23 00:06:10','Activa'),(4,'2025-11-23',1,NULL,'addfas',1,1,'2025-11-23 00:12:36','Activa'),(5,'2025-11-23',2,NULL,'',1,1,'2025-11-23 00:13:18','Activa'),(6,'2025-11-23',2,NULL,'asd',1,1,'2025-11-23 00:19:35','Activa'),(7,'2025-11-23',2,NULL,'',1,1,'2025-11-23 00:37:04','Activa'),(8,'2025-11-23',2,NULL,'',1,1,'2025-11-23 00:50:55','Activa'),(9,'2025-11-24',1,NULL,'jjajaja',1,1,'2025-11-23 20:22:54','Activa'),(10,'2025-11-24',1,NULL,'',1,1,'2025-11-23 20:35:14','Activa'),(11,'2025-11-24',1,NULL,'',1,1,'2025-11-23 22:15:39','Activa'),(12,'2025-11-24',2,NULL,'',1,1,'2025-11-23 23:10:12','Activa'),(13,'2025-11-24',2,0,'',1,1,'2025-11-23 23:28:19','Activa'),(14,'2025-11-24',2,1,'primera prueba',1,1,'2025-11-23 23:31:06','Activa'),(15,'2025-11-24',1,0,'',1,1,'2025-11-23 23:46:12','Activa'),(16,'2025-11-24',2,1,'ninguno',1,1,'2025-11-24 14:14:21','Activa'),(17,'2025-11-24',2,1,'prueba_2',1,1,'2025-11-24 15:46:55','Activa'),(18,'2025-11-24',2,0,'prueba_3',1,1,'2025-11-24 16:26:37','Activa'),(19,'2025-11-24',2,1,'prueba_4',1,1,'2025-11-24 16:34:30','Activa'),(20,'2025-11-24',1,1,'prueba_5',1,1,'2025-11-24 16:38:03','Activa'),(21,'2025-11-24',1,1,'Prueba_6_Debbug',1,1,'2025-11-24 17:05:13','Activa'),(22,'2025-11-24',2,1,'prueba_8',1,1,'2025-11-24 17:35:16','Activa'),(23,'2025-11-24',3,0,'pruebaaa',1,1,'2025-11-24 18:31:26','Activa'),(24,'2025-11-24',3,0,'pruebaaa',1,1,'2025-11-24 18:31:37','Activa'),(25,'2025-11-24',3,0,'pruebaaa',1,1,'2025-11-24 18:32:03','Activa'),(26,'2025-11-24',2,0,'prueba',1,1,'2025-11-24 18:33:04','Activa'),(27,'2025-11-24',3,1,'pruebaaas_6',1,1,'2025-11-24 18:39:03','Activa'),(28,'2025-11-24',2,0,'N/A',1,1,'2025-11-24 18:43:46','Activa'),(29,'2025-11-24',2,0,'N/A',1,1,'2025-11-24 18:44:10','Activa'),(30,'2025-11-24',2,0,'N/A',1,1,'2025-11-24 18:44:48','Activa'),(31,'2025-11-24',3,0,'yesyes',1,1,'2025-11-24 19:37:27','Activa'),(32,'2025-11-24',2,1,'primera pueba',1,1,'2025-11-24 21:42:41','Activa'),(33,'2025-11-24',1,0,'',1,1,'2025-11-24 23:02:09','Activa'),(34,'2025-11-24',2,0,'',1,1,'2025-11-24 23:43:19','Activa'),(35,'2025-11-24',2,0,'',1,1,'2025-11-24 23:43:59','Activa'),(36,'2025-11-24',2,0,'prueba de factura',1,1,'2025-11-24 23:56:32','Activa'),(37,'2025-11-25',2,0,'',1,1,'2025-11-25 00:02:02','Activa'),(38,'2025-11-25',2,0,'llll',1,1,'2025-11-25 00:03:07','Activa'),(39,'2025-11-25',2,0,'llll',1,1,'2025-11-25 00:03:17','Activa'),(40,'2025-11-25',1,1,'',1,1,'2025-11-25 00:04:27','Activa'),(41,'2025-11-25',3,0,'',1,1,'2025-11-25 00:05:52','Activa'),(42,'2025-11-25',2,0,'dgffghfgh',1,1,'2025-11-25 00:06:55','Activa'),(43,'2025-11-25',2,0,'xxcvcxv',1,1,'2025-11-25 00:07:34','Activa'),(44,'2025-11-25',2,0,'xxcvcxv',1,1,'2025-11-25 00:07:56','Activa'),(45,'2025-11-25',2,0,'asdasdfasdf',1,1,'2025-11-25 09:14:38','Activa'),(46,'2025-11-25',2,0,'asdasdfasdf',1,1,'2025-11-25 09:25:53','Activa'),(47,'2025-11-25',2,0,'kjjbliblk',1,1,'2025-11-25 09:30:22','Activa'),(48,'2025-11-25',3,0,'JAJAJA',1,1,'2025-11-25 10:08:52','Activa'),(49,'2025-11-25',2,0,'dfgdfg',1,1,'2025-11-25 10:19:45','Activa'),(50,'2025-11-25',3,0,'',1,1,'2025-11-25 10:26:39','Activa'),(51,'2025-11-25',3,0,'prubea_uno_reemplazando bodega',1,1,'2025-11-25 12:01:41','Activa'),(52,'2025-11-25',3,1,'',1,1,'2025-11-25 12:04:29','Activa'),(53,'2025-11-25',2,1,'prueba desde mobile',1,1,'2025-11-25 12:10:50','Activa'),(54,'2025-11-25',3,1,'segunda prueba',1,1,'2025-11-25 12:25:58','Activa'),(55,'2025-11-25',2,0,'sdfg',1,1,'2025-11-25 12:51:36','Activa'),(56,'2025-11-25',2,1,'hjhjklñlkjhgfdssdfghjklñ',1,1,'2025-11-25 12:56:37','Activa'),(57,'2025-11-25',2,1,'prueba',1,1,'2025-11-25 15:15:43','Activa'),(58,'2025-11-25',3,0,'zazxczxczxc',1,1,'2025-11-25 15:18:49','Activa'),(59,'2025-11-25',3,1,'Prueba dos con fecha correcta de factura',1,1,'2025-11-25 15:20:21','Activa'),(60,'2025-11-25',3,0,'dfasdasdfasdfasdfasdf',1,1,'2025-11-25 15:22:05','Activa'),(61,'2025-12-03',2,1,'Ninguno',1,1,'2025-12-03 15:45:47','Activa'),(62,'2025-12-08',3,0,'Ninguno',1,1,'2025-12-08 15:38:24','Activa'),(63,'2025-12-08',2,0,'',1,1,'2025-12-08 15:55:29','Activa'),(64,'2025-12-08',2,0,'',1,1,'2025-12-08 22:04:43','Activa'),(65,'2025-12-09',2,0,'',1,1,'2025-12-09 17:22:18','Activa'),(66,'2025-12-10',2,1,'',1,1,'2025-12-10 17:09:46','Activa'),(67,'2025-12-10',5,1,'sdfdf',1,1,'2025-12-10 17:27:15','Activa'),(68,'2025-12-10',2,0,'',1,1,'2025-12-10 17:41:50','Activa'),(69,'2025-12-10',2,0,' | ANULADA: asdasdasdasda',1,1,'2025-12-10 17:42:05','Anulada'),(70,'2025-12-10',2,0,'',1,1,'2025-12-10 17:53:06','Activa'),(71,'2025-12-10',5,0,'',1,1,'2025-12-10 18:24:46','Activa'),(72,'2025-12-12',5,1,'pruebas',1,4,'2025-12-12 22:26:56','Activa'),(73,'2025-12-16',2,0,'',1,4,'2025-12-16 10:50:29','Activa'),(74,'2025-12-23',5,1,' | ANULADA: Anulación por usuario',1,4,'2025-12-23 00:54:36','Anulada'),(75,'2025-12-23',2,1,' | ANULADA: Anulación por usuario',1,1,'2025-12-23 14:53:56','Anulada'),(76,'2025-12-23',4,0,' | ANULADA: Anulación por usuario',1,1,'2025-12-23 15:26:01','Anulada'),(77,'2025-12-24',4,0,' | ANULADA: wdsfsfds',1,1,'2025-12-24 09:58:57','Anulada'),(78,'2025-12-24',5,1,'',1,1,'2025-12-24 10:20:17','Activa'),(79,'2025-12-24',5,0,' | ANULADA: sfsadfasdfasdf',1,1,'2025-12-24 10:26:43','Anulada'),(80,'2025-12-24',5,0,' | ANULADA: porque simon',1,1,'2025-12-24 11:00:20','Anulada'),(81,'2025-12-24',2,0,'',1,1,'2025-12-24 13:41:07','Activa'),(82,'2025-12-24',2,1,' | ANULADA: adasdasdasd',1,1,'2025-12-24 15:16:17','Anulada'),(83,'2025-12-24',4,0,'',1,1,'2025-12-24 15:17:30','Activa'),(84,'2025-12-24',1,1,' | ANULADA: fdgsdfgsdfg',1,1,'2025-12-24 15:20:48','Anulada'),(85,'2025-12-26',4,1,' | ANULADA: dfsfsdfsdfsd',1,1,'2025-12-26 09:20:51','Anulada'),(86,'2025-12-26',6,0,'',1,6,'2025-12-26 12:08:51','Activa'),(87,'2025-12-26',1,0,'',1,6,'2025-12-26 12:15:00','Activa'),(88,'2025-12-27',4,0,'',1,6,'2025-12-27 14:26:26','Activa'),(89,'2025-12-27',2,0,'',1,6,'2025-12-27 15:22:20','Activa'),(90,'2025-12-30',6,0,'',1,6,'2025-12-30 11:05:05','Activa'),(91,'2025-12-30',2,0,'',1,6,'2025-12-30 11:25:23','Activa'),(92,'2025-12-30',2,0,'',1,1,'2025-12-30 11:53:31','Activa'),(93,'2025-12-30',4,0,'',1,1,'2025-12-30 11:54:42','Activa'),(94,'2025-12-30',7,0,'',1,6,'2025-12-30 15:14:06','Activa'),(95,'2026-01-02',2,0,' | ANULADA: sipi comprendo todo',1,1,'2026-01-02 18:07:09','Anulada'),(96,'2026-01-05',7,0,'',1,1,'2026-01-05 15:41:00','Activa'),(97,'2026-01-05',7,0,' | ANULADA: Error en la venta',1,1,'2026-01-05 16:39:28','Anulada'),(98,'2026-01-06',7,0,'',1,6,'2026-01-06 08:35:53','Activa'),(99,'2026-01-06',2,0,'',1,6,'2026-01-06 08:37:02','Activa'),(100,'2026-01-06',2,0,' | ANULADA: ingreso mal de datos',1,6,'2026-01-06 08:38:36','Anulada'),(101,'2026-01-06',7,0,' | ANULADA: asdasdasdas',1,6,'2026-01-06 08:44:04','Anulada'),(102,'2026-01-06',7,0,' | ANULADA: JAJAJAJAJA',1,6,'2026-01-06 08:45:38','Anulada'),(103,'2026-01-06',7,0,'',1,6,'2026-01-06 08:48:43','Activa'),(104,'2026-01-06',6,0,' | ANULADA: mal ingreso de cantidad de producto',1,6,'2026-01-06 09:11:31','Anulada'),(105,'2026-01-06',7,0,'',1,6,'2026-01-06 10:52:58','Activa'),(106,'2026-01-06',2,0,'',1,6,'2026-01-06 13:42:30','Activa'),(107,'2026-01-06',7,0,'',1,6,'2026-01-06 14:41:34','Activa'),(108,'2026-01-07',7,0,'',1,6,'2026-01-07 08:13:21','Activa'),(109,'2026-01-07',7,0,'',1,6,'2026-01-07 13:39:07','Activa'),(110,'2026-01-07',2,0,'',1,6,'2026-01-07 13:40:53','Activa'),(111,'2026-01-07',6,0,'',1,1,'2026-01-07 14:03:29','Activa'),(112,'2026-01-07',4,0,'',1,1,'2026-01-07 14:08:44','Activa'),(113,'2026-01-07',4,0,' | Descontados: 120.0 separadores',1,1,'2026-01-07 14:12:27','Activa'),(114,'2026-01-07',2,0,' | Descontados: 1.0 separadores',1,1,'2026-01-07 14:13:28','Activa'),(115,'2026-01-07',5,0,'',1,1,'2026-01-07 14:21:35','Activa'),(116,'2026-01-07',4,0,' | Descontados: 10.0 separadores',1,1,'2026-01-07 15:07:01','Activa'),(117,'2026-01-07',5,0,' | Descontados: 9.0 separadores',1,1,'2026-01-07 15:16:56','Activa'),(118,'2026-01-07',5,0,' | Cajillas huevos: 29.0, Separadores: 31.0 (incluye 2.0 bases extra)',1,1,'2026-01-07 15:37:00','Activa'),(119,'2026-01-07',2,0,' | Cajillas huevos: 30.0, Separadores: 33.0 (incluye 3.0 bases extra)',1,1,'2026-01-07 15:46:11','Activa'),(120,'2026-01-07',1,0,' | ANULADA: mal ingreso de datos',1,1,'2026-01-07 15:50:27','Anulada'),(121,'2026-01-07',7,0,' | ANULADA: venta incorrecta',1,1,'2026-01-07 16:14:59','Anulada'),(122,'2026-01-08',7,0,' | ANULADA: error',1,1,'2026-01-08 09:04:30','Anulada'),(123,'2026-01-08',7,0,' | ANULADA: sdfsdfsdfsdf',1,1,'2026-01-08 09:19:35','Anulada'),(124,'2026-01-09',7,0,'',1,1,'2026-01-09 13:26:51','Activa');
/*!40000 ALTER TABLE `facturacion` ENABLE KEYS */;
UNLOCK TABLES;

--
-- Table structure for table `inventario_bodega`
--

DROP TABLE IF EXISTS `inventario_bodega`;
/*!40101 SET @saved_cs_client     = @@character_set_client */;
/*!50503 SET character_set_client = utf8mb4 */;
CREATE TABLE `inventario_bodega` (
  `ID_Bodega` int NOT NULL,
  `ID_Producto` int NOT NULL,
  `Existencias` decimal(12,2) DEFAULT '0.00',
  PRIMARY KEY (`ID_Bodega`,`ID_Producto`),
  KEY `ID_Producto` (`ID_Producto`),
  CONSTRAINT `inventario_bodega_ibfk_1` FOREIGN KEY (`ID_Bodega`) REFERENCES `bodegas` (`ID_Bodega`),
  CONSTRAINT `inventario_bodega_ibfk_2` FOREIGN KEY (`ID_Producto`) REFERENCES `productos` (`ID_Producto`)
) ENGINE=InnoDB DEFAULT CHARSET=utf8mb4 COLLATE=utf8mb4_0900_ai_ci;
/*!40101 SET character_set_client = @saved_cs_client */;

--
-- Dumping data for table `inventario_bodega`
--

LOCK TABLES `inventario_bodega` WRITE;
/*!40000 ALTER TABLE `inventario_bodega` DISABLE KEYS */;
INSERT INTO `inventario_bodega` VALUES (1,1,500.00),(1,2,1000.00),(1,3,1200.00),(1,4,0.00),(1,5,990.00),(1,7,820.00),(1,8,99.00),(1,9,40.00),(1,10,1261.00),(1,11,8535.00),(1,12,17.00),(2,6,70.00);
/*!40000 ALTER TABLE `inventario_bodega` ENABLE KEYS */;
UNLOCK TABLES;

--
-- Table structure for table `metodos_pago`
--

DROP TABLE IF EXISTS `metodos_pago`;
/*!40101 SET @saved_cs_client     = @@character_set_client */;
/*!50503 SET character_set_client = utf8mb4 */;
CREATE TABLE `metodos_pago` (
  `ID_MetodoPago` int NOT NULL AUTO_INCREMENT,
  `Nombre` varchar(255) NOT NULL,
  PRIMARY KEY (`ID_MetodoPago`)
) ENGINE=InnoDB AUTO_INCREMENT=5 DEFAULT CHARSET=utf8mb4 COLLATE=utf8mb4_0900_ai_ci;
/*!40101 SET character_set_client = @saved_cs_client */;

--
-- Dumping data for table `metodos_pago`
--

LOCK TABLES `metodos_pago` WRITE;
/*!40000 ALTER TABLE `metodos_pago` DISABLE KEYS */;
INSERT INTO `metodos_pago` VALUES (1,'Efectivo'),(2,'Tarjeta'),(3,'Transferencia'),(4,'Crédito');
/*!40000 ALTER TABLE `metodos_pago` ENABLE KEYS */;
UNLOCK TABLES;

--
-- Table structure for table `movimientos_inventario`
--

DROP TABLE IF EXISTS `movimientos_inventario`;
/*!40101 SET @saved_cs_client     = @@character_set_client */;
/*!50503 SET character_set_client = utf8mb4 */;
CREATE TABLE `movimientos_inventario` (
  `ID_Movimiento` int NOT NULL AUTO_INCREMENT,
  `ID_TipoMovimiento` int NOT NULL,
  `N_Factura_Externa` varchar(255) DEFAULT NULL,
  `ID_Factura_Venta` int DEFAULT NULL,
  `Fecha` date NOT NULL,
  `ID_Proveedor` int DEFAULT NULL,
  `Tipo_Compra` enum('CONTADO','CREDITO') DEFAULT NULL,
  `Observacion` text,
  `ID_Empresa` int NOT NULL,
  `ID_Bodega` int NOT NULL,
  `ID_Bodega_Destino` int DEFAULT NULL,
  `UbicacionEntrega` text,
  `ID_Usuario_Creacion` int NOT NULL,
  `Fecha_Creacion` datetime DEFAULT CURRENT_TIMESTAMP,
  `Fecha_Modificacion` datetime DEFAULT NULL,
  `ID_Usuario_Modificacion` int DEFAULT NULL,
  `Estado` enum('Activa','Anulada') NOT NULL DEFAULT 'Activa',
  PRIMARY KEY (`ID_Movimiento`),
  KEY `ID_Empresa` (`ID_Empresa`),
  KEY `ID_Bodega_Destino` (`ID_Bodega_Destino`),
  KEY `ID_Usuario_Modificacion` (`ID_Usuario_Modificacion`),
  KEY `idx_fecha` (`Fecha`),
  KEY `idx_tipo_movimiento` (`ID_TipoMovimiento`),
  KEY `idx_bodega` (`ID_Bodega`),
  KEY `idx_proveedor` (`ID_Proveedor`),
  KEY `idx_tipo_compra` (`Tipo_Compra`),
  KEY `idx_factura_venta` (`ID_Factura_Venta`),
  KEY `idx_usuario_creacion` (`ID_Usuario_Creacion`),
  KEY `idx_entradas_busqueda` (`ID_TipoMovimiento`,`Fecha`,`Estado`,`ID_Proveedor`,`ID_Bodega`),
  CONSTRAINT `movimientos_inventario_ibfk_1` FOREIGN KEY (`ID_TipoMovimiento`) REFERENCES `catalogo_movimientos` (`ID_TipoMovimiento`),
  CONSTRAINT `movimientos_inventario_ibfk_2` FOREIGN KEY (`ID_Factura_Venta`) REFERENCES `facturacion` (`ID_Factura`),
  CONSTRAINT `movimientos_inventario_ibfk_3` FOREIGN KEY (`ID_Proveedor`) REFERENCES `proveedores` (`ID_Proveedor`),
  CONSTRAINT `movimientos_inventario_ibfk_4` FOREIGN KEY (`ID_Empresa`) REFERENCES `empresa` (`ID_Empresa`),
  CONSTRAINT `movimientos_inventario_ibfk_5` FOREIGN KEY (`ID_Bodega`) REFERENCES `bodegas` (`ID_Bodega`),
  CONSTRAINT `movimientos_inventario_ibfk_6` FOREIGN KEY (`ID_Bodega_Destino`) REFERENCES `bodegas` (`ID_Bodega`),
  CONSTRAINT `movimientos_inventario_ibfk_7` FOREIGN KEY (`ID_Usuario_Creacion`) REFERENCES `usuarios` (`ID_Usuario`),
  CONSTRAINT `movimientos_inventario_ibfk_8` FOREIGN KEY (`ID_Usuario_Modificacion`) REFERENCES `usuarios` (`ID_Usuario`)
) ENGINE=InnoDB AUTO_INCREMENT=184 DEFAULT CHARSET=utf8mb4 COLLATE=utf8mb4_0900_ai_ci;
/*!40101 SET character_set_client = @saved_cs_client */;

--
-- Dumping data for table `movimientos_inventario`
--

LOCK TABLES `movimientos_inventario` WRITE;
/*!40000 ALTER TABLE `movimientos_inventario` DISABLE KEYS */;
INSERT INTO `movimientos_inventario` VALUES (1,1,'prueba_1',NULL,'2025-11-13',1,'CONTADO','ninhun',1,1,NULL,NULL,1,'2025-11-12 21:42:27','2025-11-15 10:43:26',1,'Activa'),(2,1,'prueba_2',NULL,'2025-11-13',1,'CONTADO','me pica el qlo',1,1,NULL,NULL,1,'2025-11-12 22:10:18',NULL,1,'Activa'),(3,1,'prueba_3',NULL,'2025-11-13',1,'CONTADO','ninguno',1,1,NULL,NULL,1,'2025-11-13 08:35:29',NULL,1,'Activa'),(4,1,'prueba_4',NULL,'2025-11-13',1,'CONTADO','ninguna al momento',1,1,NULL,NULL,1,'2025-11-13 09:02:55',NULL,1,'Activa'),(5,1,'prueba_5',NULL,'2025-11-13',1,'CONTADO','nop',1,1,NULL,NULL,1,'2025-11-13 09:13:53',NULL,1,'Activa'),(6,1,'prueba_6',NULL,'2025-11-13',1,'CONTADO','',1,1,NULL,NULL,1,'2025-11-13 10:06:58',NULL,1,'Activa'),(7,1,'prueba_7',NULL,'2025-11-13',1,'CONTADO','ninguna',1,1,NULL,NULL,1,'2025-11-13 10:08:48',NULL,1,'Activa'),(8,1,'prueba_7',NULL,'2025-11-14',1,'CONTADO','ninguno',1,1,NULL,NULL,1,'2025-11-13 23:09:30',NULL,1,'Activa'),(9,1,'prueba_9',NULL,'2025-11-14',1,'CREDITO','niceee madafackas',1,1,NULL,NULL,1,'2025-11-14 08:10:23',NULL,1,'Activa'),(10,1,'prueba_10',NULL,'2025-11-14',1,'CREDITO','ninguno',1,1,NULL,NULL,1,'2025-11-14 08:12:53',NULL,1,'Activa'),(11,1,'prueba_11',NULL,'2025-11-14',1,'CREDITO','lioncu',1,1,NULL,NULL,1,'2025-11-14 08:43:17',NULL,1,'Activa'),(12,1,'prueba_11',NULL,'2025-11-14',1,'CREDITO','nada',1,1,NULL,NULL,1,'2025-11-14 08:58:45','2025-11-14 11:35:57',1,'Activa'),(13,1,'prueba_14',NULL,'2025-11-15',1,'CONTADO','ninguno al momento',1,1,NULL,NULL,1,'2025-11-15 01:48:57','2025-11-15 02:31:50',1,'Activa'),(14,1,'prueba_15',NULL,'2025-11-15',1,'CONTADO','minguno',1,1,NULL,NULL,1,'2025-11-15 01:50:06','2025-11-15 02:32:10',1,'Activa'),(15,1,'prueba_43',NULL,'2025-11-15',1,'CREDITO','dasdasd',1,1,NULL,NULL,1,'2025-11-15 02:16:30','2025-11-23 20:25:09',1,'Activa'),(16,1,'prueba_33',NULL,'2025-11-15',1,'CONTADO','fsdfsdf',1,1,NULL,NULL,1,'2025-11-15 02:17:09','2025-11-15 11:33:37',1,'Activa'),(17,1,'prueba_34',NULL,'2025-11-15',1,'CONTADO','s',1,1,NULL,NULL,1,'2025-11-15 10:39:19',NULL,1,'Activa'),(18,1,'prueba_36',NULL,'2025-11-15',1,'CONTADO','',1,1,NULL,NULL,1,'2025-11-15 11:43:02',NULL,1,'Activa'),(19,2,NULL,6,'2025-11-23',NULL,'CREDITO','asd',1,1,NULL,NULL,1,'2025-11-23 00:19:37',NULL,NULL,'Activa'),(20,2,NULL,7,'2025-11-23',NULL,'CREDITO','',1,1,NULL,NULL,1,'2025-11-23 00:37:07',NULL,NULL,'Activa'),(21,2,NULL,8,'2025-11-23',NULL,'CREDITO','',1,1,NULL,NULL,1,'2025-11-23 00:50:56',NULL,NULL,'Activa'),(22,2,NULL,9,'2025-11-24',NULL,'CONTADO','jjajaja',1,1,NULL,NULL,1,'2025-11-23 20:22:54',NULL,NULL,'Activa'),(23,2,NULL,10,'2025-11-24',NULL,'CONTADO','',1,1,NULL,NULL,1,'2025-11-23 20:35:14',NULL,NULL,'Activa'),(24,2,NULL,11,'2025-11-24',NULL,'CONTADO','',1,1,NULL,NULL,1,'2025-11-23 22:15:39',NULL,NULL,'Activa'),(25,2,NULL,12,'2025-11-24',NULL,'CONTADO','',1,1,NULL,NULL,1,'2025-11-23 23:10:13',NULL,NULL,'Activa'),(26,2,NULL,13,'2025-11-24',NULL,'CONTADO','',1,1,NULL,NULL,1,'2025-11-23 23:28:22',NULL,NULL,'Activa'),(27,2,NULL,14,'2025-11-24',NULL,'CREDITO','primera prueba',1,1,NULL,NULL,1,'2025-11-23 23:31:15',NULL,NULL,'Activa'),(28,2,NULL,15,'2025-11-24',NULL,'CONTADO','',1,1,NULL,NULL,1,'2025-11-23 23:46:13',NULL,NULL,'Activa'),(29,2,NULL,16,'2025-11-24',NULL,'CREDITO','ninguno',1,1,NULL,NULL,1,'2025-11-24 14:14:27',NULL,NULL,'Activa'),(30,2,NULL,18,'2025-11-24',NULL,'CONTADO','prueba_3',1,1,NULL,NULL,1,'2025-11-24 16:26:38',NULL,NULL,'Activa'),(31,2,NULL,19,'2025-11-24',NULL,'CREDITO','prueba_4',1,1,NULL,NULL,1,'2025-11-24 16:34:30',NULL,NULL,'Activa'),(32,2,NULL,20,'2025-11-24',NULL,'CREDITO','prueba_5',1,1,NULL,NULL,1,'2025-11-24 16:38:04',NULL,NULL,'Activa'),(33,2,NULL,21,'2025-11-24',NULL,'CREDITO','Prueba_6_Debbug',1,1,NULL,NULL,1,'2025-11-24 17:05:14',NULL,NULL,'Activa'),(34,2,NULL,22,'2025-11-24',NULL,'CREDITO','prueba_8',1,1,NULL,NULL,1,'2025-11-24 17:35:21',NULL,NULL,'Activa'),(35,2,NULL,26,'2025-11-24',NULL,'CONTADO','prueba',1,1,NULL,NULL,1,'2025-11-24 18:33:08',NULL,NULL,'Activa'),(36,2,NULL,27,'2025-11-24',NULL,'CREDITO','pruebaaas_6',1,1,NULL,NULL,1,'2025-11-24 18:39:05',NULL,NULL,'Activa'),(37,2,NULL,30,'2025-11-24',NULL,'CONTADO','N/A',1,1,NULL,NULL,1,'2025-11-24 18:44:55',NULL,NULL,'Activa'),(38,2,NULL,31,'2025-11-24',NULL,'CONTADO','yesyes',1,1,NULL,NULL,1,'2025-11-24 19:37:32',NULL,NULL,'Activa'),(39,2,NULL,32,'2025-11-24',NULL,'CREDITO','primera pueba',1,1,NULL,NULL,1,'2025-11-24 21:42:41',NULL,NULL,'Activa'),(40,2,NULL,33,'2025-11-24',NULL,'CONTADO','Venta realizada',1,1,NULL,NULL,1,'2025-11-24 23:02:09',NULL,NULL,'Activa'),(41,2,NULL,35,'2025-11-24',NULL,'CONTADO','Venta realizada',1,1,NULL,NULL,1,'2025-11-24 23:44:02',NULL,NULL,'Activa'),(42,2,NULL,36,'2025-11-24',NULL,'CONTADO','prueba de factura',1,1,NULL,NULL,1,'2025-11-24 23:56:37',NULL,NULL,'Activa'),(43,2,NULL,40,'2025-11-25',NULL,'CREDITO','Venta realizada',1,1,NULL,NULL,1,'2025-11-25 00:04:33',NULL,NULL,'Activa'),(44,2,NULL,44,'2025-11-25',NULL,'CONTADO','xxcvcxv',1,1,NULL,NULL,1,'2025-11-25 00:08:00',NULL,NULL,'Activa'),(45,1,'sd',NULL,'2025-11-25',1,'CONTADO','sdfsdfsdf',1,1,NULL,NULL,1,'2025-11-25 09:08:31',NULL,1,'Activa'),(46,2,NULL,46,'2025-11-25',NULL,'CONTADO','asdasdfasdf',1,1,NULL,NULL,1,'2025-11-25 09:25:57',NULL,NULL,'Activa'),(47,2,NULL,47,'2025-11-25',NULL,'CONTADO','kjjbliblk',1,1,NULL,NULL,1,'2025-11-25 09:30:28',NULL,NULL,'Activa'),(48,2,NULL,48,'2025-11-25',NULL,'CONTADO','JAJAJA',1,1,NULL,NULL,1,'2025-11-25 10:09:17',NULL,NULL,'Activa'),(49,1,'sd',NULL,'2025-11-25',2,'CONTADO','',1,2,NULL,NULL,1,'2025-11-25 10:18:55',NULL,1,'Activa'),(50,2,NULL,50,'2025-11-25',NULL,'CONTADO','Venta realizada',1,1,NULL,NULL,1,'2025-11-25 10:26:43',NULL,NULL,'Activa'),(51,2,NULL,51,'2025-11-25',NULL,'CONTADO','prubea_uno_reemplazando bodega',1,1,NULL,NULL,1,'2025-11-25 12:01:44',NULL,NULL,'Activa'),(52,2,NULL,52,'2025-11-25',NULL,'CREDITO','Venta realizada',1,1,NULL,NULL,1,'2025-11-25 12:04:30',NULL,NULL,'Activa'),(53,2,NULL,53,'2025-11-25',NULL,'CREDITO','prueba desde mobile',1,1,NULL,NULL,1,'2025-11-25 12:11:08',NULL,NULL,'Activa'),(54,2,NULL,54,'2025-11-25',NULL,'CREDITO','segunda prueba',1,1,NULL,NULL,1,'2025-11-25 12:26:03',NULL,NULL,'Activa'),(55,2,NULL,55,'2025-11-25',NULL,'CONTADO','sdfg',1,1,NULL,NULL,1,'2025-11-25 12:51:42',NULL,NULL,'Activa'),(56,2,NULL,56,'2025-11-25',NULL,'CREDITO','hjhjklñlkjhgfdssdfghjklñ',1,1,NULL,NULL,1,'2025-11-25 12:56:47',NULL,NULL,'Activa'),(57,2,NULL,57,'2025-11-25',NULL,'CREDITO','prueba',1,1,NULL,NULL,1,'2025-11-25 15:15:47',NULL,NULL,'Activa'),(58,2,NULL,58,'2025-11-25',NULL,'CONTADO','zazxczxczxc',1,1,NULL,NULL,1,'2025-11-25 15:18:54',NULL,NULL,'Activa'),(59,2,NULL,59,'2025-11-25',NULL,'CREDITO','Prueba dos con fecha correcta de factura',1,1,NULL,NULL,1,'2025-11-25 15:20:21',NULL,NULL,'Activa'),(60,2,NULL,60,'2025-11-25',NULL,'CONTADO','dfasdasdfasdfasdfasdf',1,1,NULL,NULL,1,'2025-11-25 15:22:12',NULL,NULL,'Activa'),(61,2,NULL,61,'2025-12-03',NULL,'CREDITO','Ninguno',1,1,NULL,NULL,1,'2025-12-03 15:45:48',NULL,NULL,'Activa'),(62,1,'sd',NULL,'2025-12-04',2,'CONTADO','',1,1,NULL,NULL,1,'2025-12-04 01:07:27',NULL,1,'Activa'),(63,2,NULL,62,'2025-12-08',NULL,'CONTADO','Ninguno',1,1,NULL,NULL,1,'2025-12-08 15:38:25',NULL,NULL,'Activa'),(64,2,NULL,63,'2025-12-08',NULL,'CONTADO','Venta realizada',1,1,NULL,NULL,1,'2025-12-08 15:55:31',NULL,NULL,'Activa'),(65,2,NULL,64,'2025-12-08',NULL,'CONTADO','Venta realizada',1,1,NULL,NULL,1,'2025-12-08 22:04:43',NULL,NULL,'Activa'),(66,2,NULL,65,'2025-12-09',NULL,'CONTADO','Venta realizada',1,1,NULL,NULL,1,'2025-12-09 17:22:18',NULL,NULL,'Activa'),(67,1,'',NULL,'2025-12-10',1,'CONTADO','',1,1,NULL,NULL,1,'2025-12-09 18:19:46','2025-12-09 20:34:37',1,'Activa'),(68,2,NULL,66,'2025-12-10',NULL,'CREDITO','Venta realizada',1,1,NULL,NULL,1,'2025-12-10 17:09:47',NULL,NULL,'Activa'),(69,2,NULL,67,'2025-12-10',NULL,'CREDITO','sdfdf',1,1,NULL,NULL,1,'2025-12-10 17:27:15',NULL,NULL,'Activa'),(70,2,NULL,68,'2025-12-10',NULL,'CONTADO','Venta realizada',1,1,NULL,NULL,1,'2025-12-10 17:41:51',NULL,NULL,'Activa'),(71,2,NULL,69,'2025-12-10',NULL,'CONTADO','Venta realizada | ANULADO: asdasdasdasda',1,1,NULL,NULL,1,'2025-12-10 17:42:05','2025-12-24 15:13:18',1,'Anulada'),(72,2,NULL,70,'2025-12-10',NULL,'CONTADO','Venta realizada',1,1,NULL,NULL,1,'2025-12-10 17:53:06',NULL,NULL,'Activa'),(73,2,NULL,71,'2025-12-10',NULL,'CONTADO','Venta realizada',1,1,NULL,NULL,1,'2025-12-10 18:24:46',NULL,NULL,'Activa'),(74,1,'sd',NULL,'2025-12-11',2,'CONTADO','',1,1,NULL,NULL,1,'2025-12-10 20:29:14',NULL,1,'Activa'),(75,1,'sd',NULL,'2025-12-11',2,'CONTADO',NULL,1,1,NULL,NULL,1,'2025-12-11 18:48:55',NULL,NULL,'Activa'),(76,1,'',NULL,'2025-12-12',NULL,'CONTADO','',1,1,NULL,NULL,1,'2025-12-11 18:52:01',NULL,1,'Activa'),(77,4,NULL,NULL,'2025-12-12',NULL,NULL,NULL,1,1,NULL,NULL,1,'2025-12-12 09:23:27',NULL,NULL,'Activa'),(78,1,'sd',NULL,'2025-12-13',1,'CONTADO','pruebas malisiosas',1,1,NULL,NULL,4,'2025-12-12 22:26:13',NULL,4,'Activa'),(79,2,NULL,72,'2025-12-12',NULL,'CREDITO','pruebas',1,1,NULL,NULL,4,'2025-12-12 22:26:56',NULL,NULL,'Activa'),(80,5,NULL,NULL,'2025-12-16',NULL,NULL,'Se realiza el ajuste de salida por que falto cierto producto',1,1,NULL,NULL,4,'2025-12-16 09:30:21',NULL,NULL,'Activa'),(81,7,NULL,NULL,'2025-12-16',NULL,NULL,'los ratones jugaron la comida',1,1,NULL,NULL,4,'2025-12-16 09:56:26',NULL,NULL,'Activa'),(82,2,NULL,73,'2025-12-16',NULL,'CONTADO','Venta realizada',1,1,NULL,NULL,4,'2025-12-16 10:50:33',NULL,NULL,'Activa'),(83,8,NULL,NULL,'2025-12-16',NULL,NULL,NULL,1,1,NULL,NULL,4,'2025-12-16 11:04:37',NULL,NULL,'Activa'),(84,1,'sd',NULL,'2025-12-16',1,'CONTADO','',1,1,NULL,NULL,4,'2025-12-16 11:32:08',NULL,4,'Activa'),(85,1,'',NULL,'2025-12-17',3,'CONTADO','',1,1,NULL,NULL,1,'2025-12-17 10:38:57',NULL,1,'Activa'),(86,1,'',NULL,'2025-12-17',NULL,'CONTADO','',1,1,NULL,NULL,1,'2025-12-17 13:28:42',NULL,1,'Activa'),(87,1,'',NULL,'2025-12-17',1,'CONTADO','\n[ANULADO] 2025-12-17 14:17:33 por usuario 1. Motivo: producto en mal estado',1,1,NULL,NULL,1,'2025-12-17 13:45:43','2025-12-17 14:17:33',1,'Anulada'),(88,2,'ANUL-87',NULL,'2025-12-17',1,'CONTADO','Anulación de compra #87 - producto en mal estado',1,1,NULL,NULL,1,'2025-12-17 14:17:33',NULL,NULL,'Activa'),(89,1,'prueba_56',NULL,'2025-12-17',1,'CONTADO','\n[ANULADO] 2025-12-17 14:24:35 por usuario 1. Motivo: equivocacion de huevos',1,1,NULL,NULL,1,'2025-12-17 14:21:07','2025-12-17 14:24:35',1,'Anulada'),(90,2,'ANUL-prueba_56',NULL,'2025-12-17',1,'CONTADO','Anulación de compra #89 - equivocacion de huevos',1,1,NULL,NULL,1,'2025-12-17 14:24:35',NULL,NULL,'Activa'),(91,1,'',NULL,'2025-12-17',1,'CONTADO','',1,1,NULL,NULL,1,'2025-12-17 15:05:31',NULL,1,'Activa'),(92,1,'prueba_58',NULL,'2025-12-17',1,'CONTADO','listo',1,1,NULL,NULL,1,'2025-12-17 15:09:24',NULL,1,'Activa'),(93,1,'prueba_63',NULL,'2025-12-17',1,'CONTADO','\n[ANULADA] 2025-12-17 15:26:49 por usuario 1. Motivo: porque simona la mona',1,1,NULL,NULL,1,'2025-12-17 15:26:35','2025-12-17 15:26:49',1,'Anulada'),(94,2,'ANUL-COMPRA-prueba_63',NULL,'2025-12-17',1,'CONTADO','Contramovimiento por anulación de compra #93 - porque simona la mona',1,1,NULL,NULL,1,'2025-12-17 15:26:49',NULL,NULL,'Activa'),(95,1,'',NULL,'2025-12-17',1,'CONTADO','\n[ANULADA] 2025-12-17 15:34:30 por usuario 1. Motivo: gfdfsdfgsdfgsdfg',1,1,NULL,NULL,1,'2025-12-17 15:33:10','2025-12-17 15:34:30',1,'Anulada'),(96,2,'ANUL-COMPRA-95',NULL,'2025-12-17',1,'CONTADO','Contramovimiento por anulación de compra #95 - gfdfsdfgsdfgsdfg',1,1,NULL,NULL,1,'2025-12-17 15:34:29',NULL,NULL,'Activa'),(97,1,'',NULL,'2025-12-17',1,'CONTADO','',1,1,NULL,NULL,1,'2025-12-17 15:47:01',NULL,1,'Activa'),(98,1,'222',NULL,'2025-12-20',1,'CONTADO','\n[ANULADA] 2025-12-20 08:22:04 por usuario 4. Motivo: un mal registro de mercaddo en la bodega',1,1,NULL,NULL,4,'2025-12-20 08:21:36','2025-12-20 08:22:04',4,'Anulada'),(99,9,'ANUL-COMPRA-222',NULL,'2025-12-20',1,'CONTADO','Contramovimiento por anulación de compra #98 - un mal registro de mercaddo en la bodega',1,1,NULL,NULL,4,'2025-12-20 08:22:04',NULL,NULL,'Activa'),(100,1,'',NULL,'2025-12-20',1,'CREDITO','\n[ANULADA] 2025-12-20 10:38:19 por usuario 4. Motivo: asdfasdfasdfasdfasdf',1,1,NULL,NULL,4,'2025-12-20 09:13:37','2025-12-20 10:38:19',4,'Anulada'),(101,9,'ANUL-COMPRA-100',NULL,'2025-12-20',1,'CONTADO','Contramovimiento por anulación de compra #100 - asdfasdfasdfasdfasdf',1,1,NULL,NULL,4,'2025-12-20 10:38:19',NULL,NULL,'Activa'),(102,1,'',NULL,'2025-12-22',1,'CONTADO','',1,1,NULL,NULL,4,'2025-12-22 11:49:13',NULL,4,'Activa'),(103,1,'',NULL,'2025-12-22',1,'CONTADO','',1,1,NULL,NULL,4,'2025-12-22 12:20:51',NULL,4,'Activa'),(104,1,'',NULL,'2025-12-22',1,'CREDITO','',1,1,NULL,NULL,4,'2025-12-22 12:49:24',NULL,4,'Activa'),(105,1,'sdsdfsdf',NULL,'2025-12-23',1,'CONTADO','',1,1,NULL,NULL,4,'2025-12-22 18:25:14',NULL,4,'Activa'),(106,1,'Prueba_111',NULL,'2025-12-23',1,'CREDITO','\n[ANULADA] 2025-12-22 18:26:07 por usuario 4. Motivo: Motivo de informacion mal gestionada',1,1,NULL,NULL,4,'2025-12-22 18:25:43','2025-12-22 18:26:07',4,'Anulada'),(107,9,'ANUL-COMPRA-Prueba_111',NULL,'2025-12-22',1,'CONTADO','Contramovimiento por anulación de compra #106 - Motivo de informacion mal gestionada',1,1,NULL,NULL,4,'2025-12-22 18:26:07',NULL,NULL,'Activa'),(108,1,'',NULL,'2025-12-23',1,'CREDITO','\n[ANULADA] 2025-12-22 18:27:20 por usuario 4. Motivo: mal movimiento, error al momento de seleccionar huevos',1,1,NULL,NULL,4,'2025-12-22 18:26:55','2025-12-22 18:27:20',4,'Anulada'),(109,9,'ANUL-COMPRA-108',NULL,'2025-12-22',1,'CONTADO','Contramovimiento por anulación de compra #108 - mal movimiento, error al momento de seleccionar huevos',1,1,NULL,NULL,4,'2025-12-22 18:27:20',NULL,NULL,'Activa'),(110,2,NULL,74,'2025-12-23',NULL,'CREDITO','Venta realizada | ANULADO: Anulación por usuario',1,1,NULL,NULL,4,'2025-12-23 00:54:36',NULL,NULL,'Anulada'),(111,2,NULL,75,'2025-12-23',NULL,'CREDITO','Venta realizada | ANULADO: Anulación por usuario',1,1,NULL,NULL,1,'2025-12-23 14:53:57',NULL,NULL,'Anulada'),(112,2,NULL,76,'2025-12-23',NULL,'CONTADO','Venta realizada | ANULADO: Anulación por usuario',1,1,NULL,NULL,1,'2025-12-23 15:26:01',NULL,NULL,'Anulada'),(113,1,'prueba_JAJAJA',NULL,'2025-12-23',1,'CONTADO','\n[ANULADA] 2025-12-23 15:29:05 por usuario 1. Motivo: dfsfasdfasdfasdf',1,1,NULL,NULL,1,'2025-12-23 15:28:54','2025-12-23 15:29:05',1,'Anulada'),(114,9,'ANUL-COMPRA-prueba_JAJAJA',NULL,'2025-12-23',1,'CONTADO','Contramovimiento por anulación de compra #113 - dfsfasdfasdfasdf',1,1,NULL,NULL,1,'2025-12-23 15:29:05',NULL,NULL,'Activa'),(115,2,NULL,77,'2025-12-24',NULL,'CONTADO','Venta realizada | ANULADO: wdsfsfds',1,1,NULL,NULL,1,'2025-12-24 09:58:57','2025-12-24 10:19:16',1,'Anulada'),(116,10,NULL,77,'2025-12-24',NULL,'CONTADO','Anulación venta #77 - Cliente: Jonathan - Motivo: wdsfsfds',1,1,NULL,NULL,1,'2025-12-24 10:19:16',NULL,NULL,'Activa'),(117,2,NULL,78,'2025-12-24',NULL,'CREDITO','Venta realizada',1,1,NULL,NULL,1,'2025-12-24 10:20:17',NULL,NULL,'Activa'),(118,2,NULL,79,'2025-12-24',NULL,'CONTADO','Venta realizada | ANULADO: sfsadfasdfasdf',1,1,NULL,NULL,1,'2025-12-24 10:26:43','2025-12-24 11:46:33',1,'Anulada'),(119,2,NULL,80,'2025-12-24',NULL,'CONTADO','Venta realizada | ANULADO: porque simon',1,1,NULL,NULL,1,'2025-12-24 11:00:20','2025-12-24 11:26:00',1,'Anulada'),(120,10,NULL,80,'2025-12-24',NULL,'CONTADO','Anulación venta #80 - Cliente: Josue Delgado - Motivo: porque simon',1,1,NULL,NULL,1,'2025-12-24 11:26:00',NULL,NULL,'Activa'),(121,10,NULL,79,'2025-12-24',NULL,'CONTADO','Anulación venta #79 - Cliente: Josue Delgado - Motivo: sfsadfasdfasdf',1,1,NULL,NULL,1,'2025-12-24 11:46:33',NULL,NULL,'Activa'),(122,2,NULL,81,'2025-12-24',NULL,'CONTADO','Venta realizada',1,1,NULL,NULL,1,'2025-12-24 13:41:07',NULL,NULL,'Activa'),(123,10,NULL,69,'2025-12-24',NULL,'CONTADO','Anulación venta #69 - Cliente: Fared - Motivo: asdasdasdasda',1,1,NULL,NULL,1,'2025-12-24 15:13:18',NULL,NULL,'Activa'),(124,2,NULL,82,'2025-12-24',NULL,'CREDITO','Venta realizada | ANULADO: adasdasdasd',1,1,NULL,NULL,1,'2025-12-24 15:16:17','2025-12-24 15:16:52',1,'Anulada'),(125,10,NULL,82,'2025-12-24',NULL,'CONTADO','Anulación venta #82 - Cliente: Fared - Motivo: adasdasdasd',1,1,NULL,NULL,1,'2025-12-24 15:16:52',NULL,NULL,'Activa'),(126,2,NULL,83,'2025-12-24',NULL,'CONTADO','Venta realizada',1,1,NULL,NULL,1,'2025-12-24 15:17:30',NULL,NULL,'Activa'),(127,2,NULL,84,'2025-12-24',NULL,'CREDITO','Venta realizada | ANULADO: fdgsdfgsdfg',1,1,NULL,NULL,1,'2025-12-24 15:20:48','2025-12-24 15:21:37',1,'Anulada'),(128,10,NULL,84,'2025-12-24',NULL,'CONTADO','Anulación venta #84 - Cliente: Jorges - Motivo: fdgsdfgsdfg',1,1,NULL,NULL,1,'2025-12-24 15:21:37',NULL,NULL,'Activa'),(129,2,NULL,85,'2025-12-26',NULL,'CREDITO','Venta realizada | ANULADO: dfsfsdfsdfsd',1,1,NULL,NULL,1,'2025-12-26 09:20:51','2025-12-26 09:21:15',1,'Anulada'),(130,10,NULL,85,'2025-12-26',NULL,'CONTADO','Anulación venta #85 - Cliente: Jonathan - Motivo: dfsfsdfsdfsd',1,1,NULL,NULL,1,'2025-12-26 09:21:15',NULL,NULL,'Activa'),(131,2,NULL,86,'2025-12-26',NULL,'CONTADO','Venta realizada',1,1,NULL,NULL,6,'2025-12-26 12:08:51',NULL,NULL,'Activa'),(132,2,NULL,87,'2025-12-26',NULL,'CONTADO','Venta realizada',1,1,NULL,NULL,6,'2025-12-26 12:15:00',NULL,NULL,'Activa'),(133,2,NULL,88,'2025-12-27',NULL,'CONTADO','Venta realizada',1,1,NULL,NULL,6,'2025-12-27 14:26:26',NULL,NULL,'Activa'),(134,2,NULL,89,'2025-12-27',NULL,'CONTADO','Venta realizada',1,1,NULL,NULL,6,'2025-12-27 15:22:20',NULL,NULL,'Activa'),(135,1,'',NULL,'2025-12-29',2,'CONTADO','',1,1,NULL,NULL,6,'2025-12-29 14:19:38',NULL,6,'Activa'),(136,2,NULL,90,'2025-12-30',NULL,'CONTADO','Venta realizada',1,1,NULL,NULL,6,'2025-12-30 11:05:05',NULL,NULL,'Activa'),(137,2,NULL,91,'2025-12-30',NULL,'CONTADO','Venta realizada',1,1,NULL,NULL,6,'2025-12-30 11:25:23',NULL,NULL,'Activa'),(138,2,NULL,92,'2025-12-30',NULL,'CONTADO','Venta realizada',1,1,NULL,NULL,1,'2025-12-30 11:53:31',NULL,NULL,'Activa'),(139,2,NULL,93,'2025-12-30',NULL,'CONTADO','Venta realizada',1,1,NULL,NULL,1,'2025-12-30 11:54:42',NULL,NULL,'Activa'),(140,2,NULL,94,'2025-12-30',NULL,'CONTADO','Venta realizada',1,1,NULL,NULL,6,'2025-12-30 15:14:06',NULL,NULL,'Activa'),(141,2,NULL,95,'2026-01-02',NULL,'CONTADO','Venta realizada | ANULADO: sipi comprendo todo',1,1,NULL,NULL,1,'2026-01-02 18:07:09','2026-01-02 18:12:45',1,'Anulada'),(142,10,NULL,95,'2026-01-02',NULL,'CONTADO','Anulación venta #95 - Cliente: Fared - Motivo: sipi comprendo todo',1,1,NULL,NULL,1,'2026-01-02 18:12:45',NULL,NULL,'Activa'),(143,2,NULL,96,'2026-01-05',NULL,'CONTADO','Venta realizada',1,1,NULL,NULL,1,'2026-01-05 15:41:00',NULL,NULL,'Activa'),(144,2,NULL,97,'2026-01-05',NULL,'CONTADO','Venta realizada | ANULADO: Error en la venta',1,1,NULL,NULL,1,'2026-01-05 16:39:28','2026-01-05 16:39:55',1,'Anulada'),(145,10,NULL,97,'2026-01-05',NULL,'CONTADO','Anulación venta #97 - Cliente: Clientes Varios - Motivo: Error en la venta',1,1,NULL,NULL,1,'2026-01-05 16:39:55',NULL,NULL,'Activa'),(146,2,NULL,98,'2026-01-06',NULL,'CONTADO','Venta realizada',1,1,NULL,NULL,6,'2026-01-06 08:35:53',NULL,NULL,'Activa'),(147,2,NULL,99,'2026-01-06',NULL,'CONTADO','Venta realizada',1,1,NULL,NULL,6,'2026-01-06 08:37:02',NULL,NULL,'Activa'),(148,2,NULL,100,'2026-01-06',NULL,'CONTADO','Venta realizada | ANULADO: ingreso mal de datos',1,1,NULL,NULL,6,'2026-01-06 08:38:36','2026-01-06 08:39:05',6,'Anulada'),(149,10,NULL,100,'2026-01-06',NULL,'CONTADO','Anulación venta #100 - Cliente: Fared - Motivo: ingreso mal de datos',1,1,NULL,NULL,6,'2026-01-06 08:39:05',NULL,NULL,'Activa'),(150,2,NULL,101,'2026-01-06',NULL,'CONTADO','Venta realizada | ANULADO: asdasdasdas',1,1,NULL,NULL,6,'2026-01-06 08:44:04','2026-01-06 08:44:21',6,'Anulada'),(151,10,NULL,101,'2026-01-06',NULL,'CONTADO','Anulación venta #101 - Cliente: Clientes Varios - Motivo: asdasdasdas',1,1,NULL,NULL,6,'2026-01-06 08:44:21',NULL,NULL,'Activa'),(152,2,NULL,102,'2026-01-06',NULL,'CONTADO','Venta realizada | ANULADO: JAJAJAJAJA',1,1,NULL,NULL,6,'2026-01-06 08:45:38','2026-01-06 08:46:03',6,'Anulada'),(153,10,NULL,102,'2026-01-06',NULL,'CONTADO','Anulación venta #102 - Cliente: Clientes Varios - Motivo: JAJAJAJAJA',1,1,NULL,NULL,6,'2026-01-06 08:46:03',NULL,NULL,'Activa'),(154,2,NULL,103,'2026-01-06',NULL,'CONTADO','Venta realizada',1,1,NULL,NULL,6,'2026-01-06 08:48:43',NULL,NULL,'Activa'),(155,2,NULL,104,'2026-01-06',NULL,'CONTADO','Venta realizada | ANULADO: mal ingreso de cantidad de producto',1,1,NULL,NULL,6,'2026-01-06 09:11:31','2026-01-06 09:13:22',6,'Anulada'),(156,10,NULL,104,'2026-01-06',NULL,'CONTADO','Anulación venta #104 - Cliente: Jahir - Motivo: mal ingreso de cantidad de producto',1,1,NULL,NULL,6,'2026-01-06 09:13:22',NULL,NULL,'Activa'),(157,2,NULL,105,'2026-01-06',NULL,'CONTADO','Venta realizada',1,1,NULL,NULL,6,'2026-01-06 10:52:58',NULL,NULL,'Activa'),(158,2,NULL,106,'2026-01-06',NULL,'CONTADO','Venta realizada',1,1,NULL,NULL,6,'2026-01-06 13:42:30',NULL,NULL,'Activa'),(159,1,'',NULL,'2026-01-06',NULL,'CONTADO','',1,1,NULL,NULL,6,'2026-01-06 13:50:37',NULL,6,'Activa'),(160,2,NULL,107,'2026-01-06',NULL,'CONTADO','Venta realizada',1,1,NULL,NULL,6,'2026-01-06 14:41:34',NULL,NULL,'Activa'),(161,2,NULL,108,'2026-01-07',NULL,'CONTADO','Venta realizada',1,1,NULL,NULL,6,'2026-01-07 08:13:21',NULL,NULL,'Activa'),(162,2,NULL,109,'2026-01-07',NULL,'CONTADO','Venta realizada',1,1,NULL,NULL,6,'2026-01-07 13:39:07',NULL,NULL,'Activa'),(163,2,NULL,110,'2026-01-07',NULL,'CONTADO','Venta realizada',1,1,NULL,NULL,6,'2026-01-07 13:40:53',NULL,NULL,'Activa'),(164,2,NULL,111,'2026-01-07',NULL,'CONTADO','Venta realizada',1,1,NULL,NULL,1,'2026-01-07 14:03:29',NULL,NULL,'Activa'),(165,2,NULL,112,'2026-01-07',NULL,'CONTADO','Venta realizada',1,1,NULL,NULL,1,'2026-01-07 14:08:44',NULL,NULL,'Activa'),(166,2,NULL,113,'2026-01-07',NULL,'CONTADO','Venta realizada',1,1,NULL,NULL,1,'2026-01-07 14:12:27',NULL,NULL,'Activa'),(167,2,NULL,114,'2026-01-07',NULL,'CONTADO','Venta realizada',1,1,NULL,NULL,1,'2026-01-07 14:13:28',NULL,NULL,'Activa'),(168,2,NULL,115,'2026-01-07',NULL,'CONTADO','Venta realizada',1,1,NULL,NULL,1,'2026-01-07 14:21:35',NULL,NULL,'Activa'),(169,2,NULL,116,'2026-01-07',NULL,'CONTADO','Venta realizada',1,1,NULL,NULL,1,'2026-01-07 15:07:01',NULL,NULL,'Activa'),(170,2,NULL,117,'2026-01-07',NULL,'CONTADO','Venta realizada',1,1,NULL,NULL,1,'2026-01-07 15:16:57',NULL,NULL,'Activa'),(171,2,NULL,118,'2026-01-07',NULL,'CONTADO','Venta realizada',1,1,NULL,NULL,1,'2026-01-07 15:37:00',NULL,NULL,'Activa'),(172,2,NULL,119,'2026-01-07',NULL,'CONTADO','Venta realizada',1,1,NULL,NULL,1,'2026-01-07 15:46:12',NULL,NULL,'Activa'),(173,2,NULL,120,'2026-01-07',NULL,'CONTADO','Venta realizada | ANULADO: mal ingreso de datos',1,1,NULL,NULL,1,'2026-01-07 15:50:27','2026-01-07 15:51:16',1,'Anulada'),(174,10,NULL,120,'2026-01-07',NULL,'CONTADO','Anulación venta #120 - Cliente: Jorges - Motivo: mal ingreso de datos',1,1,NULL,NULL,1,'2026-01-07 15:51:16',NULL,NULL,'Activa'),(175,2,NULL,121,'2026-01-07',NULL,'CONTADO','Venta realizada | ANULADO: venta incorrecta',1,1,NULL,NULL,1,'2026-01-07 16:14:59','2026-01-07 16:15:30',1,'Anulada'),(176,10,NULL,121,'2026-01-07',NULL,'CONTADO','Anulación venta #121 - Cliente: Clientes Varios - Motivo: venta incorrecta',1,1,NULL,NULL,1,'2026-01-07 16:15:30',NULL,NULL,'Activa'),(177,2,NULL,122,'2026-01-08',NULL,'CONTADO','Venta realizada | ANULADO: error',1,1,NULL,NULL,1,'2026-01-08 09:04:30','2026-01-08 09:05:07',1,'Anulada'),(178,10,NULL,122,'2026-01-08',NULL,'CONTADO','Anulación venta #122 - Cliente: Clientes Varios - Motivo: error',1,1,NULL,NULL,1,'2026-01-08 09:05:07',NULL,NULL,'Activa'),(179,2,NULL,123,'2026-01-08',NULL,'CONTADO','Venta realizada | ANULADO: sdfsdfsdfsdf',1,1,NULL,NULL,1,'2026-01-08 09:19:35','2026-01-08 09:21:00',1,'Anulada'),(180,10,NULL,123,'2026-01-08',NULL,'CONTADO','Anulación venta #123 - Cliente: Clientes Varios - Motivo: sdfsdfsdfsdf',1,1,NULL,NULL,1,'2026-01-08 09:21:00',NULL,NULL,'Activa'),(181,1,'prueba_381',NULL,'2026-01-08',NULL,'CONTADO','',1,1,NULL,NULL,1,'2026-01-08 10:07:44',NULL,1,'Activa'),(182,1,'',NULL,'2026-01-09',2,'CONTADO','',1,1,NULL,NULL,1,'2026-01-09 10:07:36',NULL,1,'Activa'),(183,2,NULL,124,'2026-01-09',NULL,'CONTADO','Venta realizada',1,1,NULL,NULL,1,'2026-01-09 13:26:51',NULL,NULL,'Activa');
/*!40000 ALTER TABLE `movimientos_inventario` ENABLE KEYS */;
UNLOCK TABLES;

--
-- Table structure for table `pagos_cuentascobrar`
--

DROP TABLE IF EXISTS `pagos_cuentascobrar`;
/*!40101 SET @saved_cs_client     = @@character_set_client */;
/*!50503 SET character_set_client = utf8mb4 */;
CREATE TABLE `pagos_cuentascobrar` (
  `ID_Pago` int NOT NULL AUTO_INCREMENT,
  `ID_Movimiento` int NOT NULL,
  `Fecha` datetime NOT NULL DEFAULT CURRENT_TIMESTAMP,
  `Monto` decimal(12,2) NOT NULL,
  `ID_MetodoPago` int NOT NULL,
  `Comentarios` text,
  `Detalles_Metodo` text,
  `ID_Usuario_Creacion` int DEFAULT NULL,
  PRIMARY KEY (`ID_Pago`),
  KEY `ID_Movimiento` (`ID_Movimiento`),
  KEY `ID_MetodoPago` (`ID_MetodoPago`),
  KEY `ID_Usuario_Creacion` (`ID_Usuario_Creacion`),
  CONSTRAINT `pagos_cuentascobrar_ibfk_1` FOREIGN KEY (`ID_Movimiento`) REFERENCES `cuentas_por_cobrar` (`ID_Movimiento`) ON DELETE CASCADE,
  CONSTRAINT `pagos_cuentascobrar_ibfk_2` FOREIGN KEY (`ID_MetodoPago`) REFERENCES `metodos_pago` (`ID_MetodoPago`),
  CONSTRAINT `pagos_cuentascobrar_ibfk_3` FOREIGN KEY (`ID_Usuario_Creacion`) REFERENCES `usuarios` (`ID_Usuario`)
) ENGINE=InnoDB AUTO_INCREMENT=21 DEFAULT CHARSET=utf8mb4 COLLATE=utf8mb4_0900_ai_ci;
/*!40101 SET character_set_client = @saved_cs_client */;

--
-- Dumping data for table `pagos_cuentascobrar`
--

LOCK TABLES `pagos_cuentascobrar` WRITE;
/*!40000 ALTER TABLE `pagos_cuentascobrar` DISABLE KEYS */;
INSERT INTO `pagos_cuentascobrar` VALUES (1,19,'2025-12-10 19:15:04',3200.00,1,'nada\r\n','23232',1),(2,20,'2025-12-22 23:31:35',19000.00,1,'ninguno','etc....',4),(3,1,'2025-12-26 15:41:19',800.00,1,'sfsdfsdf','primera prueba',6),(4,2,'2025-12-26 15:50:05',160.00,1,'sdfsdf','sdfsf',6),(5,4,'2025-12-26 15:56:10',900.00,1,'sdfsdfs','dfsdfsdfsdf',6),(6,23,'2025-12-27 14:36:24',1900.00,1,'N/A','Primer pago en efectivo',6),(7,13,'2025-12-27 14:49:55',11000.50,1,'N/A','primera prueba',6),(8,18,'2025-12-27 14:56:56',800.00,1,'n/a','primer pago en efectivo',6),(9,18,'2025-12-27 14:57:58',800.00,1,'N//A','Segundo pago',6),(10,3,'2025-12-27 15:19:04',140.00,1,'N/A','primer pago',6),(11,17,'2025-12-27 15:37:49',1000.00,1,'n/a','primer pago',6),(12,17,'2025-12-27 15:40:41',60.00,1,'n/a','Segundo pago',6),(13,17,'2025-12-27 15:41:33',300.00,1,'adasdasd','tercer pago',6),(14,16,'2025-12-29 13:46:59',7000.00,1,'nada','primer pago',6),(15,5,'2025-12-30 11:09:06',3240.00,1,'n/a','primera prueba',6),(16,17,'2026-01-05 15:41:42',400.00,1,'dasdasd','23232',1),(17,5,'2026-01-06 08:52:52',3000.00,1,'N/A','Segundo pago',6),(18,6,'2026-01-06 08:54:36',300.00,1,'N/A','primer pago',6),(19,6,'2026-01-06 08:56:12',340.00,1,'','',6),(20,7,'2026-01-07 08:18:08',810.00,1,'N/A','primer pago',6);
/*!40000 ALTER TABLE `pagos_cuentascobrar` ENABLE KEYS */;
UNLOCK TABLES;

--
-- Table structure for table `pagos_cuentaspagar`
--

DROP TABLE IF EXISTS `pagos_cuentaspagar`;
/*!40101 SET @saved_cs_client     = @@character_set_client */;
/*!50503 SET character_set_client = utf8mb4 */;
CREATE TABLE `pagos_cuentaspagar` (
  `ID_Pago` int NOT NULL AUTO_INCREMENT,
  `ID_Cuenta` int DEFAULT NULL,
  `Fecha` datetime DEFAULT NULL,
  `Monto` decimal(12,2) DEFAULT NULL,
  `ID_MetodoPago` int DEFAULT NULL,
  `Detalles_Metodo` text,
  `Comentarios` text,
  `ID_Usuario_Creacion` int DEFAULT NULL,
  PRIMARY KEY (`ID_Pago`),
  KEY `ID_Cuenta` (`ID_Cuenta`),
  KEY `ID_MetodoPago` (`ID_MetodoPago`),
  KEY `ID_Usuario_Creacion` (`ID_Usuario_Creacion`),
  CONSTRAINT `pagos_cuentaspagar_ibfk_1` FOREIGN KEY (`ID_Cuenta`) REFERENCES `cuentas_por_pagar` (`ID_Cuenta`),
  CONSTRAINT `pagos_cuentaspagar_ibfk_2` FOREIGN KEY (`ID_MetodoPago`) REFERENCES `metodos_pago` (`ID_MetodoPago`),
  CONSTRAINT `pagos_cuentaspagar_ibfk_3` FOREIGN KEY (`ID_Usuario_Creacion`) REFERENCES `usuarios` (`ID_Usuario`)
) ENGINE=InnoDB AUTO_INCREMENT=7 DEFAULT CHARSET=utf8mb4 COLLATE=utf8mb4_0900_ai_ci;
/*!40101 SET character_set_client = @saved_cs_client */;

--
-- Dumping data for table `pagos_cuentaspagar`
--

LOCK TABLES `pagos_cuentaspagar` WRITE;
/*!40000 ALTER TABLE `pagos_cuentaspagar` DISABLE KEYS */;
INSERT INTO `pagos_cuentaspagar` VALUES (1,1,'2025-11-16 00:00:00',10500.00,4,'dd','ddd',1),(2,1,'2025-12-20 00:00:00',10500.00,2,'23232','asdfghjkiuytre',1),(3,2,'2025-12-20 00:00:00',18000.00,1,'23232','',1),(4,3,'2025-12-22 00:00:00',12000.00,3,'1223562252','',1),(5,3,'2025-12-22 00:00:00',12000.00,1,'gvjhgvhgjh','',1),(6,4,'2025-12-23 00:00:00',7000.00,1,'ajsdasdasda','AAAAAAAA',1);
/*!40000 ALTER TABLE `pagos_cuentaspagar` ENABLE KEYS */;
UNLOCK TABLES;

--
-- Table structure for table `productos`
--

DROP TABLE IF EXISTS `productos`;
/*!40101 SET @saved_cs_client     = @@character_set_client */;
/*!50503 SET character_set_client = utf8mb4 */;
CREATE TABLE `productos` (
  `ID_Producto` int NOT NULL AUTO_INCREMENT,
  `COD_Producto` varchar(100) DEFAULT NULL,
  `Descripcion` varchar(255) NOT NULL,
  `Unidad_Medida` int DEFAULT NULL,
  `Estado` enum('activo','inactivo') DEFAULT 'activo',
  `ID_Categoria` int DEFAULT NULL,
  `Precio_Venta` decimal(12,2) DEFAULT NULL,
  `ID_Empresa` int DEFAULT NULL,
  `Fecha_Creacion` datetime DEFAULT CURRENT_TIMESTAMP,
  `Usuario_Creador` int DEFAULT NULL,
  `Stock_Minimo` decimal(12,2) DEFAULT '5.00',
  PRIMARY KEY (`ID_Producto`),
  KEY `Unidad_Medida` (`Unidad_Medida`),
  KEY `ID_Categoria` (`ID_Categoria`),
  KEY `ID_Empresa` (`ID_Empresa`),
  KEY `Usuario_Creador` (`Usuario_Creador`),
  CONSTRAINT `productos_ibfk_1` FOREIGN KEY (`Unidad_Medida`) REFERENCES `unidades_medida` (`ID_Unidad`),
  CONSTRAINT `productos_ibfk_2` FOREIGN KEY (`ID_Categoria`) REFERENCES `categorias_producto` (`ID_Categoria`),
  CONSTRAINT `productos_ibfk_3` FOREIGN KEY (`ID_Empresa`) REFERENCES `empresa` (`ID_Empresa`),
  CONSTRAINT `productos_ibfk_4` FOREIGN KEY (`Usuario_Creador`) REFERENCES `usuarios` (`ID_Usuario`)
) ENGINE=InnoDB AUTO_INCREMENT=13 DEFAULT CHARSET=utf8mb4 COLLATE=utf8mb4_0900_ai_ci;
/*!40101 SET character_set_client = @saved_cs_client */;

--
-- Dumping data for table `productos`
--

LOCK TABLES `productos` WRITE;
/*!40000 ALTER TABLE `productos` DISABLE KEYS */;
INSERT INTO `productos` VALUES (1,'HV-0001','Extra Grande Rojo',7,'',1,180.00,1,'2025-11-12 11:46:48',1,150.00),(2,'HV-0002','Grande Rojo',7,'activo',1,190.00,1,'2025-11-13 09:44:50',1,150.00),(3,'HV-0003','Mediano Rojo',7,'activo',1,160.00,1,'2025-11-13 22:33:45',1,100.00),(4,'HV-0004','Pequeño Rojo',7,'',1,140.00,1,'2025-11-13 23:08:12',1,150.00),(5,'HV-0005','Extra Grande Blanco',7,'activo',1,200.00,1,'2025-11-15 11:35:51',1,100.00),(6,'ALM-0008','Postura Max',2,'',4,1200.00,1,'2025-11-24 18:06:45',1,10.00),(7,'HV-0010','Extra Grande Rojo',7,'activo',1,200.00,1,'2025-11-25 11:31:07',1,20.00),(8,'HV-009','Pequeño quebrado',7,'activo',1,130.00,1,'2025-12-03 16:07:08',1,100.00),(9,'ALM-0011','Postura Max',2,'inactivo',4,1500.00,1,'2025-12-03 23:46:50',1,200.00),(10,'HV-0011','Grande Blanco',7,'activo',1,190.00,1,'2026-01-06 13:49:10',1,100.00),(11,'ME-0001','Separadores',1,'activo',7,3.50,1,'2026-01-07 09:28:44',1,2500.00),(12,'ALIM-001','Jaula pro',1,'activo',4,1250.00,1,'2026-01-07 14:19:43',1,10.00);
/*!40000 ALTER TABLE `productos` ENABLE KEYS */;
UNLOCK TABLES;

--
-- Table structure for table `proveedores`
--

DROP TABLE IF EXISTS `proveedores`;
/*!40101 SET @saved_cs_client     = @@character_set_client */;
/*!50503 SET character_set_client = utf8mb4 */;
CREATE TABLE `proveedores` (
  `ID_Proveedor` int NOT NULL AUTO_INCREMENT,
  `Nombre` varchar(255) NOT NULL,
  `Telefono` varchar(50) DEFAULT NULL,
  `Direccion` text,
  `RUC_CEDULA` varchar(50) DEFAULT NULL,
  `ID_Empresa` int DEFAULT NULL,
  `Estado` enum('ACTIVO','INACTIVO') DEFAULT 'ACTIVO',
  `Fecha_Creacion` datetime DEFAULT CURRENT_TIMESTAMP,
  `ID_Usuario_Creacion` int DEFAULT NULL,
  PRIMARY KEY (`ID_Proveedor`),
  KEY `ID_Empresa` (`ID_Empresa`),
  KEY `ID_Usuario_Creacion` (`ID_Usuario_Creacion`),
  CONSTRAINT `proveedores_ibfk_1` FOREIGN KEY (`ID_Empresa`) REFERENCES `empresa` (`ID_Empresa`),
  CONSTRAINT `proveedores_ibfk_2` FOREIGN KEY (`ID_Usuario_Creacion`) REFERENCES `usuarios` (`ID_Usuario`)
) ENGINE=InnoDB AUTO_INCREMENT=4 DEFAULT CHARSET=utf8mb4 COLLATE=utf8mb4_0900_ai_ci;
/*!40101 SET character_set_client = @saved_cs_client */;

--
-- Dumping data for table `proveedores`
--

LOCK TABLES `proveedores` WRITE;
/*!40000 ALTER TABLE `proveedores` DISABLE KEYS */;
INSERT INTO `proveedores` VALUES (1,'Huevos Barrancas','89562374','Nindiri, Masaya','E78522CS5544',1,'ACTIVO','2025-10-31 15:39:27',1),(2,'Granjero','89563214','nindire','',1,'ACTIVO','2025-11-23 20:07:05',1),(3,'Yema de Oro','85236974','sdfdfs','E78LK2635',1,'ACTIVO','2025-11-24 18:03:43',1);
/*!40000 ALTER TABLE `proveedores` ENABLE KEYS */;
UNLOCK TABLES;

--
-- Table structure for table `roles`
--

DROP TABLE IF EXISTS `roles`;
/*!40101 SET @saved_cs_client     = @@character_set_client */;
/*!50503 SET character_set_client = utf8mb4 */;
CREATE TABLE `roles` (
  `ID_Rol` int NOT NULL AUTO_INCREMENT,
  `Nombre_Rol` varchar(255) NOT NULL,
  PRIMARY KEY (`ID_Rol`)
) ENGINE=InnoDB AUTO_INCREMENT=3 DEFAULT CHARSET=utf8mb4 COLLATE=utf8mb4_0900_ai_ci;
/*!40101 SET character_set_client = @saved_cs_client */;

--
-- Dumping data for table `roles`
--

LOCK TABLES `roles` WRITE;
/*!40000 ALTER TABLE `roles` DISABLE KEYS */;
INSERT INTO `roles` VALUES (1,'Administrador'),(2,'Jefe Galera');
/*!40000 ALTER TABLE `roles` ENABLE KEYS */;
UNLOCK TABLES;

--
-- Table structure for table `unidades_medida`
--

DROP TABLE IF EXISTS `unidades_medida`;
/*!40101 SET @saved_cs_client     = @@character_set_client */;
/*!50503 SET character_set_client = utf8mb4 */;
CREATE TABLE `unidades_medida` (
  `ID_Unidad` int NOT NULL AUTO_INCREMENT,
  `Descripcion` varchar(255) NOT NULL,
  `Abreviatura` varchar(50) DEFAULT NULL,
  PRIMARY KEY (`ID_Unidad`)
) ENGINE=InnoDB AUTO_INCREMENT=10 DEFAULT CHARSET=utf8mb4 COLLATE=utf8mb4_0900_ai_ci;
/*!40101 SET character_set_client = @saved_cs_client */;

--
-- Dumping data for table `unidades_medida`
--

LOCK TABLES `unidades_medida` WRITE;
/*!40000 ALTER TABLE `unidades_medida` DISABLE KEYS */;
INSERT INTO `unidades_medida` VALUES (1,'Unidad','UND'),(2,'Kilogramo','KG'),(3,'Gramo','GR'),(4,'Litro','LT'),(5,'Metro','MT'),(6,'Caja','CJA'),(7,'Cajilla','CJI'),(8,'Paquete','PAQ'),(9,'Docena','DOC');
/*!40000 ALTER TABLE `unidades_medida` ENABLE KEYS */;
UNLOCK TABLES;

--
-- Table structure for table `usuarios`
--

DROP TABLE IF EXISTS `usuarios`;
/*!40101 SET @saved_cs_client     = @@character_set_client */;
/*!50503 SET character_set_client = utf8mb4 */;
CREATE TABLE `usuarios` (
  `ID_Usuario` int NOT NULL AUTO_INCREMENT,
  `NombreUsuario` varchar(255) NOT NULL,
  `Contraseña` varchar(255) NOT NULL,
  `ID_Rol` int DEFAULT NULL,
  `Estado` enum('ACTIVO','INACTIVO','BLOQUEADO','PENDIENTE') DEFAULT 'ACTIVO',
  `Fecha_Creacion` date DEFAULT (curdate()),
  `ID_Empresa` int NOT NULL,
  PRIMARY KEY (`ID_Usuario`),
  UNIQUE KEY `NombreUsuario` (`NombreUsuario`),
  KEY `ID_Rol` (`ID_Rol`),
  KEY `ID_Empresa` (`ID_Empresa`),
  CONSTRAINT `usuarios_ibfk_1` FOREIGN KEY (`ID_Rol`) REFERENCES `roles` (`ID_Rol`),
  CONSTRAINT `usuarios_ibfk_2` FOREIGN KEY (`ID_Empresa`) REFERENCES `empresa` (`ID_Empresa`)
) ENGINE=InnoDB AUTO_INCREMENT=8 DEFAULT CHARSET=utf8mb4 COLLATE=utf8mb4_0900_ai_ci;
/*!40101 SET character_set_client = @saved_cs_client */;

--
-- Dumping data for table `usuarios`
--

LOCK TABLES `usuarios` WRITE;
/*!40000 ALTER TABLE `usuarios` DISABLE KEYS */;
INSERT INTO `usuarios` VALUES (1,'Admin','scrypt:32768:8:1$YE2ZlcfqKZeVGLJd$ad87b14a145187f6aefa8e9e4c74e89108c49bb66e1bcf9c8417d8b8e9b32abf45424f7a51aaac88d9b843c5974de619de21ed6ea54a1d02c01e0728209bb3b0',1,'ACTIVO','2025-08-16',1),(2,'Fared','scrypt:32768:8:1$R2vbDqixaMrjZrGz$8fa2e8ba30e28257e00f54c4f9ed1693440af0389dde9791c8f15b31f91ae3e049c3c1c0f4119c89f9c457e46715b51b72d0de0ede4930fab5667daf5a8de373',2,'ACTIVO','2025-10-27',1),(3,'Fared@Avicola.com','scrypt:32768:8:1$o1tSL5Ky4vnr2Yx5$460a64da290850a0f915b55cb58587f4a251d46d3be44d2c12e0a7eded968ebd0bbe440512c263b60317fab5206d885d6e63f11556c802bd4d162101a9312926',1,'BLOQUEADO','2025-12-10',1),(4,'Fared_Delgado','scrypt:32768:8:1$MxpprIGUgAzVvSj2$6ace7059c74f5c485bc7a9cf36693b182101bde13bedd7650b4a7bfd40227c9b1fc1a092db306108a9f4c8da776d6a9446f8299db397b1c0b6cf4097867abf72',1,'BLOQUEADO','2025-12-12',1),(6,'Jahir','scrypt:32768:8:1$FM2o3tzX9gx7KjmO$cc7f420334144b7a063b1581c3a15507d33c93b5ff81d4467430e5b29b83c7abd2cd0704206d805ef106a7c1432ffca9ee1eef345277b391f4beab88331845d3',1,'ACTIVO','2025-12-26',1),(7,'Juan','scrypt:32768:8:1$ELYi3utnMJteQqy2$7b222de6c3a82086c04cf5a93188dc63904a0bd5e0e715f7c8fd67fda671d3d16805d39f471aeaf6c8b8dd0981e8ede5b977ea41dd3c7523b6b95dacfb99fc20',1,'ACTIVO','2025-12-30',1);
/*!40000 ALTER TABLE `usuarios` ENABLE KEYS */;
UNLOCK TABLES;

--
-- Dumping events for database 'db_ferdel'
--

--
-- Dumping routines for database 'db_ferdel'
--
/*!40103 SET TIME_ZONE=@OLD_TIME_ZONE */;

/*!40101 SET SQL_MODE=@OLD_SQL_MODE */;
/*!40014 SET FOREIGN_KEY_CHECKS=@OLD_FOREIGN_KEY_CHECKS */;
/*!40014 SET UNIQUE_CHECKS=@OLD_UNIQUE_CHECKS */;
/*!40101 SET CHARACTER_SET_CLIENT=@OLD_CHARACTER_SET_CLIENT */;
/*!40101 SET CHARACTER_SET_RESULTS=@OLD_CHARACTER_SET_RESULTS */;
/*!40101 SET COLLATION_CONNECTION=@OLD_COLLATION_CONNECTION */;
/*!40111 SET SQL_NOTES=@OLD_SQL_NOTES */;

-- Dump completed on 2026-01-09 13:42:22
