CREATE DATABASE  IF NOT EXISTS `db_ferdel` /*!40100 DEFAULT CHARACTER SET utf8mb4 COLLATE utf8mb4_0900_ai_ci */ /*!80016 DEFAULT ENCRYPTION='N' */;
USE `db_ferdel`;
-- MySQL dump 10.13  Distrib 8.0.43, for Win64 (x86_64)
--
-- Host: localhost    Database: db_ferdel
-- ------------------------------------------------------
-- Server version	9.4.0

/*!40101 SET @OLD_CHARACTER_SET_CLIENT=@@CHARACTER_SET_CLIENT */;
/*!40101 SET @OLD_CHARACTER_SET_RESULTS=@@CHARACTER_SET_RESULTS */;
/*!40101 SET @OLD_COLLATION_CONNECTION=@@COLLATION_CONNECTION */;
/*!50503 SET NAMES utf8 */;
/*!40103 SET @OLD_TIME_ZONE=@@TIME_ZONE */;
/*!40103 SET TIME_ZONE='+00:00' */;
/*!40014 SET @OLD_UNIQUE_CHECKS=@@UNIQUE_CHECKS, UNIQUE_CHECKS=0 */;
/*!40014 SET @OLD_FOREIGN_KEY_CHECKS=@@FOREIGN_KEY_CHECKS, FOREIGN_KEY_CHECKS=0 */;
/*!40101 SET @OLD_SQL_MODE=@@SQL_MODE, SQL_MODE='NO_AUTO_VALUE_ON_ZERO' */;
/*!40111 SET @OLD_SQL_NOTES=@@SQL_NOTES, SQL_NOTES=0 */;

--
-- Table structure for table `abonos_detalle`
--

DROP TABLE IF EXISTS `abonos_detalle`;
/*!40101 SET @saved_cs_client     = @@character_set_client */;
/*!50503 SET character_set_client = utf8mb4 */;
CREATE TABLE `abonos_detalle` (
  `ID_Detalle` int NOT NULL AUTO_INCREMENT,
  `ID_Movimiento_Caja` int NOT NULL,
  `ID_Asignacion` int NOT NULL COMMENT 'Ruta donde se recibió el abono',
  `ID_Usuario` int NOT NULL COMMENT 'Vendedor que registró el abono',
  `ID_Cliente` int NOT NULL,
  `ID_CuentaCobrar` int NOT NULL,
  `Monto_Aplicado` decimal(12,2) NOT NULL,
  `Saldo_Anterior` decimal(12,2) NOT NULL,
  `Saldo_Nuevo` decimal(12,2) NOT NULL,
  `Fecha` datetime DEFAULT CURRENT_TIMESTAMP,
  PRIMARY KEY (`ID_Detalle`),
  KEY `ID_Movimiento_Caja` (`ID_Movimiento_Caja`),
  KEY `ID_Asignacion` (`ID_Asignacion`),
  KEY `ID_Usuario` (`ID_Usuario`),
  KEY `ID_Cliente` (`ID_Cliente`),
  KEY `ID_CuentaCobrar` (`ID_CuentaCobrar`),
  KEY `idx_fecha_usuario_ruta` (`Fecha`,`ID_Usuario`,`ID_Asignacion`),
  CONSTRAINT `abonos_detalle_ibfk_1` FOREIGN KEY (`ID_Movimiento_Caja`) REFERENCES `movimientos_caja_ruta` (`ID_Movimiento`),
  CONSTRAINT `abonos_detalle_ibfk_2` FOREIGN KEY (`ID_Asignacion`) REFERENCES `asignacion_vendedores` (`ID_Asignacion`),
  CONSTRAINT `abonos_detalle_ibfk_3` FOREIGN KEY (`ID_Usuario`) REFERENCES `usuarios` (`ID_Usuario`),
  CONSTRAINT `abonos_detalle_ibfk_4` FOREIGN KEY (`ID_Cliente`) REFERENCES `clientes` (`ID_Cliente`),
  CONSTRAINT `abonos_detalle_ibfk_5` FOREIGN KEY (`ID_CuentaCobrar`) REFERENCES `cuentas_por_cobrar` (`ID_Movimiento`)
) ENGINE=InnoDB AUTO_INCREMENT=292 DEFAULT CHARSET=utf8mb4 COLLATE=utf8mb4_0900_ai_ci;
/*!40101 SET character_set_client = @saved_cs_client */;

--
-- Dumping data for table `abonos_detalle`
--

LOCK TABLES `abonos_detalle` WRITE;
/*!40000 ALTER TABLE `abonos_detalle` DISABLE KEYS */;
INSERT INTO `abonos_detalle` VALUES (1,1,22,12,2,9,1600.00,1600.00,0.00,'2026-02-26 15:45:30'),(2,1,22,12,2,11,1400.00,1440.00,40.00,'2026-02-26 15:45:30'),(3,2,22,12,2,11,40.00,40.00,0.00,'2026-02-26 15:50:58'),(4,2,22,12,2,14,1960.00,5700.00,3740.00,'2026-02-26 15:50:58'),(5,3,22,12,12,31,985.00,50300.00,49315.00,'2026-02-26 15:59:44'),(6,7,24,6,1,8,1440.00,1440.00,0.00,'2026-02-27 11:19:12'),(7,7,24,6,1,12,1060.00,1800.00,740.00,'2026-02-27 11:19:12'),(8,9,24,6,1,12,740.00,740.00,0.00,'2026-02-27 11:26:27'),(9,9,24,6,1,36,760.00,1250.00,490.00,'2026-02-27 11:26:27'),(10,10,24,6,1,36,30.00,490.00,460.00,'2026-02-27 11:36:20'),(11,11,24,6,1,36,400.00,460.00,60.00,'2026-02-27 11:51:22'),(12,12,24,6,1,36,60.00,60.00,0.00,'2026-02-27 12:01:31'),(13,12,24,6,1,37,240.00,370.00,130.00,'2026-02-27 12:01:31'),(14,13,24,6,1,37,130.00,130.00,0.00,'2026-02-27 13:35:39'),(15,13,24,6,1,38,70.00,175.00,105.00,'2026-02-27 13:35:39'),(16,16,24,6,1,38,105.00,105.00,0.00,'2026-02-27 13:54:27'),(17,16,24,6,1,39,295.00,505.00,210.00,'2026-02-27 13:54:27'),(18,18,24,6,1,39,100.00,210.00,110.00,'2026-02-27 14:07:15'),(19,20,24,6,1,39,110.00,110.00,0.00,'2026-02-27 14:19:03'),(20,20,24,6,1,41,60.00,175.00,115.00,'2026-02-27 14:19:03'),(21,22,24,6,1,41,115.00,115.00,0.00,'2026-02-27 14:23:07'),(22,22,24,6,1,42,165.00,165.00,0.00,'2026-02-27 14:23:07'),(23,22,24,6,1,43,80.00,720.00,640.00,'2026-02-27 14:23:07'),(24,25,24,6,1,43,300.00,640.00,340.00,'2026-02-27 14:51:14'),(25,27,23,12,4,40,200.00,355.00,155.00,'2026-02-27 14:53:52'),(26,29,23,12,4,40,155.00,155.00,0.00,'2026-02-27 14:59:57'),(27,29,23,12,4,45,245.00,1225.00,980.00,'2026-02-27 14:59:57'),(28,34,26,6,2,14,1000.00,3740.00,2740.00,'2026-03-04 08:54:07'),(29,36,26,6,2,14,1500.00,2740.00,1240.00,'2026-03-04 10:57:04'),(30,44,26,6,2,14,500.00,1240.00,740.00,'2026-03-04 15:04:01'),(31,69,30,12,1,43,340.00,340.00,0.00,'2026-03-09 10:32:58'),(32,69,30,12,1,44,360.00,360.00,0.00,'2026-03-09 10:32:58'),(33,69,30,12,1,46,200.00,540.00,340.00,'2026-03-09 10:32:58'),(34,71,30,12,1,46,340.00,340.00,0.00,'2026-03-09 10:50:35'),(35,71,30,12,1,53,660.00,1750.00,1090.00,'2026-03-09 10:50:35'),(36,73,30,12,1,53,400.00,1090.00,690.00,'2026-03-09 10:56:14'),(37,76,30,12,1,53,690.00,690.00,0.00,'2026-03-09 12:10:39'),(38,76,30,12,1,54,310.00,360.00,50.00,'2026-03-09 12:10:39'),(39,78,30,12,1,54,50.00,50.00,0.00,'2026-03-09 13:34:38'),(40,78,30,12,1,55,180.00,180.00,0.00,'2026-03-09 13:34:38'),(41,78,30,12,1,56,490.00,540.00,50.00,'2026-03-09 13:34:38'),(42,80,30,12,1,56,50.00,50.00,0.00,'2026-03-09 13:40:04'),(43,80,30,12,1,57,140.00,950.00,810.00,'2026-03-09 13:40:04'),(44,82,30,12,1,57,380.00,810.00,430.00,'2026-03-09 14:24:44'),(45,84,30,12,1,57,360.00,430.00,70.00,'2026-03-09 14:32:01'),(46,86,30,12,1,57,70.00,70.00,0.00,'2026-03-09 14:33:38'),(47,86,30,12,1,58,190.00,190.00,0.00,'2026-03-09 14:33:38'),(48,86,30,12,1,59,120.00,760.00,640.00,'2026-03-09 14:33:38'),(49,88,30,12,1,59,190.00,640.00,450.00,'2026-03-09 14:46:29'),(50,94,30,12,1,59,450.00,450.00,0.00,'2026-03-09 15:46:11'),(51,94,30,12,1,60,50.00,180.00,130.00,'2026-03-09 15:46:11'),(52,97,31,6,2,14,740.00,740.00,0.00,'2026-03-10 11:46:10'),(53,97,31,6,2,16,230.00,3200.00,2970.00,'2026-03-10 11:46:10'),(54,103,31,6,12,31,20000.00,49315.00,29315.00,'2026-03-10 15:15:13'),(55,110,32,6,2,16,2000.00,2970.00,970.00,'2026-03-11 10:38:43'),(56,112,32,6,2,16,970.00,970.00,0.00,'2026-03-11 10:42:39'),(57,112,32,6,2,34,375.00,375.00,0.00,'2026-03-11 10:42:39'),(58,112,32,6,2,35,190.00,190.00,0.00,'2026-03-11 10:42:39'),(59,112,32,6,2,49,190.00,190.00,0.00,'2026-03-11 10:42:39'),(60,112,32,6,2,50,190.00,190.00,0.00,'2026-03-11 10:42:39'),(61,112,32,6,2,51,190.00,190.00,0.00,'2026-03-11 10:42:39'),(62,112,32,6,2,52,175.00,175.00,0.00,'2026-03-11 10:42:39'),(63,112,32,6,2,64,720.00,720.00,0.00,'2026-03-11 10:42:39'),(64,114,32,6,2,65,245.00,950.00,705.00,'2026-03-11 12:07:23'),(65,116,32,6,12,31,29315.00,29315.00,0.00,'2026-03-11 12:12:19'),(66,116,32,6,12,32,1125.00,1125.00,0.00,'2026-03-11 12:12:19'),(67,116,32,6,12,33,190.00,190.00,0.00,'2026-03-11 12:12:19'),(68,116,32,6,12,68,8515.00,8515.00,0.00,'2026-03-11 12:12:19'),(69,116,32,6,12,72,855.00,1850.00,995.00,'2026-03-11 12:12:19'),(70,122,33,6,2,65,705.00,705.00,0.00,'2026-03-12 11:48:45'),(71,122,33,6,2,66,2040.00,2040.00,0.00,'2026-03-12 11:48:45'),(72,122,33,6,2,69,1850.00,1850.00,0.00,'2026-03-12 11:48:45'),(73,122,33,6,2,70,405.00,555.00,150.00,'2026-03-12 11:48:45'),(74,126,33,6,12,72,995.00,995.00,0.00,'2026-03-12 13:34:25'),(75,126,33,6,12,75,5.00,190.00,185.00,'2026-03-12 13:34:25'),(76,130,33,6,2,70,150.00,150.00,0.00,'2026-03-12 14:21:08'),(77,130,33,6,2,71,850.00,1850.00,1000.00,'2026-03-12 14:21:08'),(78,132,33,6,2,71,1000.00,1000.00,0.00,'2026-03-12 14:45:18'),(79,135,34,6,2,73,2000.00,2575.00,575.00,'2026-03-13 10:19:22'),(80,137,34,6,12,75,185.00,185.00,0.00,'2026-03-13 10:23:55'),(81,137,34,6,12,76,1405.00,1750.00,345.00,'2026-03-13 10:23:55'),(82,140,34,6,12,76,165.00,345.00,180.00,'2026-03-13 11:45:45'),(83,142,34,6,2,73,575.00,575.00,0.00,'2026-03-13 11:48:30'),(84,142,34,6,2,74,125.00,380.00,255.00,'2026-03-13 11:48:30'),(85,144,34,6,12,76,180.00,180.00,0.00,'2026-03-13 13:33:04'),(86,144,34,6,12,77,120.00,180.00,60.00,'2026-03-13 13:33:04'),(87,156,34,6,12,77,60.00,60.00,0.00,'2026-03-13 15:06:54'),(88,156,34,6,12,81,440.00,2475.00,2035.00,'2026-03-13 15:06:54'),(89,166,35,6,12,81,1000.00,2035.00,1035.00,'2026-03-16 12:05:34'),(90,168,35,6,12,81,1000.00,1035.00,35.00,'2026-03-16 14:30:48'),(91,170,35,6,12,81,35.00,35.00,0.00,'2026-03-16 14:31:23'),(92,170,35,6,12,82,165.00,165.00,0.00,'2026-03-16 14:31:23'),(93,170,35,6,12,84,800.00,825.00,25.00,'2026-03-16 14:31:23'),(94,177,36,6,12,84,25.00,25.00,0.00,'2026-03-17 13:55:58'),(95,177,36,6,12,85,185.00,185.00,0.00,'2026-03-17 13:55:58'),(96,177,36,6,12,86,185.00,185.00,0.00,'2026-03-17 13:55:58'),(97,177,36,6,12,87,185.00,185.00,0.00,'2026-03-17 13:55:58'),(98,177,36,6,12,88,185.00,185.00,0.00,'2026-03-17 13:55:58'),(99,177,36,6,12,89,185.00,185.00,0.00,'2026-03-17 13:55:58'),(100,177,36,6,12,90,50.00,185.00,135.00,'2026-03-17 13:55:58'),(101,181,36,6,12,90,135.00,135.00,0.00,'2026-03-17 14:46:44'),(102,181,36,6,12,91,185.00,185.00,0.00,'2026-03-17 14:46:44'),(103,181,36,6,12,92,185.00,185.00,0.00,'2026-03-17 14:46:44'),(104,181,36,6,12,93,185.00,185.00,0.00,'2026-03-17 14:46:44'),(105,181,36,6,12,94,185.00,185.00,0.00,'2026-03-17 14:46:44'),(106,181,36,6,12,95,125.00,165.00,40.00,'2026-03-17 14:46:44'),(107,184,37,6,12,95,40.00,40.00,0.00,'2026-03-18 10:40:23'),(108,184,37,6,12,96,165.00,165.00,0.00,'2026-03-18 10:40:23'),(109,184,37,6,12,97,165.00,165.00,0.00,'2026-03-18 10:40:23'),(110,184,37,6,12,98,495.00,495.00,0.00,'2026-03-18 10:40:23'),(111,184,37,6,12,99,135.00,1650.00,1515.00,'2026-03-18 10:40:23'),(112,207,37,6,12,99,990.00,1515.00,525.00,'2026-03-18 15:17:42'),(113,209,37,6,12,99,525.00,525.00,0.00,'2026-03-18 15:29:52'),(114,209,37,6,12,100,1650.00,1650.00,0.00,'2026-03-18 15:29:52'),(115,209,37,6,12,101,825.00,1650.00,825.00,'2026-03-18 15:29:52'),(116,214,38,6,12,101,825.00,825.00,0.00,'2026-03-19 11:36:22'),(117,214,38,6,12,102,175.00,190.00,15.00,'2026-03-19 11:36:22'),(118,229,39,6,12,102,15.00,15.00,0.00,'2026-03-20 09:48:25'),(119,229,39,6,12,103,190.00,190.00,0.00,'2026-03-20 09:48:25'),(120,229,39,6,12,104,190.00,190.00,0.00,'2026-03-20 09:48:25'),(121,229,39,6,12,105,190.00,190.00,0.00,'2026-03-20 09:48:25'),(122,229,39,6,12,106,190.00,190.00,0.00,'2026-03-20 09:48:25'),(123,229,39,6,12,107,190.00,190.00,0.00,'2026-03-20 09:48:25'),(124,229,39,6,12,108,35.00,190.00,155.00,'2026-03-20 09:48:25'),(125,231,39,6,12,108,155.00,155.00,0.00,'2026-03-20 09:55:02'),(126,231,39,6,12,109,190.00,190.00,0.00,'2026-03-20 09:55:02'),(127,231,39,6,12,110,190.00,190.00,0.00,'2026-03-20 09:55:02'),(128,231,39,6,12,111,190.00,190.00,0.00,'2026-03-20 09:55:02'),(129,231,39,6,12,113,190.00,190.00,0.00,'2026-03-20 09:55:02'),(130,231,39,6,12,116,85.00,185.00,100.00,'2026-03-20 09:55:02'),(131,232,39,6,2,74,255.00,255.00,0.00,'2026-03-20 13:56:57'),(132,232,39,6,2,78,190.00,190.00,0.00,'2026-03-20 13:56:57'),(133,232,39,6,2,79,570.00,570.00,0.00,'2026-03-20 13:56:57'),(134,232,39,6,2,80,1850.00,1850.00,0.00,'2026-03-20 13:56:57'),(135,232,39,6,2,83,135.00,165.00,30.00,'2026-03-20 13:56:57'),(136,233,39,6,12,116,100.00,100.00,0.00,'2026-03-20 13:56:58'),(137,233,39,6,12,117,65.00,900.00,835.00,'2026-03-20 13:56:58'),(138,234,39,6,6,67,175.00,185.00,10.00,'2026-03-20 14:15:09'),(139,237,39,6,12,117,835.00,835.00,0.00,'2026-03-20 14:29:02'),(140,237,39,6,12,118,165.00,11900.00,11735.00,'2026-03-20 14:29:02'),(141,240,39,6,12,118,5350.00,11735.00,6385.00,'2026-03-20 14:35:55'),(142,243,39,6,12,118,2000.00,6385.00,4385.00,'2026-03-20 15:19:48'),(143,255,40,6,12,118,4000.00,4385.00,385.00,'2026-03-23 10:52:42'),(144,263,40,6,12,118,385.00,385.00,0.00,'2026-03-23 14:59:12'),(145,263,40,6,12,119,1850.00,1850.00,0.00,'2026-03-23 14:59:12'),(146,263,40,6,12,120,190.00,190.00,0.00,'2026-03-23 14:59:12'),(147,263,40,6,12,121,1710.00,1710.00,0.00,'2026-03-23 14:59:12'),(148,263,40,6,12,122,1750.00,1750.00,0.00,'2026-03-23 14:59:12'),(149,263,40,6,12,126,1815.00,5700.00,3885.00,'2026-03-23 14:59:12'),(150,267,40,6,12,126,2000.00,3885.00,1885.00,'2026-03-23 15:28:07'),(151,276,41,6,12,126,1885.00,1885.00,0.00,'2026-03-24 09:09:49'),(152,276,41,6,12,127,1850.00,1850.00,0.00,'2026-03-24 09:09:49'),(153,276,41,6,12,128,175.00,175.00,0.00,'2026-03-24 09:09:49'),(154,276,41,6,12,129,185.00,185.00,0.00,'2026-03-24 09:09:49'),(155,276,41,6,12,130,905.00,925.00,20.00,'2026-03-24 09:09:49'),(156,283,41,6,12,130,20.00,20.00,0.00,'2026-03-24 10:07:48'),(157,283,41,6,12,131,740.00,740.00,0.00,'2026-03-24 10:07:48'),(158,283,41,6,12,133,190.00,190.00,0.00,'2026-03-24 10:07:48'),(159,283,41,6,12,135,50.00,175.00,125.00,'2026-03-24 10:07:48'),(160,285,41,6,12,135,125.00,125.00,0.00,'2026-03-24 12:05:44'),(161,285,41,6,12,136,175.00,175.00,0.00,'2026-03-24 12:05:44'),(162,285,41,6,12,138,175.00,175.00,0.00,'2026-03-24 12:05:44'),(163,285,41,6,12,139,190.00,190.00,0.00,'2026-03-24 12:05:44'),(164,285,41,6,12,140,135.00,190.00,55.00,'2026-03-24 12:05:44'),(165,287,41,6,2,83,30.00,30.00,0.00,'2026-03-24 13:28:17'),(166,287,41,6,2,112,190.00,190.00,0.00,'2026-03-24 13:28:17'),(167,287,41,6,2,114,2220.00,2220.00,0.00,'2026-03-24 13:28:17'),(168,287,41,6,2,115,1560.00,1900.00,340.00,'2026-03-24 13:28:17'),(169,289,41,6,12,140,55.00,55.00,0.00,'2026-03-24 13:49:23'),(170,289,41,6,12,142,130.00,190.00,60.00,'2026-03-24 13:49:23'),(171,296,41,6,12,142,60.00,60.00,0.00,'2026-03-24 15:43:48'),(172,296,41,6,12,143,190.00,190.00,0.00,'2026-03-24 15:43:48'),(173,296,41,6,12,144,5625.00,5625.00,0.00,'2026-03-24 15:43:48'),(174,296,41,6,12,145,2125.00,6500.00,4375.00,'2026-03-24 15:43:48'),(175,301,41,6,5,173,180.00,180.00,0.00,'2026-03-24 16:04:39'),(176,301,41,6,5,174,120.00,180.00,60.00,'2026-03-24 16:04:39'),(177,305,45,6,2,115,340.00,340.00,0.00,'2026-03-25 13:46:56'),(178,305,45,6,2,123,965.00,1800.00,835.00,'2026-03-25 13:46:56'),(179,307,45,6,6,67,10.00,10.00,0.00,'2026-03-25 13:50:18'),(180,307,45,6,6,125,180.00,180.00,0.00,'2026-03-25 13:50:18'),(181,307,45,6,6,134,175.00,175.00,0.00,'2026-03-25 13:50:18'),(182,307,45,6,6,151,190.00,190.00,0.00,'2026-03-25 13:50:18'),(183,307,45,6,6,161,540.00,6500.00,5960.00,'2026-03-25 13:50:18'),(184,309,45,6,12,145,2750.00,4375.00,1625.00,'2026-03-25 14:00:59'),(185,311,45,6,6,161,800.00,5960.00,5160.00,'2026-03-25 14:16:10'),(186,314,45,6,5,174,60.00,60.00,0.00,'2026-03-25 14:20:18'),(187,314,45,6,5,175,180.00,180.00,0.00,'2026-03-25 14:20:18'),(188,314,45,6,5,176,1900.00,1900.00,0.00,'2026-03-25 14:20:18'),(189,314,45,6,5,181,800.00,3800.00,3000.00,'2026-03-25 14:20:18'),(190,317,46,6,12,145,1625.00,1625.00,0.00,'2026-03-26 08:59:18'),(191,317,46,6,12,147,225.00,1900.00,1675.00,'2026-03-26 08:59:18'),(192,320,46,6,12,147,1675.00,1675.00,0.00,'2026-03-26 09:20:50'),(193,320,46,6,12,148,2850.00,2850.00,0.00,'2026-03-26 09:20:50'),(194,320,46,6,12,149,190.00,190.00,0.00,'2026-03-26 09:20:50'),(195,320,46,6,12,150,2285.00,3700.00,1415.00,'2026-03-26 09:20:50'),(196,322,46,6,5,181,440.00,3000.00,2560.00,'2026-03-26 11:47:42'),(197,323,46,6,5,181,775.00,2560.00,1785.00,'2026-03-26 15:17:52'),(198,324,46,6,12,150,885.00,1415.00,530.00,'2026-03-26 15:21:33'),(199,325,46,6,5,181,1000.00,1785.00,785.00,'2026-03-27 08:46:24'),(200,327,47,12,12,150,530.00,530.00,0.00,'2026-03-27 11:05:52'),(201,327,47,12,12,153,1270.00,2775.00,1505.00,'2026-03-27 11:05:52'),(202,328,47,12,12,153,1000.00,1505.00,505.00,'2026-03-27 11:11:21'),(203,329,47,12,2,123,835.00,835.00,0.00,'2026-03-27 11:14:26'),(204,329,47,12,2,124,1750.00,1750.00,0.00,'2026-03-27 11:14:26'),(205,329,47,12,2,132,570.00,570.00,0.00,'2026-03-27 11:14:26'),(206,329,47,12,2,137,175.00,175.00,0.00,'2026-03-27 11:14:26'),(207,329,47,12,2,141,190.00,190.00,0.00,'2026-03-27 11:14:26'),(208,329,47,12,2,146,330.00,2035.00,1705.00,'2026-03-27 11:14:26'),(209,330,47,12,12,153,505.00,505.00,0.00,'2026-03-27 11:15:35'),(210,330,47,12,12,154,495.00,2775.00,2280.00,'2026-03-27 11:15:35'),(211,331,47,12,12,154,1000.00,2280.00,1280.00,'2026-03-27 11:21:51'),(212,332,47,12,12,154,1280.00,1280.00,0.00,'2026-03-27 11:51:37'),(213,332,47,12,12,155,190.00,190.00,0.00,'2026-03-27 11:51:37'),(214,332,47,12,12,157,380.00,1800.00,1420.00,'2026-03-27 11:51:37'),(215,333,47,12,12,157,1000.00,1420.00,420.00,'2026-03-27 11:52:19'),(216,334,47,12,6,161,1000.00,5160.00,4160.00,'2026-03-27 11:54:12'),(217,335,47,12,12,157,420.00,420.00,0.00,'2026-03-27 11:55:48'),(218,335,47,12,12,160,580.00,5525.00,4945.00,'2026-03-27 11:55:48'),(219,336,47,12,6,161,1000.00,4160.00,3160.00,'2026-03-27 12:12:39'),(220,337,47,12,5,181,785.00,785.00,0.00,'2026-03-27 12:13:32'),(221,337,47,12,5,185,215.00,3515.00,3300.00,'2026-03-27 12:13:32'),(222,338,47,12,2,146,1000.00,1705.00,705.00,'2026-03-27 12:16:53'),(223,339,47,12,5,185,1000.00,3300.00,2300.00,'2026-03-27 12:27:04'),(224,340,47,12,5,185,800.00,2300.00,1500.00,'2026-03-27 15:02:01'),(225,351,48,6,12,160,2445.00,2445.00,0.00,'2026-03-30 09:29:57'),(226,351,48,6,12,162,55.00,925.00,870.00,'2026-03-30 09:29:57'),(227,356,48,6,5,187,1650.00,1650.00,0.00,'2026-03-30 11:56:37'),(228,356,48,6,5,192,1900.00,1900.00,0.00,'2026-03-30 11:56:37'),(229,356,48,6,5,193,1750.00,1900.00,150.00,'2026-03-30 11:56:37'),(230,357,48,6,2,152,505.00,505.00,0.00,'2026-03-30 11:56:50'),(231,357,48,6,2,156,1850.00,1850.00,0.00,'2026-03-30 11:56:50'),(232,357,48,6,2,158,3495.00,3600.00,105.00,'2026-03-30 11:56:50'),(233,358,48,6,5,193,150.00,150.00,0.00,'2026-03-30 12:09:42'),(234,358,48,6,5,195,1335.00,5650.00,4315.00,'2026-03-30 12:09:42'),(235,359,48,6,2,158,105.00,105.00,0.00,'2026-03-30 12:09:47'),(236,359,48,6,2,159,895.00,2775.00,1880.00,'2026-03-30 12:09:47'),(237,360,48,6,5,195,480.00,4315.00,3835.00,'2026-03-30 14:10:30'),(238,361,48,6,5,195,3170.00,3835.00,665.00,'2026-03-30 14:10:31'),(239,362,48,6,5,195,665.00,665.00,0.00,'2026-03-30 14:56:06'),(240,362,48,6,5,196,1000.00,1900.00,900.00,'2026-03-30 14:56:06'),(241,363,48,6,5,196,900.00,900.00,0.00,'2026-03-30 14:58:44'),(242,363,48,6,5,197,285.00,6600.00,6315.00,'2026-03-30 14:58:44'),(243,364,48,6,5,197,950.00,6315.00,5365.00,'2026-03-30 15:16:02'),(244,365,48,6,5,197,235.00,5365.00,5130.00,'2026-03-30 15:16:02'),(245,366,48,6,5,197,1135.00,5130.00,3995.00,'2026-03-30 15:16:32'),(246,367,48,6,5,197,185.00,3995.00,3810.00,'2026-03-30 15:19:39'),(247,370,50,6,2,159,1880.00,1880.00,0.00,'2026-03-31 09:20:25'),(248,370,50,6,2,166,55.00,1520.00,1465.00,'2026-03-31 09:20:25'),(249,371,50,6,6,161,900.00,3160.00,2260.00,'2026-03-31 09:57:19'),(250,372,50,6,2,166,1465.00,1465.00,0.00,'2026-03-31 10:01:41'),(251,372,50,6,2,177,1435.00,1900.00,465.00,'2026-03-31 10:01:41'),(252,373,50,6,12,162,120.00,120.00,0.00,'2026-03-31 10:04:48'),(253,373,50,6,12,163,680.00,2635.00,1955.00,'2026-03-31 10:04:48'),(254,374,50,6,12,163,900.00,1955.00,1055.00,'2026-03-31 10:04:51'),(255,375,50,6,5,197,1900.00,3810.00,1910.00,'2026-03-31 10:19:18'),(256,376,50,6,5,197,190.00,1910.00,1720.00,'2026-03-31 10:19:21'),(257,377,50,6,5,197,1000.00,1720.00,720.00,'2026-03-31 10:56:50'),(258,378,50,6,12,163,1055.00,1055.00,0.00,'2026-03-31 13:16:43'),(259,378,50,6,12,164,135.00,1990.00,1855.00,'2026-03-31 13:16:43'),(260,381,51,6,6,161,2260.00,2260.00,0.00,'2026-04-01 09:23:35'),(261,381,51,6,6,170,180.00,180.00,0.00,'2026-04-01 09:23:35'),(262,381,51,6,6,171,210.00,1260.00,1050.00,'2026-04-01 09:23:35'),(263,384,51,6,12,164,1750.00,1855.00,105.00,'2026-04-01 13:52:10'),(264,386,51,6,2,190,1000.00,2315.00,1315.00,'2026-04-01 14:23:19'),(265,388,51,6,2,190,1000.00,1315.00,315.00,'2026-04-01 14:33:43'),(266,389,51,6,5,197,720.00,720.00,0.00,'2026-04-01 14:39:19'),(267,389,51,6,5,199,185.00,185.00,0.00,'2026-04-01 14:39:19'),(268,389,51,6,5,201,935.00,1480.00,545.00,'2026-04-01 14:39:19'),(269,396,51,6,12,168,875.00,875.00,0.00,'2026-04-01 15:19:18'),(270,396,51,6,12,172,125.00,3700.00,3575.00,'2026-04-01 15:19:18'),(271,399,51,6,5,201,545.00,545.00,0.00,'2026-04-01 15:22:57'),(272,399,51,6,5,202,455.00,5650.00,5195.00,'2026-04-01 15:22:57'),(273,400,51,6,12,172,3190.00,3575.00,385.00,'2026-04-01 15:26:12'),(274,402,53,12,6,171,1050.00,1050.00,0.00,'2026-04-13 09:23:08'),(275,402,53,12,6,178,2450.00,3600.00,1150.00,'2026-04-13 09:23:08'),(276,405,55,6,5,202,2195.00,2195.00,0.00,'2026-04-16 09:01:59'),(277,405,55,6,5,204,185.00,185.00,0.00,'2026-04-16 09:01:59'),(278,405,55,6,5,205,185.00,185.00,0.00,'2026-04-16 09:01:59'),(279,405,55,6,5,206,435.00,950.00,515.00,'2026-04-16 09:01:59'),(280,409,55,6,5,206,515.00,515.00,0.00,'2026-04-16 11:10:44'),(281,409,55,6,5,207,185.00,185.00,0.00,'2026-04-16 11:10:44'),(282,409,55,6,5,208,185.00,185.00,0.00,'2026-04-16 11:10:45'),(283,409,55,6,5,209,185.00,185.00,0.00,'2026-04-16 11:10:45'),(284,409,55,6,5,215,930.00,1900.00,970.00,'2026-04-16 11:10:45'),(285,411,55,6,5,215,970.00,970.00,0.00,'2026-04-16 11:47:34'),(286,411,55,6,5,216,190.00,190.00,0.00,'2026-04-16 11:47:34'),(287,411,55,6,5,217,190.00,190.00,0.00,'2026-04-16 11:47:34'),(288,411,55,6,5,220,150.00,3650.00,3500.00,'2026-04-16 11:47:34'),(289,424,61,12,6,180,1800.00,1800.00,0.00,'2026-04-24 11:26:06'),(290,424,61,12,6,211,1900.00,1900.00,0.00,'2026-04-24 11:26:06'),(291,424,61,12,6,219,3500.00,3650.00,150.00,'2026-04-24 11:26:06');
/*!40000 ALTER TABLE `abonos_detalle` ENABLE KEYS */;
UNLOCK TABLES;

--
-- Table structure for table `anticipos_clientes`
--

DROP TABLE IF EXISTS `anticipos_clientes`;
/*!40101 SET @saved_cs_client     = @@character_set_client */;
/*!50503 SET character_set_client = utf8mb4 */;
CREATE TABLE `anticipos_clientes` (
  `ID_Anticipo` int NOT NULL AUTO_INCREMENT,
  `ID_Cliente` int NOT NULL,
  `ID_Producto` int NOT NULL COMMENT 'Producto que cubre el anticipo',
  `Cantidad_Cajas` int NOT NULL COMMENT 'Total de cajas pagadas por adelantado',
  `Cajas_Consumidas` int NOT NULL DEFAULT '0',
  `Precio_Unitario` decimal(10,2) DEFAULT NULL,
  `Monto_Pagado` decimal(12,2) NOT NULL COMMENT 'Monto total del anticipo',
  `Saldo_Restante` decimal(12,2) NOT NULL COMMENT 'Monto remanente (se recalcula con precio actual)',
  `Fecha_Anticipo` datetime NOT NULL DEFAULT CURRENT_TIMESTAMP,
  `Fecha_Vencimiento` datetime DEFAULT NULL,
  `Estado` enum('ACTIVO','COMPLETADO','CANCELADO') DEFAULT 'ACTIVO',
  `Notas` text,
  PRIMARY KEY (`ID_Anticipo`),
  KEY `ID_Cliente` (`ID_Cliente`),
  KEY `ID_Producto` (`ID_Producto`),
  CONSTRAINT `anticipos_clientes_ibfk_1` FOREIGN KEY (`ID_Cliente`) REFERENCES `clientes` (`ID_Cliente`),
  CONSTRAINT `anticipos_clientes_ibfk_2` FOREIGN KEY (`ID_Producto`) REFERENCES `productos` (`ID_Producto`)
) ENGINE=InnoDB AUTO_INCREMENT=5 DEFAULT CHARSET=utf8mb4 COLLATE=utf8mb4_0900_ai_ci;
/*!40101 SET character_set_client = @saved_cs_client */;

--
-- Dumping data for table `anticipos_clientes`
--

LOCK TABLES `anticipos_clientes` WRITE;
/*!40000 ALTER TABLE `anticipos_clientes` DISABLE KEYS */;
INSERT INTO `anticipos_clientes` VALUES (1,13,2,1000,0,NULL,150000.00,150000.00,'2026-04-06 15:55:33',NULL,'CANCELADO','\n[2026-04-07 09:19:26] Cancelado: '),(2,13,2,1000,0,NULL,150000.00,150000.00,'2026-04-07 09:20:33',NULL,'CANCELADO','\n[2026-04-07 10:12:04] Cancelado: s'),(3,13,2,1000,820,150.00,150000.00,27000.00,'2026-04-07 11:43:01',NULL,'ACTIVO','prueba'),(4,2,5,50,40,170.00,8500.00,1700.00,'2026-04-08 14:50:16',NULL,'ACTIVO','prueba\r\n');
/*!40000 ALTER TABLE `anticipos_clientes` ENABLE KEYS */;
UNLOCK TABLES;

--
-- Table structure for table `asignacion_vendedores`
--

DROP TABLE IF EXISTS `asignacion_vendedores`;
/*!40101 SET @saved_cs_client     = @@character_set_client */;
/*!50503 SET character_set_client = utf8mb4 */;
CREATE TABLE `asignacion_vendedores` (
  `ID_Asignacion` int NOT NULL AUTO_INCREMENT,
  `ID_Usuario` int NOT NULL COMMENT 'Vendedor',
  `ID_Ruta` int NOT NULL,
  `ID_Vehiculo` int DEFAULT NULL,
  `Fecha_Asignacion` date NOT NULL,
  `Fecha_Finalizacion` date DEFAULT NULL,
  `Estado` enum('Activa','Finalizada','Suspendida') DEFAULT 'Activa',
  `ID_Empresa` int NOT NULL,
  `ID_Usuario_Asigna` int DEFAULT NULL COMMENT 'Quién hace la asignación',
  `Fecha_Creacion` datetime DEFAULT CURRENT_TIMESTAMP,
  `Hora_Inicio` time DEFAULT NULL,
  `Hora_Fin` time DEFAULT NULL,
  PRIMARY KEY (`ID_Asignacion`),
  UNIQUE KEY `uc_vendedor_fecha` (`ID_Usuario`,`Fecha_Asignacion`),
  KEY `ID_Ruta` (`ID_Ruta`),
  KEY `ID_Vehiculo` (`ID_Vehiculo`),
  KEY `ID_Empresa` (`ID_Empresa`),
  KEY `ID_Usuario_Asigna` (`ID_Usuario_Asigna`),
  CONSTRAINT `asignacion_vendedores_ibfk_1` FOREIGN KEY (`ID_Usuario`) REFERENCES `usuarios` (`ID_Usuario`),
  CONSTRAINT `asignacion_vendedores_ibfk_2` FOREIGN KEY (`ID_Ruta`) REFERENCES `rutas` (`ID_Ruta`),
  CONSTRAINT `asignacion_vendedores_ibfk_3` FOREIGN KEY (`ID_Vehiculo`) REFERENCES `vehiculos` (`ID_Vehiculo`),
  CONSTRAINT `asignacion_vendedores_ibfk_4` FOREIGN KEY (`ID_Empresa`) REFERENCES `empresa` (`ID_Empresa`),
  CONSTRAINT `asignacion_vendedores_ibfk_5` FOREIGN KEY (`ID_Usuario_Asigna`) REFERENCES `usuarios` (`ID_Usuario`)
) ENGINE=InnoDB AUTO_INCREMENT=67 DEFAULT CHARSET=utf8mb4 COLLATE=utf8mb4_0900_ai_ci;
/*!40101 SET character_set_client = @saved_cs_client */;

--
-- Dumping data for table `asignacion_vendedores`
--

LOCK TABLES `asignacion_vendedores` WRITE;
/*!40000 ALTER TABLE `asignacion_vendedores` DISABLE KEYS */;
INSERT INTO `asignacion_vendedores` VALUES (1,9,1,1,'2026-02-03','2026-02-06','Finalizada',1,1,'2026-02-03 11:37:01',NULL,NULL),(2,11,2,2,'2026-02-03','2026-02-06','Finalizada',1,1,'2026-02-03 15:21:45',NULL,NULL),(3,6,3,3,'2026-02-03','2026-02-04','Finalizada',1,1,'2026-02-03 16:06:06',NULL,NULL),(4,12,4,4,'2026-02-04','2026-02-04','Finalizada',1,1,'2026-02-04 10:36:06',NULL,NULL),(7,12,3,3,'2026-02-05','2026-02-06','Finalizada',1,1,'2026-02-05 08:13:06',NULL,NULL),(8,6,4,4,'2026-02-05','2026-02-06','Finalizada',1,1,'2026-02-05 08:13:22',NULL,NULL),(9,11,2,2,'2026-02-06','2026-02-07','Finalizada',1,1,'2026-02-06 15:55:19',NULL,NULL),(10,9,1,1,'2026-02-07','2026-02-10','Finalizada',1,1,'2026-02-07 15:51:14','11:27:00','13:53:00'),(11,6,2,3,'2026-02-09','2026-02-18','Finalizada',1,1,'2026-02-09 10:03:48','09:20:00','09:24:00'),(12,12,3,2,'2026-02-13','2026-02-19','Finalizada',1,1,'2026-02-13 10:52:32','10:52:00','11:43:24'),(13,6,4,1,'2026-02-18','2026-02-19','Finalizada',1,1,'2026-02-18 09:25:34',NULL,'11:43:21'),(14,9,1,3,'2026-02-18','2026-02-19','Finalizada',1,1,'2026-02-18 10:04:34',NULL,'11:43:22'),(15,11,2,4,'2026-02-18','2026-02-19','Finalizada',1,1,'2026-02-18 10:48:17',NULL,'11:43:23'),(16,6,4,1,'2026-02-19','2026-02-20','Finalizada',1,1,'2026-02-19 11:43:35',NULL,'11:34:06'),(17,6,4,1,'2026-02-20','2026-02-21','Finalizada',1,1,'2026-02-20 11:34:13','13:26:00','08:52:00'),(18,6,4,1,'2026-02-21','2026-02-23','Finalizada',1,1,'2026-02-21 08:55:03','08:55:00','09:01:58'),(19,6,1,2,'2026-02-23','2026-02-25','Finalizada',1,1,'2026-02-23 09:02:14','14:32:00','08:44:24'),(20,6,1,NULL,'2026-02-25','2026-02-26','Finalizada',1,1,'2026-02-25 08:44:38','08:59:00','08:32:00'),(21,6,1,3,'2026-02-26','2026-02-27','Finalizada',1,1,'2026-02-26 08:36:12',NULL,'09:41:44'),(22,12,4,2,'2026-02-26','2026-02-27','Finalizada',1,1,'2026-02-26 08:43:51','08:50:00','09:22:00'),(23,12,1,2,'2026-02-27','2026-03-03','Finalizada',1,1,'2026-02-27 09:50:58',NULL,'14:05:03'),(24,6,2,1,'2026-02-27','2026-03-03','Finalizada',1,1,'2026-02-27 11:15:34','11:16:00','14:05:04'),(25,6,4,NULL,'2026-03-03','2026-03-04','Finalizada',1,1,'2026-03-03 14:05:10',NULL,'08:10:03'),(26,6,4,4,'2026-03-04','2026-03-05','Finalizada',1,1,'2026-03-04 08:10:11','10:56:00','08:29:00'),(27,6,4,4,'2026-03-05','2026-03-06','Finalizada',1,1,'2026-03-05 08:33:03','08:35:00','09:36:38'),(28,6,4,2,'2026-03-06','2026-03-09','Finalizada',1,1,'2026-03-06 09:36:48','09:43:00','08:36:36'),(29,6,4,1,'2026-03-09','2026-03-10','Finalizada',1,1,'2026-03-09 08:36:44','08:43:00','08:36:54'),(30,12,2,4,'2026-03-09','2026-03-10','Finalizada',1,1,'2026-03-09 10:26:24','10:27:00','08:36:55'),(31,6,4,3,'2026-03-10','2026-03-11','Finalizada',1,1,'2026-03-10 08:37:09','08:44:00','09:21:26'),(32,6,4,3,'2026-03-11','2026-03-12','Finalizada',1,1,'2026-03-11 09:21:33','09:46:00','08:16:16'),(33,6,4,NULL,'2026-03-12','2026-03-13','Finalizada',1,1,'2026-03-12 08:16:26','11:33:00','09:29:47'),(34,6,4,1,'2026-03-13','2026-03-16','Finalizada',1,1,'2026-03-13 09:29:58','09:30:00','09:08:21'),(35,6,4,4,'2026-03-16','2026-03-17','Finalizada',1,1,'2026-03-16 09:08:29',NULL,'10:10:59'),(36,6,4,3,'2026-03-17','2026-03-18','Finalizada',1,1,'2026-03-17 10:11:09','11:50:00','09:39:29'),(37,6,4,3,'2026-03-18','2026-03-19','Finalizada',1,1,'2026-03-18 09:39:36',NULL,'08:43:37'),(38,6,4,1,'2026-03-19','2026-03-20','Finalizada',1,1,'2026-03-19 08:43:43',NULL,'08:43:45'),(39,6,4,2,'2026-03-20','2026-03-23','Finalizada',1,1,'2026-03-20 08:43:56','08:44:00','08:43:41'),(40,6,4,4,'2026-03-23','2026-03-24','Finalizada',1,1,'2026-03-23 08:43:49','08:45:00','08:34:14'),(41,6,4,4,'2026-03-24','2026-03-25','Finalizada',1,1,'2026-03-24 08:34:20','14:06:00','08:31:22'),(42,12,1,NULL,'2026-03-24','2026-03-24','Finalizada',1,1,'2026-03-24 14:08:29',NULL,'14:09:38'),(44,13,1,1,'2026-03-24','2026-03-25','Finalizada',1,1,'2026-03-24 14:10:25','14:13:00','08:31:19'),(45,6,4,2,'2026-03-25','2026-03-26','Finalizada',1,1,'2026-03-25 08:31:35',NULL,'08:43:57'),(46,6,4,1,'2026-03-26','2026-03-27','Finalizada',1,1,'2026-03-26 08:44:04','08:44:00','10:43:14'),(47,12,4,NULL,'2026-03-27','2026-03-30','Finalizada',1,1,'2026-03-27 10:43:21',NULL,'09:12:22'),(48,6,4,2,'2026-03-30','2026-03-31','Finalizada',1,1,'2026-03-30 09:12:33','11:50:00','09:10:01'),(49,7,1,3,'2026-03-30','2026-03-31','Finalizada',1,1,'2026-03-30 14:02:46',NULL,'09:10:00'),(50,6,4,2,'2026-03-31','2026-04-01','Finalizada',1,1,'2026-03-31 09:10:10',NULL,'08:29:28'),(51,6,4,1,'2026-04-01','2026-04-04','Finalizada',1,1,'2026-04-01 08:29:39','08:29:00','08:42:54'),(52,6,4,3,'2026-04-04','2026-04-13','Finalizada',1,1,'2026-04-04 08:43:05',NULL,'09:05:08'),(53,12,4,3,'2026-04-13','2026-04-15','Finalizada',1,1,'2026-04-13 09:05:22','09:14:00','16:02:40'),(54,6,4,1,'2026-04-15','2026-04-16','Finalizada',1,1,'2026-04-15 16:02:55',NULL,'08:42:11'),(55,6,4,3,'2026-04-16','2026-04-17','Finalizada',1,1,'2026-04-16 08:42:24',NULL,'15:54:27'),(56,12,1,3,'2026-04-17','2026-04-20','Finalizada',1,1,'2026-04-17 15:54:39',NULL,'09:09:08'),(57,6,4,3,'2026-04-20','2026-04-22','Finalizada',1,1,'2026-04-20 09:09:22',NULL,'08:17:01'),(58,13,2,1,'2026-04-20','2026-04-22','Finalizada',1,1,'2026-04-20 09:10:04',NULL,'08:17:00'),(59,12,5,NULL,'2026-04-20','2026-04-22','Finalizada',1,1,'2026-04-20 09:21:23',NULL,'08:17:02'),(60,6,4,1,'2026-04-22','2026-04-24','Finalizada',1,1,'2026-04-22 08:30:48',NULL,'11:04:15'),(61,12,4,3,'2026-04-24','2026-04-30','Finalizada',1,1,'2026-04-24 11:04:24','11:06:00','14:48:26'),(62,13,4,1,'2026-04-30','2026-04-30','Finalizada',1,1,'2026-04-30 14:48:23',NULL,'14:48:28'),(63,12,4,1,'2026-04-30','2026-05-04','Finalizada',1,1,'2026-04-30 14:48:51',NULL,'08:23:14'),(64,6,4,3,'2026-05-06','2026-05-07','Finalizada',1,1,'2026-05-06 12:04:27',NULL,'09:38:32'),(65,6,4,1,'2026-05-07','2026-05-07','Finalizada',1,1,'2026-05-07 09:38:44',NULL,'14:56:32'),(66,12,1,1,'2026-05-07',NULL,'Activa',1,1,'2026-05-07 14:56:43',NULL,NULL);
/*!40000 ALTER TABLE `asignacion_vendedores` ENABLE KEYS */;
UNLOCK TABLES;

--
-- Table structure for table `bitacora`
--

DROP TABLE IF EXISTS `bitacora`;
/*!40101 SET @saved_cs_client     = @@character_set_client */;
/*!50503 SET character_set_client = utf8mb4 */;
CREATE TABLE `bitacora` (
  `ID_Bitacora` int NOT NULL AUTO_INCREMENT,
  `ID_Usuario` int DEFAULT NULL,
  `Fecha` datetime DEFAULT CURRENT_TIMESTAMP,
  `Modulo` varchar(255) DEFAULT NULL,
  `Accion` varchar(255) DEFAULT NULL,
  `IP_Acceso` varchar(45) DEFAULT NULL,
  PRIMARY KEY (`ID_Bitacora`),
  KEY `ID_Usuario` (`ID_Usuario`),
  CONSTRAINT `bitacora_ibfk_1` FOREIGN KEY (`ID_Usuario`) REFERENCES `usuarios` (`ID_Usuario`)
) ENGINE=InnoDB AUTO_INCREMENT=11208 DEFAULT CHARSET=utf8mb4 COLLATE=utf8mb4_0900_ai_ci;
/*!40101 SET character_set_client = @saved_cs_client */;

--
-- Dumping data for table `bitacora`
--

LOCK TABLES `bitacora` WRITE;
/*!40000 ALTER TABLE `bitacora` DISABLE KEYS */;
INSERT INTO `bitacora` VALUES (9964,1,'2026-04-17 15:53:23','FACTURAS_VENTAS','admin_facturas_ventas','127.0.0.1'),(9965,1,'2026-04-17 15:53:29','FACTURAS_VENTAS','admin_facturas_ventas','127.0.0.1'),(9966,1,'2026-04-17 15:53:33','FACTURAS_VENTAS','admin_facturas_ventas','127.0.0.1'),(9967,1,'2026-04-17 15:53:48','PEDIDOS-VENTA','admin_pedidos_venta','127.0.0.1'),(9968,1,'2026-04-17 15:53:50','NUEVO_PEDIDO_CONSOLIDADO','nuevo_pedido_consolidado','127.0.0.1'),(9969,1,'2026-04-17 15:54:07','NUEVO_PEDIDO_CONSOLIDADO','nuevo_pedido_consolidado','127.0.0.1'),(9970,1,'2026-04-17 15:54:14','AUTH','LOGOUT','127.0.0.1'),(9971,2,'2026-04-17 15:54:17','AUTH','LOGIN_EXITOSO','127.0.0.1'),(9972,2,'2026-04-17 15:54:19','AUTH','LOGOUT','127.0.0.1'),(9973,1,'2026-04-17 15:54:22','AUTH','LOGIN_EXITOSO','127.0.0.1'),(9974,1,'2026-04-17 15:54:44','AUTH','LOGOUT','127.0.0.1'),(9975,2,'2026-04-17 15:54:47','AUTH','LOGIN_EXITOSO','127.0.0.1'),(9976,2,'2026-04-17 15:54:49','CREAR_VENTA','admin_crear_venta','127.0.0.1'),(9977,2,'2026-04-17 15:54:50','PEDIDOS-VENTA','admin_pedidos_venta','127.0.0.1'),(9978,2,'2026-04-17 15:54:56','PROCESAR_CARGA_CONSOLIDADA','procesar_carga_consolidada','127.0.0.1'),(9979,2,'2026-04-17 15:54:59','AUTH','LOGOUT','127.0.0.1'),(9980,12,'2026-04-17 15:55:05','AUTH','LOGIN_EXITOSO','127.0.0.1'),(9981,12,'2026-04-17 15:55:53','AUTH','LOGOUT','127.0.0.1'),(9982,1,'2026-04-17 15:56:24','AUTH','LOGIN_EXITOSO','127.0.0.1'),(9983,1,'2026-04-17 15:56:27','FACTURAS_VENTAS','admin_facturas_ventas','127.0.0.1'),(9984,12,'2026-04-17 15:57:26','AUTH','LOGIN_EXITOSO','127.0.0.1'),(9985,1,'2026-04-17 15:58:53','FACTURAS_VENTAS','admin_facturas_ventas','127.0.0.1'),(9986,1,'2026-04-17 16:00:32','FACTURAS_VENTAS','admin_facturas_ventas','127.0.0.1'),(9987,1,'2026-04-17 16:00:36','FACTURAS_VENTAS','admin_facturas_ventas','127.0.0.1'),(9988,1,'2026-04-17 16:00:39','FACTURAS_VENTAS','admin_facturas_ventas','127.0.0.1'),(9989,1,'2026-04-17 16:00:41','FACTURAS_VENTAS','admin_facturas_ventas','127.0.0.1'),(9990,1,'2026-04-17 16:00:43','FACTURAS_VENTAS','admin_facturas_ventas','127.0.0.1'),(9991,1,'2026-04-17 16:00:50','FACTURAS_VENTAS','admin_facturas_ventas','127.0.0.1'),(9992,1,'2026-04-17 16:01:04','FACTURAS_VENTAS','admin_facturas_ventas','127.0.0.1'),(9993,1,'2026-04-20 08:36:07','AUTH','LOGIN_EXITOSO','127.0.0.1'),(9994,1,'2026-04-20 08:36:21','GASTOS','admin_gastos_operativos','127.0.0.1'),(9995,1,'2026-04-20 08:37:00','FACTURAS_VENTAS','admin_facturas_ventas','127.0.0.1'),(9996,1,'2026-04-20 08:45:14','AUTH','LOGIN_EXITOSO','127.0.0.1'),(9997,1,'2026-04-20 08:45:23','FACTURAS_VENTAS','admin_facturas_ventas','127.0.0.1'),(9998,1,'2026-04-20 08:45:43','FACTURAS_VENTAS','admin_facturas_ventas','127.0.0.1'),(9999,1,'2026-04-20 08:45:53','FACTURAS_VENTAS','admin_facturas_ventas','127.0.0.1'),(10000,1,'2026-04-20 08:47:43','FACTURAS_VENTAS','admin_facturas_ventas','127.0.0.1'),(10001,1,'2026-04-20 08:53:54','AUTH','LOGIN_EXITOSO','127.0.0.1'),(10002,1,'2026-04-20 08:53:58','FACTURAS_VENTAS','admin_facturas_ventas','127.0.0.1'),(10003,1,'2026-04-20 08:54:40','AUTH','LOGIN_EXITOSO','127.0.0.1'),(10004,1,'2026-04-20 08:54:44','FACTURAS_VENTAS','admin_facturas_ventas','127.0.0.1'),(10005,1,'2026-04-20 08:55:17','AUTH','LOGIN_EXITOSO','127.0.0.1'),(10006,1,'2026-04-20 08:55:22','FACTURAS_VENTAS','admin_facturas_ventas','127.0.0.1'),(10007,1,'2026-04-20 08:56:05','VENTAS-SALIDAS','admin_ventas_salidas','127.0.0.1'),(10008,1,'2026-04-20 08:56:09','CREAR_VENTA','admin_crear_venta','127.0.0.1'),(10009,1,'2026-04-20 08:56:42','CREAR_VENTA','admin_crear_venta','127.0.0.1'),(10010,1,'2026-04-20 08:56:56','VENTAS-SALIDAS','admin_ventas_salidas','127.0.0.1'),(10011,1,'2026-04-20 08:56:58','FACTURAS_VENTAS','admin_facturas_ventas','127.0.0.1'),(10012,1,'2026-04-20 08:57:08','AUTH','LOGOUT','127.0.0.1'),(10013,2,'2026-04-20 08:57:13','AUTH','LOGIN_EXITOSO','127.0.0.1'),(10014,2,'2026-04-20 08:57:15','PEDIDOS-VENTA','admin_pedidos_venta','127.0.0.1'),(10015,2,'2026-04-20 08:57:16','CREAR_VENTA','admin_crear_venta','127.0.0.1'),(10016,2,'2026-04-20 08:57:39','CREAR_VENTA','admin_crear_venta','127.0.0.1'),(10017,2,'2026-04-20 08:57:42','VENTAS-SALIDAS','admin_ventas_salidas','127.0.0.1'),(10018,2,'2026-04-20 08:57:45','AUTH','LOGOUT','127.0.0.1'),(10019,1,'2026-04-20 08:57:48','AUTH','LOGIN_EXITOSO','127.0.0.1'),(10020,1,'2026-04-20 08:57:50','FACTURAS_VENTAS','admin_facturas_ventas','127.0.0.1'),(10021,2,'2026-04-20 08:59:10','AUTH','LOGIN_EXITOSO','127.0.0.1'),(10022,1,'2026-04-20 08:59:32','FACTURAS_VENTAS','admin_facturas_ventas','127.0.0.1'),(10023,1,'2026-04-20 08:59:34','FACTURAS_VENTAS','admin_facturas_ventas','127.0.0.1'),(10024,1,'2026-04-20 08:59:37','FACTURAS_VENTAS','admin_facturas_ventas','127.0.0.1'),(10025,1,'2026-04-20 08:59:40','FACTURAS_VENTAS','admin_facturas_ventas','127.0.0.1'),(10026,1,'2026-04-20 09:00:00','FACTURAS_VENTAS','admin_facturas_ventas','127.0.0.1'),(10027,1,'2026-04-20 09:01:03','FACTURAS_VENTAS','admin_facturas_ventas','127.0.0.1'),(10028,1,'2026-04-20 09:03:02','FACTURAS_VENTAS','admin_facturas_ventas','127.0.0.1'),(10029,1,'2026-04-20 09:03:06','FACTURAS_VENTAS','admin_facturas_ventas','127.0.0.1'),(10030,1,'2026-04-20 09:03:40','FACTURAS_VENTAS','admin_facturas_ventas','127.0.0.1'),(10031,1,'2026-04-20 09:06:09','FACTURAS_VENTAS','admin_facturas_ventas','127.0.0.1'),(10032,1,'2026-04-20 09:06:25','RUTAS','admin_rutas','127.0.0.1'),(10033,1,'2026-04-20 09:06:32','EDITAR-RUTA','editar_ruta','127.0.0.1'),(10034,1,'2026-04-20 09:06:52','EDITAR-RUTA','editar_ruta','127.0.0.1'),(10035,1,'2026-04-20 09:07:15','RUTAS','admin_rutas','127.0.0.1'),(10036,1,'2026-04-20 09:07:24','FACTURAS_VENTAS','admin_facturas_ventas','127.0.0.1'),(10037,1,'2026-04-20 09:07:40','FACTURAS_VENTAS','admin_facturas_ventas','127.0.0.1'),(10038,1,'2026-04-20 09:08:59','PEDIDOS-VENTA','admin_pedidos_venta','127.0.0.1'),(10039,1,'2026-04-20 09:11:26','FACTURAS_VENTAS','admin_facturas_ventas','127.0.0.1'),(10040,1,'2026-04-20 09:11:35','FACTURAS_VENTAS','admin_facturas_ventas','127.0.0.1'),(10041,1,'2026-04-20 09:19:35','PEDIDOS-VENTA','admin_pedidos_venta','127.0.0.1'),(10042,1,'2026-04-20 09:24:02','FACTURAS_VENTAS','admin_facturas_ventas','127.0.0.1'),(10043,1,'2026-04-20 09:24:08','FACTURAS_VENTAS','admin_facturas_ventas','127.0.0.1'),(10044,2,'2026-04-20 09:28:50','CREAR_VENTA','admin_crear_venta','127.0.0.1'),(10045,2,'2026-04-20 09:29:35','CREAR_VENTA','admin_crear_venta','127.0.0.1'),(10046,2,'2026-04-20 09:29:55','VENTAS-SALIDAS','admin_ventas_salidas','127.0.0.1'),(10047,1,'2026-04-20 09:30:03','FACTURAS_VENTAS','admin_facturas_ventas','127.0.0.1'),(10048,1,'2026-04-20 09:31:56','CLIENTES-ANTICIPOS','admin_clientes_anticipos','127.0.0.1'),(10049,1,'2026-04-20 09:32:01','PEDIDOS-VENTA','admin_pedidos_venta','127.0.0.1'),(10050,1,'2026-04-20 09:32:02','NUEVO_PEDIDO','nuevo_pedido','127.0.0.1'),(10051,1,'2026-04-20 09:33:05','CREAR_PEDIDO','crear_pedido','127.0.0.1'),(10052,2,'2026-04-20 09:33:12','PEDIDOS-VENTA','admin_pedidos_venta','127.0.0.1'),(10053,2,'2026-04-20 09:38:30','PEDIDOS-VENTA','admin_pedidos_venta','127.0.0.1'),(10054,2,'2026-04-20 09:38:34','CAMBIAR_ESTADO_PEDIDO','cambiar_estado_pedido','127.0.0.1'),(10055,2,'2026-04-20 09:38:37','PEDIDOS-VENTA','admin_pedidos_venta','127.0.0.1'),(10056,2,'2026-04-20 09:38:44','PROCESAR_VENTA_PEDIDO','admin_procesar_venta_pedido','127.0.0.1'),(10057,2,'2026-04-20 09:39:36','PROCESAR_VENTA_PEDIDO','admin_procesar_venta_pedido','127.0.0.1'),(10058,2,'2026-04-20 09:39:48','VENTAS-SALIDAS','admin_ventas_salidas','127.0.0.1'),(10059,1,'2026-04-20 10:05:05','VENTAS-SALIDAS','admin_ventas_salidas','127.0.0.1'),(10060,1,'2026-04-20 10:05:06','CREAR_VENTA','admin_crear_venta','127.0.0.1'),(10061,1,'2026-04-20 10:09:22','CREAR_VENTA','admin_crear_venta','127.0.0.1'),(10062,1,'2026-04-20 10:09:28','VENTAS-SALIDAS','admin_ventas_salidas','127.0.0.1'),(10063,1,'2026-04-20 10:24:01','CLIENTES-ANTICIPOS','admin_clientes_anticipos','127.0.0.1'),(10064,1,'2026-04-20 10:43:13','METODOS-PAGO','admin_metodos_pago','127.0.0.1'),(10065,1,'2026-04-20 10:43:16','METODOS-PAGO-EDITAR','admin_metodos_pago_editar','127.0.0.1'),(10066,1,'2026-04-20 10:43:24','METODOS-PAGO-EDITAR','admin_metodos_pago_editar','127.0.0.1'),(10067,1,'2026-04-20 10:43:24','METODOS-PAGO','admin_metodos_pago','127.0.0.1'),(10068,1,'2026-04-20 11:03:49','VER_CAJA','admin_caja','127.0.0.1'),(10069,1,'2026-04-20 11:03:59','REPORTE_CAJA','admin_caja_reporte','127.0.0.1'),(10070,1,'2026-04-20 11:04:06','VER_CAJA','admin_caja','127.0.0.1'),(10071,1,'2026-04-20 11:23:07','VENTAS-SALIDAS','admin_ventas_salidas','127.0.0.1'),(10072,1,'2026-04-20 11:23:08','CREAR_VENTA','admin_crear_venta','127.0.0.1'),(10073,1,'2026-04-20 11:23:44','CREAR_VENTA','admin_crear_venta','127.0.0.1'),(10074,1,'2026-04-20 11:23:48','VENTAS-SALIDAS','admin_ventas_salidas','127.0.0.1'),(10075,1,'2026-04-20 11:23:50','VER_CAJA','admin_caja','127.0.0.1'),(10076,1,'2026-04-20 11:23:59','HISTORIAL_CAJA','admin_caja_historial','127.0.0.1'),(10077,1,'2026-04-20 11:24:10','VENTAS-SALIDAS','admin_ventas_salidas','127.0.0.1'),(10078,1,'2026-04-20 11:24:22','CREAR_VENTA','admin_crear_venta','127.0.0.1'),(10079,1,'2026-04-20 11:25:12','CUENTAS-POR-COBRAR','admin_cuentascobrar','127.0.0.1'),(10080,1,'2026-04-20 11:26:32','REGISTRAR-PAGO-CXC','admin_registrar_pago','127.0.0.1'),(10081,1,'2026-04-20 11:26:55','DETALLE-CUENTA-COBRAR','admin_detalle_cuentacobrar','127.0.0.1'),(10082,1,'2026-04-20 11:29:30','CUENTAS-POR-COBRAR','admin_cuentascobrar','127.0.0.1'),(10083,1,'2026-04-20 11:29:37','REGISTRAR-PAGO-CXC','admin_registrar_pago','127.0.0.1'),(10084,1,'2026-04-20 11:29:39','DETALLE-CUENTA-COBRAR','admin_detalle_cuentacobrar','127.0.0.1'),(10085,1,'2026-04-20 11:29:41','CUENTAS-POR-COBRAR','admin_cuentascobrar','127.0.0.1'),(10086,1,'2026-04-20 11:29:46','DETALLE-CUENTA-COBRAR','admin_detalle_cuentacobrar','127.0.0.1'),(10087,1,'2026-04-20 11:29:54','CUENTAS-POR-COBRAR','admin_cuentascobrar','127.0.0.1'),(10088,1,'2026-04-20 11:29:57','DETALLE-CUENTA-COBRAR','admin_detalle_cuentacobrar','127.0.0.1'),(10089,1,'2026-04-20 11:52:30','AUTH','LOGIN_EXITOSO','127.0.0.1'),(10090,1,'2026-04-20 11:52:30','AUTH','LOGIN_EXITOSO','127.0.0.1'),(10091,1,'2026-04-20 11:52:39','CUENTAS-POR-COBRAR','admin_cuentascobrar','127.0.0.1'),(10092,1,'2026-04-20 11:52:42','DETALLE-CUENTA-COBRAR','admin_detalle_cuentacobrar','127.0.0.1'),(10093,1,'2026-04-20 11:52:45','CUENTAS-POR-COBRAR','admin_cuentascobrar','127.0.0.1'),(10094,1,'2026-04-20 11:52:48','DETALLE-CUENTA-COBRAR','admin_detalle_cuentacobrar','127.0.0.1'),(10095,2,'2026-04-20 11:53:55','AUTH','LOGOUT','127.0.0.1'),(10096,6,'2026-04-20 11:54:36','AUTH','LOGIN_EXITOSO','127.0.0.1'),(10097,1,'2026-04-20 15:25:04','AUTH','LOGIN_EXITOSO','127.0.0.1'),(10098,1,'2026-04-20 15:26:17','COMPRAS-CUENTAS-POR-PAGAR','admin_cuentas_por_pagar','127.0.0.1'),(10099,1,'2026-04-20 15:26:23','CUENTAS-POR-COBRAR','admin_cuentascobrar','127.0.0.1'),(10100,1,'2026-04-20 15:27:08','DETALLE-CUENTA-COBRAR','admin_detalle_cuentacobrar','127.0.0.1'),(10101,1,'2026-04-20 15:27:26','REGISTRAR-PAGO-CXC','admin_registrar_pago','127.0.0.1'),(10102,1,'2026-04-20 15:27:32','REGISTRAR-PAGO-CXC','admin_registrar_pago','127.0.0.1'),(10103,1,'2026-04-20 15:27:32','REGISTRAR-PAGO-CXC','admin_registrar_pago','127.0.0.1'),(10104,1,'2026-04-20 15:27:43','REGISTRAR-PAGO-CXC','admin_registrar_pago','127.0.0.1'),(10105,1,'2026-04-20 15:27:43','DETALLE-CUENTA-COBRAR','admin_detalle_cuentacobrar','127.0.0.1'),(10106,1,'2026-04-20 15:28:04','CUENTAS-POR-COBRAR','admin_cuentascobrar','127.0.0.1'),(10107,1,'2026-04-20 15:30:36','CUENTAS-POR-COBRAR','admin_cuentascobrar','127.0.0.1'),(10108,1,'2026-04-20 15:30:45','PEDIDOS-VENTA','admin_pedidos_venta','127.0.0.1'),(10109,1,'2026-04-20 15:30:53','FACTURAS_VENTAS','admin_facturas_ventas','127.0.0.1'),(10110,1,'2026-04-20 15:30:57','FACTURAS_VENTAS','admin_facturas_ventas','127.0.0.1'),(10111,1,'2026-04-20 15:32:31','CUENTAS-POR-COBRAR','admin_cuentascobrar','127.0.0.1'),(10112,1,'2026-04-20 15:32:39','DETALLE-CUENTA-COBRAR','admin_detalle_cuentacobrar','127.0.0.1'),(10113,1,'2026-04-20 15:32:50','COMPRAS-CUENTAS-POR-PAGAR','admin_cuentas_por_pagar','127.0.0.1'),(10114,1,'2026-04-20 15:32:54','CUENTAS-POR-COBRAR','admin_cuentascobrar','127.0.0.1'),(10115,1,'2026-04-20 15:37:14','CUENTAS-POR-COBRAR','admin_cuentascobrar','127.0.0.1'),(10116,1,'2026-04-20 15:37:28','CUENTAS-POR-COBRAR','admin_cuentascobrar','127.0.0.1'),(10117,1,'2026-04-20 15:37:41','CUENTAS-POR-COBRAR','admin_cuentascobrar','127.0.0.1'),(10118,1,'2026-04-20 15:37:45','CUENTAS-POR-COBRAR','admin_cuentascobrar','127.0.0.1'),(10119,1,'2026-04-20 15:37:53','DETALLE-CUENTA-COBRAR','admin_detalle_cuentacobrar','127.0.0.1'),(10120,1,'2026-04-20 15:37:56','CUENTAS-POR-COBRAR','admin_cuentascobrar','127.0.0.1'),(10121,1,'2026-04-20 15:38:44','CUENTAS-POR-COBRAR','admin_cuentascobrar','127.0.0.1'),(10122,1,'2026-04-20 15:38:50','DETALLE-CUENTA-COBRAR','admin_detalle_cuentacobrar','127.0.0.1'),(10123,1,'2026-04-20 15:39:15','REGISTRAR-PAGO-CXC','admin_registrar_pago','127.0.0.1'),(10124,1,'2026-04-20 15:39:36','REGISTRAR-PAGO-CXC','admin_registrar_pago','127.0.0.1'),(10125,1,'2026-04-20 15:39:36','DETALLE-CUENTA-COBRAR','admin_detalle_cuentacobrar','127.0.0.1'),(10126,1,'2026-04-20 15:39:54','CUENTAS-POR-COBRAR','admin_cuentascobrar','127.0.0.1'),(10127,1,'2026-04-20 15:40:28','CLIENTES','admin_clientes','127.0.0.1'),(10128,1,'2026-04-20 15:58:32','AUTH','LOGIN_EXITOSO','127.0.0.1'),(10129,1,'2026-04-20 15:58:37','CUENTAS-POR-COBRAR','admin_cuentascobrar','127.0.0.1'),(10130,1,'2026-04-20 15:58:39','DETALLE-CUENTA-COBRAR','admin_detalle_cuentacobrar','127.0.0.1'),(10131,1,'2026-04-20 15:58:40','REGISTRAR-PAGO-CXC','admin_registrar_pago','127.0.0.1'),(10132,1,'2026-04-20 15:59:06','DETALLE-CUENTA-COBRAR','admin_detalle_cuentacobrar','127.0.0.1'),(10133,1,'2026-04-20 15:59:08','REGISTRAR-PAGO-CXC','admin_registrar_pago','127.0.0.1'),(10134,1,'2026-04-20 15:59:47','REGISTRAR-PAGO-CXC','admin_registrar_pago','127.0.0.1'),(10135,1,'2026-04-20 15:59:47','DETALLE-CUENTA-COBRAR','admin_detalle_cuentacobrar','127.0.0.1'),(10136,1,'2026-04-20 16:00:04','CLIENTES','admin_clientes','127.0.0.1'),(10137,1,'2026-04-20 16:00:17','CUENTAS-POR-COBRAR','admin_cuentascobrar','127.0.0.1'),(10138,1,'2026-04-20 16:01:17','DETALLE-CUENTA-COBRAR','admin_detalle_cuentacobrar','127.0.0.1'),(10139,1,'2026-04-20 16:01:21','REGISTRAR-PAGO-CXC','admin_registrar_pago','127.0.0.1'),(10140,1,'2026-04-20 16:01:30','REGISTRAR-PAGO-CXC','admin_registrar_pago','127.0.0.1'),(10141,1,'2026-04-20 16:01:30','DETALLE-CUENTA-COBRAR','admin_detalle_cuentacobrar','127.0.0.1'),(10142,1,'2026-04-20 16:01:37','CLIENTES','admin_clientes','127.0.0.1'),(10143,1,'2026-04-22 08:15:08','AUTH','LOGIN_EXITOSO','127.0.0.1'),(10144,1,'2026-04-22 08:15:13','VENTAS-SALIDAS','admin_ventas_salidas','127.0.0.1'),(10145,1,'2026-04-22 08:15:23','CUENTAS-POR-COBRAR','admin_cuentascobrar','127.0.0.1'),(10146,1,'2026-04-22 08:15:26','PEDIDOS-VENTA','admin_pedidos_venta','127.0.0.1'),(10147,1,'2026-04-22 08:15:34','FACTURAS_VENTAS','admin_facturas_ventas','127.0.0.1'),(10148,1,'2026-04-22 08:16:37','FACTURAS_VENTAS','admin_facturas_ventas','127.0.0.1'),(10149,1,'2026-04-22 08:16:42','FACTURAS_VENTAS','admin_facturas_ventas','127.0.0.1'),(10150,1,'2026-04-22 08:16:50','FACTURAS_VENTAS','admin_facturas_ventas','127.0.0.1'),(10151,1,'2026-04-22 08:19:19','VER_CAJA','admin_caja','127.0.0.1'),(10152,1,'2026-04-22 08:19:22','VENTAS-SALIDAS','admin_ventas_salidas','127.0.0.1'),(10153,1,'2026-04-22 08:19:23','CREAR_VENTA','admin_crear_venta','127.0.0.1'),(10154,1,'2026-04-22 08:19:47','CREAR_VENTA','admin_crear_venta','127.0.0.1'),(10155,1,'2026-04-22 08:19:51','VENTAS-SALIDAS','admin_ventas_salidas','127.0.0.1'),(10156,1,'2026-04-22 08:29:14','CREAR_VENTA','admin_crear_venta','127.0.0.1'),(10157,1,'2026-04-22 08:29:31','CREAR_VENTA','admin_crear_venta','127.0.0.1'),(10158,1,'2026-04-22 08:29:40','VENTAS-SALIDAS','admin_ventas_salidas','127.0.0.1'),(10159,1,'2026-04-22 08:29:41','VER_CAJA','admin_caja','127.0.0.1'),(10160,1,'2026-04-22 08:29:58','GASTOS','admin_gastos_operativos','127.0.0.1'),(10161,1,'2026-04-22 08:30:00','REGISTRO_GASTO','registrar_gasto','127.0.0.1'),(10162,1,'2026-04-22 08:30:03','GASTOS','admin_gastos_operativos','127.0.0.1'),(10163,1,'2026-04-22 08:30:10','GASTOS','admin_gastos_operativos','127.0.0.1'),(10164,6,'2026-04-22 08:33:04','AUTH','LOGIN_EXITOSO','127.0.0.1'),(10165,6,'2026-04-22 08:44:46','AUTH','LOGIN_EXITOSO','127.0.0.1'),(10166,6,'2026-04-22 08:49:30','AUTH','LOGIN_EXITOSO','127.0.0.1'),(10167,1,'2026-04-22 08:58:30','AUTH','LOGIN_EXITOSO','127.0.0.1'),(10168,6,'2026-04-22 08:58:47','AUTH','LOGIN_EXITOSO','127.0.0.1'),(10169,6,'2026-04-22 09:34:51','AUTH','LOGIN_EXITOSO','127.0.0.1'),(10170,6,'2026-04-22 09:37:11','AUTH','LOGIN_EXITOSO','127.0.0.1'),(10171,1,'2026-04-22 09:52:34','AUTH','LOGIN_EXITOSO','127.0.0.1'),(10172,1,'2026-04-22 09:52:40','AUTH','LOGOUT','127.0.0.1'),(10173,6,'2026-04-22 09:52:43','AUTH','LOGIN_EXITOSO','127.0.0.1'),(10174,6,'2026-04-22 10:10:20','AUTH','LOGIN_EXITOSO','127.0.0.1'),(10175,6,'2026-04-22 10:22:41','AUTH','LOGOUT','127.0.0.1'),(10176,6,'2026-04-22 10:27:42','AUTH','LOGIN_EXITOSO','127.0.0.1'),(10177,6,'2026-04-22 11:01:53','AUTH','LOGIN_EXITOSO','127.0.0.1'),(10178,6,'2026-04-22 11:03:30','AUTH','LOGIN_EXITOSO','127.0.0.1'),(10179,6,'2026-04-22 11:05:54','AUTH','LOGIN_EXITOSO','127.0.0.1'),(10180,6,'2026-04-22 11:32:04','AUTH','LOGIN_EXITOSO','127.0.0.1'),(10181,6,'2026-04-22 11:49:53','AUTH','LOGIN_EXITOSO','127.0.0.1'),(10182,6,'2026-04-22 13:36:55','AUTH','LOGIN_EXITOSO','127.0.0.1'),(10183,6,'2026-04-22 13:38:01','AUTH','LOGOUT','127.0.0.1'),(10184,1,'2026-04-22 13:38:05','AUTH','LOGIN_EXITOSO','127.0.0.1'),(10185,1,'2026-04-22 13:39:15','FACTURAS_VENTAS','admin_facturas_ventas','127.0.0.1'),(10186,1,'2026-04-22 13:39:23','FACTURAS_VENTAS','admin_facturas_ventas','127.0.0.1'),(10187,1,'2026-04-22 13:39:42','FACTURAS_VENTAS','admin_facturas_ventas','127.0.0.1'),(10188,1,'2026-04-22 13:40:19','CUENTAS-POR-COBRAR','admin_cuentascobrar','127.0.0.1'),(10189,1,'2026-04-22 13:40:32','DETALLE-CUENTA-COBRAR','admin_detalle_cuentacobrar','127.0.0.1'),(10190,1,'2026-04-22 13:40:41','REGISTRAR-PAGO-CXC','admin_registrar_pago','127.0.0.1'),(10191,1,'2026-04-22 13:41:10','REGISTRAR-PAGO-CXC','admin_registrar_pago','127.0.0.1'),(10192,1,'2026-04-22 13:41:10','DETALLE-CUENTA-COBRAR','admin_detalle_cuentacobrar','127.0.0.1'),(10193,1,'2026-04-22 13:41:18','AUTH','LOGOUT','127.0.0.1'),(10194,2,'2026-04-22 13:41:22','AUTH','LOGIN_EXITOSO','127.0.0.1'),(10195,2,'2026-04-22 13:41:27','AUTH','LOGOUT','127.0.0.1'),(10196,6,'2026-04-22 13:41:31','AUTH','LOGIN_EXITOSO','127.0.0.1'),(10197,6,'2026-04-22 13:42:09','AUTH','LOGOUT','127.0.0.1'),(10198,1,'2026-04-22 13:42:13','AUTH','LOGIN_EXITOSO','127.0.0.1'),(10199,1,'2026-04-22 13:42:16','FACTURAS_VENTAS','admin_facturas_ventas','127.0.0.1'),(10200,1,'2026-04-22 13:42:27','FACTURAS_VENTAS','admin_facturas_ventas','127.0.0.1'),(10201,1,'2026-04-22 13:45:06','VER_CAJA','admin_caja','127.0.0.1'),(10202,1,'2026-04-22 13:45:13','HISTORIAL_CAJA','admin_caja_historial','127.0.0.1'),(10203,1,'2026-04-22 13:45:19','REPORTE_CAJA','admin_caja_reporte','127.0.0.1'),(10204,1,'2026-04-22 13:45:21','HISTORIAL_CAJA','admin_caja_historial','127.0.0.1'),(10205,1,'2026-04-22 13:45:23','REPORTE_CAJA','admin_caja_reporte','127.0.0.1'),(10206,1,'2026-04-22 13:45:29','VER_CAJA','admin_caja','127.0.0.1'),(10207,1,'2026-04-22 13:45:56','BODEGA','admin_bodega','127.0.0.1'),(10208,1,'2026-04-22 13:45:58','BODEGA','admin_bodega','127.0.0.1'),(10209,1,'2026-04-22 13:46:00','HISTORIAL-MOVIMIENTOS','admin_historial_movimientos','127.0.0.1'),(10210,1,'2026-04-22 13:46:11','GASTOS','admin_gastos_operativos','127.0.0.1'),(10211,1,'2026-04-22 13:46:13','GASTOS','admin_gastos_operativos','127.0.0.1'),(10212,1,'2026-04-22 13:46:23','GASTOS','admin_gastos_operativos','127.0.0.1'),(10213,1,'2026-04-22 13:46:32','GASTOS','admin_gastos_operativos','127.0.0.1'),(10214,1,'2026-04-22 13:46:38','GASTOS','admin_gastos_operativos','127.0.0.1'),(10215,1,'2026-04-22 13:46:41','GASTOS','admin_gastos_operativos','127.0.0.1'),(10216,1,'2026-04-22 13:46:42','GASTOS','admin_gastos_operativos','127.0.0.1'),(10217,1,'2026-04-22 13:46:49','GASTOS','admin_gastos_operativos','127.0.0.1'),(10218,1,'2026-04-22 13:46:52','GASTOS','admin_gastos_operativos','127.0.0.1'),(10219,1,'2026-04-22 13:47:21','GASTOS','admin_gastos_operativos','127.0.0.1'),(10220,1,'2026-04-22 13:47:32','GASTOS','admin_gastos_operativos','127.0.0.1'),(10221,1,'2026-04-22 13:47:49','GASTOS','admin_gastos_operativos','127.0.0.1'),(10222,1,'2026-04-22 13:47:55','GASTOS','admin_gastos_operativos','127.0.0.1'),(10223,1,'2026-04-22 13:48:03','GASTOS','admin_gastos_operativos','127.0.0.1'),(10224,1,'2026-04-22 13:48:05','GASTOS','admin_gastos_operativos','127.0.0.1'),(10225,1,'2026-04-22 13:48:13','COMPRAS-ENTRADAS','admin_compras_entradas','127.0.0.1'),(10226,1,'2026-04-22 13:48:14','COMPRAS-ENTRADAS-CREAR','admin_crear_compra','127.0.0.1'),(10227,1,'2026-04-22 13:52:03','COMPRAS-ENTRADAS-CREAR','admin_crear_compra','127.0.0.1'),(10228,1,'2026-04-22 13:52:03','COMPRAS-ENTRADAS','admin_compras_entradas','127.0.0.1'),(10229,1,'2026-04-22 13:52:03','COMPRAS-ENTRADAS','admin_compras_entradas','127.0.0.1'),(10230,1,'2026-04-22 13:52:09','GASTOS','admin_gastos_operativos','127.0.0.1'),(10231,1,'2026-04-22 13:56:09','GASTOS','admin_gastos_operativos','127.0.0.1'),(10232,1,'2026-04-22 13:56:13','GASTOS','admin_gastos_operativos','127.0.0.1'),(10233,1,'2026-04-22 13:56:35','GASTOS','admin_gastos_operativos','127.0.0.1'),(10234,1,'2026-04-22 13:56:38','GASTOS','admin_gastos_operativos','127.0.0.1'),(10235,1,'2026-04-22 13:56:44','GASTOS','admin_gastos_operativos','127.0.0.1'),(10236,1,'2026-04-22 13:56:48','GASTOS','admin_gastos_operativos','127.0.0.1'),(10237,1,'2026-04-22 13:56:49','GASTOS','admin_gastos_operativos','127.0.0.1'),(10238,1,'2026-04-22 13:56:52','GASTOS','admin_gastos_operativos','127.0.0.1'),(10239,1,'2026-04-22 13:57:02','GASTOS','admin_gastos_operativos','127.0.0.1'),(10240,1,'2026-04-22 13:57:31','COMPRAS-CUENTAS-POR-PAGAR','admin_cuentas_por_pagar','127.0.0.1'),(10241,1,'2026-04-22 13:57:34','COMPRAS-ENTRADAS','admin_compras_entradas','127.0.0.1'),(10242,1,'2026-04-22 13:57:38','VENTAS-SALIDAS','admin_ventas_salidas','127.0.0.1'),(10243,1,'2026-04-22 13:57:40','CREAR_VENTA','admin_crear_venta','127.0.0.1'),(10244,1,'2026-04-22 13:57:48','CLIENTES','admin_clientes','127.0.0.1'),(10245,1,'2026-04-22 13:57:56','CLIENTES-ANTICIPOS','admin_clientes_anticipos','127.0.0.1'),(10246,1,'2026-04-22 13:57:58','CLIENTES-ANTICIPOS-ENTREGAS','admin_anticipo_entregas','127.0.0.1'),(10247,1,'2026-04-22 13:58:09','CLIENTES-ANTICIPOS-ENTREGAS','admin_anticipo_entregas','127.0.0.1'),(10248,1,'2026-04-22 13:59:00','CLIENTES-ANTICIPOS-ENTREGAS','admin_anticipo_entregas','127.0.0.1'),(10249,1,'2026-04-22 13:59:24','CLIENTES-ANTICIPOS-ENTREGAS','admin_anticipo_entregas','127.0.0.1'),(10250,1,'2026-04-22 14:06:43','AUTH','LOGIN_EXITOSO','127.0.0.1'),(10251,1,'2026-04-22 14:08:26','FACTURAS_VENTAS','admin_facturas_ventas','127.0.0.1'),(10252,1,'2026-04-22 14:10:12','VER_TIPOS_GASTO','admin_tipos_gasto','127.0.0.1'),(10253,1,'2026-04-22 14:10:28','VER_SUBCATEGORIAS','admin_subcategorias','127.0.0.1'),(10254,1,'2026-04-22 14:10:31','GASTOS','admin_gastos_operativos','127.0.0.1'),(10255,1,'2026-04-22 14:49:34','VER_CAJA','admin_caja','127.0.0.1'),(10256,1,'2026-04-22 14:50:14','USUARIOS','admin_usuarios','127.0.0.1'),(10257,1,'2026-04-22 14:50:56','VENTAS-SALIDAS','admin_ventas_salidas','127.0.0.1'),(10258,1,'2026-04-22 14:51:01','VER_CAJA','admin_caja','127.0.0.1'),(10259,1,'2026-04-22 14:51:14','VENTAS-SALIDAS','admin_ventas_salidas','127.0.0.1'),(10260,1,'2026-04-22 14:51:15','CREAR_VENTA','admin_crear_venta','127.0.0.1'),(10261,1,'2026-04-22 14:51:35','CREAR_VENTA','admin_crear_venta','127.0.0.1'),(10262,1,'2026-04-22 14:52:01','VER_CAJA','admin_caja','127.0.0.1'),(10263,1,'2026-04-22 15:02:19','CLIENTES-ANTICIPOS','admin_clientes_anticipos','127.0.0.1'),(10264,1,'2026-04-22 15:02:21','VENTAS-SALIDAS','admin_ventas_salidas','127.0.0.1'),(10265,1,'2026-04-22 15:14:08','VER_CAJA','admin_caja','127.0.0.1'),(10266,1,'2026-04-22 15:24:30','AUTH','LOGIN_EXITOSO','127.0.0.1'),(10267,1,'2026-04-22 15:24:37','VER_CAJA','admin_caja','127.0.0.1'),(10268,1,'2026-04-22 15:26:47','HISTORIAL_CAJA','admin_caja_historial','127.0.0.1'),(10269,1,'2026-04-22 15:26:56','VER_CAJA','admin_caja','127.0.0.1'),(10270,6,'2026-04-22 15:27:51','AUTH','LOGIN_EXITOSO','127.0.0.1'),(10271,1,'2026-04-22 15:31:11','VER_CAJA','admin_caja','127.0.0.1'),(10272,1,'2026-04-22 15:31:25','VENTAS-SALIDAS','admin_ventas_salidas','127.0.0.1'),(10273,1,'2026-04-24 08:42:34','AUTH','LOGIN_EXITOSO','127.0.0.1'),(10274,1,'2026-04-24 08:44:39','AUTH','LOGOUT','127.0.0.1'),(10275,1,'2026-04-24 08:44:40','AUTH','LOGIN_EXITOSO','127.0.0.1'),(10276,1,'2026-04-24 08:44:43','AUTH','LOGOUT','127.0.0.1'),(10277,1,'2026-04-24 08:44:45','AUTH','LOGIN_EXITOSO','127.0.0.1'),(10278,1,'2026-04-24 09:14:36','VENTAS-SALIDAS','admin_ventas_salidas','127.0.0.1'),(10279,1,'2026-04-24 09:14:50','COMPRAS-ENTRADAS','admin_compras_entradas','127.0.0.1'),(10280,1,'2026-04-24 09:24:41','AUTH','LOGIN_EXITOSO','127.0.0.1'),(10281,1,'2026-04-24 09:24:58','VENTAS-SALIDAS','admin_ventas_salidas','127.0.0.1'),(10282,1,'2026-04-24 09:30:37','AUTH','LOGIN_EXITOSO','127.0.0.1'),(10283,1,'2026-04-24 09:30:39','VENTAS-SALIDAS','admin_ventas_salidas','127.0.0.1'),(10284,1,'2026-04-24 09:41:40','VENTAS-SALIDAS','admin_ventas_salidas','127.0.0.1'),(10285,1,'2026-04-24 09:42:06','CUENTAS-POR-COBRAR','admin_cuentascobrar','127.0.0.1'),(10286,1,'2026-04-24 09:42:09','REGISTRAR-PAGO-CXC','admin_registrar_pago','127.0.0.1'),(10287,1,'2026-04-24 09:42:22','REGISTRAR-PAGO-CXC','admin_registrar_pago','127.0.0.1'),(10288,1,'2026-04-24 09:42:22','DETALLE-CUENTA-COBRAR','admin_detalle_cuentacobrar','127.0.0.1'),(10289,1,'2026-04-24 09:42:28','VENTAS-SALIDAS','admin_ventas_salidas','127.0.0.1'),(10290,1,'2026-04-24 09:42:50','CUENTAS-POR-COBRAR','admin_cuentascobrar','127.0.0.1'),(10291,1,'2026-04-24 09:43:00','REGISTRAR-PAGO-CXC','admin_registrar_pago','127.0.0.1'),(10292,1,'2026-04-24 09:43:04','REGISTRAR-PAGO-CXC','admin_registrar_pago','127.0.0.1'),(10293,1,'2026-04-24 09:43:04','DETALLE-CUENTA-COBRAR','admin_detalle_cuentacobrar','127.0.0.1'),(10294,1,'2026-04-24 09:43:10','VENTAS-SALIDAS','admin_ventas_salidas','127.0.0.1'),(10295,1,'2026-04-24 09:44:15','CUENTAS-POR-COBRAR','admin_cuentascobrar','127.0.0.1'),(10296,1,'2026-04-24 09:44:23','DETALLE-CUENTA-COBRAR','admin_detalle_cuentacobrar','127.0.0.1'),(10297,1,'2026-04-24 09:44:25','REGISTRAR-PAGO-CXC','admin_registrar_pago','127.0.0.1'),(10298,1,'2026-04-24 09:44:29','REGISTRAR-PAGO-CXC','admin_registrar_pago','127.0.0.1'),(10299,1,'2026-04-24 09:44:29','DETALLE-CUENTA-COBRAR','admin_detalle_cuentacobrar','127.0.0.1'),(10300,1,'2026-04-24 09:44:36','VENTAS-SALIDAS','admin_ventas_salidas','127.0.0.1'),(10301,1,'2026-04-24 09:50:07','VENTAS-SALIDAS','admin_ventas_salidas','127.0.0.1'),(10302,1,'2026-04-24 09:50:55','DETALLES_VENTA','admin_detalles_venta','127.0.0.1'),(10303,1,'2026-04-24 09:51:33','VENTAS-SALIDAS','admin_ventas_salidas','127.0.0.1'),(10304,6,'2026-04-24 11:05:59','AUTH','LOGIN_EXITOSO','127.0.0.1'),(10305,6,'2026-04-24 11:06:04','AUTH','LOGOUT','127.0.0.1'),(10306,12,'2026-04-24 11:06:11','AUTH','LOGIN_EXITOSO','127.0.0.1'),(10307,1,'2026-04-24 11:06:42','VER_CAJA','admin_caja','127.0.0.1'),(10308,1,'2026-04-24 11:18:45','VER_CAJA','admin_caja','127.0.0.1'),(10309,1,'2026-04-24 11:20:31','FACTURAS_VENTAS','admin_facturas_ventas','127.0.0.1'),(10310,1,'2026-04-24 11:20:36','FACTURAS_VENTAS','admin_facturas_ventas','127.0.0.1'),(10311,1,'2026-04-24 11:20:48','VENTAS-SALIDAS','admin_ventas_salidas','127.0.0.1'),(10312,1,'2026-04-24 11:20:49','CREAR_VENTA','admin_crear_venta','127.0.0.1'),(10313,1,'2026-04-24 11:21:11','CREAR_VENTA','admin_crear_venta','127.0.0.1'),(10314,1,'2026-04-24 11:21:15','VENTAS-SALIDAS','admin_ventas_salidas','127.0.0.1'),(10315,1,'2026-04-24 11:21:18','FACTURAS_VENTAS','admin_facturas_ventas','127.0.0.1'),(10316,1,'2026-04-24 11:21:24','FACTURAS_VENTAS','admin_facturas_ventas','127.0.0.1'),(10317,1,'2026-04-24 12:03:10','USUARIOS','admin_usuarios','127.0.0.1'),(10318,1,'2026-04-24 13:43:40','AUTH','LOGIN_EXITOSO','127.0.0.1'),(10319,1,'2026-04-24 13:46:48','VENTAS-SALIDAS','admin_ventas_salidas','127.0.0.1'),(10320,1,'2026-04-24 14:00:45','VENTAS-SALIDAS','admin_ventas_salidas','127.0.0.1'),(10321,1,'2026-04-24 14:00:47','PEDIDOS-VENTA','admin_pedidos_venta','127.0.0.1'),(10322,1,'2026-04-24 14:11:10','AUTH','LOGIN_EXITOSO','127.0.0.1'),(10323,1,'2026-04-24 14:19:08','VENTAS-SALIDAS','admin_ventas_salidas','127.0.0.1'),(10324,1,'2026-04-24 14:26:32','AUTH','LOGIN_EXITOSO','127.0.0.1'),(10325,1,'2026-04-24 14:27:07','AUTH','LOGIN_EXITOSO','127.0.0.1'),(10326,1,'2026-04-24 14:33:30','AUTH','LOGIN_EXITOSO','127.0.0.1'),(10327,1,'2026-04-24 14:37:49','GASTOS','admin_gastos_operativos','127.0.0.1'),(10328,1,'2026-04-24 14:37:52','GASTOS','admin_gastos_operativos','127.0.0.1'),(10329,1,'2026-04-24 14:37:53','GASTOS','admin_gastos_operativos','127.0.0.1'),(10330,1,'2026-04-24 14:37:55','REGISTRO_GASTO','registrar_gasto','127.0.0.1'),(10331,1,'2026-04-24 14:38:37','REGISTRO_GASTO','registrar_gasto','127.0.0.1'),(10332,1,'2026-04-24 14:38:37','GASTOS','admin_gastos_operativos','127.0.0.1'),(10333,1,'2026-04-24 14:59:46','VENTAS-SALIDAS','admin_ventas_salidas','127.0.0.1'),(10334,1,'2026-04-24 15:00:09','CREAR_VENTA','admin_crear_venta','127.0.0.1'),(10335,1,'2026-04-24 15:00:22','CREAR_VENTA','admin_crear_venta','127.0.0.1'),(10336,1,'2026-04-24 15:00:26','VENTAS-SALIDAS','admin_ventas_salidas','127.0.0.1'),(10337,1,'2026-04-24 15:03:10','AUTH','LOGIN_EXITOSO','127.0.0.1'),(10338,1,'2026-04-24 15:11:23','AUTH','LOGIN_EXITOSO','127.0.0.1'),(10339,1,'2026-04-24 15:19:01','AUTH','LOGIN_EXITOSO','127.0.0.1'),(10340,1,'2026-04-27 14:53:04','AUTH','LOGIN_EXITOSO','127.0.0.1'),(10341,1,'2026-04-27 15:23:33','AUTH','LOGIN_EXITOSO','127.0.0.1'),(10342,1,'2026-04-28 11:07:05','AUTH','LOGIN_EXITOSO','127.0.0.1'),(10343,1,'2026-04-28 11:17:48','AUTH','LOGIN_EXITOSO','192.168.1.136'),(10344,1,'2026-04-28 11:40:58','AUTH','LOGIN_EXITOSO','127.0.0.1'),(10345,1,'2026-04-28 11:52:32','AUTH','LOGIN_EXITOSO','127.0.0.1'),(10346,1,'2026-04-28 14:30:08','AUTH','LOGIN_EXITOSO','127.0.0.1'),(10347,1,'2026-04-28 14:32:52','AUTH','LOGIN_EXITOSO','127.0.0.1'),(10348,1,'2026-04-28 14:36:40','AUTH','LOGIN_EXITOSO','127.0.0.1'),(10349,1,'2026-04-28 14:39:22','AUTH','LOGOUT','127.0.0.1'),(10350,2,'2026-04-28 14:39:27','AUTH','LOGIN_EXITOSO','127.0.0.1'),(10351,6,'2026-04-28 14:42:28','AUTH','LOGIN_EXITOSO','127.0.0.1'),(10352,6,'2026-04-28 14:57:04','AUTH','LOGIN_EXITOSO','127.0.0.1'),(10353,6,'2026-04-28 14:59:24','AUTH','LOGIN_EXITOSO','127.0.0.1'),(10354,6,'2026-04-28 14:59:52','AUTH','LOGIN_EXITOSO','127.0.0.1'),(10355,6,'2026-04-28 15:06:39','AUTH','LOGIN_EXITOSO','127.0.0.1'),(10356,6,'2026-04-28 15:07:41','AUTH','LOGIN_EXITOSO','127.0.0.1'),(10357,6,'2026-04-28 15:09:28','AUTH','LOGIN_EXITOSO','127.0.0.1'),(10358,6,'2026-04-28 15:10:33','AUTH','LOGIN_EXITOSO','127.0.0.1'),(10359,6,'2026-04-28 15:34:26','AUTH','LOGIN_EXITOSO','127.0.0.1'),(10360,6,'2026-04-28 15:36:50','AUTH','LOGIN_EXITOSO','127.0.0.1'),(10361,6,'2026-04-28 15:40:45','AUTH','LOGOUT','127.0.0.1'),(10362,2,'2026-04-28 15:40:48','AUTH','LOGIN_EXITOSO','127.0.0.1'),(10363,2,'2026-04-28 15:41:07','PEDIDOS-VENTA','admin_pedidos_venta','127.0.0.1'),(10364,2,'2026-04-28 15:41:19','PEDIDOS-VENTA','admin_pedidos_venta','127.0.0.1'),(10365,2,'2026-04-28 15:41:21','HISTORIAL-MOVIMIENTOS','bodega_historial_movimientos','127.0.0.1'),(10366,2,'2026-04-28 15:41:30','HISTORIAL-MOVIMIENTOS','bodega_historial_movimientos','127.0.0.1'),(10367,2,'2026-04-28 15:43:48','PEDIDOS-VENTA','admin_pedidos_venta','127.0.0.1'),(10368,2,'2026-04-28 15:47:03','PEDIDOS-VENTA','admin_pedidos_venta','127.0.0.1'),(10369,2,'2026-04-29 09:21:32','AUTH','LOGIN_EXITOSO','127.0.0.1'),(10370,12,'2026-04-29 09:22:47','AUTH','LOGIN_EXITOSO','127.0.0.1'),(10371,12,'2026-04-29 09:23:52','AUTH','LOGOUT','127.0.0.1'),(10372,1,'2026-04-29 09:23:57','AUTH','LOGIN_EXITOSO','127.0.0.1'),(10373,1,'2026-04-29 09:24:51','AUTH','LOGOUT','127.0.0.1'),(10374,2,'2026-04-29 09:24:56','AUTH','LOGIN_EXITOSO','127.0.0.1'),(10375,2,'2026-04-29 09:25:20','AUTH','LOGOUT','127.0.0.1'),(10376,1,'2026-04-29 09:25:23','AUTH','LOGIN_EXITOSO','127.0.0.1'),(10377,1,'2026-04-29 09:25:28','HISTORIAL-MOVIMIENTOS','bodega_historial_movimientos','127.0.0.1'),(10378,1,'2026-04-29 09:25:46','HISTORIAL-MOVIMIENTOS','bodega_historial_movimientos','127.0.0.1'),(10379,2,'2026-04-29 09:45:57','AUTH','LOGIN_EXITOSO','127.0.0.1'),(10380,2,'2026-04-29 09:46:00','AUTH','LOGOUT','127.0.0.1'),(10381,1,'2026-04-29 09:46:31','AUTH','LOGIN_EXITOSO','127.0.0.1'),(10382,1,'2026-04-29 09:48:09','VENTAS-SALIDAS','admin_ventas_salidas','127.0.0.1'),(10383,1,'2026-04-29 10:15:31','AUTH','LOGIN_EXITOSO','127.0.0.1'),(10384,1,'2026-04-29 10:26:01','VENTAS-SALIDAS','admin_ventas_salidas','127.0.0.1'),(10385,1,'2026-04-29 10:28:42','VENTAS-SALIDAS','admin_ventas_salidas','127.0.0.1'),(10386,1,'2026-04-29 10:29:36','AUTH','LOGIN_EXITOSO','127.0.0.1'),(10387,1,'2026-04-29 10:29:48','VENTAS-SALIDAS','admin_ventas_salidas','127.0.0.1'),(10388,1,'2026-04-29 10:41:04','AUTH','LOGOUT','127.0.0.1'),(10389,1,'2026-04-29 10:41:06','AUTH','LOGIN_EXITOSO','127.0.0.1'),(10390,1,'2026-04-29 10:50:21','VENTAS-SALIDAS','admin_ventas_salidas','127.0.0.1'),(10391,1,'2026-04-29 10:51:11','CREAR_VENTA','admin_crear_venta','127.0.0.1'),(10392,1,'2026-04-29 10:58:45','VENTAS-SALIDAS','admin_ventas_salidas','127.0.0.1'),(10393,1,'2026-04-29 10:59:28','VENTAS-SALIDAS','admin_ventas_salidas','127.0.0.1'),(10394,1,'2026-04-29 11:01:12','CREAR_VENTA','admin_crear_venta','127.0.0.1'),(10395,1,'2026-04-29 11:08:31','CREAR_VENTA','admin_crear_venta','127.0.0.1'),(10396,1,'2026-04-29 11:09:28','CREAR_VENTA','admin_crear_venta','127.0.0.1'),(10397,1,'2026-04-29 11:09:47','AUTH','LOGOUT','127.0.0.1'),(10398,1,'2026-04-29 11:09:48','AUTH','LOGIN_EXITOSO','127.0.0.1'),(10399,1,'2026-04-29 11:09:52','VENTAS-SALIDAS','admin_ventas_salidas','127.0.0.1'),(10400,1,'2026-04-29 11:09:53','CREAR_VENTA','admin_crear_venta','127.0.0.1'),(10401,1,'2026-04-29 11:17:57','AUTH','LOGIN_EXITOSO','127.0.0.1'),(10402,1,'2026-04-29 11:18:00','VENTAS-SALIDAS','admin_ventas_salidas','127.0.0.1'),(10403,1,'2026-04-29 11:18:01','CREAR_VENTA','admin_crear_venta','127.0.0.1'),(10404,1,'2026-04-29 11:35:33','AUTH','LOGIN_EXITOSO','127.0.0.1'),(10405,1,'2026-04-29 11:35:43','VENTAS-SALIDAS','admin_ventas_salidas','127.0.0.1'),(10406,1,'2026-04-29 11:35:49','CREAR_VENTA','admin_crear_venta','127.0.0.1'),(10407,1,'2026-04-29 11:46:45','AUTH','LOGIN_EXITOSO','127.0.0.1'),(10408,1,'2026-04-29 11:46:51','VENTAS-SALIDAS','admin_ventas_salidas','127.0.0.1'),(10409,1,'2026-04-29 11:46:53','CREAR_VENTA','admin_crear_venta','127.0.0.1'),(10410,1,'2026-04-29 11:57:58','CREAR_VENTA','admin_crear_venta','127.0.0.1'),(10411,1,'2026-04-29 12:06:59','CREAR_VENTA','admin_crear_venta','127.0.0.1'),(10412,1,'2026-04-29 13:57:10','CREAR_VENTA','admin_crear_venta','127.0.0.1'),(10413,1,'2026-04-29 14:01:54','VENTAS-SALIDAS','admin_ventas_salidas','127.0.0.1'),(10414,1,'2026-04-29 14:02:06','CREAR_VENTA','admin_crear_venta','127.0.0.1'),(10415,1,'2026-04-29 14:02:15','VENTAS-SALIDAS','admin_ventas_salidas','127.0.0.1'),(10416,1,'2026-04-29 14:02:20','VENTAS-SALIDAS','admin_ventas_salidas','127.0.0.1'),(10417,1,'2026-04-29 14:02:38','VENTAS-SALIDAS','admin_ventas_salidas','127.0.0.1'),(10418,1,'2026-04-29 14:02:47','VENTAS-SALIDAS','admin_ventas_salidas','127.0.0.1'),(10419,1,'2026-04-29 14:03:35','DETALLES_VENTA','admin_detalles_venta','127.0.0.1'),(10420,1,'2026-04-29 14:04:40','VENTAS-SALIDAS','admin_ventas_salidas','127.0.0.1'),(10421,1,'2026-04-29 14:04:42','CREAR_VENTA','admin_crear_venta','127.0.0.1'),(10422,1,'2026-04-29 14:08:51','DETALLES_VENTA','admin_detalles_venta','127.0.0.1'),(10423,1,'2026-04-29 14:13:19','VENTAS-SALIDAS','admin_ventas_salidas','127.0.0.1'),(10424,1,'2026-04-29 14:13:22','CREAR_VENTA','admin_crear_venta','127.0.0.1'),(10425,1,'2026-04-29 14:13:25','CREAR_VENTA','admin_crear_venta','127.0.0.1'),(10426,1,'2026-04-29 14:13:56','CREAR_VENTA','admin_crear_venta','127.0.0.1'),(10427,1,'2026-04-29 14:14:15','CREAR_VENTA','admin_crear_venta','127.0.0.1'),(10428,1,'2026-04-29 14:23:41','CREAR_VENTA','admin_crear_venta','127.0.0.1'),(10429,1,'2026-04-29 14:31:13','CREAR_VENTA','admin_crear_venta','127.0.0.1'),(10430,1,'2026-04-29 14:32:17','CREAR_VENTA','admin_crear_venta','127.0.0.1'),(10431,1,'2026-04-29 14:32:50','CREAR_VENTA','admin_crear_venta','127.0.0.1'),(10432,1,'2026-04-29 15:13:00','CREAR_VENTA','admin_crear_venta','127.0.0.1'),(10433,1,'2026-04-29 15:23:53','CREAR_VENTA','admin_crear_venta','127.0.0.1'),(10434,1,'2026-04-29 15:29:30','CREAR_VENTA','admin_crear_venta','127.0.0.1'),(10435,1,'2026-04-29 15:29:46','CREAR_VENTA','admin_crear_venta','127.0.0.1'),(10436,1,'2026-04-29 15:29:55','VENTAS-SALIDAS','admin_ventas_salidas','127.0.0.1'),(10437,1,'2026-04-29 15:29:57','CREAR_VENTA','admin_crear_venta','127.0.0.1'),(10438,1,'2026-04-29 15:35:08','CREAR_VENTA','admin_crear_venta','127.0.0.1'),(10439,1,'2026-04-29 15:40:57','CREAR_VENTA','admin_crear_venta','127.0.0.1'),(10440,1,'2026-04-29 15:44:12','CREAR_VENTA','admin_crear_venta','127.0.0.1'),(10441,1,'2026-04-30 08:52:42','AUTH','LOGIN_EXITOSO','127.0.0.1'),(10442,1,'2026-04-30 08:52:45','VENTAS-SALIDAS','admin_ventas_salidas','127.0.0.1'),(10443,1,'2026-04-30 08:52:47','CREAR_VENTA','admin_crear_venta','127.0.0.1'),(10444,1,'2026-04-30 08:53:43','CREAR_VENTA','admin_crear_venta','127.0.0.1'),(10445,1,'2026-04-30 08:59:33','AUTH','LOGIN_EXITOSO','127.0.0.1'),(10446,1,'2026-04-30 08:59:35','VENTAS-SALIDAS','admin_ventas_salidas','127.0.0.1'),(10447,1,'2026-04-30 08:59:36','CREAR_VENTA','admin_crear_venta','127.0.0.1'),(10448,1,'2026-04-30 09:03:47','VENTAS-SALIDAS','admin_ventas_salidas','127.0.0.1'),(10449,1,'2026-04-30 09:03:49','CREAR_VENTA','admin_crear_venta','127.0.0.1'),(10450,1,'2026-04-30 09:12:10','VENTAS-SALIDAS','admin_ventas_salidas','127.0.0.1'),(10451,1,'2026-04-30 09:12:12','CREAR_VENTA','admin_crear_venta','127.0.0.1'),(10452,1,'2026-04-30 09:15:42','VENTAS-SALIDAS','admin_ventas_salidas','127.0.0.1'),(10453,1,'2026-04-30 09:15:44','CREAR_VENTA','admin_crear_venta','127.0.0.1'),(10454,1,'2026-04-30 09:23:20','AUTH','LOGIN_EXITOSO','127.0.0.1'),(10455,1,'2026-04-30 09:23:22','VENTAS-SALIDAS','admin_ventas_salidas','127.0.0.1'),(10456,1,'2026-04-30 09:23:23','CREAR_VENTA','admin_crear_venta','127.0.0.1'),(10457,1,'2026-04-30 09:32:23','AUTH','LOGIN_EXITOSO','127.0.0.1'),(10458,1,'2026-04-30 09:32:30','VENTAS-SALIDAS','admin_ventas_salidas','127.0.0.1'),(10459,1,'2026-04-30 09:32:31','CREAR_VENTA','admin_crear_venta','127.0.0.1'),(10460,1,'2026-04-30 09:49:59','VENTAS-SALIDAS','admin_ventas_salidas','127.0.0.1'),(10461,1,'2026-04-30 09:50:00','CREAR_VENTA','admin_crear_venta','127.0.0.1'),(10462,1,'2026-04-30 09:55:12','AUTH','LOGIN_EXITOSO','127.0.0.1'),(10463,1,'2026-04-30 09:55:15','VENTAS-SALIDAS','admin_ventas_salidas','127.0.0.1'),(10464,1,'2026-04-30 09:55:16','CREAR_VENTA','admin_crear_venta','127.0.0.1'),(10465,1,'2026-04-30 09:56:26','AUTH','LOGIN_EXITOSO','127.0.0.1'),(10466,1,'2026-04-30 09:56:28','VENTAS-SALIDAS','admin_ventas_salidas','127.0.0.1'),(10467,1,'2026-04-30 09:56:29','CREAR_VENTA','admin_crear_venta','127.0.0.1'),(10468,1,'2026-04-30 09:57:20','AUTH','LOGIN_EXITOSO','127.0.0.1'),(10469,1,'2026-04-30 09:57:22','VENTAS-SALIDAS','admin_ventas_salidas','127.0.0.1'),(10470,1,'2026-04-30 09:57:23','CREAR_VENTA','admin_crear_venta','127.0.0.1'),(10471,1,'2026-04-30 09:58:05','AUTH','LOGIN_EXITOSO','127.0.0.1'),(10472,1,'2026-04-30 09:58:08','VENTAS-SALIDAS','admin_ventas_salidas','127.0.0.1'),(10473,1,'2026-04-30 09:58:09','CREAR_VENTA','admin_crear_venta','127.0.0.1'),(10474,1,'2026-04-30 10:25:14','AUTH','LOGIN_EXITOSO','127.0.0.1'),(10475,1,'2026-04-30 10:25:16','VENTAS-SALIDAS','admin_ventas_salidas','127.0.0.1'),(10476,1,'2026-04-30 10:25:17','CREAR_VENTA','admin_crear_venta','127.0.0.1'),(10477,1,'2026-04-30 10:32:44','AUTH','LOGIN_EXITOSO','127.0.0.1'),(10478,1,'2026-04-30 10:32:47','VENTAS-SALIDAS','admin_ventas_salidas','127.0.0.1'),(10479,1,'2026-04-30 10:32:48','CREAR_VENTA','admin_crear_venta','127.0.0.1'),(10480,1,'2026-04-30 10:38:55','CREAR_VENTA','admin_crear_venta','127.0.0.1'),(10481,1,'2026-04-30 10:39:10','CREAR_VENTA','admin_crear_venta','127.0.0.1'),(10482,1,'2026-04-30 10:41:23','VENTAS-SALIDAS','admin_ventas_salidas','127.0.0.1'),(10483,1,'2026-04-30 10:41:36','CLIENTES-ANTICIPOS','admin_clientes_anticipos','127.0.0.1'),(10484,1,'2026-04-30 10:41:52','CLIENTES-ANTICIPOS','admin_clientes_anticipos','127.0.0.1'),(10485,1,'2026-04-30 10:46:56','CLIENTES-ANTICIPOS','admin_clientes_anticipos','127.0.0.1'),(10486,1,'2026-04-30 10:47:00','CLIENTES-ANTICIPOS-ENTREGAS','admin_anticipo_entregas','127.0.0.1'),(10487,1,'2026-04-30 10:47:14','CLIENTES-ANTICIPOS-ENTREGAS','admin_anticipo_entregas','127.0.0.1'),(10488,1,'2026-04-30 10:47:14','CLIENTES-ANTICIPOS-ENTREGAS','admin_anticipo_entregas','127.0.0.1'),(10489,1,'2026-04-30 10:47:30','CUENTAS-POR-COBRAR','admin_cuentascobrar','127.0.0.1'),(10490,1,'2026-04-30 10:51:50','CUENTAS-POR-COBRAR','admin_cuentascobrar','127.0.0.1'),(10491,1,'2026-04-30 10:53:30','DETALLE-CUENTA-COBRAR','admin_detalle_cuentacobrar','127.0.0.1'),(10492,1,'2026-04-30 10:53:30','CUENTAS-POR-COBRAR','admin_cuentascobrar','127.0.0.1'),(10493,1,'2026-04-30 10:53:38','REGISTRAR-PAGO-CXC','admin_registrar_pago','127.0.0.1'),(10494,1,'2026-04-30 10:53:42','DETALLE-CUENTA-COBRAR','admin_detalle_cuentacobrar','127.0.0.1'),(10495,1,'2026-04-30 10:53:42','CUENTAS-POR-COBRAR','admin_cuentascobrar','127.0.0.1'),(10496,1,'2026-04-30 10:54:05','DETALLE-CUENTA-COBRAR','admin_detalle_cuentacobrar','127.0.0.1'),(10497,1,'2026-04-30 11:02:47','CUENTAS-POR-COBRAR','admin_cuentascobrar','127.0.0.1'),(10498,1,'2026-04-30 11:02:49','REGISTRAR-PAGO-CXC','admin_registrar_pago','127.0.0.1'),(10499,1,'2026-04-30 11:02:56','DETALLE-CUENTA-COBRAR','admin_detalle_cuentacobrar','127.0.0.1'),(10500,1,'2026-04-30 11:13:24','PEDIDOS-VENTA','admin_pedidos_venta','127.0.0.1'),(10501,1,'2026-04-30 11:21:40','AUTH','LOGIN_EXITOSO','127.0.0.1'),(10502,1,'2026-04-30 11:23:25','PEDIDOS-VENTA','admin_pedidos_venta','127.0.0.1'),(10503,1,'2026-04-30 11:24:26','AUTH','LOGIN_EXITOSO','127.0.0.1'),(10504,1,'2026-04-30 11:25:46','PEDIDOS-VENTA','admin_pedidos_venta','127.0.0.1'),(10505,1,'2026-04-30 11:32:04','PEDIDOS-VENTA','admin_pedidos_venta','127.0.0.1'),(10506,1,'2026-04-30 11:32:05','PEDIDOS-VENTA','admin_pedidos_venta','127.0.0.1'),(10507,1,'2026-04-30 11:32:18','PEDIDOS-VENTA','admin_pedidos_venta','127.0.0.1'),(10508,1,'2026-04-30 11:33:26','PEDIDOS-VENTA','admin_pedidos_venta','127.0.0.1'),(10509,1,'2026-04-30 11:34:41','AUTH','LOGIN_EXITOSO','127.0.0.1'),(10510,1,'2026-04-30 11:34:46','PEDIDOS-VENTA','admin_pedidos_venta','127.0.0.1'),(10511,1,'2026-04-30 11:46:39','VENTAS-SALIDAS','admin_ventas_salidas','127.0.0.1'),(10512,1,'2026-04-30 11:46:42','PEDIDOS-VENTA','admin_pedidos_venta','127.0.0.1'),(10513,1,'2026-04-30 11:46:42','NUEVO_PEDIDO_CONSOLIDADO','nuevo_pedido_consolidado','127.0.0.1'),(10514,1,'2026-04-30 11:46:47','PEDIDOS-VENTA','admin_pedidos_venta','127.0.0.1'),(10515,1,'2026-04-30 11:46:48','NUEVO_PEDIDO','nuevo_pedido','127.0.0.1'),(10516,1,'2026-04-30 11:47:06','NUEVO_PEDIDO_CONSOLIDADO','nuevo_pedido_consolidado','127.0.0.1'),(10517,1,'2026-04-30 12:00:14','PEDIDOS-VENTA','admin_pedidos_venta','127.0.0.1'),(10518,1,'2026-04-30 12:00:15','NUEVO_PEDIDO','nuevo_pedido','127.0.0.1'),(10519,1,'2026-04-30 13:33:19','NUEVO_PEDIDO','nuevo_pedido','127.0.0.1'),(10520,1,'2026-04-30 13:35:58','NUEVO_PEDIDO_CONSOLIDADO','nuevo_pedido_consolidado','127.0.0.1'),(10521,1,'2026-04-30 13:43:13','VENTAS-SALIDAS','admin_ventas_salidas','127.0.0.1'),(10522,1,'2026-04-30 13:43:20','CREAR_VENTA','admin_crear_venta','127.0.0.1'),(10523,1,'2026-04-30 13:43:26','CLIENTES-ANTICIPOS','admin_clientes_anticipos','127.0.0.1'),(10524,1,'2026-04-30 13:43:28','CLIENTES-ANTICIPOS-NUEVO','admin_anticipo_nuevo','127.0.0.1'),(10525,1,'2026-04-30 13:43:30','CLIENTES-ANTICIPOS','admin_clientes_anticipos','127.0.0.1'),(10526,1,'2026-04-30 13:43:30','CLIENTES-ANTICIPOS-ENTREGAS','admin_anticipo_entregas','127.0.0.1'),(10527,1,'2026-04-30 13:44:20','VENTAS-SALIDAS','admin_ventas_salidas','127.0.0.1'),(10528,1,'2026-04-30 13:44:21','CUENTAS-POR-COBRAR','admin_cuentascobrar','127.0.0.1'),(10529,1,'2026-04-30 13:44:22','CLIENTES-ANTICIPOS','admin_clientes_anticipos','127.0.0.1'),(10530,1,'2026-04-30 13:44:24','VENTAS-SALIDAS','admin_ventas_salidas','127.0.0.1'),(10531,1,'2026-04-30 13:46:49','PEDIDOS-VENTA','admin_pedidos_venta','127.0.0.1'),(10532,1,'2026-04-30 13:46:50','NUEVO_PEDIDO','nuevo_pedido','127.0.0.1'),(10533,1,'2026-04-30 13:47:53','NUEVO_PEDIDO_CONSOLIDADO','nuevo_pedido_consolidado','127.0.0.1'),(10534,1,'2026-04-30 13:48:01','NUEVO_PEDIDO_CONSOLIDADO','nuevo_pedido_consolidado','127.0.0.1'),(10535,1,'2026-04-30 13:48:18','PEDIDOS-VENTA','admin_pedidos_venta','127.0.0.1'),(10536,1,'2026-04-30 13:48:20','NUEVO_PEDIDO','nuevo_pedido','127.0.0.1'),(10537,1,'2026-04-30 13:48:49','CLIENTES-ANTICIPOS','admin_clientes_anticipos','127.0.0.1'),(10538,1,'2026-04-30 13:48:55','PEDIDOS-VENTA','admin_pedidos_venta','127.0.0.1'),(10539,1,'2026-04-30 13:53:46','PEDIDOS-VENTA','admin_pedidos_venta','127.0.0.1'),(10540,1,'2026-04-30 13:54:19','PEDIDOS-VENTA','admin_pedidos_venta','127.0.0.1'),(10541,1,'2026-04-30 13:54:21','NUEVO_PEDIDO','nuevo_pedido','127.0.0.1'),(10542,1,'2026-04-30 13:54:35','PEDIDOS-VENTA','admin_pedidos_venta','127.0.0.1'),(10543,1,'2026-04-30 14:05:14','PEDIDOS-VENTA','admin_pedidos_venta','127.0.0.1'),(10544,1,'2026-04-30 14:05:19','CAMBIAR_ESTADO_PEDIDO','cambiar_estado_pedido','127.0.0.1'),(10545,1,'2026-04-30 14:05:20','PEDIDOS-VENTA','admin_pedidos_venta','127.0.0.1'),(10546,1,'2026-04-30 14:05:33','VENTAS-SALIDAS','admin_ventas_salidas','127.0.0.1'),(10547,1,'2026-04-30 14:06:13','VENTAS-SALIDAS','admin_ventas_salidas','127.0.0.1'),(10548,1,'2026-04-30 14:06:30','VENTAS-SALIDAS','admin_ventas_salidas','127.0.0.1'),(10549,1,'2026-04-30 14:21:55','VENTAS-SALIDAS','admin_ventas_salidas','127.0.0.1'),(10550,1,'2026-04-30 14:38:18','AUTH','LOGIN_EXITOSO','127.0.0.1'),(10551,1,'2026-04-30 14:38:25','VENTAS-SALIDAS','admin_ventas_salidas','127.0.0.1'),(10552,1,'2026-04-30 14:38:50','VENTAS-SALIDAS','admin_ventas_salidas','127.0.0.1'),(10553,1,'2026-04-30 14:44:17','AUTH','LOGIN_EXITOSO','127.0.0.1'),(10554,1,'2026-04-30 14:44:19','VENTAS-SALIDAS','admin_ventas_salidas','127.0.0.1'),(10555,1,'2026-04-30 14:44:21','ANULAR_VENTA','admin_anular_venta','127.0.0.1'),(10556,1,'2026-04-30 14:44:30','ANULAR_VENTA','admin_anular_venta','127.0.0.1'),(10557,1,'2026-04-30 14:45:15','CREAR_VENTA','admin_crear_venta','127.0.0.1'),(10558,1,'2026-04-30 14:45:23','CUENTAS-POR-COBRAR','admin_cuentascobrar','127.0.0.1'),(10559,1,'2026-04-30 14:45:25','DETALLE-CUENTA-COBRAR','admin_detalle_cuentacobrar','127.0.0.1'),(10560,1,'2026-04-30 14:45:27','REGISTRAR-PAGO-CXC','admin_registrar_pago','127.0.0.1'),(10561,1,'2026-04-30 14:45:29','DETALLE-CUENTA-COBRAR','admin_detalle_cuentacobrar','127.0.0.1'),(10562,1,'2026-04-30 14:45:30','CUENTAS-POR-COBRAR','admin_cuentascobrar','127.0.0.1'),(10563,1,'2026-04-30 14:49:04','VENTAS-SALIDAS','admin_ventas_salidas','127.0.0.1'),(10564,1,'2026-04-30 14:49:05','FACTURAS_VENTAS','admin_facturas_ventas','127.0.0.1'),(10565,1,'2026-04-30 14:49:42','FACTURAS_VENTAS','admin_facturas_ventas','127.0.0.1'),(10566,1,'2026-04-30 14:49:47','FACTURAS_VENTAS','admin_facturas_ventas','127.0.0.1'),(10567,1,'2026-04-30 14:50:04','COMPRAS-ENTRADAS','admin_compras_entradas','127.0.0.1'),(10568,1,'2026-04-30 14:50:42','COMPRAS-ENTRADAS','admin_compras_entradas','127.0.0.1'),(10569,1,'2026-04-30 14:53:26','COMPRAS-ENTRADAS-CREAR','admin_crear_compra','127.0.0.1'),(10570,1,'2026-04-30 14:56:14','VENTAS-SALIDAS','admin_ventas_salidas','127.0.0.1'),(10571,1,'2026-04-30 14:56:15','CREAR_VENTA','admin_crear_venta','127.0.0.1'),(10572,1,'2026-04-30 14:56:42','CREAR_VENTA','admin_crear_venta','127.0.0.1'),(10573,1,'2026-04-30 14:56:49','VENTAS-SALIDAS','admin_ventas_salidas','127.0.0.1'),(10574,1,'2026-04-30 14:56:53','ANULAR_VENTA','admin_anular_venta','127.0.0.1'),(10575,1,'2026-04-30 14:57:32','ANULAR_VENTA','admin_anular_venta','127.0.0.1'),(10576,1,'2026-04-30 14:57:32','VENTAS-SALIDAS','admin_ventas_salidas','127.0.0.1'),(10577,1,'2026-04-30 14:57:50','VENTAS-SALIDAS','admin_ventas_salidas','127.0.0.1'),(10578,1,'2026-04-30 14:58:59','CREAR_VENTA','admin_crear_venta','127.0.0.1'),(10579,1,'2026-04-30 14:59:09','CREAR_VENTA','admin_crear_venta','127.0.0.1'),(10580,1,'2026-04-30 14:59:13','VENTAS-SALIDAS','admin_ventas_salidas','127.0.0.1'),(10581,1,'2026-04-30 14:59:16','ANULAR_VENTA','admin_anular_venta','127.0.0.1'),(10582,1,'2026-04-30 14:59:30','ANULAR_VENTA','admin_anular_venta','127.0.0.1'),(10583,1,'2026-04-30 14:59:30','VENTAS-SALIDAS','admin_ventas_salidas','127.0.0.1'),(10584,1,'2026-04-30 15:07:04','VENTAS-SALIDAS','admin_ventas_salidas','127.0.0.1'),(10585,1,'2026-04-30 15:08:43','AUTH','LOGIN_EXITOSO','127.0.0.1'),(10586,1,'2026-04-30 15:08:45','VENTAS-SALIDAS','admin_ventas_salidas','127.0.0.1'),(10587,1,'2026-04-30 15:08:50','CREAR_VENTA','admin_crear_venta','127.0.0.1'),(10588,1,'2026-04-30 15:08:57','CREAR_VENTA','admin_crear_venta','127.0.0.1'),(10589,1,'2026-04-30 15:09:00','VENTAS-SALIDAS','admin_ventas_salidas','127.0.0.1'),(10590,1,'2026-04-30 15:09:03','ANULAR_VENTA','admin_anular_venta','127.0.0.1'),(10591,1,'2026-04-30 15:09:12','ANULAR_VENTA','admin_anular_venta','127.0.0.1'),(10592,1,'2026-04-30 15:09:13','VENTAS-SALIDAS','admin_ventas_salidas','127.0.0.1'),(10593,1,'2026-04-30 15:09:13','VENTAS-SALIDAS','admin_ventas_salidas','127.0.0.1'),(10594,1,'2026-04-30 15:13:54','PEDIDOS-VENTA','admin_pedidos_venta','127.0.0.1'),(10595,1,'2026-04-30 15:14:02','PEDIDOS-VENTA','admin_pedidos_venta','127.0.0.1'),(10596,1,'2026-04-30 15:14:18','AUTH','LOGOUT','127.0.0.1'),(10597,2,'2026-04-30 15:14:21','AUTH','LOGIN_EXITOSO','127.0.0.1'),(10598,2,'2026-04-30 15:14:32','PEDIDOS-VENTA','admin_pedidos_venta','127.0.0.1'),(10599,2,'2026-04-30 15:15:53','PEDIDOS-VENTA','admin_pedidos_venta','127.0.0.1'),(10600,2,'2026-04-30 15:15:56','PEDIDOS-VENTA','admin_pedidos_venta','127.0.0.1'),(10601,2,'2026-04-30 15:16:00','PEDIDOS-VENTA','admin_pedidos_venta','127.0.0.1'),(10602,2,'2026-04-30 15:16:02','CREAR_VENTA','admin_crear_venta','127.0.0.1'),(10603,2,'2026-04-30 15:16:18','CREAR_VENTA','admin_crear_venta','127.0.0.1'),(10604,2,'2026-04-30 15:16:54','HISTORIAL-MOVIMIENTOS','bodega_historial_movimientos','127.0.0.1'),(10605,2,'2026-04-30 15:20:41','HISTORIAL-MOVIMIENTOS','bodega_historial_movimientos','127.0.0.1'),(10606,2,'2026-04-30 15:21:32','HISTORIAL-MOVIMIENTOS','bodega_historial_movimientos','127.0.0.1'),(10607,2,'2026-04-30 15:21:38','HISTORIAL-MOVIMIENTOS','bodega_historial_movimientos','127.0.0.1'),(10608,2,'2026-04-30 15:23:37','HISTORIAL-MOVIMIENTOS','bodega_historial_movimientos','127.0.0.1'),(10609,2,'2026-04-30 15:23:44','AUTH','LOGOUT','127.0.0.1'),(10610,1,'2026-04-30 15:23:47','AUTH','LOGIN_EXITOSO','127.0.0.1'),(10611,1,'2026-04-30 15:23:50','HISTORIAL-MOVIMIENTOS','bodega_historial_movimientos','127.0.0.1'),(10612,1,'2026-04-30 15:23:56','HISTORIAL-MOVIMIENTOS','bodega_historial_movimientos','127.0.0.1'),(10613,1,'2026-04-30 15:24:03','HISTORIAL-MOVIMIENTOS','bodega_historial_movimientos','127.0.0.1'),(10614,1,'2026-04-30 15:24:06','AUTH','LOGOUT','127.0.0.1'),(10615,2,'2026-04-30 15:24:08','AUTH','LOGIN_EXITOSO','127.0.0.1'),(10616,2,'2026-04-30 15:24:10','HISTORIAL-MOVIMIENTOS','bodega_historial_movimientos','127.0.0.1'),(10617,2,'2026-04-30 15:24:11','HISTORIAL-MOVIMIENTOS','bodega_historial_movimientos','127.0.0.1'),(10618,2,'2026-04-30 15:25:06','HISTORIAL-MOVIMIENTOS','bodega_historial_movimientos','127.0.0.1'),(10619,2,'2026-04-30 15:25:15','HISTORIAL-MOVIMIENTOS','bodega_historial_movimientos','127.0.0.1'),(10620,2,'2026-04-30 15:25:23','HISTORIAL-MOVIMIENTOS','bodega_historial_movimientos','127.0.0.1'),(10621,2,'2026-04-30 15:25:28','HISTORIAL-MOVIMIENTOS','bodega_historial_movimientos','127.0.0.1'),(10622,2,'2026-04-30 15:25:37','HISTORIAL-MOVIMIENTOS','bodega_historial_movimientos','127.0.0.1'),(10623,2,'2026-04-30 15:25:39','HISTORIAL-MOVIMIENTOS','bodega_historial_movimientos','127.0.0.1'),(10624,2,'2026-04-30 15:25:42','HISTORIAL-MOVIMIENTOS','bodega_historial_movimientos','127.0.0.1'),(10625,2,'2026-04-30 15:25:43','HISTORIAL-MOVIMIENTOS','bodega_historial_movimientos','127.0.0.1'),(10626,2,'2026-04-30 15:29:14','HISTORIAL-MOVIMIENTOS','bodega_historial_movimientos','127.0.0.1'),(10627,2,'2026-04-30 15:29:22','HISTORIAL-MOVIMIENTOS','bodega_historial_movimientos','127.0.0.1'),(10628,2,'2026-04-30 15:29:28','HISTORIAL-MOVIMIENTOS','bodega_historial_movimientos','127.0.0.1'),(10629,2,'2026-04-30 15:29:31','HISTORIAL-MOVIMIENTOS','bodega_historial_movimientos','127.0.0.1'),(10630,2,'2026-04-30 15:36:31','HISTORIAL-MOVIMIENTOS','bodega_historial_movimientos','127.0.0.1'),(10631,2,'2026-04-30 15:36:35','HISTORIAL-MOVIMIENTOS','bodega_historial_movimientos','127.0.0.1'),(10632,2,'2026-04-30 15:36:40','HISTORIAL-MOVIMIENTOS','bodega_historial_movimientos','127.0.0.1'),(10633,2,'2026-04-30 15:42:30','HISTORIAL-MOVIMIENTOS','bodega_historial_movimientos','127.0.0.1'),(10634,2,'2026-04-30 15:48:01','HISTORIAL-MOVIMIENTOS','bodega_historial_movimientos','127.0.0.1'),(10635,2,'2026-04-30 15:48:08','HISTORIAL-MOVIMIENTOS','bodega_historial_movimientos','127.0.0.1'),(10636,2,'2026-04-30 15:48:14','HISTORIAL-MOVIMIENTOS','bodega_historial_movimientos','127.0.0.1'),(10637,2,'2026-04-30 15:48:23','HISTORIAL-MOVIMIENTOS','bodega_historial_movimientos','127.0.0.1'),(10638,2,'2026-04-30 15:48:30','HISTORIAL-MOVIMIENTOS','bodega_historial_movimientos','127.0.0.1'),(10639,1,'2026-05-04 08:14:51','AUTH','LOGIN_EXITOSO','127.0.0.1'),(10640,1,'2026-05-04 08:15:01','VENTAS-SALIDAS','admin_ventas_salidas','127.0.0.1'),(10641,1,'2026-05-04 08:15:03','CREAR_VENTA','admin_crear_venta','127.0.0.1'),(10642,1,'2026-05-04 08:16:00','CREAR_VENTA','admin_crear_venta','127.0.0.1'),(10643,1,'2026-05-04 08:16:06','VENTAS-SALIDAS','admin_ventas_salidas','127.0.0.1'),(10644,1,'2026-05-04 08:16:08','CLIENTES-ANTICIPOS','admin_clientes_anticipos','127.0.0.1'),(10645,1,'2026-05-04 08:16:13','CUENTAS-POR-COBRAR','admin_cuentascobrar','127.0.0.1'),(10646,1,'2026-05-04 08:16:17','DETALLE-CUENTA-COBRAR','admin_detalle_cuentacobrar','127.0.0.1'),(10647,1,'2026-05-04 08:16:19','CUENTAS-POR-COBRAR','admin_cuentascobrar','127.0.0.1'),(10648,1,'2026-05-04 08:16:20','REGISTRAR-PAGO-CXC','admin_registrar_pago','127.0.0.1'),(10649,1,'2026-05-04 08:17:13','CUENTAS-POR-COBRAR','admin_cuentascobrar','127.0.0.1'),(10650,1,'2026-05-04 08:17:14','PEDIDOS-VENTA','admin_pedidos_venta','127.0.0.1'),(10651,1,'2026-05-04 08:18:28','FACTURAS_VENTAS','admin_facturas_ventas','127.0.0.1'),(10652,1,'2026-05-04 08:18:47','FACTURAS_VENTAS','admin_facturas_ventas','127.0.0.1'),(10653,1,'2026-05-04 08:22:04','FACTURAS_VENTAS','admin_facturas_ventas','127.0.0.1'),(10654,1,'2026-05-04 08:22:10','FACTURAS_VENTAS','admin_facturas_ventas','127.0.0.1'),(10655,1,'2026-05-04 08:22:37','VENTAS-SALIDAS','admin_ventas_salidas','127.0.0.1'),(10656,1,'2026-05-04 08:22:47','CLIENTES-ANTICIPOS','admin_clientes_anticipos','127.0.0.1'),(10657,1,'2026-05-04 08:22:53','CUENTAS-POR-COBRAR','admin_cuentascobrar','127.0.0.1'),(10658,1,'2026-05-04 08:22:58','CUENTAS-POR-COBRAR','admin_cuentascobrar','127.0.0.1'),(10659,1,'2026-05-04 08:22:59','PEDIDOS-VENTA','admin_pedidos_venta','127.0.0.1'),(10660,1,'2026-05-04 08:23:21','FACTURAS_VENTAS','admin_facturas_ventas','127.0.0.1'),(10661,1,'2026-05-04 08:25:53','COMPRAS-ENTRADAS','admin_compras_entradas','127.0.0.1'),(10662,1,'2026-05-04 08:25:55','COMPRAS-ENTRADAS-CREAR','admin_crear_compra','127.0.0.1'),(10663,1,'2026-05-04 08:30:16','COMPRAS-ENTRADAS-DETALLE-COMPLETO','admin_detalle_compra_completo','127.0.0.1'),(10664,1,'2026-05-04 08:30:16','COMPRAS-ENTRADAS','admin_compras_entradas','127.0.0.1'),(10665,1,'2026-05-04 08:33:09','COMPRAS-ENTRADAS-DETALLE-COMPLETO','admin_detalle_compra_completo','127.0.0.1'),(10666,1,'2026-05-04 08:33:09','COMPRAS-ENTRADAS','admin_compras_entradas','127.0.0.1'),(10667,1,'2026-05-04 08:34:13','COMPRAS-ENTRADAS-DETALLE-COMPLETO','admin_detalle_compra_completo','127.0.0.1'),(10668,1,'2026-05-04 08:34:13','COMPRAS-ENTRADAS','admin_compras_entradas','127.0.0.1'),(10669,1,'2026-05-04 08:35:04','COMPRAS-ENTRADAS-DETALLE-COMPLETO','admin_detalle_compra_completo','127.0.0.1'),(10670,1,'2026-05-04 08:35:48','COMPRAS-ENTRADAS','admin_compras_entradas','127.0.0.1'),(10671,1,'2026-05-04 08:35:52','COMPRAS-ENTRADAS-DETALLE-COMPLETO','admin_detalle_compra_completo','127.0.0.1'),(10672,1,'2026-05-04 08:36:02','COMPRAS-ENTRADAS-DETALLE-COMPLETO','admin_detalle_compra_completo','127.0.0.1'),(10673,1,'2026-05-04 08:36:13','VENTAS-SALIDAS','admin_ventas_salidas','127.0.0.1'),(10674,1,'2026-05-04 08:36:31','COMPRAS-ENTRADAS','admin_compras_entradas','127.0.0.1'),(10675,1,'2026-05-04 08:36:35','COMPRAS-ENTRADAS-DETALLE-COMPLETO','admin_detalle_compra_completo','127.0.0.1'),(10676,1,'2026-05-04 08:39:12','COMPRAS-ENTRADAS','admin_compras_entradas','127.0.0.1'),(10677,1,'2026-05-04 08:49:51','COMPRAS-ENTRADAS','admin_compras_entradas','127.0.0.1'),(10678,1,'2026-05-04 08:51:27','COMPRAS-ENTRADAS','admin_compras_entradas','127.0.0.1'),(10679,1,'2026-05-04 08:51:28','COMPRAS-ENTRADAS','admin_compras_entradas','127.0.0.1'),(10680,1,'2026-05-04 08:51:28','COMPRAS-ENTRADAS','admin_compras_entradas','127.0.0.1'),(10681,1,'2026-05-04 08:51:29','COMPRAS-ENTRADAS','admin_compras_entradas','127.0.0.1'),(10682,1,'2026-05-04 08:52:05','COMPRAS-ENTRADAS','admin_compras_entradas','127.0.0.1'),(10683,1,'2026-05-04 08:52:10','COMPRAS-ENTRADAS-DETALLE-COMPLETO','admin_detalle_compra_completo','127.0.0.1'),(10684,1,'2026-05-04 09:19:25','VENTAS-SALIDAS','admin_ventas_salidas','127.0.0.1'),(10685,1,'2026-05-04 09:19:30','CREAR_VENTA','admin_crear_venta','127.0.0.1'),(10686,1,'2026-05-04 09:19:54','CREAR_VENTA','admin_crear_venta','127.0.0.1'),(10687,1,'2026-05-04 09:20:15','CREAR_VENTA','admin_crear_venta','127.0.0.1'),(10688,1,'2026-05-04 09:21:35','AUTH','LOGIN_EXITOSO','127.0.0.1'),(10689,1,'2026-05-04 09:21:37','VENTAS-SALIDAS','admin_ventas_salidas','127.0.0.1'),(10690,1,'2026-05-04 09:21:43','ANULAR_VENTA','admin_anular_venta','127.0.0.1'),(10691,1,'2026-05-04 09:21:52','ANULAR_VENTA','admin_anular_venta','127.0.0.1'),(10692,1,'2026-05-04 09:21:52','VENTAS-SALIDAS','admin_ventas_salidas','127.0.0.1'),(10693,1,'2026-05-04 09:21:52','VENTAS-SALIDAS','admin_ventas_salidas','127.0.0.1'),(10694,1,'2026-05-04 09:21:58','VENTAS-SALIDAS','admin_ventas_salidas','127.0.0.1'),(10695,1,'2026-05-04 09:22:02','COMPRAS-ENTRADAS','admin_compras_entradas','127.0.0.1'),(10696,1,'2026-05-04 09:22:09','VENTAS-SALIDAS','admin_ventas_salidas','127.0.0.1'),(10697,1,'2026-05-04 09:22:13','CREAR_VENTA','admin_crear_venta','127.0.0.1'),(10698,1,'2026-05-04 09:22:23','CREAR_VENTA','admin_crear_venta','127.0.0.1'),(10699,1,'2026-05-04 09:22:27','VENTAS-SALIDAS','admin_ventas_salidas','127.0.0.1'),(10700,1,'2026-05-04 09:24:25','VENTAS-SALIDAS','admin_ventas_salidas','127.0.0.1'),(10701,1,'2026-05-04 09:24:29','CREAR_VENTA','admin_crear_venta','127.0.0.1'),(10702,1,'2026-05-04 09:24:46','CREAR_VENTA','admin_crear_venta','127.0.0.1'),(10703,1,'2026-05-04 09:24:54','CREAR_VENTA','admin_crear_venta','127.0.0.1'),(10704,1,'2026-05-04 09:25:16','CREAR_VENTA','admin_crear_venta','127.0.0.1'),(10705,1,'2026-05-04 09:25:47','CREAR_VENTA','admin_crear_venta','127.0.0.1'),(10706,1,'2026-05-04 09:26:02','VENTAS-SALIDAS','admin_ventas_salidas','127.0.0.1'),(10707,1,'2026-05-04 09:26:06','COMPRAS-ENTRADAS','admin_compras_entradas','127.0.0.1'),(10708,1,'2026-05-04 09:27:00','VENTAS-SALIDAS','admin_ventas_salidas','127.0.0.1'),(10709,1,'2026-05-04 09:27:03','ANULAR_VENTA','admin_anular_venta','127.0.0.1'),(10710,1,'2026-05-04 09:27:16','ANULAR_VENTA','admin_anular_venta','127.0.0.1'),(10711,1,'2026-05-04 09:27:16','VENTAS-SALIDAS','admin_ventas_salidas','127.0.0.1'),(10712,1,'2026-05-04 09:27:17','VENTAS-SALIDAS','admin_ventas_salidas','127.0.0.1'),(10713,1,'2026-05-04 09:27:22','COMPRAS-ENTRADAS','admin_compras_entradas','127.0.0.1'),(10714,1,'2026-05-04 09:39:57','VENTAS-SALIDAS','admin_ventas_salidas','127.0.0.1'),(10715,1,'2026-05-04 09:40:14','CREAR_VENTA','admin_crear_venta','127.0.0.1'),(10716,1,'2026-05-04 09:40:28','CREAR_VENTA','admin_crear_venta','127.0.0.1'),(10717,1,'2026-05-04 09:40:32','VENTAS-SALIDAS','admin_ventas_salidas','127.0.0.1'),(10718,1,'2026-05-04 09:40:38','ANULAR_VENTA','admin_anular_venta','127.0.0.1'),(10719,1,'2026-05-04 09:41:19','ANULAR_VENTA','admin_anular_venta','127.0.0.1'),(10720,1,'2026-05-04 09:41:19','VENTAS-SALIDAS','admin_ventas_salidas','127.0.0.1'),(10721,1,'2026-05-04 09:41:19','VENTAS-SALIDAS','admin_ventas_salidas','127.0.0.1'),(10722,1,'2026-05-04 09:43:52','COMPRAS-ENTRADAS','admin_compras_entradas','127.0.0.1'),(10723,1,'2026-05-04 09:45:40','COMPRAS-ENTRADAS-CREAR','admin_crear_compra','127.0.0.1'),(10724,1,'2026-05-04 10:16:27','COMPRAS-ENTRADAS','admin_compras_entradas','127.0.0.1'),(10725,1,'2026-05-04 10:31:49','COMPRAS-ENTRADAS','admin_compras_entradas','127.0.0.1'),(10726,1,'2026-05-04 10:31:50','COMPRAS-ENTRADAS-CREAR','admin_crear_compra','127.0.0.1'),(10727,1,'2026-05-04 10:32:08','AUTH','LOGOUT','127.0.0.1'),(10728,1,'2026-05-04 10:32:17','AUTH','LOGIN_EXITOSO','127.0.0.1'),(10729,1,'2026-05-04 10:32:24','COMPRAS-ENTRADAS','admin_compras_entradas','127.0.0.1'),(10730,1,'2026-05-04 10:32:25','COMPRAS-ENTRADAS-CREAR','admin_crear_compra','127.0.0.1'),(10731,1,'2026-05-04 10:42:00','COMPRAS-ENTRADAS-CREAR','admin_crear_compra','127.0.0.1'),(10732,1,'2026-05-04 10:44:23','COMPRAS-ENTRADAS-CREAR','admin_crear_compra','127.0.0.1'),(10733,1,'2026-05-04 10:49:00','AUTH','LOGIN_EXITOSO','127.0.0.1'),(10734,1,'2026-05-04 10:49:09','COMPRAS-ENTRADAS','admin_compras_entradas','127.0.0.1'),(10735,1,'2026-05-04 11:25:14','COMPRAS-ENTRADAS-CREAR','admin_crear_compra','127.0.0.1'),(10736,1,'2026-05-04 11:30:38','AUTH','LOGIN_EXITOSO','127.0.0.1'),(10737,1,'2026-05-04 11:31:03','COMPRAS-ENTRADAS','admin_compras_entradas','127.0.0.1'),(10738,1,'2026-05-04 11:31:05','COMPRAS-ENTRADAS-CREAR','admin_crear_compra','127.0.0.1'),(10739,1,'2026-05-04 11:32:00','COMPRAS-ENTRADAS','admin_compras_entradas','127.0.0.1'),(10740,1,'2026-05-04 11:32:48','COMPRAS-ENTRADAS-CREAR','admin_crear_compra','127.0.0.1'),(10741,1,'2026-05-04 11:33:31','COMPRAS-ENTRADAS','admin_compras_entradas','127.0.0.1'),(10742,1,'2026-05-04 11:37:28','AUTH','LOGIN_EXITOSO','127.0.0.1'),(10743,1,'2026-05-04 11:37:30','COMPRAS-ENTRADAS','admin_compras_entradas','127.0.0.1'),(10744,1,'2026-05-04 11:37:33','COMPRAS-ENTRADAS-CREAR','admin_crear_compra','127.0.0.1'),(10745,1,'2026-05-04 11:42:09','AUTH','LOGIN_EXITOSO','127.0.0.1'),(10746,1,'2026-05-04 11:42:16','COMPRAS-ENTRADAS','admin_compras_entradas','127.0.0.1'),(10747,1,'2026-05-04 11:42:18','COMPRAS-ENTRADAS-CREAR','admin_crear_compra','127.0.0.1'),(10748,1,'2026-05-04 11:44:43','AUTH','LOGIN_EXITOSO','127.0.0.1'),(10749,1,'2026-05-04 11:44:46','COMPRAS-ENTRADAS','admin_compras_entradas','127.0.0.1'),(10750,1,'2026-05-04 11:44:47','COMPRAS-ENTRADAS-CREAR','admin_crear_compra','127.0.0.1'),(10751,1,'2026-05-04 12:00:03','AUTH','LOGIN_EXITOSO','127.0.0.1'),(10752,1,'2026-05-04 12:00:08','COMPRAS-ENTRADAS','admin_compras_entradas','127.0.0.1'),(10753,1,'2026-05-04 12:00:09','COMPRAS-ENTRADAS-CREAR','admin_crear_compra','127.0.0.1'),(10754,1,'2026-05-04 12:03:21','AUTH','LOGIN_EXITOSO','127.0.0.1'),(10755,1,'2026-05-04 12:03:25','COMPRAS-ENTRADAS','admin_compras_entradas','127.0.0.1'),(10756,1,'2026-05-04 12:03:26','COMPRAS-ENTRADAS-CREAR','admin_crear_compra','127.0.0.1'),(10757,1,'2026-05-04 12:05:53','AUTH','LOGIN_EXITOSO','127.0.0.1'),(10758,1,'2026-05-04 12:05:59','COMPRAS-ENTRADAS','admin_compras_entradas','127.0.0.1'),(10759,1,'2026-05-04 12:06:01','COMPRAS-ENTRADAS-CREAR','admin_crear_compra','127.0.0.1'),(10760,1,'2026-05-04 13:36:48','AUTH','LOGIN_EXITOSO','127.0.0.1'),(10761,1,'2026-05-04 13:41:28','COMPRAS-ENTRADAS','admin_compras_entradas','127.0.0.1'),(10762,1,'2026-05-04 13:41:29','COMPRAS-ENTRADAS-CREAR','admin_crear_compra','127.0.0.1'),(10763,1,'2026-05-04 14:27:40','COMPRAS-ENTRADAS-CREAR','admin_crear_compra','127.0.0.1'),(10764,1,'2026-05-04 14:44:39','COMPRAS-ENTRADAS','admin_compras_entradas','127.0.0.1'),(10765,1,'2026-05-04 14:44:41','COMPRAS-ENTRADAS-CREAR','admin_crear_compra','127.0.0.1'),(10766,1,'2026-05-04 14:47:05','AUTH','LOGOUT','127.0.0.1'),(10767,1,'2026-05-04 14:47:14','AUTH','LOGIN_EXITOSO','127.0.0.1'),(10768,1,'2026-05-04 14:47:17','COMPRAS-ENTRADAS','admin_compras_entradas','127.0.0.1'),(10769,1,'2026-05-04 14:47:18','COMPRAS-ENTRADAS-CREAR','admin_crear_compra','127.0.0.1'),(10770,1,'2026-05-04 14:51:46','COMPRAS-ENTRADAS-CREAR','admin_crear_compra','127.0.0.1'),(10771,1,'2026-05-04 14:52:49','COMPRAS-ENTRADAS-CREAR','admin_crear_compra','127.0.0.1'),(10772,1,'2026-05-04 14:52:49','COMPRAS-ENTRADAS','admin_compras_entradas','127.0.0.1'),(10773,1,'2026-05-04 14:52:49','COMPRAS-ENTRADAS','admin_compras_entradas','127.0.0.1'),(10774,1,'2026-05-04 14:54:47','COMPRAS-ENTRADAS','admin_compras_entradas','127.0.0.1'),(10775,1,'2026-05-04 14:54:55','COMPRAS-ENTRADAS-DETALLE-COMPLETO','admin_detalle_compra_completo','127.0.0.1'),(10776,1,'2026-05-04 14:55:00','COMPRAS-ENTRADAS-DETALLE-COMPLETO','admin_detalle_compra_completo','127.0.0.1'),(10777,NULL,'2026-05-04 14:58:57','AUTH','LOGIN_FALLIDO: contraseña incorrecta - Usuario: Fared','127.0.0.1'),(10778,NULL,'2026-05-04 14:59:09','AUTH','LOGIN_FALLIDO: contraseña incorrecta - Usuario: Fared','127.0.0.1'),(10779,1,'2026-05-04 14:59:16','AUTH','LOGOUT','127.0.0.1'),(10780,2,'2026-05-04 15:00:12','AUTH','LOGIN_EXITOSO','127.0.0.1'),(10781,2,'2026-05-04 15:00:32','AUTH','LOGOUT','127.0.0.1'),(10782,1,'2026-05-04 15:00:45','AUTH','LOGIN_EXITOSO','127.0.0.1'),(10783,1,'2026-05-04 15:01:28','COMPRAS-ENTRADAS','admin_compras_entradas','127.0.0.1'),(10784,1,'2026-05-04 15:02:34','AUTH','LOGIN_EXITOSO','127.0.0.1'),(10785,1,'2026-05-04 15:04:37','COMPRAS-ENTRADAS','admin_compras_entradas','127.0.0.1'),(10786,1,'2026-05-04 15:04:39','COMPRAS-ENTRADAS-ANULAR','admin_anular_compra','127.0.0.1'),(10787,1,'2026-05-04 15:04:50','COMPRAS-ENTRADAS','admin_compras_entradas','127.0.0.1'),(10788,1,'2026-05-04 15:04:54','COMPRAS-ENTRADAS-ANULAR','admin_anular_compra','127.0.0.1'),(10789,1,'2026-05-04 15:06:28','COMPRAS','ANULACION_COMPRA','127.0.0.1'),(10790,1,'2026-05-04 15:06:28','COMPRAS-ENTRADAS-ANULAR','admin_anular_compra','127.0.0.1'),(10791,1,'2026-05-04 15:06:28','COMPRAS-ENTRADAS','admin_compras_entradas','127.0.0.1'),(10792,1,'2026-05-04 15:06:40','VENTAS-SALIDAS','admin_ventas_salidas','127.0.0.1'),(10793,1,'2026-05-04 15:13:13','AUTH','LOGOUT','127.0.0.1'),(10794,1,'2026-05-04 15:13:36','AUTH','LOGIN_EXITOSO','127.0.0.1'),(10795,1,'2026-05-04 15:13:44','COMPRAS-ENTRADAS','admin_compras_entradas','127.0.0.1'),(10796,1,'2026-05-04 15:13:48','COMPRAS-ENTRADAS-CREAR','admin_crear_compra','127.0.0.1'),(10797,1,'2026-05-04 15:14:10','COMPRAS-ENTRADAS-CREAR','admin_crear_compra','127.0.0.1'),(10798,1,'2026-05-04 15:14:10','COMPRAS-ENTRADAS','admin_compras_entradas','127.0.0.1'),(10799,1,'2026-05-04 15:14:10','COMPRAS-ENTRADAS','admin_compras_entradas','127.0.0.1'),(10800,1,'2026-05-04 15:14:14','COMPRAS-ENTRADAS-ANULAR','admin_anular_compra','127.0.0.1'),(10801,1,'2026-05-04 15:14:37','COMPRAS','ANULACION_COMPRA_SIMPLE','127.0.0.1'),(10802,1,'2026-05-04 15:14:37','COMPRAS-ENTRADAS-ANULAR','admin_anular_compra','127.0.0.1'),(10803,1,'2026-05-04 15:14:37','COMPRAS-ENTRADAS','admin_compras_entradas','127.0.0.1'),(10804,1,'2026-05-04 15:15:25','HISTORIAL-MOVIMIENTOS','bodega_historial_movimientos','127.0.0.1'),(10805,1,'2026-05-04 15:15:46','HISTORIAL-MOVIMIENTOS','bodega_historial_movimientos','127.0.0.1'),(10806,1,'2026-05-04 15:15:54','HISTORIAL-MOVIMIENTOS','bodega_historial_movimientos','127.0.0.1'),(10807,1,'2026-05-04 15:19:42','HISTORIAL-MOVIMIENTOS','bodega_historial_movimientos','127.0.0.1'),(10808,1,'2026-05-04 15:19:45','HISTORIAL-MOVIMIENTOS','bodega_historial_movimientos','127.0.0.1'),(10809,1,'2026-05-04 15:19:49','HISTORIAL-MOVIMIENTOS','bodega_historial_movimientos','127.0.0.1'),(10810,1,'2026-05-04 15:20:33','HISTORIAL-MOVIMIENTOS','bodega_historial_movimientos','127.0.0.1'),(10811,1,'2026-05-04 15:20:45','COMPRAS-ENTRADAS','admin_compras_entradas','127.0.0.1'),(10812,1,'2026-05-04 15:22:15','VENTAS-SALIDAS','admin_ventas_salidas','127.0.0.1'),(10813,1,'2026-05-04 15:25:40','COMPRAS-ENTRADAS','admin_compras_entradas','127.0.0.1'),(10814,1,'2026-05-04 15:43:54','COMPRAS-ENTRADAS','admin_compras_entradas','127.0.0.1'),(10815,1,'2026-05-04 15:47:11','COMPRAS-ENTRADAS','admin_compras_entradas','127.0.0.1'),(10816,1,'2026-05-04 15:47:21','COMPRAS-ENTRADAS','admin_compras_entradas','127.0.0.1'),(10817,1,'2026-05-04 15:55:15','COMPRAS-ENTRADAS','admin_compras_entradas','127.0.0.1'),(10818,1,'2026-05-04 15:55:39','COMPRAS-ENTRADAS','admin_compras_entradas','127.0.0.1'),(10819,1,'2026-05-04 15:57:41','COMPRAS-ENTRADAS','admin_compras_entradas','127.0.0.1'),(10820,1,'2026-05-04 15:57:56','COMPRAS-ENTRADAS-DETALLE-COMPLETO','admin_detalle_compra_completo','127.0.0.1'),(10821,1,'2026-05-04 15:58:26','COMPRAS-ENTRADAS','admin_compras_entradas','127.0.0.1'),(10822,1,'2026-05-04 15:59:08','COMPRAS-CUENTAS-POR-PAGAR','admin_cuentas_por_pagar','127.0.0.1'),(10823,1,'2026-05-04 15:59:10','COMPRAS-ENTRADAS','admin_compras_entradas','127.0.0.1'),(10824,1,'2026-05-04 15:59:12','COMPRAS-ENTRADAS-DETALLE-COMPLETO','admin_detalle_compra_completo','127.0.0.1'),(10825,1,'2026-05-06 08:23:59','AUTH','LOGIN_EXITOSO','127.0.0.1'),(10826,1,'2026-05-06 08:24:08','VENTAS-SALIDAS','admin_ventas_salidas','127.0.0.1'),(10827,1,'2026-05-06 08:24:09','CLIENTES-ANTICIPOS','admin_clientes_anticipos','127.0.0.1'),(10828,1,'2026-05-06 08:24:11','COMPRAS-ENTRADAS','admin_compras_entradas','127.0.0.1'),(10829,1,'2026-05-06 08:25:06','COMPRAS-CUENTAS-POR-PAGAR','admin_cuentas_por_pagar','127.0.0.1'),(10830,1,'2026-05-06 08:25:43','COMPRAS-ENTRADAS-DETALLE-COMPLETO','admin_detalle_compra_completo','127.0.0.1'),(10831,1,'2026-05-06 08:25:49','VENTAS-SALIDAS','admin_ventas_salidas','127.0.0.1'),(10832,1,'2026-05-06 08:25:54','COMPRAS-CUENTAS-POR-PAGAR','admin_cuentas_por_pagar','127.0.0.1'),(10833,1,'2026-05-06 08:25:56','COMPRAS-REGISTRAR-PAGO','registrar_pago_cuenta','127.0.0.1'),(10834,1,'2026-05-06 08:25:56','COMPRAS-CUENTAS-POR-PAGAR','admin_cuentas_por_pagar','127.0.0.1'),(10835,1,'2026-05-06 08:26:00','COMPRAS-CUENTAS-POR-PAGAR','admin_cuentas_por_pagar','127.0.0.1'),(10836,1,'2026-05-06 08:27:11','COMPRAS-REGISTRAR-PAGO','registrar_pago_cuenta','127.0.0.1'),(10837,1,'2026-05-06 08:27:11','COMPRAS-CUENTAS-POR-PAGAR','admin_cuentas_por_pagar','127.0.0.1'),(10838,1,'2026-05-06 08:27:30','AUTH','LOGIN_EXITOSO','127.0.0.1'),(10839,1,'2026-05-06 08:30:46','COMPRAS-ENTRADAS','admin_compras_entradas','127.0.0.1'),(10840,1,'2026-05-06 08:30:47','COMPRAS-CUENTAS-POR-PAGAR','admin_cuentas_por_pagar','127.0.0.1'),(10841,1,'2026-05-06 08:30:50','COMPRAS-REGISTRAR-PAGO','registrar_pago_cuenta','127.0.0.1'),(10842,1,'2026-05-06 08:30:50','COMPRAS-CUENTAS-POR-PAGAR','admin_cuentas_por_pagar','127.0.0.1'),(10843,1,'2026-05-06 08:33:15','COMPRAS-REGISTRAR-PAGO','registrar_pago_cuenta','127.0.0.1'),(10844,1,'2026-05-06 08:33:15','COMPRAS-CUENTAS-POR-PAGAR','admin_cuentas_por_pagar','127.0.0.1'),(10845,1,'2026-05-06 08:33:19','COMPRAS-REGISTRAR-PAGO','registrar_pago_cuenta','127.0.0.1'),(10846,1,'2026-05-06 08:33:19','COMPRAS-CUENTAS-POR-PAGAR','admin_cuentas_por_pagar','127.0.0.1'),(10847,1,'2026-05-06 08:35:49','COMPRAS-CUENTAS-POR-PAGAR','admin_cuentas_por_pagar','127.0.0.1'),(10848,1,'2026-05-06 08:35:50','COMPRAS-REGISTRAR-PAGO','registrar_pago_cuenta','127.0.0.1'),(10849,1,'2026-05-06 08:36:13','COMPRAS-CUENTAS-POR-PAGAR','admin_cuentas_por_pagar','127.0.0.1'),(10850,1,'2026-05-06 09:05:29','GASTOS','admin_gastos_operativos','127.0.0.1'),(10851,1,'2026-05-06 09:05:32','GASTOS','admin_gastos_operativos','127.0.0.1'),(10852,1,'2026-05-06 09:05:36','GASTOS','admin_gastos_operativos','127.0.0.1'),(10853,1,'2026-05-06 09:06:43','GASTOS','admin_gastos_operativos','127.0.0.1'),(10854,1,'2026-05-06 09:09:12','GASTOS','admin_gastos_operativos','127.0.0.1'),(10855,1,'2026-05-06 09:09:13','REGISTRO_GASTO','registrar_gasto','127.0.0.1'),(10856,1,'2026-05-06 09:10:38','GASTOS','admin_gastos_operativos','127.0.0.1'),(10857,1,'2026-05-06 09:12:48','ROLES','admin_roles','127.0.0.1'),(10858,1,'2026-05-06 09:13:12','FACTURAS_VENTAS','admin_facturas_ventas','127.0.0.1'),(10859,1,'2026-05-06 09:13:18','FACTURAS_VENTAS','admin_facturas_ventas','127.0.0.1'),(10860,1,'2026-05-06 09:21:32','VENTAS-SALIDAS','admin_ventas_salidas','127.0.0.1'),(10861,1,'2026-05-06 09:21:34','CLIENTES-ANTICIPOS','admin_clientes_anticipos','127.0.0.1'),(10862,1,'2026-05-06 09:21:36','ROLES','admin_roles','127.0.0.1'),(10863,1,'2026-05-06 09:23:39','CATEGORIAS','admin_categorias','127.0.0.1'),(10864,1,'2026-05-06 09:23:40','CATEGORIAS_TOGGLE_ESTADO','admin_categorias_toggle_estado','127.0.0.1'),(10865,1,'2026-05-06 09:23:40','CATEGORIAS','admin_categorias','127.0.0.1'),(10866,1,'2026-05-06 09:23:42','CATEGORIAS_TOGGLE_ESTADO','admin_categorias_toggle_estado','127.0.0.1'),(10867,1,'2026-05-06 09:23:43','CATEGORIAS','admin_categorias','127.0.0.1'),(10868,1,'2026-05-06 09:23:46','UNIDADES-MEDIDAS','admin_unidades_medidas','127.0.0.1'),(10869,1,'2026-05-06 09:23:53','USUARIOS','admin_usuarios','127.0.0.1'),(10870,1,'2026-05-06 09:26:50','USUARIOS','admin_usuarios','127.0.0.1'),(10871,1,'2026-05-06 09:26:58','USUARIOS','admin_usuarios','127.0.0.1'),(10872,1,'2026-05-06 09:37:00','USUARIOS','admin_usuarios','127.0.0.1'),(10873,1,'2026-05-06 09:39:34','GASTOS','admin_gastos_operativos','127.0.0.1'),(10874,1,'2026-05-06 09:39:36','EMPRESA','admin_empresas','127.0.0.1'),(10875,1,'2026-05-06 09:39:39','EMPRESA_EDITAR','editar_empresa','127.0.0.1'),(10876,1,'2026-05-06 09:39:42','EMPRESA','admin_empresas','127.0.0.1'),(10877,1,'2026-05-06 09:39:45','EMPRESA_EDITAR','editar_empresa','127.0.0.1'),(10878,1,'2026-05-06 09:39:47','EMPRESA_EDITAR','editar_empresa','127.0.0.1'),(10879,1,'2026-05-06 09:39:47','EMPRESA','admin_empresas','127.0.0.1'),(10880,1,'2026-05-06 09:42:26','CLIENTES','admin_clientes','127.0.0.1'),(10881,1,'2026-05-06 09:42:30','CLIENTES-EDITAR','admin_editar_cliente','127.0.0.1'),(10882,1,'2026-05-06 09:42:30','CLIENTES','admin_clientes','127.0.0.1'),(10883,1,'2026-05-06 09:46:10','CLIENTES','admin_clientes','127.0.0.1'),(10884,1,'2026-05-06 09:46:12','SUCURSALES_CLIENTES','admin_sucursales_clientes','127.0.0.1'),(10885,1,'2026-05-06 09:47:24','CLIENTES','admin_clientes','127.0.0.1'),(10886,1,'2026-05-06 09:47:28','CLIENTES-EDITAR','admin_editar_cliente','127.0.0.1'),(10887,1,'2026-05-06 09:47:33','CLIENTES','admin_clientes','127.0.0.1'),(10888,1,'2026-05-06 09:47:54','CLIENTES-ANTICIPOS','admin_clientes_anticipos','127.0.0.1'),(10889,1,'2026-05-06 09:47:57','CLIENTES-ANTICIPOS-DETALLE','admin_anticipo_detalle','127.0.0.1'),(10890,1,'2026-05-06 09:48:06','CLIENTES-ANTICIPOS','admin_clientes_anticipos','127.0.0.1'),(10891,1,'2026-05-06 09:48:08','CLIENTES-ANTICIPOS-ENTREGAS','admin_anticipo_entregas','127.0.0.1'),(10892,1,'2026-05-06 09:48:51','CLIENTES-ANTICIPOS-ENTREGAS','admin_anticipo_entregas','127.0.0.1'),(10893,1,'2026-05-06 09:48:51','CLIENTES-ANTICIPOS-ENTREGAS','admin_anticipo_entregas','127.0.0.1'),(10894,1,'2026-05-06 09:51:14','PROVEEDORES','admin_proveedores','127.0.0.1'),(10895,1,'2026-05-06 09:51:22','PROVEEDORES-EDITAR','admin_editar_proveedor','127.0.0.1'),(10896,1,'2026-05-06 09:51:24','PROVEEDORES','admin_proveedores','127.0.0.1'),(10897,1,'2026-05-06 09:53:26','UNIDADES-MEDIDAS','admin_unidades_medidas','127.0.0.1'),(10898,1,'2026-05-06 09:54:50','UNIDADES-MEDIDAS','admin_unidades_medidas','127.0.0.1'),(10899,1,'2026-05-06 09:54:52','CATEGORIAS','admin_categorias','127.0.0.1'),(10900,1,'2026-05-06 09:54:54','CATEGORIAS_EDITAR','admin_categorias_editar','127.0.0.1'),(10901,1,'2026-05-06 09:54:54','CATEGORIAS','admin_categorias','127.0.0.1'),(10902,1,'2026-05-06 09:57:48','CATEGORIAS_EDITAR','admin_categorias_editar','127.0.0.1'),(10903,1,'2026-05-06 09:57:48','CATEGORIAS','admin_categorias','127.0.0.1'),(10904,1,'2026-05-06 09:57:51','CATEGORIAS_EDITAR','admin_categorias_editar','127.0.0.1'),(10905,1,'2026-05-06 09:57:51','CATEGORIAS','admin_categorias','127.0.0.1'),(10906,1,'2026-05-06 09:58:14','CATEGORIAS','admin_categorias','127.0.0.1'),(10907,1,'2026-05-06 09:58:15','CATEGORIAS_EDITAR','admin_categorias_editar','127.0.0.1'),(10908,1,'2026-05-06 09:58:15','CATEGORIAS','admin_categorias','127.0.0.1'),(10909,1,'2026-05-06 09:58:55','CATEGORIAS','admin_categorias','127.0.0.1'),(10910,1,'2026-05-06 09:58:56','CATEGORIAS_EDITAR','admin_categorias_editar','127.0.0.1'),(10911,1,'2026-05-06 09:58:56','CATEGORIAS','admin_categorias','127.0.0.1'),(10912,1,'2026-05-06 09:59:17','CATEGORIAS_EDITAR','admin_categorias_editar','127.0.0.1'),(10913,1,'2026-05-06 10:01:07','CATEGORIAS','admin_categorias','127.0.0.1'),(10914,1,'2026-05-06 10:01:10','UNIDADES-MEDIDAS','admin_unidades_medidas','127.0.0.1'),(10915,1,'2026-05-06 10:01:11','UNIDAD-MEDIDA-EDITAR','admin_editar_unidad_medida','127.0.0.1'),(10916,1,'2026-05-06 10:01:12','UNIDADES-MEDIDAS','admin_unidades_medidas','127.0.0.1'),(10917,1,'2026-05-06 10:02:57','CATEGORIAS','admin_categorias','127.0.0.1'),(10918,1,'2026-05-06 10:02:59','METODOS-PAGO','admin_metodos_pago','127.0.0.1'),(10919,1,'2026-05-06 10:03:01','METODOS-PAGO-EDITAR','admin_metodos_pago_editar','127.0.0.1'),(10920,1,'2026-05-06 10:03:02','METODOS-PAGO','admin_metodos_pago','127.0.0.1'),(10921,1,'2026-05-06 10:04:07','MOVIMIENTOS-INVENTARIO','admin_movimientos_inventario','127.0.0.1'),(10922,1,'2026-05-06 10:05:09','EDITAR-MOVIMIENTO-INVENTARIO','admin_editar_movimiento','127.0.0.1'),(10923,1,'2026-05-06 10:05:10','MOVIMIENTOS-INVENTARIO','admin_movimientos_inventario','127.0.0.1'),(10924,1,'2026-05-06 10:05:16','EDITAR-MOVIMIENTO-INVENTARIO','admin_editar_movimiento','127.0.0.1'),(10925,1,'2026-05-06 10:05:18','EDITAR-MOVIMIENTO-INVENTARIO','admin_editar_movimiento','127.0.0.1'),(10926,1,'2026-05-06 10:05:18','MOVIMIENTOS-INVENTARIO','admin_movimientos_inventario','127.0.0.1'),(10927,1,'2026-05-06 10:06:42','RUTAS','admin_rutas','127.0.0.1'),(10928,1,'2026-05-06 10:07:57','METODOS-PAGO','admin_metodos_pago','127.0.0.1'),(10929,1,'2026-05-06 10:07:58','MOVIMIENTOS-INVENTARIO','admin_movimientos_inventario','127.0.0.1'),(10930,1,'2026-05-06 10:09:00','RUTAS','admin_rutas','127.0.0.1'),(10931,1,'2026-05-06 10:09:32','RUTAS','admin_rutas','127.0.0.1'),(10932,1,'2026-05-06 10:13:00','RUTAS','admin_rutas','127.0.0.1'),(10933,1,'2026-05-06 10:14:30','RUTAS','admin_rutas','127.0.0.1'),(10934,1,'2026-05-06 10:15:00','RUTAS','admin_rutas','127.0.0.1'),(10935,1,'2026-05-06 10:15:53','RUTAS','admin_rutas','127.0.0.1'),(10936,1,'2026-05-06 10:16:03','RUTAS','admin_rutas','127.0.0.1'),(10937,1,'2026-05-06 10:16:34','RUTAS','admin_rutas','127.0.0.1'),(10938,1,'2026-05-06 10:19:07','RUTAS','admin_rutas','127.0.0.1'),(10939,1,'2026-05-06 10:27:35','VER_TIPOS_GASTO','admin_tipos_gasto','127.0.0.1'),(10940,1,'2026-05-06 10:27:35','GASTOS','admin_gastos_operativos','127.0.0.1'),(10941,1,'2026-05-06 10:30:17','VER_TIPOS_GASTO','admin_tipos_gasto','127.0.0.1'),(10942,1,'2026-05-06 10:30:19','EDITAR_TIPO_GASTO','editar_tipo_gasto','127.0.0.1'),(10943,1,'2026-05-06 10:30:23','VER_TIPOS_GASTO','admin_tipos_gasto','127.0.0.1'),(10944,1,'2026-05-06 10:30:25','VER_SUBCATEGORIAS','admin_subcategorias','127.0.0.1'),(10945,1,'2026-05-06 10:30:29','GASTOS','admin_gastos_operativos','127.0.0.1'),(10946,1,'2026-05-06 10:30:34','REGISTRO_GASTO','registrar_gasto','127.0.0.1'),(10947,1,'2026-05-06 10:30:36','GASTOS','admin_gastos_operativos','127.0.0.1'),(10948,1,'2026-05-06 10:30:40','VER_TIPOS_GASTO','admin_tipos_gasto','127.0.0.1'),(10949,1,'2026-05-06 10:30:51','VER_SUBCATEGORIAS','admin_subcategorias','127.0.0.1'),(10950,1,'2026-05-06 10:30:59','VER_SUBCATEGORIAS','admin_subcategorias','127.0.0.1'),(10951,1,'2026-05-06 10:31:01','CREAR_SUBCATEGORIA','crear_subcategoria','127.0.0.1'),(10952,1,'2026-05-06 10:31:18','VER_SUBCATEGORIAS','admin_subcategorias','127.0.0.1'),(10953,1,'2026-05-06 10:45:40','AUTH','LOGIN_EXITOSO','127.0.0.1'),(10954,1,'2026-05-06 10:45:53','VER_TIPOS_GASTO','admin_tipos_gasto','127.0.0.1'),(10955,1,'2026-05-06 10:46:06','BODEGA','admin_bodega','127.0.0.1'),(10956,1,'2026-05-06 10:47:04','BODEGA','admin_bodega','127.0.0.1'),(10957,1,'2026-05-06 10:49:40','PRODUCTOS','admin_productos','127.0.0.1'),(10958,1,'2026-05-06 10:49:51','EDITAR_PRODUCTO','admin_editar_producto','127.0.0.1'),(10959,1,'2026-05-06 10:49:55','PRODUCTOS','admin_productos','127.0.0.1'),(10960,1,'2026-05-06 10:50:02','PRODUCTOS','admin_productos','127.0.0.1'),(10961,1,'2026-05-06 10:50:07','BODEGA','admin_bodega','127.0.0.1'),(10962,1,'2026-05-06 10:52:08','BITACORA','LIMPIAR_BITACORA: 8197 registros eliminados','0.0.0.0'),(10963,1,'2026-05-06 10:52:12','BITACORA','LIMPIAR_BITACORA: 1 registros eliminados','0.0.0.0'),(10964,1,'2026-05-06 10:52:21','BITACORA','LIMPIAR_BITACORA: 1 registros eliminados','0.0.0.0'),(10965,1,'2026-05-06 10:54:39','AUTH','LOGOUT','127.0.0.1'),(10966,1,'2026-05-06 10:54:48','AUTH','LOGIN_EXITOSO','127.0.0.1'),(10967,1,'2026-05-06 10:54:59','USUARIOS','admin_usuarios','127.0.0.1'),(10968,1,'2026-05-06 10:56:28','BODEGA','admin_bodega','127.0.0.1'),(10969,1,'2026-05-06 10:56:29','HISTORIAL-MOVIMIENTOS','bodega_historial_movimientos','127.0.0.1'),(10970,1,'2026-05-06 10:56:46','HISTORIAL-MOVIMIENTOS','bodega_historial_movimientos','127.0.0.1'),(10971,1,'2026-05-06 10:57:42','ROLES','admin_roles','127.0.0.1'),(10972,1,'2026-05-06 10:57:49','USUARIOS','admin_usuarios','127.0.0.1'),(10973,1,'2026-05-06 10:57:50','ROLES','admin_roles','127.0.0.1'),(10974,1,'2026-05-06 10:57:58','PROVEEDORES','admin_proveedores','127.0.0.1'),(10975,1,'2026-05-06 10:58:27','PROVEEDORES-CREAR','admin_crear_proveedor','127.0.0.1'),(10976,1,'2026-05-06 10:58:27','PROVEEDORES','admin_proveedores','127.0.0.1'),(10977,1,'2026-05-06 10:59:37','CUENTAS-POR-COBRAR','admin_cuentascobrar','127.0.0.1'),(10978,1,'2026-05-06 10:59:42','CLIENTES-ANTICIPOS','admin_clientes_anticipos','127.0.0.1'),(10979,1,'2026-05-06 10:59:45','CLIENTES-ANTICIPOS-ENTREGAS','admin_anticipo_entregas','127.0.0.1'),(10980,1,'2026-05-06 11:01:53','PRODUCTOS','admin_productos','127.0.0.1'),(10981,1,'2026-05-06 11:02:10','PEDIDOS-VENTA','admin_pedidos_venta','127.0.0.1'),(10982,1,'2026-05-06 11:02:13','VENTAS-SALIDAS','admin_ventas_salidas','127.0.0.1'),(10983,1,'2026-05-06 11:02:14','CLIENTES-ANTICIPOS','admin_clientes_anticipos','127.0.0.1'),(10984,1,'2026-05-06 11:02:15','CLIENTES-ANTICIPOS-ENTREGAS','admin_anticipo_entregas','127.0.0.1'),(10985,1,'2026-05-06 11:02:25','CLIENTES-ANTICIPOS-ENTREGAS','admin_anticipo_entregas','127.0.0.1'),(10986,1,'2026-05-06 11:02:25','CLIENTES-ANTICIPOS-ENTREGAS','admin_anticipo_entregas','127.0.0.1'),(10987,1,'2026-05-06 11:02:31','CLIENTES-ANTICIPOS-ENTREGAS','admin_anticipo_entregas','127.0.0.1'),(10988,1,'2026-05-06 11:02:43','CLIENTES-ANTICIPOS-ENTREGAS','admin_anticipo_entregas','127.0.0.1'),(10989,1,'2026-05-06 11:02:44','CLIENTES-ANTICIPOS-ENTREGAS','admin_anticipo_entregas','127.0.0.1'),(10990,1,'2026-05-06 11:02:53','CLIENTES-ANTICIPOS-ENTREGAS','admin_anticipo_entregas','127.0.0.1'),(10991,1,'2026-05-06 11:03:02','CLIENTES-ANTICIPOS-ENTREGAS','admin_anticipo_entregas','127.0.0.1'),(10992,1,'2026-05-06 11:03:09','CLIENTES-ANTICIPOS-ENTREGAS','admin_anticipo_entregas','127.0.0.1'),(10993,1,'2026-05-06 11:03:54','AUTH','LOGOUT','127.0.0.1'),(10994,1,'2026-05-06 11:04:16','AUTH','LOGIN_EXITOSO','127.0.0.1'),(10995,1,'2026-05-06 11:04:25','PEDIDOS-VENTA','admin_pedidos_venta','127.0.0.1'),(10996,1,'2026-05-06 11:05:00','CLIENTES-ANTICIPOS','admin_clientes_anticipos','127.0.0.1'),(10997,1,'2026-05-06 11:05:02','CLIENTES-ANTICIPOS-ENTREGAS','admin_anticipo_entregas','127.0.0.1'),(10998,1,'2026-05-06 11:11:19','AUTH','LOGIN_EXITOSO','127.0.0.1'),(10999,1,'2026-05-06 11:11:24','CLIENTES-ANTICIPOS','admin_clientes_anticipos','127.0.0.1'),(11000,1,'2026-05-06 11:11:25','CLIENTES-ANTICIPOS-ENTREGAS','admin_anticipo_entregas','127.0.0.1'),(11001,1,'2026-05-06 11:15:57','AUTH','LOGOUT','127.0.0.1'),(11002,2,'2026-05-06 11:16:05','AUTH','LOGIN_EXITOSO','127.0.0.1'),(11003,2,'2026-05-06 11:16:07','PEDIDOS-VENTA','admin_pedidos_venta','127.0.0.1'),(11004,2,'2026-05-06 11:16:11','CREAR_VENTA','admin_crear_venta','127.0.0.1'),(11005,2,'2026-05-06 11:17:28','HISTORIAL-MOVIMIENTOS','bodega_historial_movimientos','127.0.0.1'),(11006,2,'2026-05-06 11:18:10','HISTORIAL-MOVIMIENTOS','bodega_historial_movimientos','127.0.0.1'),(11007,2,'2026-05-06 11:18:31','AUTH','LOGOUT','127.0.0.1'),(11008,6,'2026-05-06 11:18:44','AUTH','LOGIN_EXITOSO','127.0.0.1'),(11009,6,'2026-05-06 12:03:55','AUTH','LOGOUT','127.0.0.1'),(11010,1,'2026-05-06 12:04:03','AUTH','LOGIN_EXITOSO','127.0.0.1'),(11011,1,'2026-05-06 12:04:11','VENTAS-SALIDAS','admin_ventas_salidas','127.0.0.1'),(11012,1,'2026-05-06 12:04:30','AUTH','LOGOUT','127.0.0.1'),(11013,6,'2026-05-06 12:04:44','AUTH','LOGIN_EXITOSO','127.0.0.1'),(11014,1,'2026-05-06 14:06:11','AUTH','LOGIN_EXITOSO','127.0.0.1'),(11015,1,'2026-05-06 14:06:25','VENTAS-SALIDAS','admin_ventas_salidas','127.0.0.1'),(11016,1,'2026-05-06 14:06:29','CUENTAS-POR-COBRAR','admin_cuentascobrar','127.0.0.1'),(11017,1,'2026-05-06 14:06:31','PEDIDOS-VENTA','admin_pedidos_venta','127.0.0.1'),(11018,1,'2026-05-06 14:06:37','VER_TIPOS_GASTO','admin_tipos_gasto','127.0.0.1'),(11019,1,'2026-05-06 14:06:40','AUTH','LOGOUT','127.0.0.1'),(11020,2,'2026-05-06 14:06:43','AUTH','LOGIN_EXITOSO','127.0.0.1'),(11021,2,'2026-05-06 14:06:46','PEDIDOS-VENTA','admin_pedidos_venta','127.0.0.1'),(11022,2,'2026-05-06 14:06:48','CREAR_VENTA','admin_crear_venta','127.0.0.1'),(11023,2,'2026-05-06 14:06:50','HISTORIAL-MOVIMIENTOS','bodega_historial_movimientos','127.0.0.1'),(11024,2,'2026-05-06 14:07:46','HISTORIAL-MOVIMIENTOS','bodega_historial_movimientos','127.0.0.1'),(11025,2,'2026-05-06 14:07:54','HISTORIAL-MOVIMIENTOS','bodega_historial_movimientos','127.0.0.1'),(11026,2,'2026-05-06 14:08:02','HISTORIAL-MOVIMIENTOS','bodega_historial_movimientos','127.0.0.1'),(11027,2,'2026-05-06 14:08:04','CREAR_VENTA','admin_crear_venta','127.0.0.1'),(11028,2,'2026-05-06 14:08:05','PEDIDOS-VENTA','admin_pedidos_venta','127.0.0.1'),(11029,2,'2026-05-06 14:08:37','AUTH','LOGOUT','127.0.0.1'),(11030,6,'2026-05-06 14:08:42','AUTH','LOGIN_EXITOSO','127.0.0.1'),(11031,6,'2026-05-06 14:18:17','AUTH','LOGOUT','127.0.0.1'),(11032,2,'2026-05-06 14:18:21','AUTH','LOGIN_EXITOSO','127.0.0.1'),(11033,2,'2026-05-06 14:19:51','PEDIDOS-VENTA','admin_pedidos_venta','127.0.0.1'),(11034,2,'2026-05-06 14:20:00','AUTH','LOGOUT','127.0.0.1'),(11035,2,'2026-05-06 14:20:20','AUTH','LOGIN_EXITOSO','127.0.0.1'),(11036,2,'2026-05-06 14:20:26','PEDIDOS-VENTA','admin_pedidos_venta','127.0.0.1'),(11037,2,'2026-05-06 14:20:29','PEDIDOS-VENTA','admin_pedidos_venta','127.0.0.1'),(11038,2,'2026-05-06 14:20:32','PEDIDOS-VENTA','admin_pedidos_venta','127.0.0.1'),(11039,2,'2026-05-06 14:20:53','HISTORIAL-MOVIMIENTOS','bodega_historial_movimientos','127.0.0.1'),(11040,2,'2026-05-06 14:20:57','AUTH','LOGOUT','127.0.0.1'),(11041,1,'2026-05-06 14:21:00','AUTH','LOGIN_EXITOSO','127.0.0.1'),(11042,1,'2026-05-06 14:21:14','FACTURAS_VENTAS','admin_facturas_ventas','127.0.0.1'),(11043,1,'2026-05-06 14:21:20','VENTAS-SALIDAS','admin_ventas_salidas','127.0.0.1'),(11044,1,'2026-05-06 14:21:22','CREAR_VENTA','admin_crear_venta','127.0.0.1'),(11045,1,'2026-05-06 14:22:33','CREAR_VENTA','admin_crear_venta','127.0.0.1'),(11046,1,'2026-05-06 14:22:45','VENTAS-SALIDAS','admin_ventas_salidas','127.0.0.1'),(11047,1,'2026-05-06 14:22:48','FACTURAS_VENTAS','admin_facturas_ventas','127.0.0.1'),(11048,1,'2026-05-06 14:23:05','AUTH','LOGOUT','127.0.0.1'),(11049,6,'2026-05-06 15:20:35','AUTH','LOGIN_EXITOSO','127.0.0.1'),(11050,6,'2026-05-06 15:21:19','AUTH','LOGOUT','127.0.0.1'),(11051,2,'2026-05-06 15:21:28','AUTH','LOGIN_EXITOSO','127.0.0.1'),(11052,2,'2026-05-06 15:22:56','AUTH','LOGOUT','127.0.0.1'),(11053,6,'2026-05-06 15:23:10','AUTH','LOGIN_EXITOSO','127.0.0.1'),(11054,6,'2026-05-06 15:47:44','AUTH','LOGIN_EXITOSO','127.0.0.1'),(11055,1,'2026-05-07 08:47:03','AUTH','LOGIN_EXITOSO','127.0.0.1'),(11056,1,'2026-05-07 08:47:28','AUTH','LOGOUT','127.0.0.1'),(11057,6,'2026-05-07 08:47:36','AUTH','LOGIN_EXITOSO','127.0.0.1'),(11058,6,'2026-05-07 08:48:49','AUTH','LOGIN_EXITOSO','127.0.0.1'),(11059,6,'2026-05-07 09:13:03','AUTH','LOGOUT','127.0.0.1'),(11060,NULL,'2026-05-07 09:13:10','AUTH','LOGIN_FALLIDO: contraseña incorrecta - Usuario: Admin','127.0.0.1'),(11061,1,'2026-05-07 09:13:20','AUTH','LOGIN_EXITOSO','127.0.0.1'),(11062,1,'2026-05-07 09:13:26','FACTURAS_VENTAS','admin_facturas_ventas','127.0.0.1'),(11063,1,'2026-05-07 09:13:28','FACTURAS_VENTAS','admin_facturas_ventas','127.0.0.1'),(11064,1,'2026-05-07 09:13:31','FACTURAS_VENTAS','admin_facturas_ventas','127.0.0.1'),(11065,1,'2026-05-07 09:13:32','FACTURAS_VENTAS','admin_facturas_ventas','127.0.0.1'),(11066,1,'2026-05-07 09:13:44','PEDIDOS-VENTA','admin_pedidos_venta','127.0.0.1'),(11067,1,'2026-05-07 09:13:49','NUEVO_PEDIDO','nuevo_pedido','127.0.0.1'),(11068,1,'2026-05-07 09:14:57','CREAR_PEDIDO','crear_pedido','127.0.0.1'),(11069,1,'2026-05-07 09:15:10','AUTH','LOGOUT','127.0.0.1'),(11070,2,'2026-05-07 09:15:20','AUTH','LOGIN_EXITOSO','127.0.0.1'),(11071,2,'2026-05-07 09:15:22','PEDIDOS-VENTA','admin_pedidos_venta','127.0.0.1'),(11072,2,'2026-05-07 09:15:30','CAMBIAR_ESTADO_PEDIDO','cambiar_estado_pedido','127.0.0.1'),(11073,2,'2026-05-07 09:15:31','PEDIDOS-VENTA','admin_pedidos_venta','127.0.0.1'),(11074,2,'2026-05-07 09:15:44','PROCESAR_VENTA_PEDIDO','admin_procesar_venta_pedido','127.0.0.1'),(11075,2,'2026-05-07 09:15:58','PEDIDOS-VENTA','admin_pedidos_venta','127.0.0.1'),(11076,6,'2026-05-07 09:16:03','AUTH','LOGOUT','127.0.0.1'),(11077,1,'2026-05-07 09:16:06','AUTH','LOGIN_EXITOSO','127.0.0.1'),(11078,1,'2026-05-07 09:16:10','PEDIDOS-VENTA','admin_pedidos_venta','127.0.0.1'),(11079,1,'2026-05-07 09:16:11','NUEVO_PEDIDO','nuevo_pedido','127.0.0.1'),(11080,1,'2026-05-07 09:16:36','PRODUCTOS','admin_productos','127.0.0.1'),(11081,1,'2026-05-07 09:16:42','PRODUCTOS','admin_productos','127.0.0.1'),(11082,2,'2026-05-07 09:17:09','PROCESAR_VENTA_PEDIDO','admin_procesar_venta_pedido','127.0.0.1'),(11083,2,'2026-05-07 09:17:51','PEDIDOS-VENTA','admin_pedidos_venta','127.0.0.1'),(11084,2,'2026-05-07 09:17:54','PROCESAR_VENTA_PEDIDO','admin_procesar_venta_pedido','127.0.0.1'),(11085,2,'2026-05-07 09:19:47','PEDIDOS-VENTA','admin_pedidos_venta','127.0.0.1'),(11086,2,'2026-05-07 09:20:01','PEDIDOS-VENTA','admin_pedidos_venta','127.0.0.1'),(11087,2,'2026-05-07 09:26:29','PROCESAR_VENTA_PEDIDO','admin_procesar_venta_pedido','127.0.0.1'),(11088,2,'2026-05-07 09:31:21','AUTH','LOGOUT','127.0.0.1'),(11089,6,'2026-05-07 09:31:36','AUTH','LOGIN_EXITOSO','127.0.0.1'),(11090,1,'2026-05-07 09:32:04','PEDIDOS-VENTA','admin_pedidos_venta','127.0.0.1'),(11091,1,'2026-05-07 09:32:10','NUEVO_PEDIDO_CONSOLIDADO','nuevo_pedido_consolidado','127.0.0.1'),(11092,1,'2026-05-07 09:32:17','PEDIDOS-VENTA','admin_pedidos_venta','127.0.0.1'),(11093,1,'2026-05-07 09:32:18','NUEVO_PEDIDO','nuevo_pedido','127.0.0.1'),(11094,1,'2026-05-07 09:51:37','AUTH','LOGOUT','127.0.0.1'),(11095,6,'2026-05-07 09:51:39','AUTH','LOGIN_EXITOSO','127.0.0.1'),(11096,6,'2026-05-07 10:21:44','AUTH','LOGOUT','127.0.0.1'),(11097,2,'2026-05-07 10:22:02','AUTH','LOGIN_EXITOSO','127.0.0.1'),(11098,2,'2026-05-07 10:22:04','PEDIDOS-VENTA','admin_pedidos_venta','127.0.0.1'),(11099,2,'2026-05-07 13:39:52','PEDIDOS-VENTA','admin_pedidos_venta','127.0.0.1'),(11100,2,'2026-05-07 13:39:55','PROCESAR_VENTA_PEDIDO','admin_procesar_venta_pedido','127.0.0.1'),(11101,2,'2026-05-07 13:40:08','PEDIDOS-VENTA','admin_pedidos_venta','127.0.0.1'),(11102,2,'2026-05-07 13:40:13','HISTORIAL-MOVIMIENTOS','bodega_historial_movimientos','127.0.0.1'),(11103,2,'2026-05-07 13:40:32','HISTORIAL-MOVIMIENTOS','bodega_historial_movimientos','127.0.0.1'),(11104,2,'2026-05-07 13:40:44','HISTORIAL-MOVIMIENTOS','bodega_historial_movimientos','127.0.0.1'),(11105,2,'2026-05-07 13:43:00','AUTH','LOGOUT','127.0.0.1'),(11106,NULL,'2026-05-07 13:43:07','AUTH','LOGIN_FALLIDO: contraseña incorrecta - Usuario: Admin','127.0.0.1'),(11107,1,'2026-05-07 13:43:15','AUTH','LOGIN_EXITOSO','127.0.0.1'),(11108,1,'2026-05-07 13:43:20','FACTURAS_VENTAS','admin_facturas_ventas','127.0.0.1'),(11109,1,'2026-05-07 13:43:53','FACTURAS_VENTAS','admin_facturas_ventas','127.0.0.1'),(11110,1,'2026-05-07 13:51:48','AUTH','LOGOUT','127.0.0.1'),(11111,6,'2026-05-07 13:51:54','AUTH','LOGIN_EXITOSO','127.0.0.1'),(11112,6,'2026-05-07 13:52:13','AUTH','LOGOUT','127.0.0.1'),(11113,1,'2026-05-07 13:52:20','AUTH','LOGIN_EXITOSO','127.0.0.1'),(11114,1,'2026-05-07 13:52:22','HISTORIAL-MOVIMIENTOS','bodega_historial_movimientos','127.0.0.1'),(11115,1,'2026-05-07 14:38:54','FACTURAS_VENTAS','admin_facturas_ventas','127.0.0.1'),(11116,1,'2026-05-07 14:39:55','FACTURAS_VENTAS','admin_facturas_ventas','127.0.0.1'),(11117,1,'2026-05-07 14:40:24','FACTURAS_VENTAS','admin_facturas_ventas','127.0.0.1'),(11118,1,'2026-05-07 14:40:28','FACTURAS_VENTAS','admin_facturas_ventas','127.0.0.1'),(11119,1,'2026-05-07 14:41:23','PEDIDOS-VENTA','admin_pedidos_venta','127.0.0.1'),(11120,1,'2026-05-07 14:41:29','FACTURAS_VENTAS','admin_facturas_ventas','127.0.0.1'),(11121,1,'2026-05-07 14:41:32','FACTURAS_VENTAS','admin_facturas_ventas','127.0.0.1'),(11122,1,'2026-05-07 14:41:55','FACTURAS_VENTAS','admin_facturas_ventas','127.0.0.1'),(11123,1,'2026-05-07 14:41:57','FACTURAS_VENTAS','admin_facturas_ventas','127.0.0.1'),(11124,1,'2026-05-07 14:44:04','FACTURAS_VENTAS','admin_facturas_ventas','127.0.0.1'),(11125,1,'2026-05-07 14:44:06','FACTURAS_VENTAS','admin_facturas_ventas','127.0.0.1'),(11126,1,'2026-05-07 14:44:19','FACTURAS_VENTAS','admin_facturas_ventas','127.0.0.1'),(11127,1,'2026-05-07 14:44:20','FACTURAS_VENTAS','admin_facturas_ventas','127.0.0.1'),(11128,1,'2026-05-07 14:44:20','FACTURAS_VENTAS','admin_facturas_ventas','127.0.0.1'),(11129,1,'2026-05-07 14:53:49','FACTURAS_VENTAS','admin_facturas_ventas','127.0.0.1'),(11130,1,'2026-05-07 14:53:51','FACTURAS_VENTAS','admin_facturas_ventas','127.0.0.1'),(11131,1,'2026-05-07 14:53:51','FACTURAS_VENTAS','admin_facturas_ventas','127.0.0.1'),(11132,1,'2026-05-07 14:54:51','FACTURAS_VENTAS','admin_facturas_ventas','127.0.0.1'),(11133,1,'2026-05-07 14:54:54','FACTURAS_VENTAS','admin_facturas_ventas','127.0.0.1'),(11134,1,'2026-05-07 14:54:54','FACTURAS_VENTAS','admin_facturas_ventas','127.0.0.1'),(11135,6,'2026-05-07 14:55:09','AUTH','LOGIN_EXITOSO','127.0.0.1'),(11136,6,'2026-05-07 14:55:11','AUTH','LOGOUT','127.0.0.1'),(11137,1,'2026-05-07 14:55:16','AUTH','LOGIN_EXITOSO','127.0.0.1'),(11138,1,'2026-05-07 14:55:20','FACTURAS_VENTAS','admin_facturas_ventas','127.0.0.1'),(11139,1,'2026-05-07 14:55:24','FACTURAS_VENTAS','admin_facturas_ventas','127.0.0.1'),(11140,1,'2026-05-07 14:55:24','FACTURAS_VENTAS','admin_facturas_ventas','127.0.0.1'),(11141,1,'2026-05-07 14:55:31','FACTURAS_VENTAS','admin_facturas_ventas','127.0.0.1'),(11142,1,'2026-05-07 14:55:32','FACTURAS_VENTAS','admin_facturas_ventas','127.0.0.1'),(11143,1,'2026-05-07 14:55:42','FACTURAS_VENTAS','admin_facturas_ventas','127.0.0.1'),(11144,1,'2026-05-07 14:55:42','FACTURAS_VENTAS','admin_facturas_ventas','127.0.0.1'),(11145,1,'2026-05-07 14:55:49','FACTURAS_VENTAS','admin_facturas_ventas','127.0.0.1'),(11146,1,'2026-05-07 14:56:03','FACTURAS_VENTAS','admin_facturas_ventas','127.0.0.1'),(11147,1,'2026-05-07 14:56:03','FACTURAS_VENTAS','admin_facturas_ventas','127.0.0.1'),(11148,1,'2026-05-07 14:56:14','FACTURAS_VENTAS','admin_facturas_ventas','127.0.0.1'),(11149,1,'2026-05-07 14:56:19','FACTURAS_VENTAS','admin_facturas_ventas','127.0.0.1'),(11150,1,'2026-05-07 14:56:54','FACTURAS_VENTAS','admin_facturas_ventas','127.0.0.1'),(11151,1,'2026-05-07 14:57:00','FACTURAS_VENTAS','admin_facturas_ventas','127.0.0.1'),(11152,1,'2026-05-07 14:57:00','FACTURAS_VENTAS','admin_facturas_ventas','127.0.0.1'),(11153,1,'2026-05-07 14:57:14','FACTURAS_VENTAS','admin_facturas_ventas','127.0.0.1'),(11154,1,'2026-05-07 14:57:14','FACTURAS_VENTAS','admin_facturas_ventas','127.0.0.1'),(11155,1,'2026-05-07 14:58:12','FACTURAS_VENTAS','admin_facturas_ventas','127.0.0.1'),(11156,1,'2026-05-07 14:58:48','FACTURAS_VENTAS','admin_facturas_ventas','127.0.0.1'),(11157,1,'2026-05-07 14:58:48','FACTURAS_VENTAS','admin_facturas_ventas','127.0.0.1'),(11158,1,'2026-05-07 14:58:56','FACTURAS_VENTAS','admin_facturas_ventas','127.0.0.1'),(11159,1,'2026-05-07 14:59:03','FACTURAS_VENTAS','admin_facturas_ventas','127.0.0.1'),(11160,1,'2026-05-07 14:59:14','AUTH','LOGOUT','127.0.0.1'),(11161,6,'2026-05-07 14:59:17','AUTH','LOGIN_EXITOSO','127.0.0.1'),(11162,6,'2026-05-07 14:59:27','AUTH','LOGOUT','127.0.0.1'),(11163,12,'2026-05-07 14:59:30','AUTH','LOGIN_EXITOSO','127.0.0.1'),(11164,1,'2026-05-07 15:02:05','FACTURAS_VENTAS','admin_facturas_ventas','127.0.0.1'),(11165,1,'2026-05-07 15:02:11','FACTURAS_VENTAS','admin_facturas_ventas','127.0.0.1'),(11166,1,'2026-05-07 15:02:17','VENTAS-SALIDAS','admin_ventas_salidas','127.0.0.1'),(11167,1,'2026-05-07 15:02:19','CREAR_VENTA','admin_crear_venta','127.0.0.1'),(11168,1,'2026-05-07 15:02:50','CREAR_VENTA','admin_crear_venta','127.0.0.1'),(11169,1,'2026-05-07 15:02:54','VENTAS-SALIDAS','admin_ventas_salidas','127.0.0.1'),(11170,1,'2026-05-07 15:02:58','FACTURAS_VENTAS','admin_facturas_ventas','127.0.0.1'),(11171,1,'2026-05-07 15:03:01','FACTURAS_VENTAS','admin_facturas_ventas','127.0.0.1'),(11172,1,'2026-05-07 15:03:01','FACTURAS_VENTAS','admin_facturas_ventas','127.0.0.1'),(11173,1,'2026-05-07 15:04:07','FACTURAS_VENTAS','admin_facturas_ventas','127.0.0.1'),(11174,1,'2026-05-07 15:04:19','FACTURAS_VENTAS','admin_facturas_ventas','127.0.0.1'),(11175,1,'2026-05-07 15:06:09','FACTURAS_VENTAS','admin_facturas_ventas','127.0.0.1'),(11176,1,'2026-05-07 15:06:09','FACTURAS_VENTAS','admin_facturas_ventas','127.0.0.1'),(11177,1,'2026-05-07 15:09:01','FACTURAS_VENTAS','admin_facturas_ventas','127.0.0.1'),(11178,1,'2026-05-07 15:09:05','FACTURAS_VENTAS','admin_facturas_ventas','127.0.0.1'),(11179,1,'2026-05-07 15:10:44','FACTURAS_VENTAS','admin_facturas_ventas','127.0.0.1'),(11180,1,'2026-05-07 15:10:47','FACTURAS_VENTAS','admin_facturas_ventas','127.0.0.1'),(11181,1,'2026-05-07 15:12:00','FACTURAS_VENTAS','admin_facturas_ventas','127.0.0.1'),(11182,1,'2026-05-07 15:12:03','FACTURAS_VENTAS','admin_facturas_ventas','127.0.0.1'),(11183,1,'2026-05-07 15:14:47','FACTURAS_VENTAS','admin_facturas_ventas','127.0.0.1'),(11184,1,'2026-05-07 15:14:50','FACTURAS_VENTAS','admin_facturas_ventas','127.0.0.1'),(11185,1,'2026-05-07 15:15:14','FACTURAS_VENTAS','admin_facturas_ventas','127.0.0.1'),(11186,1,'2026-05-07 15:15:19','FACTURAS_VENTAS','admin_facturas_ventas','127.0.0.1'),(11187,1,'2026-05-07 15:15:26','FACTURAS_VENTAS','admin_facturas_ventas','127.0.0.1'),(11188,1,'2026-05-07 15:15:34','FACTURAS_VENTAS','admin_facturas_ventas','127.0.0.1'),(11189,1,'2026-05-07 15:15:55','FACTURAS_VENTAS','admin_facturas_ventas','127.0.0.1'),(11190,1,'2026-05-07 15:21:40','FACTURAS_VENTAS','admin_facturas_ventas','127.0.0.1'),(11191,1,'2026-05-07 15:21:57','FACTURAS_VENTAS','admin_facturas_ventas','127.0.0.1'),(11192,1,'2026-05-07 15:21:58','FACTURAS_VENTAS','admin_facturas_ventas','127.0.0.1'),(11193,1,'2026-05-07 15:22:02','FACTURAS_VENTAS','admin_facturas_ventas','127.0.0.1'),(11194,1,'2026-05-07 15:22:08','FACTURAS_VENTAS','admin_facturas_ventas','127.0.0.1'),(11195,1,'2026-05-07 15:25:59','FACTURAS_VENTAS','admin_facturas_ventas','127.0.0.1'),(11196,1,'2026-05-07 15:26:03','FACTURAS_VENTAS','admin_facturas_ventas','127.0.0.1'),(11197,1,'2026-05-07 15:26:06','FACTURAS_VENTAS','admin_facturas_ventas','127.0.0.1'),(11198,1,'2026-05-07 15:27:28','FACTURAS_VENTAS','admin_facturas_ventas','127.0.0.1'),(11199,1,'2026-05-07 15:27:30','FACTURAS_VENTAS','admin_facturas_ventas','127.0.0.1'),(11200,1,'2026-05-07 15:27:33','FACTURAS_VENTAS','admin_facturas_ventas','127.0.0.1'),(11201,1,'2026-05-07 15:27:40','FACTURAS_VENTAS','admin_facturas_ventas','127.0.0.1'),(11202,1,'2026-05-07 15:27:46','FACTURAS_VENTAS','admin_facturas_ventas','127.0.0.1'),(11203,1,'2026-05-07 15:27:48','FACTURAS_VENTAS','admin_facturas_ventas','127.0.0.1'),(11204,1,'2026-05-07 15:27:50','FACTURAS_VENTAS','admin_facturas_ventas','127.0.0.1'),(11205,1,'2026-05-07 15:28:35','FACTURAS_VENTAS','admin_facturas_ventas','127.0.0.1'),(11206,1,'2026-05-07 15:28:36','FACTURAS_VENTAS','admin_facturas_ventas','127.0.0.1'),(11207,1,'2026-05-07 15:28:38','FACTURAS_VENTAS','admin_facturas_ventas','127.0.0.1');
/*!40000 ALTER TABLE `bitacora` ENABLE KEYS */;
UNLOCK TABLES;

--
-- Table structure for table `bodegas`
--

DROP TABLE IF EXISTS `bodegas`;
/*!40101 SET @saved_cs_client     = @@character_set_client */;
/*!50503 SET character_set_client = utf8mb4 */;
CREATE TABLE `bodegas` (
  `ID_Bodega` int NOT NULL AUTO_INCREMENT,
  `Nombre` varchar(255) NOT NULL,
  `Ubicacion` varchar(255) DEFAULT NULL,
  `Estado` enum('activa','inactiva') DEFAULT 'activa',
  `ID_Empresa` int NOT NULL,
  `Fecha_Creacion` timestamp NULL DEFAULT CURRENT_TIMESTAMP,
  PRIMARY KEY (`ID_Bodega`),
  KEY `ID_Empresa` (`ID_Empresa`),
  CONSTRAINT `bodegas_ibfk_1` FOREIGN KEY (`ID_Empresa`) REFERENCES `empresa` (`ID_Empresa`)
) ENGINE=InnoDB AUTO_INCREMENT=4 DEFAULT CHARSET=utf8mb4 COLLATE=utf8mb4_0900_ai_ci;
/*!40101 SET character_set_client = @saved_cs_client */;

--
-- Dumping data for table `bodegas`
--

LOCK TABLES `bodegas` WRITE;
/*!40000 ALTER TABLE `bodegas` DISABLE KEYS */;
INSERT INTO `bodegas` VALUES (1,'Bodega Central Huevos','Diriomo, Granada','activa',1,'2025-11-10 15:31:51'),(2,'Bodega Alimentos','Diriomo, Granada','inactiva',1,'2025-11-25 00:06:06'),(3,'Bodega Produccion','Diriomo','activa',1,'2026-02-05 16:16:08');
/*!40000 ALTER TABLE `bodegas` ENABLE KEYS */;
UNLOCK TABLES;

--
-- Table structure for table `caja_movimientos`
--

DROP TABLE IF EXISTS `caja_movimientos`;
/*!40101 SET @saved_cs_client     = @@character_set_client */;
/*!50503 SET character_set_client = utf8mb4 */;
CREATE TABLE `caja_movimientos` (
  `ID_Movimiento` int NOT NULL AUTO_INCREMENT,
  `Fecha` datetime DEFAULT CURRENT_TIMESTAMP,
  `Tipo_Movimiento` enum('ENTRADA','SALIDA') NOT NULL,
  `Descripcion` varchar(500) NOT NULL,
  `Monto` decimal(15,2) NOT NULL,
  `ID_Factura` int DEFAULT NULL,
  `ID_Pagos_cxc` int DEFAULT NULL,
  `ID_Usuario` int DEFAULT NULL,
  `Referencia_Documento` varchar(100) DEFAULT NULL,
  `Es_Ajuste` tinyint(1) DEFAULT '0',
  `Movimiento_Origen` int DEFAULT NULL,
  `Comentario_Ajuste` varchar(500) DEFAULT NULL,
  `Estado` enum('ACTIVO','ANULADO') DEFAULT 'ACTIVO',
  `Fecha_Anulacion` datetime DEFAULT NULL,
  `ID_Usuario_Anula` int DEFAULT NULL,
  PRIMARY KEY (`ID_Movimiento`),
  KEY `idx_es_ajuste` (`Es_Ajuste`),
  KEY `idx_movimiento_origen` (`Movimiento_Origen`),
  KEY `idx_estado_fecha` (`Estado`,`Fecha`),
  KEY `idx_fecha_estado_tipo` (`Fecha`,`Estado`,`Tipo_Movimiento`),
  CONSTRAINT `caja_movimientos_chk_1` CHECK ((`Monto` >= 0))
) ENGINE=InnoDB AUTO_INCREMENT=209 DEFAULT CHARSET=utf8mb4 COLLATE=utf8mb4_0900_ai_ci;
/*!40101 SET character_set_client = @saved_cs_client */;

--
-- Dumping data for table `caja_movimientos`
--

LOCK TABLES `caja_movimientos` WRITE;
/*!40000 ALTER TABLE `caja_movimientos` DISABLE KEYS */;
INSERT INTO `caja_movimientos` VALUES (1,'2025-12-27 14:26:26','ENTRADA','Venta al contado - Factura #88 - Cliente: Jonathan',16000.00,88,NULL,6,'FAC-00088',0,NULL,NULL,'ACTIVO',NULL,NULL),(2,'2025-12-27 14:36:24','ENTRADA','Pago CxC - Josue Delgado - Documento: FAC-00078 - N/A',1900.00,NULL,6,6,'PAGO-CXC-00006',0,NULL,NULL,'ACTIVO',NULL,NULL),(3,'2025-12-27 14:49:55','ENTRADA','Pago CxC - Leonardo - Documento: FAC-00052 - N/A',11000.50,NULL,7,6,'PAGO-CXC-00007',0,NULL,NULL,'ACTIVO',NULL,NULL),(4,'2025-12-27 14:56:56','ENTRADA','Pago CxC - Leonardo - Documento: FAC-00059 - n/a',800.00,NULL,8,6,'PAGO-CXC-00008',0,NULL,NULL,'ACTIVO',NULL,NULL),(5,'2025-12-27 14:57:58','ENTRADA','Pago CxC - Leonardo - Documento: FAC-00059 - N//A',800.00,NULL,9,6,'PAGO-CXC-00009',0,NULL,NULL,'ACTIVO',NULL,NULL),(6,'2025-12-27 15:19:04','ENTRADA','Pago CxC - Fared - Documento: FAC-000008 - N/A',140.00,NULL,10,6,'PAGO-CXC-00010',0,NULL,NULL,'ACTIVO',NULL,NULL),(7,'2025-12-27 15:22:20','ENTRADA','Venta al contado - Factura #89 - Cliente: Fared',14000.00,89,NULL,6,'FAC-00089',0,NULL,NULL,'ACTIVO',NULL,NULL),(8,'2025-12-27 15:37:49','ENTRADA','Pago CxC - Fared - Documento: FAC-00057 - n/a',1000.00,NULL,11,6,'PAGO-CXC-00011',0,NULL,NULL,'ACTIVO',NULL,NULL),(9,'2025-12-27 15:40:41','ENTRADA','Pago CxC - Fared - Documento: FAC-00057 - n/a',60.00,NULL,12,6,'PAGO-CXC-00012',0,NULL,NULL,'ACTIVO',NULL,NULL),(10,'2025-12-27 15:41:33','ENTRADA','Pago CxC - Fared - Documento: FAC-00057 - adasdasd',300.00,NULL,13,6,'PAGO-CXC-00013',0,NULL,NULL,'ACTIVO',NULL,NULL),(11,'2025-12-29 13:46:59','ENTRADA','Pago CxC - Fared - Documento: FAC-00056 - nada',7000.00,NULL,14,6,'PAGO-CXC-00014',0,NULL,NULL,'ACTIVO',NULL,NULL),(12,'2025-12-30 11:05:05','ENTRADA','Venta al contado - Factura #90 - Cliente: Jahir',19500.00,90,NULL,6,'FAC-00090',0,NULL,NULL,'ACTIVO',NULL,NULL),(13,'2025-12-30 11:09:06','ENTRADA','Pago CxC - Fared - Documento: FAC-00016 - n/a',3240.00,NULL,15,6,'PAGO-CXC-00015',0,NULL,NULL,'ACTIVO',NULL,NULL),(14,'2025-12-30 11:25:23','ENTRADA','Venta al contado - Factura #91 - Cliente: Fared',7450.00,91,NULL,6,'FAC-00091',0,NULL,NULL,'ACTIVO',NULL,NULL),(15,'2025-12-30 11:53:31','ENTRADA','Venta al contado - Factura #92 - Cliente: Fared',1950.00,92,NULL,1,'FAC-00092',0,NULL,NULL,'ACTIVO',NULL,NULL),(16,'2025-12-30 11:54:43','ENTRADA','Venta al contado - Factura #93 - Cliente: Jonathan',30400.00,93,NULL,1,'FAC-00093',0,NULL,NULL,'ACTIVO',NULL,NULL),(17,'2025-12-30 14:03:43','ENTRADA','Apertura de caja',0.01,NULL,NULL,NULL,'APERTURA',0,NULL,NULL,'ACTIVO',NULL,NULL),(18,'2025-12-30 14:10:34','SALIDA','Pago Pelon',1500.00,NULL,NULL,NULL,'Sueldo',0,NULL,NULL,'ACTIVO',NULL,NULL),(19,'2025-12-30 15:14:06','ENTRADA','Venta al contado - Factura #94 - Cliente: Clientes Varios',16500.00,94,NULL,6,'FAC-00094',0,NULL,NULL,'ACTIVO',NULL,NULL),(20,'2025-12-30 15:30:18','SALIDA','compra de bujia',500.00,NULL,NULL,NULL,'Repuestos',0,NULL,NULL,'ACTIVO',NULL,NULL),(21,'2025-12-30 19:12:13','SALIDA','Cierre de caja -  - Diferencia: $+7000.00',77040.01,NULL,NULL,NULL,'CIERRE',0,NULL,NULL,'ACTIVO',NULL,NULL),(22,'2026-01-02 18:06:10','ENTRADA','Apertura de caja - Saldo Inicial',10000.00,NULL,NULL,NULL,'APERTURA',0,NULL,NULL,'ACTIVO',NULL,NULL),(23,'2026-01-02 18:07:09','ENTRADA','Venta al contado - Factura #95 - Cliente: Fared',19500.00,95,NULL,1,'FAC-00095',0,NULL,NULL,'ACTIVO',NULL,NULL),(24,'2026-01-02 18:13:01','SALIDA','CANCELACIÓN TOTAL: Venta al contado - Factura #95 - Cliente: Fared',19500.00,95,NULL,NULL,'CANC_TOTAL_FAC-00095',1,23,'CANCELACIÓN COMPLETA - si comprendo','ACTIVO',NULL,NULL),(25,'2026-01-05 12:57:37','ENTRADA','Apertura de caja',100.00,NULL,NULL,1,'APERTURA',0,NULL,NULL,'ACTIVO',NULL,NULL),(26,'2026-01-05 15:41:00','ENTRADA','Venta al contado - Factura #96 - Cliente: Clientes Varios',11700.00,96,NULL,1,'FAC-00096',0,NULL,NULL,'ACTIVO',NULL,NULL),(27,'2026-01-05 15:41:43','ENTRADA','Pago CxC - Fared - Documento: FAC-00057 - dasdasd',400.00,NULL,16,1,'PAGO-CXC-00016',0,NULL,NULL,'ACTIVO',NULL,NULL),(28,'2026-01-05 15:45:59','SALIDA','Pago a Pelon',150.00,NULL,NULL,1,'PAGO SUELDO',0,NULL,'mal ingreso','ANULADO','2026-01-05 15:52:05',1),(29,'2026-01-05 15:52:05','ENTRADA','AJUSTE: Pago a Pelon',150.00,NULL,NULL,1,'AJUSTE',1,28,'Anulación del movimiento #28. Motivo: mal ingreso','ACTIVO',NULL,NULL),(30,'2026-01-05 15:52:55','SALIDA','Pago a Pelon',200.00,NULL,NULL,1,'PAGO SUELDO',0,NULL,NULL,'ACTIVO',NULL,NULL),(31,'2026-01-05 16:39:29','ENTRADA','Venta al contado - Factura #97 - Cliente: Clientes Varios',1950.00,97,NULL,1,'FAC-00097',0,NULL,NULL,'ACTIVO',NULL,NULL),(32,'2026-01-05 16:39:54','SALIDA','REVERSIÓN VENTA #97 - Anulación - Cliente: Clientes Varios - Método original: efectivo',1950.00,97,NULL,1,'REV-31',0,NULL,NULL,'ACTIVO',NULL,NULL),(33,'2026-01-05 22:58:42','SALIDA','Cierre de caja - Saldo: $12150.00 - simon',12150.00,NULL,NULL,1,'CIERRE',0,NULL,NULL,'ACTIVO',NULL,NULL),(34,'2026-01-06 08:33:45','ENTRADA','Apertura de caja - $14000.00',14000.00,NULL,NULL,6,'APERTURA',0,NULL,NULL,'ACTIVO',NULL,NULL),(35,'2026-01-06 08:35:53','ENTRADA','Venta al contado - Factura #98 - Cliente: Clientes Varios',1950.00,98,NULL,6,'FAC-00098',0,NULL,NULL,'ACTIVO',NULL,NULL),(36,'2026-01-06 08:37:02','ENTRADA','Venta al contado - Factura #99 - Cliente: Fared',2200.00,99,NULL,6,'FAC-00099',0,NULL,NULL,'ACTIVO',NULL,NULL),(37,'2026-01-06 08:38:36','ENTRADA','Venta al contado - Factura #100 - Cliente: Fared',2000.00,100,NULL,6,'FAC-00100',0,NULL,NULL,'ACTIVO',NULL,NULL),(38,'2026-01-06 08:39:05','SALIDA','REVERSIÓN VENTA #100 - Anulación - Cliente: Fared - Método original: efectivo',2000.00,100,NULL,6,'REV-37',0,NULL,NULL,'ACTIVO',NULL,NULL),(39,'2026-01-06 08:44:04','ENTRADA','Venta al contado - Factura #101 - Cliente: Clientes Varios',1950.00,101,NULL,6,'FAC-00101',0,NULL,NULL,'ACTIVO',NULL,NULL),(40,'2026-01-06 08:44:21','SALIDA','REVERSIÓN VENTA #101 - Anulación - Cliente: Clientes Varios - Método original: efectivo',1950.00,101,NULL,6,'REV-39',0,NULL,NULL,'ACTIVO',NULL,NULL),(41,'2026-01-06 08:45:38','ENTRADA','Venta al contado - Factura #102 - Cliente: Clientes Varios',260.00,102,NULL,6,'FAC-00102',0,NULL,NULL,'ACTIVO',NULL,NULL),(42,'2026-01-06 08:46:03','SALIDA','REVERSIÓN VENTA #102 - Anulación - Cliente: Clientes Varios - Método original: efectivo',260.00,102,NULL,6,'REV-41',0,NULL,NULL,'ACTIVO',NULL,NULL),(43,'2026-01-06 08:48:43','ENTRADA','Venta al contado - Factura #103 - Cliente: Clientes Varios',195.00,103,NULL,6,'FAC-00103',0,NULL,NULL,'ACTIVO',NULL,NULL),(44,'2026-01-06 08:52:52','ENTRADA','Pago CxC - Fared - Documento: FAC-00016 - N/A',3000.00,NULL,17,6,'PAGO-CXC-00017',0,NULL,NULL,'ACTIVO',NULL,NULL),(45,'2026-01-06 08:54:36','ENTRADA','Pago CxC - Fared - Documento: FAC-00019 - N/A',300.00,NULL,18,6,'PAGO-CXC-00018',0,NULL,NULL,'ACTIVO',NULL,NULL),(46,'2026-01-06 08:56:12','ENTRADA','Pago CxC - Fared - Documento: FAC-00019 - Pago registrado',340.00,NULL,19,6,'PAGO-CXC-00019',0,NULL,NULL,'ACTIVO',NULL,NULL),(47,'2026-01-06 09:00:12','SALIDA','Pago Luz',400.00,NULL,NULL,6,'Servicio Energético',0,NULL,NULL,'ANULADO','2026-01-06 09:00:57',6),(48,'2026-01-06 09:00:57','ENTRADA','Anulación: Pago Luz',400.00,NULL,NULL,6,'ANULACION',0,47,NULL,'ANULADO','2026-01-06 09:12:13',6),(49,'2026-01-06 09:11:31','ENTRADA','Venta al contado - Factura #104 - Cliente: Jahir',200.00,104,NULL,6,'FAC-00104',0,NULL,'Anulado por reversión de venta #104. mal ingreso de cantidad de producto','ANULADO','2026-01-06 09:13:22',6),(50,'2026-01-06 09:12:13','SALIDA','Anulación: Anulación: Pago Luz',400.00,NULL,NULL,6,'ANULACION',0,48,NULL,'ACTIVO',NULL,NULL),(51,'2026-01-06 09:13:22','SALIDA','REVERSIÓN VENTA #104 - Anulación - Cliente: Jahir - Método original: efectivo',200.00,104,NULL,6,'REV-49',1,49,NULL,'ACTIVO',NULL,NULL),(52,'2026-01-06 09:14:43','SALIDA','Compra bujia',190.00,NULL,NULL,6,'gasto',0,NULL,NULL,'ANULADO','2026-01-06 09:14:58',6),(53,'2026-01-06 09:14:58','ENTRADA','Anulación: Compra bujia',190.00,NULL,NULL,6,'ANULACION',0,52,NULL,'ANULADO','2026-01-06 09:19:33',6),(54,'2026-01-06 09:16:14','SALIDA','litro de cener',100.00,NULL,NULL,6,'gastos operativos',0,NULL,NULL,'ANULADO','2026-01-06 09:16:39',6),(55,'2026-01-06 09:16:39','ENTRADA','Anulación: litro de cener',100.00,NULL,NULL,6,'ANULACION',0,54,NULL,'ANULADO','2026-01-06 09:19:06',6),(56,'2026-01-06 09:17:49','SALIDA','pago a chepito',200.00,NULL,NULL,6,'Pago Sueldo',0,NULL,NULL,'ANULADO','2026-01-06 09:18:11',6),(57,'2026-01-06 09:18:11','ENTRADA','Anulación: pago a chepito',200.00,NULL,NULL,6,'ANULACION',0,56,NULL,'ANULADO','2026-01-06 09:18:45',6),(58,'2026-01-06 09:18:45','SALIDA','Anulación: Anulación: pago a chepito',200.00,NULL,NULL,6,'ANULACION',0,57,NULL,'ACTIVO',NULL,NULL),(59,'2026-01-06 09:19:06','SALIDA','Anulación: Anulación: litro de cener',100.00,NULL,NULL,6,'ANULACION',0,55,NULL,'ACTIVO',NULL,NULL),(60,'2026-01-06 09:19:33','SALIDA','Anulación: Anulación: Compra bujia',190.00,NULL,NULL,6,'ANULACION',0,53,NULL,'ACTIVO',NULL,NULL),(61,'2026-01-06 10:52:58','ENTRADA','Venta al contado - Factura #105 - Cliente: Clientes Varios',2000.00,105,NULL,6,'FAC-00105',0,NULL,NULL,'ACTIVO',NULL,NULL),(62,'2026-01-06 13:42:30','ENTRADA','Venta al contado - Factura #106 - Cliente: Fared',2000.00,106,NULL,6,'FAC-00106',0,NULL,NULL,'ACTIVO',NULL,NULL),(63,'2026-01-06 14:34:00','ENTRADA','Pelon ruta',59200.00,NULL,NULL,6,NULL,0,NULL,NULL,'ACTIVO',NULL,NULL),(64,'2026-01-06 14:38:06','SALIDA','Pago a Pelon',1800.00,NULL,NULL,6,NULL,0,NULL,NULL,'ACTIVO',NULL,NULL),(65,'2026-01-06 14:41:34','ENTRADA','Venta al contado - Factura #107 - Cliente: Clientes Varios',200.00,107,NULL,6,'FAC-00107',0,NULL,NULL,'ACTIVO',NULL,NULL),(66,'2026-01-07 08:08:51','ENTRADA','Apertura de caja',100.00,NULL,NULL,6,NULL,0,NULL,NULL,'ACTIVO',NULL,NULL),(67,'2026-01-07 08:13:21','ENTRADA','Venta al contado - Factura #108 - Cliente: Clientes Varios',3800.00,108,NULL,6,'FAC-00108',0,NULL,NULL,'ACTIVO',NULL,NULL),(68,'2026-01-07 08:18:08','ENTRADA','Pago CxC - Jorges - Documento: FAC-00020 - N/A',810.00,NULL,20,6,'PAGO-CXC-00020',0,NULL,NULL,'ACTIVO',NULL,NULL),(69,'2026-01-07 09:00:37','ENTRADA','Ruta Masaya',20000.00,NULL,NULL,6,'',0,NULL,NULL,'ACTIVO',NULL,NULL),(70,'2026-01-07 09:14:16','SALIDA','100 separadores',300.00,NULL,NULL,6,'',0,NULL,NULL,'ACTIVO',NULL,NULL),(71,'2026-01-07 09:21:37','ENTRADA','Venta de huevos fuera de caja',200.00,NULL,NULL,6,'Venta huevo',0,NULL,NULL,'ACTIVO',NULL,NULL),(72,'2026-01-07 13:39:07','ENTRADA','Venta al contado - Factura #109 - Cliente: Clientes Varios',170000.00,109,NULL,6,'FAC-00109',0,NULL,NULL,'ACTIVO',NULL,NULL),(73,'2026-01-07 13:40:53','ENTRADA','Venta al contado - Factura #110 - Cliente: Fared',38000.00,110,NULL,6,'FAC-00110',0,NULL,NULL,'ACTIVO',NULL,NULL),(74,'2026-01-07 14:03:29','ENTRADA','Venta al contado - Factura #111 - Cliente: Jahir',2000.00,111,NULL,1,'FAC-00111',0,NULL,NULL,'ACTIVO',NULL,NULL),(75,'2026-01-07 14:08:44','ENTRADA','Venta al contado - Factura #112 - Cliente: Jonathan',2000.00,112,NULL,1,'FAC-00112',0,NULL,NULL,'ACTIVO',NULL,NULL),(76,'2026-01-07 14:12:27','ENTRADA','Venta al contado - Factura #113 - Cliente: Jonathan',24000.00,113,NULL,1,'FAC-00113',0,NULL,NULL,'ACTIVO',NULL,NULL),(77,'2026-01-07 14:13:28','ENTRADA','Venta al contado - Factura #114 - Cliente: Fared',200.00,114,NULL,1,'FAC-00114',0,NULL,NULL,'ACTIVO',NULL,NULL),(78,'2026-01-07 14:21:35','ENTRADA','Venta al contado - Factura #115 - Cliente: Josue Delgado',6250.00,115,NULL,1,'FAC-00115',0,NULL,NULL,'ACTIVO',NULL,NULL),(79,'2026-01-07 15:07:01','ENTRADA','Venta al contado - Factura #116 - Cliente: Jonathan',2350.00,116,NULL,1,'FAC-00116',0,NULL,NULL,'ACTIVO',NULL,NULL),(80,'2026-01-07 15:16:57','ENTRADA','Venta al contado - Factura #117 - Cliente: Josue Delgado',1885.00,117,NULL,1,'FAC-00117',0,NULL,NULL,'ACTIVO',NULL,NULL),(81,'2026-01-07 15:37:00','ENTRADA','Venta al contado - Factura #118 - Cliente: Josue Delgado',9900.00,118,NULL,1,'FAC-00118',0,NULL,NULL,'ACTIVO',NULL,NULL),(82,'2026-01-07 15:46:12','ENTRADA','Venta al contado - Factura #119 - Cliente: Fared',11950.00,119,NULL,1,'FAC-00119',0,NULL,NULL,'ACTIVO',NULL,NULL),(83,'2026-01-07 15:50:27','ENTRADA','Venta al contado - Factura #120 - Cliente: Jorges',22000.00,120,NULL,1,'FAC-00120',0,NULL,'Anulado por reversión de venta #120. mal ingreso de datos','ANULADO','2026-01-07 15:51:16',1),(84,'2026-01-07 15:51:16','SALIDA','REVERSIÓN VENTA #120 - Anulación - Cliente: Jorges - Método original: efectivo',22000.00,120,NULL,1,'REV-83',1,83,NULL,'ACTIVO',NULL,NULL),(85,'2026-01-07 16:14:59','ENTRADA','Venta al contado - Factura #121 - Cliente: Clientes Varios',2000.00,121,NULL,1,'FAC-00121',0,NULL,'ANULADO POR ANULACIÓN DE VENTA #121: venta incorrecta','ANULADO','2026-01-07 16:15:30',1),(86,'2026-01-07 16:15:30','SALIDA','ANULACIÓN VENTA #121 - Cliente: Clientes Varios - Método original: efectivo',2000.00,121,NULL,1,'ANUL-VTA-121-20260107161530',1,121,'Anulación de venta #121. Motivo: venta incorrecta. ','ACTIVO',NULL,NULL),(87,'2026-01-08 08:48:31','ENTRADA','Apertura de caja',1.00,NULL,NULL,1,NULL,0,NULL,NULL,'ACTIVO',NULL,NULL),(88,'2026-01-08 09:04:30','ENTRADA','Venta al contado - Factura #122 - Cliente: Clientes Varios',200.00,122,NULL,1,'FAC-00122',0,NULL,'ANULADO POR ANULACIÓN DE VENTA #122: error','ANULADO','2026-01-08 09:05:07',1),(89,'2026-01-08 09:05:07','SALIDA','ANULACIÓN VENTA #122 - Cliente: Clientes Varios - Método original: efectivo',200.00,122,NULL,1,'ANUL-VTA-122-20260108090507',1,122,'Anulación de venta #122. Motivo: error. ','ANULADO',NULL,NULL),(90,'2026-01-08 09:19:35','ENTRADA','Venta al contado - Factura #123 - Cliente: Clientes Varios',190.00,123,NULL,1,'FAC-00123',0,NULL,'ANULADO POR ANULACIÓN DE VENTA #123: sdfsdfsdfsdf','ANULADO','2026-01-08 09:21:00',1),(91,'2026-01-09 13:26:51','ENTRADA','Venta al contado - Factura #124 - Cliente: Clientes Varios',2000.00,124,NULL,1,'FAC-00124',0,NULL,NULL,'ACTIVO',NULL,NULL),(92,'2026-01-09 13:27:18','ENTRADA','Apertura de caja',10.00,NULL,NULL,1,NULL,0,NULL,NULL,'ACTIVO',NULL,NULL),(93,'2026-01-09 13:28:40','SALIDA','compra de sener',150.00,NULL,NULL,1,'gasto',0,NULL,NULL,'ACTIVO',NULL,NULL),(94,'2026-01-09 15:16:42','ENTRADA','Venta al contado - Factura #125 - Cliente: Clientes Varios',2000.00,125,NULL,1,'FAC-00125',0,NULL,NULL,'ACTIVO',NULL,NULL),(95,'2026-01-09 15:26:29','ENTRADA','Venta al contado - Factura #127 - Cliente: Jonathan',26600.00,127,NULL,1,'FAC-00127',0,NULL,NULL,'ACTIVO',NULL,NULL),(96,'2026-01-09 15:47:28','ENTRADA','Venta al contado - Factura #128 - Cliente: Fared',2000.00,128,NULL,1,'FAC-00128',0,NULL,NULL,'ACTIVO',NULL,NULL),(97,'2026-01-10 10:08:47','ENTRADA','Apertura de caja',0.10,NULL,NULL,1,NULL,0,NULL,NULL,'ACTIVO',NULL,NULL),(98,'2026-01-10 10:16:25','ENTRADA','Venta al contado - Factura #129 - Cliente: Clientes Varios',4600.00,129,NULL,1,'FAC-00129',0,NULL,NULL,'ACTIVO',NULL,NULL),(99,'2026-01-13 09:50:42','ENTRADA','Apertura de caja',1200.00,NULL,NULL,1,NULL,0,NULL,NULL,'ACTIVO',NULL,NULL),(100,'2026-01-13 09:51:13','ENTRADA','Venta al contado - Factura #130 - Cliente: Clientes Varios',640.00,130,NULL,1,'FAC-00130',0,NULL,NULL,'ACTIVO',NULL,NULL),(101,'2026-01-13 09:51:48','ENTRADA','Venta al contado - Factura #131 - Cliente: Clientes Varios',165.00,131,NULL,1,'FAC-00131',0,NULL,NULL,'ACTIVO',NULL,NULL),(102,'2026-01-13 11:28:28','ENTRADA','Venta al contado - Factura #132 - Cliente: Clientes Varios',390.00,132,NULL,1,'FAC-00132',0,NULL,NULL,'ACTIVO',NULL,NULL),(103,'2026-01-13 11:56:40','ENTRADA','Venta al contado - Factura #133 - Cliente: Clientes Varios',5400.00,133,NULL,1,'FAC-00133',0,NULL,NULL,'ACTIVO',NULL,NULL),(104,'2026-01-13 13:47:33','ENTRADA','pago factura anterior',9750.00,NULL,NULL,1,'Cuate factura anterior',0,NULL,NULL,'ACTIVO',NULL,NULL),(105,'2026-01-13 14:36:42','ENTRADA','Venta al contado - Factura #134 - Cliente: Clientes Varios',190.00,134,NULL,1,'FAC-00134',0,NULL,NULL,'ACTIVO',NULL,NULL),(106,'2026-01-13 14:55:53','ENTRADA','huevo blanco',3500.00,NULL,NULL,1,'Efectivo',0,NULL,NULL,'ACTIVO',NULL,NULL),(107,'2026-01-13 15:28:20','ENTRADA','Venta al contado - Factura #135 - Cliente: Clientes Varios',200.00,135,NULL,1,'FAC-00135',0,NULL,NULL,'ACTIVO',NULL,NULL),(108,'2026-01-13 15:33:07','ENTRADA','RUTA DE YERI',44430.00,NULL,NULL,1,'RUTA',0,NULL,NULL,'ACTIVO',NULL,NULL),(109,'2026-01-13 16:04:55','ENTRADA','Venta al contado - Factura #136 - Cliente: Clientes Varios',1900.00,136,NULL,1,'FAC-00136',0,NULL,NULL,'ACTIVO',NULL,NULL),(110,'2026-01-13 16:05:44','ENTRADA','Don juan 3 cajillas',480.00,NULL,NULL,1,'Efectivo',0,NULL,NULL,'ACTIVO',NULL,NULL),(111,'2026-01-14 08:32:40','ENTRADA','Apertura de caja',0.01,NULL,NULL,1,NULL,0,NULL,NULL,'ACTIVO',NULL,NULL),(112,'2026-01-14 14:22:28','ENTRADA','Venta al contado - Factura #137 - Cliente: Fared',200.00,137,NULL,1,'FAC-00137',0,NULL,NULL,'ACTIVO',NULL,NULL),(113,'2026-01-14 14:55:31','SALIDA','j',0.01,NULL,NULL,1,'Salida',0,NULL,NULL,'ACTIVO',NULL,NULL),(114,'2026-01-14 15:00:46','ENTRADA','Venta al contado - Factura #138 - Cliente: Clientes Varios',140.00,138,NULL,1,'FAC-00138',0,NULL,NULL,'ACTIVO',NULL,NULL),(115,'2026-01-14 15:20:06','ENTRADA','Venta al contado - Factura #139 - Cliente: Clientes Varios',2400.00,139,NULL,1,'FAC-00139',0,NULL,NULL,'ACTIVO',NULL,NULL),(116,'2026-01-15 10:18:57','ENTRADA','Apertura de caja',0.01,NULL,NULL,1,NULL,0,NULL,NULL,'ACTIVO',NULL,NULL),(117,'2026-01-16 15:17:49','ENTRADA','Venta al contado - Factura #142 - Cliente: Clientes Varios',2770.00,142,NULL,1,'FAC-00142',0,NULL,NULL,'ACTIVO',NULL,NULL),(118,'2026-01-16 15:27:25','ENTRADA','Venta al contado - Factura #143 - Cliente: Jahir',1900.00,143,NULL,1,'FAC-00143',0,NULL,NULL,'ACTIVO',NULL,NULL),(119,'2026-01-16 15:41:10','ENTRADA','Venta al contado - Factura #144 - Cliente: Agroservicios',6420.00,144,NULL,1,'FAC-00144',0,NULL,NULL,'ACTIVO',NULL,NULL),(120,'2026-01-17 08:23:30','ENTRADA','Venta al contado - Factura #145 - Cliente: Kenny',6420.00,145,NULL,1,'FAC-00145',0,NULL,NULL,'ACTIVO',NULL,NULL),(121,'2026-01-17 08:40:28','ENTRADA','Venta al contado - Factura #146 - Cliente: Agroservicios',2150.50,146,NULL,1,'FAC-00146',0,NULL,NULL,'ACTIVO',NULL,NULL),(122,'2026-01-17 11:19:05','ENTRADA','Venta al contado - Factura #147 - Cliente: Fared',40000.00,147,NULL,8,'FAC-00147',0,NULL,NULL,'ACTIVO',NULL,NULL),(123,'2026-01-17 11:23:38','ENTRADA','Venta al contado - Factura #148 - Cliente: Kenny',3390.00,148,NULL,8,'FAC-00148',0,NULL,NULL,'ACTIVO',NULL,NULL),(124,'2026-01-19 09:30:58','ENTRADA','Venta al contado - Factura #150 - Cliente: Jeshua',2000.00,150,NULL,8,'FAC-00150',0,NULL,NULL,'ACTIVO',NULL,NULL),(125,'2026-01-19 11:13:14','ENTRADA','Venta al contado - Factura #152 - Cliente: Josue Delgado',4000.00,152,NULL,2,'FAC-00152',0,NULL,NULL,'ACTIVO',NULL,NULL),(126,'2026-01-19 11:14:30','ENTRADA','Venta al contado - Factura #153 - Cliente: Agroservicios',107000.00,153,NULL,2,'FAC-00153',0,NULL,NULL,'ACTIVO',NULL,NULL),(127,'2026-01-19 12:04:55','ENTRADA','Venta al contado - Factura #154 - Cliente: Agroservicios',1070.00,154,NULL,2,'FAC-00154',0,NULL,NULL,'ACTIVO',NULL,NULL),(128,'2026-01-19 15:52:45','ENTRADA','Venta al contado - Factura #155 - Cliente: Agroservicios',1070.00,155,NULL,2,'FAC-00155',0,NULL,NULL,'ACTIVO',NULL,NULL),(129,'2026-01-19 15:53:27','ENTRADA','Venta al contado - Factura #156 - Cliente: Agroservicios',1070.00,156,NULL,2,'FAC-00156',0,NULL,NULL,'ACTIVO',NULL,NULL),(130,'2026-01-19 15:54:39','ENTRADA','Venta al contado - Factura #157 - Cliente: Agroservicios',2500.00,157,NULL,2,'FAC-00157',0,NULL,NULL,'ACTIVO',NULL,NULL),(131,'2026-01-19 15:56:58','ENTRADA','Venta al contado - Factura #158 - Cliente: Jonathan',2000.00,158,NULL,2,'FAC-00158',0,NULL,NULL,'ACTIVO',NULL,NULL),(132,'2026-01-19 15:58:05','ENTRADA','Venta al contado - Factura #159 - Cliente: Josue Delgado',4000.00,159,NULL,2,'FAC-00159',0,NULL,NULL,'ACTIVO',NULL,NULL),(133,'2026-01-20 08:21:12','ENTRADA','Venta al contado - Factura #160 - Cliente: Agroservicios',3210.00,160,NULL,2,'FAC-00160',0,NULL,NULL,'ACTIVO',NULL,NULL),(134,'2026-01-21 09:01:19','ENTRADA','Venta al contado - Factura #161 - Cliente: Agroservicios',10700.00,161,NULL,2,'FAC-00161',0,NULL,NULL,'ACTIVO',NULL,NULL),(135,'2026-01-22 16:03:12','ENTRADA','Venta desde pedido #8 - Factura #162 - Cliente: Josue Delgado',400.00,162,NULL,8,'FAC-00162',0,NULL,NULL,'ACTIVO',NULL,NULL),(136,'2026-01-23 11:02:52','ENTRADA','Venta desde pedido #9 - Factura #163 - Cliente: Kenny',2320.00,163,NULL,8,'FAC-00163',0,NULL,NULL,'ACTIVO',NULL,NULL),(137,'2026-01-23 11:26:21','ENTRADA','Venta desde pedido #9 - Factura #164 - Cliente: Kenny',2320.00,164,NULL,8,'FAC-00164',0,NULL,NULL,'ACTIVO',NULL,NULL),(138,'2026-01-23 14:25:13','ENTRADA','Venta desde pedido #10 - Factura #165 - Cliente: Jeshua',2750.00,165,NULL,2,'FAC-00165',0,NULL,NULL,'ACTIVO',NULL,NULL),(139,'2026-01-24 09:27:11','ENTRADA','Apertura de caja',10.00,NULL,NULL,1,NULL,0,NULL,NULL,'ACTIVO',NULL,NULL),(140,'2026-01-24 09:27:47','ENTRADA','Venta al contado - Factura #166 - Cliente: Clientes Varios',700.00,166,NULL,1,'FAC-00166',0,NULL,NULL,'ACTIVO',NULL,NULL),(141,'2026-01-28 13:44:26','ENTRADA','Venta al contado - Factura #167 - Cliente: Agroservicios',7500.00,167,NULL,1,'FAC-00167',0,NULL,NULL,'ACTIVO',NULL,NULL),(142,'2026-01-28 13:45:01','ENTRADA','Venta al contado - Factura #168 - Cliente: Jeshua',13000.00,168,NULL,1,'FAC-00168',0,NULL,NULL,'ACTIVO',NULL,NULL),(143,'2026-01-30 08:41:25','ENTRADA','Apertura de caja',0.01,NULL,NULL,1,NULL,0,NULL,NULL,'ACTIVO',NULL,NULL),(144,'2026-01-30 08:50:02','ENTRADA','Venta al contado - Factura #169 - Cliente: Agroservicios',4640.00,169,NULL,2,'FAC-00169',0,NULL,NULL,'ACTIVO',NULL,NULL),(145,'2026-02-04 10:25:09','ENTRADA','Venta desde pedido #13 - Factura #170 - Cliente: Kenny',350.00,170,NULL,2,'FAC-00170',0,NULL,NULL,'ACTIVO',NULL,NULL),(146,'2026-02-05 08:13:56','ENTRADA','Apertura de caja',100.00,NULL,NULL,1,NULL,0,NULL,NULL,'ACTIVO',NULL,NULL),(147,'2026-02-05 08:14:57','ENTRADA','Venta al contado - Factura #171 - Cliente: Agroservicios',3210.00,171,NULL,1,'FAC-00171',0,NULL,NULL,'ACTIVO',NULL,NULL),(148,'2026-02-06 15:48:58','ENTRADA','Venta desde pedido #14 - Factura #172 - Cliente: Kenny',13200.00,172,NULL,2,'FAC-00172',0,NULL,NULL,'ACTIVO',NULL,NULL),(149,'2026-02-06 16:08:06','ENTRADA','Pago CxC - Clientes Varios - Documento: FAC-00126 - Pago registrado',20000.00,NULL,21,1,'PAGO-CXC-00021',0,NULL,NULL,'ACTIVO',NULL,NULL),(150,'2026-02-06 16:09:07','ENTRADA','Pago CxC - Jorges - Documento: FAC-00020 - moroso decía ',405.00,NULL,22,1,'PAGO-CXC-00022',0,NULL,NULL,'ACTIVO',NULL,NULL),(151,'2026-02-07 09:00:39','ENTRADA','Apertura de caja',200.00,NULL,NULL,1,NULL,0,NULL,NULL,'ACTIVO',NULL,NULL),(152,'2026-02-07 09:01:20','ENTRADA','pago de cliente',100.00,NULL,NULL,1,'8956',0,NULL,NULL,'ACTIVO',NULL,NULL),(153,'2026-02-07 14:29:36','ENTRADA','Venta al contado - Factura #173 - Cliente: Leonardo',2450.00,173,NULL,1,'FAC-00173',0,NULL,NULL,'ACTIVO',NULL,NULL),(154,'2026-02-09 08:25:16','ENTRADA','Apertura de caja',15000.00,NULL,NULL,1,NULL,0,NULL,NULL,'ACTIVO',NULL,NULL),(155,'2026-02-09 09:24:48','ENTRADA','Venta al contado - Factura #174 - Cliente: Agroservicios',10700.00,174,NULL,1,'FAC-00174',0,NULL,NULL,'ACTIVO',NULL,NULL),(156,'2026-02-09 09:25:20','ENTRADA','Venta al contado - Factura #175 - Cliente: Agroservicios',1070.00,175,NULL,1,'FAC-00175',0,NULL,NULL,'ACTIVO',NULL,NULL),(157,'2026-02-10 10:17:41','ENTRADA','Pago CxC - Josue Delgado - Documento: FAC-00151 - Pago registrado',1500.00,NULL,23,1,'PAGO-CXC-00023',0,NULL,NULL,'ACTIVO',NULL,NULL),(158,'2026-02-10 11:09:01','ENTRADA','Pago CxC - Jorges - Documento: FAC-00020 - n/a',405.00,NULL,24,1,'PAGO-CXC-00024',0,NULL,NULL,'ACTIVO',NULL,NULL),(159,'2026-02-10 11:14:49','ENTRADA','Pago CxC - Josue Delgado - Documento: FAC-00151 - n/a',700.00,NULL,25,1,'PAGO-CXC-00025',0,NULL,NULL,'ACTIVO',NULL,NULL),(160,'2026-02-10 11:21:14','ENTRADA','Pago CxC - Agroservicios - Documento: FAC-00149 - n/a',1140.00,NULL,26,1,'PAGO-CXC-00026',0,NULL,NULL,'ACTIVO',NULL,NULL),(161,'2026-02-10 11:35:22','ENTRADA','Pago CxC - Agroservicios - Documento: FAC-00149 - n/a',1000.00,NULL,27,1,'PAGO-CXC-00027',0,NULL,NULL,'ACTIVO',NULL,NULL),(162,'2026-02-17 09:46:23','ENTRADA','Venta al contado - Factura #176 - Cliente: Jahir',60.00,176,NULL,1,'FAC-00176',0,NULL,NULL,'ACTIVO',NULL,NULL),(163,'2026-02-17 12:03:43','ENTRADA','Venta al contado - Factura #179 - Cliente: Clientes Varios',60.00,179,NULL,1,'FAC-00179',0,NULL,NULL,'ACTIVO',NULL,NULL),(164,'2026-02-17 15:04:18','ENTRADA','Venta al contado - Factura #182 - Cliente: Clientes Varios',200.00,182,NULL,1,'FAC-00182',0,NULL,NULL,'ACTIVO',NULL,NULL),(165,'2026-02-19 09:06:47','ENTRADA','Venta Mercado - Factura #191 - Cliente: Jeshua',60.00,191,NULL,1,'FAC-00191',0,NULL,NULL,'ACTIVO',NULL,NULL),(166,'2026-02-20 15:01:00','ENTRADA','Venta Mayorista - Factura #192 - Cliente: Agroservicios',6180.00,192,NULL,1,'FAC-00192',0,NULL,NULL,'ACTIVO',NULL,NULL),(167,'2026-02-23 14:16:45','ENTRADA','Venta Mayorista - Factura #193 - Cliente: Fared',1650.00,193,NULL,1,'FAC-00193',0,NULL,NULL,'ACTIVO',NULL,NULL),(168,'2026-02-23 14:17:24','ENTRADA','Pago CxC - Clientes Varios - Documento: FACT-000187 - asdasdasd',1000.00,NULL,28,1,'PAGO-CXC-00028',0,NULL,NULL,'ACTIVO',NULL,NULL),(169,'2026-03-09 08:41:33','ENTRADA','Venta Mercado - Factura #195 - Cliente: Jahir',200.00,195,NULL,2,'FAC-00195',0,NULL,NULL,'ACTIVO',NULL,NULL),(170,'2026-03-11 14:39:51','ENTRADA','Apertura de caja',200.00,NULL,NULL,1,NULL,0,NULL,NULL,'ACTIVO',NULL,NULL),(171,'2026-03-19 10:15:37','ENTRADA','Apertura de caja',1500.00,NULL,NULL,1,NULL,0,NULL,NULL,'ACTIVO',NULL,NULL),(172,'2026-03-30 09:18:23','ENTRADA','Venta Mayorista - Factura #196 - Cliente: Allan Alfaro',19600.00,196,NULL,2,'FAC-00196',0,NULL,NULL,'ACTIVO',NULL,NULL),(173,'2026-04-07 14:37:48','ENTRADA','Venta Especial - Factura #197 - Cliente: Venta Nueva',5700.00,197,NULL,1,'FAC-00197',0,NULL,NULL,'ACTIVO',NULL,NULL),(174,'2026-04-08 15:31:57','ENTRADA','Venta Especial - Factura #198 - Cliente: Venta Nueva',5400.00,198,NULL,1,'FAC-00198',0,NULL,NULL,'ACTIVO',NULL,NULL),(175,'2026-04-15 15:29:54','ENTRADA','Venta Especial - Factura #201 - Cliente: Venta Nueva',5100.00,201,NULL,1,'FAC-00201',0,NULL,NULL,'ACTIVO',NULL,NULL),(176,'2026-04-15 15:32:04','ENTRADA','Venta Mercado - Factura #202 - Cliente: Clientes Varios',1050.00,202,NULL,1,'FAC-00202',0,NULL,NULL,'ACTIVO',NULL,NULL),(177,'2026-04-15 15:39:58','ENTRADA','Venta Mercado - Factura #204 - Cliente: Jeshua',350.00,204,NULL,1,'FAC-00204',0,NULL,NULL,'ACTIVO',NULL,NULL),(178,'2026-04-16 08:27:44','ENTRADA','Venta Mercado - Factura #205 - Cliente: Jeshua',20000.00,205,NULL,1,'FAC-00205',0,NULL,NULL,'ACTIVO',NULL,NULL),(179,'2026-04-17 15:48:23','ENTRADA','Venta Mercado - Factura #206 - Cliente: Jorges',2000.00,206,NULL,1,'FAC-00206',0,NULL,NULL,'ACTIVO',NULL,NULL),(180,'2026-04-20 08:56:42','ENTRADA','Venta Mayorista - Factura #207 - Cliente: Fared',1400.00,207,NULL,1,'FAC-00207',0,NULL,NULL,'ACTIVO',NULL,NULL),(181,'2026-04-20 08:57:39','ENTRADA','Venta Mercado - Factura #208 - Cliente: Jeshua',1800.00,208,NULL,2,'FAC-00208',0,NULL,NULL,'ACTIVO',NULL,NULL),(182,'2026-04-20 09:29:35','ENTRADA','Venta Mercado - Factura #209 - Cliente: Jeshua',3500.00,209,NULL,2,'FAC-00209',0,NULL,NULL,'ACTIVO',NULL,NULL),(183,'2026-04-20 09:39:36','ENTRADA','Venta desde pedido #74 - Factura #210 - Cliente: Fared',1750.00,210,NULL,2,'FAC-00210',0,NULL,NULL,'ACTIVO',NULL,NULL),(184,'2026-04-20 10:09:22','ENTRADA','Venta Mayorista - Factura #211 - Cliente: Fared',1700.00,211,NULL,1,'FAC-00211',0,NULL,NULL,'ACTIVO',NULL,NULL),(185,'2026-04-20 11:23:44','ENTRADA','Venta Mayorista - Factura #212 - Cliente: Fared',1225.00,212,NULL,1,'FAC-00212',0,NULL,NULL,'ACTIVO',NULL,NULL),(186,'2026-04-20 15:27:43','ENTRADA','Pago CxC - Allan Alfaro - Documento: FAC-R223 - Pago registrado',385.00,NULL,29,1,'PAGO-CXC-00029',0,NULL,NULL,'ACTIVO',NULL,NULL),(187,'2026-04-20 15:39:36','ENTRADA','Pago CxC - Jahir - Documento: FAC-R230 - Pago registrado',700.00,NULL,30,1,'PAGO-CXC-00030',0,NULL,NULL,'ACTIVO',NULL,NULL),(188,'2026-04-20 15:59:47','ENTRADA','Pago CxC - Jonathan - Documento: FAC-R220 - Pago registrado',900.00,NULL,31,1,'PAGO-CXC-00031',0,NULL,NULL,'ACTIVO',NULL,NULL),(189,'2026-04-20 16:01:30','ENTRADA','Pago CxC - Jorges - Documento: FAC-R64 - Pago registrado',130.00,NULL,32,1,'PAGO-CXC-00032',0,NULL,NULL,'ACTIVO',NULL,NULL),(190,'2026-04-22 08:19:47','ENTRADA','Venta Mercado - Factura #213 - Cliente: Kenny',6138.00,213,NULL,1,'FAC-00213',0,NULL,NULL,'ACTIVO',NULL,NULL),(191,'2026-04-22 08:29:31','ENTRADA','Venta Mercado - Factura #214 - Cliente: Kenny',6180.00,214,NULL,1,'FAC-00214',0,NULL,NULL,'ACTIVO',NULL,NULL),(192,'2026-04-22 13:41:10','ENTRADA','Pago CxC - Fared - Documento: FAC-R294 - primer pago',1500.00,NULL,33,1,'PAGO-CXC-00033',0,NULL,NULL,'ACTIVO',NULL,NULL),(193,'2026-04-22 14:51:35','ENTRADA','Venta Mayorista - Factura #215 - Cliente: Agroservicios',10300.00,215,NULL,1,'FAC-00215',0,NULL,NULL,'ACTIVO',NULL,NULL),(194,'2026-04-24 09:42:22','ENTRADA','Pago CxC - Jahir - Documento: FAC-R230 - prueba',450.00,NULL,34,1,'PAGO-CXC-00034',0,NULL,NULL,'ACTIVO',NULL,NULL),(195,'2026-04-24 09:43:04','ENTRADA','Pago CxC - Leonardo - Documento: FAC-00052 - Pago registrado',10128.00,NULL,35,1,'PAGO-CXC-00035',0,NULL,NULL,'ACTIVO',NULL,NULL),(196,'2026-04-24 09:44:29','ENTRADA','Pago CxC - Leonardo - Documento: FAC-00027 - Pago registrado',1800.00,NULL,36,1,'PAGO-CXC-00036',0,NULL,NULL,'ACTIVO',NULL,NULL),(197,'2026-04-24 11:21:11','ENTRADA','Venta Mercado - Factura #216 - Cliente: Clientes Varios',2000.00,216,NULL,1,'FAC-00216',0,NULL,NULL,'ACTIVO',NULL,NULL),(198,'2026-04-24 15:00:22','ENTRADA','Venta Mercado - Factura #217 - Cliente: Clientes Varios',200.00,217,NULL,1,'FAC-00217',0,NULL,NULL,'ACTIVO',NULL,NULL),(199,'2026-04-30 10:39:10','ENTRADA','Venta Mayorista - Factura #218 - Cliente: Fared',1700.00,218,NULL,1,'FAC-00218',0,NULL,NULL,'ACTIVO',NULL,NULL),(200,'2026-04-30 14:56:42','ENTRADA','Venta Mayorista - Factura #219 - Cliente: Agroservicios',1200.00,219,NULL,1,'FAC-00219',0,NULL,'ANULADO POR ANULACIÓN DE VENTA #219: confuncion de productos al momento de pedido','ANULADO','2026-04-30 14:57:32',1),(201,'2026-04-30 14:59:09','ENTRADA','Venta Mayorista - Factura #220 - Cliente: Agroservicios',1030.00,220,NULL,1,'FAC-00220',0,NULL,'ANULADO POR ANULACIÓN DE VENTA #220: confusion nuevamente','ANULADO','2026-04-30 14:59:30',1),(202,'2026-04-30 15:08:57','ENTRADA','Venta Mayorista - Factura #221 - Cliente: Agroservicios',1030.00,221,NULL,1,'FAC-00221',0,NULL,'ANULADO POR ANULACIÓN DE VENTA #221: error por bruto','ANULADO','2026-04-30 15:09:12',1),(203,'2026-05-04 08:16:00','ENTRADA','Venta Mayorista - Factura #223 - Cliente: Allan Alfaro',6100.00,223,NULL,1,'FAC-00223',0,NULL,'ANULADO POR ANULACIÓN DE VENTA #223: equivocaciones','ANULADO','2026-05-04 09:21:51',1),(204,'2026-05-04 09:22:23','ENTRADA','Venta Mayorista - Factura #224 - Cliente: Allan Alfaro',155.00,224,NULL,1,'FAC-00224',0,NULL,NULL,'ACTIVO',NULL,NULL),(205,'2026-05-04 09:25:47','ENTRADA','Venta Mayorista - Factura #225 - Cliente: Agroservicios',5150.00,225,NULL,1,'FAC-00225',0,NULL,'ANULADO POR ANULACIÓN DE VENTA #225: equivocaciones validas','ANULADO','2026-05-04 09:27:16',1),(206,'2026-05-04 09:40:28','ENTRADA','Venta Mayorista - Factura #226 - Cliente: Agroservicios',4280.00,226,NULL,1,'FAC-00226',0,NULL,' | ANULADO POR ANULACIÓN DE VENTA #226: prueba de anulacion #1','ANULADO','2026-05-04 09:41:19',1),(207,'2026-05-06 14:22:33','ENTRADA','Venta Mayorista - Factura #227 - Cliente: Fared',14500.00,227,NULL,1,'FAC-00227',0,NULL,NULL,'ACTIVO',NULL,NULL),(208,'2026-05-07 15:02:50','ENTRADA','Venta Mayorista - Factura #228 - Cliente: Agroservicios',14765.00,228,NULL,1,'FAC-00228',0,NULL,NULL,'ACTIVO',NULL,NULL);
/*!40000 ALTER TABLE `caja_movimientos` ENABLE KEYS */;
UNLOCK TABLES;

--
-- Table structure for table `catalogo_movimientos`
--

DROP TABLE IF EXISTS `catalogo_movimientos`;
/*!40101 SET @saved_cs_client     = @@character_set_client */;
/*!50503 SET character_set_client = utf8mb4 */;
CREATE TABLE `catalogo_movimientos` (
  `ID_TipoMovimiento` int NOT NULL AUTO_INCREMENT,
  `Descripcion` varchar(255) DEFAULT NULL,
  `Adicion` varchar(255) DEFAULT NULL,
  `Letra` varchar(10) DEFAULT NULL,
  PRIMARY KEY (`ID_TipoMovimiento`)
) ENGINE=InnoDB AUTO_INCREMENT=15 DEFAULT CHARSET=utf8mb4 COLLATE=utf8mb4_0900_ai_ci;
/*!40101 SET character_set_client = @saved_cs_client */;

--
-- Dumping data for table `catalogo_movimientos`
--

LOCK TABLES `catalogo_movimientos` WRITE;
/*!40000 ALTER TABLE `catalogo_movimientos` DISABLE KEYS */;
INSERT INTO `catalogo_movimientos` VALUES (1,'Compra','Entrada por compra','E'),(2,'Venta','Salida por venta','S'),(3,'Producción','Entrada por producción','E'),(4,'Consumo','Salida por consumo','S'),(5,'Ajuste Salida','Ajuste de salida de inventario','S'),(6,'Traslado','Movimiento Interno','T'),(7,'Merma','Perdidas','S'),(8,'Ajuste Entrada','Ajuste de entrada de inventario','E'),(9,'Anulacion Compra','Anular compra proveedores','S'),(10,'Anulacion Venta','Anular venta clientes','E'),(11,'Devolucion Ruta','ENTRADA','E'),(12,'Traslado Salida','SALIDA','TS'),(13,'Traslado Entrada','ENTRADA','TE'),(14,'Salida por Entraga','SALIDA','S');
/*!40000 ALTER TABLE `catalogo_movimientos` ENABLE KEYS */;
UNLOCK TABLES;

--
-- Table structure for table `categorias_producto`
--

DROP TABLE IF EXISTS `categorias_producto`;
/*!40101 SET @saved_cs_client     = @@character_set_client */;
/*!50503 SET character_set_client = utf8mb4 */;
CREATE TABLE `categorias_producto` (
  `ID_Categoria` int NOT NULL AUTO_INCREMENT,
  `Descripcion` varchar(255) NOT NULL,
  `Estado` enum('Activo','Inactivo') NOT NULL DEFAULT 'Activo',
  PRIMARY KEY (`ID_Categoria`)
) ENGINE=InnoDB AUTO_INCREMENT=13 DEFAULT CHARSET=utf8mb4 COLLATE=utf8mb4_0900_ai_ci;
/*!40101 SET character_set_client = @saved_cs_client */;

--
-- Dumping data for table `categorias_producto`
--

LOCK TABLES `categorias_producto` WRITE;
/*!40000 ALTER TABLE `categorias_producto` DISABLE KEYS */;
INSERT INTO `categorias_producto` VALUES (1,'Huevos','Activo'),(2,'Pollos','Inactivo'),(3,'Gallinas','Inactivo'),(4,'Concentrados','Activo'),(5,'Medicamentos','Inactivo'),(6,'Vacunas','Inactivo'),(7,'Separadores','Activo'),(8,'Limpieza y Desinfectantes','Inactivo'),(9,'Equipos','Inactivo'),(10,'Servicios','Inactivo'),(11,'Granza','Activo'),(12,'Gallinaza','Activo');
/*!40000 ALTER TABLE `categorias_producto` ENABLE KEYS */;
UNLOCK TABLES;

--
-- Table structure for table `clientes`
--

DROP TABLE IF EXISTS `clientes`;
/*!40101 SET @saved_cs_client     = @@character_set_client */;
/*!50503 SET character_set_client = utf8mb4 */;
CREATE TABLE `clientes` (
  `ID_Cliente` int NOT NULL AUTO_INCREMENT,
  `Nombre` varchar(255) NOT NULL,
  `Telefono` varchar(50) DEFAULT NULL,
  `Direccion` text,
  `RUC_CEDULA` varchar(50) DEFAULT NULL,
  `ID_Empresa` int DEFAULT NULL,
  `ID_Ruta` int DEFAULT NULL,
  `Saldo_Pendiente_Total` decimal(12,2) DEFAULT '0.00',
  `Fecha_Ultimo_Movimiento` datetime DEFAULT NULL,
  `ID_Ultima_Factura` int DEFAULT NULL,
  `Fecha_Ultimo_Pago` datetime DEFAULT NULL,
  `Estado` enum('ACTIVO','INACTIVO') DEFAULT 'ACTIVO',
  `Fecha_Creacion` datetime DEFAULT CURRENT_TIMESTAMP,
  `ID_Usuario_Creacion` int DEFAULT NULL,
  `tipo_cliente` enum('Comun','Especial') NOT NULL DEFAULT 'Comun',
  `perfil_cliente` enum('Ruta','Mayorista','Mercado','Especial') NOT NULL DEFAULT 'Mercado',
  `Anticipo_Activo` tinyint(1) DEFAULT '0',
  `Limite_Anticipo_Cajas` int DEFAULT '0',
  `Cajas_Consumidas_Anticipo` int DEFAULT '0',
  `Saldo_Anticipos` decimal(12,2) DEFAULT '0.00',
  `Producto_Anticipado` int DEFAULT NULL,
  PRIMARY KEY (`ID_Cliente`),
  KEY `ID_Empresa` (`ID_Empresa`),
  KEY `ID_Usuario_Creacion` (`ID_Usuario_Creacion`),
  KEY `idx_clientes_busqueda` (`ID_Empresa`,`Estado`,`Nombre`),
  KEY `idx_clientes_ruc_empresa` (`RUC_CEDULA`,`ID_Empresa`),
  KEY `idx_clientes_telefono` (`Telefono`),
  KEY `idx_clientes_tipo` (`tipo_cliente`,`Estado`),
  KEY `idx_clientes_fecha_creacion` (`Fecha_Creacion` DESC),
  KEY `idx_clientes_ruta` (`ID_Ruta`),
  CONSTRAINT `clientes_ibfk_1` FOREIGN KEY (`ID_Empresa`) REFERENCES `empresa` (`ID_Empresa`),
  CONSTRAINT `clientes_ibfk_2` FOREIGN KEY (`ID_Usuario_Creacion`) REFERENCES `usuarios` (`ID_Usuario`),
  CONSTRAINT `clientes_ibfk_ruta` FOREIGN KEY (`ID_Ruta`) REFERENCES `rutas` (`ID_Ruta`) ON DELETE SET NULL ON UPDATE CASCADE
) ENGINE=InnoDB AUTO_INCREMENT=14 DEFAULT CHARSET=utf8mb4 COLLATE=utf8mb4_0900_ai_ci;
/*!40101 SET character_set_client = @saved_cs_client */;

--
-- Dumping data for table `clientes`
--

LOCK TABLES `clientes` WRITE;
/*!40000 ALTER TABLE `clientes` DISABLE KEYS */;
INSERT INTO `clientes` VALUES (1,'Jorges','78963251','Ticuantepe, Managua','R526582555SD',1,2,550.00,'2026-03-09 15:46:11',71,'2026-04-20 16:01:30','ACTIVO','2025-10-31 11:03:35',1,'Comun','Mercado',0,0,0,0.00,NULL),(2,'Fared','85809865','bo.17 de octubreFrente a la casa de la mujer','401-160503-1006T',1,4,2200.00,'2026-04-22 10:17:19',294,'2026-04-22 13:41:52','ACTIVO','2025-10-31 16:55:21',1,'Comun','Mayorista',1,50,40,1700.00,5),(3,'Leonardo','785412','Guanacaste','201',1,1,5700.00,'2026-02-26 09:33:00',NULL,'2026-04-24 09:44:29','ACTIVO','2025-11-24 18:02:28',1,'Comun','Mercado',0,0,0,0.00,NULL),(4,'Jonathan','000000','00000','000000000',1,1,3040.00,'2026-03-24 14:15:36',220,'2026-04-20 15:59:47','ACTIVO','2025-12-08 23:37:27',1,'Comun','Mercado',0,0,0,0.00,NULL),(5,'Josue Delgado','25639874','Diriomo, Granada','789654123',1,4,3500.00,'2026-04-01 14:39:19',279,'2026-04-16 11:47:34','ACTIVO','2025-12-08 23:38:32',1,'Comun','Mercado',0,0,0,0.00,NULL),(6,'Jahir','7896523','Diriomo, Granada','785-632514-0001A',1,4,24840.00,'2026-04-24 11:28:05',306,'2026-04-24 11:26:06','ACTIVO','2025-12-26 11:01:27',1,'Comun','Mercado',0,0,0,0.00,NULL),(7,'Clientes Varios','none','none','000000001',1,4,0.00,NULL,NULL,NULL,'ACTIVO','2025-12-30 15:13:17',1,'Comun','Mercado',0,0,0,0.00,NULL),(8,'Kenny','78965412','Blufields','7878956321478',1,3,0.00,NULL,NULL,NULL,'ACTIVO','2026-01-16 10:32:45',1,'Especial','Mercado',0,0,0,0.00,NULL),(9,'Jeshua','78963254','Matagalpa','45631235874',1,3,10000.00,'2026-04-15 15:39:15',203,'2026-04-16 08:27:44','ACTIVO','2026-01-16 10:33:52',1,'Comun','Mercado',0,0,0,0.00,NULL),(10,'Julio','78963254','Managua, carretera norte','7895542366',1,2,0.00,NULL,NULL,NULL,'ACTIVO','2026-01-16 10:44:20',1,'Especial','Mercado',0,0,0,0.00,NULL),(11,'Agroservicios','7454545454','frente al parque costado norte','7896541233333',1,4,1030.00,'2026-04-30 15:16:18',222,NULL,'ACTIVO','2026-01-16 14:46:00',1,'Especial','Mayorista',0,0,0,0.00,NULL),(12,'Allan Alfaro','7856 3214','nindiri','5545454625',1,4,30000.00,'2026-04-01 15:26:12',285,'2026-04-01 15:26:12','ACTIVO','2026-02-23 15:08:28',1,'Comun','Mayorista',0,0,0,0.00,NULL),(13,'Venta Nueva','810068372','venta nueva central, Diriomo','123356899',1,4,0.00,'2026-05-06 11:03:02',NULL,NULL,'ACTIVO','2026-04-06 14:03:49',1,'Comun','Especial',1,1000,820,27000.00,2);
/*!40000 ALTER TABLE `clientes` ENABLE KEYS */;
UNLOCK TABLES;

--
-- Table structure for table `config_visibilidad_categorias`
--

DROP TABLE IF EXISTS `config_visibilidad_categorias`;
/*!40101 SET @saved_cs_client     = @@character_set_client */;
/*!50503 SET character_set_client = utf8mb4 */;
CREATE TABLE `config_visibilidad_categorias` (
  `ID_Config` int NOT NULL AUTO_INCREMENT,
  `tipo_cliente` enum('Comun','Especial') NOT NULL,
  `ID_Categoria` int NOT NULL,
  `visible` tinyint(1) DEFAULT '0' COMMENT '1 = visible, 0 = no visible',
  `fecha_creacion` datetime DEFAULT CURRENT_TIMESTAMP,
  PRIMARY KEY (`ID_Config`),
  UNIQUE KEY `unico_tipo_categoria` (`tipo_cliente`,`ID_Categoria`),
  KEY `ID_Categoria` (`ID_Categoria`),
  CONSTRAINT `fk_config_categoria` FOREIGN KEY (`ID_Categoria`) REFERENCES `categorias_producto` (`ID_Categoria`) ON DELETE CASCADE ON UPDATE CASCADE
) ENGINE=InnoDB AUTO_INCREMENT=146 DEFAULT CHARSET=utf8mb4 COLLATE=utf8mb4_0900_ai_ci;
/*!40101 SET character_set_client = @saved_cs_client */;

--
-- Dumping data for table `config_visibilidad_categorias`
--

LOCK TABLES `config_visibilidad_categorias` WRITE;
/*!40000 ALTER TABLE `config_visibilidad_categorias` DISABLE KEYS */;
INSERT INTO `config_visibilidad_categorias` VALUES (1,'Comun',4,0,'2026-01-16 13:37:01'),(2,'Comun',1,1,'2026-01-16 14:00:49'),(3,'Especial',1,0,'2026-01-16 14:00:49'),(4,'Comun',2,0,'2026-01-16 14:00:49'),(5,'Especial',2,0,'2026-01-16 14:00:49'),(6,'Comun',3,0,'2026-01-16 14:00:49'),(7,'Especial',3,0,'2026-01-16 14:00:49'),(9,'Especial',4,1,'2026-01-16 14:00:49'),(10,'Comun',5,0,'2026-01-16 14:00:49'),(11,'Especial',5,0,'2026-01-16 14:00:49'),(12,'Comun',6,0,'2026-01-16 14:00:49'),(13,'Especial',6,0,'2026-01-16 14:00:49'),(14,'Comun',7,1,'2026-01-16 14:00:49'),(15,'Especial',7,1,'2026-01-16 14:00:49'),(16,'Comun',8,0,'2026-01-16 14:00:49'),(17,'Especial',8,0,'2026-01-16 14:00:49'),(18,'Comun',9,0,'2026-01-16 14:00:49'),(19,'Especial',9,0,'2026-01-16 14:00:49'),(20,'Comun',10,0,'2026-01-16 14:00:49'),(21,'Especial',10,0,'2026-01-16 14:00:49'),(22,'Comun',11,1,'2026-01-16 14:00:49'),(23,'Especial',11,0,'2026-01-16 14:00:49'),(24,'Comun',12,1,'2026-01-16 14:00:49'),(25,'Especial',12,0,'2026-01-16 14:00:49');
/*!40000 ALTER TABLE `config_visibilidad_categorias` ENABLE KEYS */;
UNLOCK TABLES;

--
-- Table structure for table `cuentas_por_cobrar`
--

DROP TABLE IF EXISTS `cuentas_por_cobrar`;
/*!40101 SET @saved_cs_client     = @@character_set_client */;
/*!50503 SET character_set_client = utf8mb4 */;
CREATE TABLE `cuentas_por_cobrar` (
  `ID_Movimiento` int NOT NULL AUTO_INCREMENT,
  `Fecha` date NOT NULL,
  `ID_Cliente` int NOT NULL,
  `Num_Documento` varchar(255) NOT NULL,
  `Observacion` text,
  `Fecha_Vencimiento` date DEFAULT NULL,
  `Tipo_Movimiento` int NOT NULL,
  `Monto_Movimiento` decimal(12,2) NOT NULL,
  `ID_Empresa` int NOT NULL,
  `Saldo_Pendiente` decimal(12,2) DEFAULT NULL,
  `ID_Factura` int DEFAULT NULL,
  `ID_FacturaRuta` int DEFAULT NULL,
  `ID_Usuario_Creacion` int DEFAULT NULL,
  `Estado` enum('Pendiente','Pagada','Anulada','Vencida') DEFAULT 'Pendiente' COMMENT 'Estados: Pendiente, Pagada, Anulada, Vencida',
  PRIMARY KEY (`ID_Movimiento`),
  KEY `ID_Cliente` (`ID_Cliente`),
  KEY `ID_Empresa` (`ID_Empresa`),
  KEY `ID_Factura` (`ID_Factura`),
  KEY `ID_Usuario_Creacion` (`ID_Usuario_Creacion`),
  KEY `fk_cxc_factura_ruta` (`ID_FacturaRuta`),
  CONSTRAINT `cuentas_por_cobrar_ibfk_1` FOREIGN KEY (`ID_Cliente`) REFERENCES `clientes` (`ID_Cliente`),
  CONSTRAINT `cuentas_por_cobrar_ibfk_2` FOREIGN KEY (`ID_Empresa`) REFERENCES `empresa` (`ID_Empresa`),
  CONSTRAINT `cuentas_por_cobrar_ibfk_3` FOREIGN KEY (`ID_Factura`) REFERENCES `facturacion` (`ID_Factura`),
  CONSTRAINT `cuentas_por_cobrar_ibfk_4` FOREIGN KEY (`ID_Usuario_Creacion`) REFERENCES `usuarios` (`ID_Usuario`),
  CONSTRAINT `fk_cxc_factura_ruta` FOREIGN KEY (`ID_FacturaRuta`) REFERENCES `facturacion_ruta` (`ID_FacturaRuta`)
) ENGINE=InnoDB AUTO_INCREMENT=230 DEFAULT CHARSET=utf8mb4 COLLATE=utf8mb4_0900_ai_ci;
/*!40101 SET character_set_client = @saved_cs_client */;

--
-- Dumping data for table `cuentas_por_cobrar`
--

LOCK TABLES `cuentas_por_cobrar` WRITE;
/*!40000 ALTER TABLE `cuentas_por_cobrar` DISABLE KEYS */;
INSERT INTO `cuentas_por_cobrar` VALUES (1,'2025-11-23',2,'FAC-000006','asd','2025-12-23',1,800.00,1,0.00,6,NULL,1,'Pagada'),(2,'2025-11-23',2,'FAC-000007','Venta a crédito FAC-000007','2025-12-23',1,160.00,1,0.00,7,NULL,1,'Pagada'),(3,'2025-11-23',2,'FAC-000008','Venta a crédito FAC-000008','2025-12-23',1,140.00,1,0.00,8,NULL,1,'Pagada'),(4,'2025-11-24',2,'FAC-000014','primera prueba','2025-12-24',1,900.00,1,0.00,14,NULL,1,'Pagada'),(5,'2025-11-24',2,'FAC-00016','ninguno','2025-12-24',1,6240.00,1,0.00,16,NULL,1,'Pagada'),(6,'2025-11-24',2,'FAC-00019','prueba_4','2025-12-24',1,640.00,1,0.00,19,NULL,1,'Pagada'),(7,'2025-11-24',1,'FAC-00020','prueba_5','2025-12-24',1,1620.00,1,0.00,20,NULL,1,'Pagada'),(8,'2025-11-24',1,'FAC-00021','Prueba_6_Debbug','2025-12-24',1,1440.00,1,0.00,21,NULL,1,'Pagada'),(9,'2025-11-24',2,'FAC-00022','prueba_8','2025-12-24',1,1600.00,1,0.00,22,NULL,1,'Pagada'),(10,'2025-11-24',3,'FAC-00027','pruebaaas_6','2025-12-24',1,1800.00,1,0.00,27,NULL,1,'Pagada'),(11,'2025-11-24',2,'FAC-00032','primera pueba','2025-12-24',1,1440.00,1,0.00,32,NULL,1,'Pagada'),(12,'2025-11-25',1,'FAC-00040','Venta a crédito','2025-12-25',1,1800.00,1,0.00,40,NULL,1,'Pagada'),(13,'2025-11-25',3,'FAC-00052','Venta a crédito','2025-12-25',1,21128.50,1,0.00,52,NULL,1,'Pagada'),(14,'2025-11-25',2,'FAC-00053','prueba desde mobile','2025-12-25',1,5700.00,1,0.00,53,NULL,1,'Pagada'),(15,'2025-11-25',3,'FAC-00054','segunda prueba','2025-12-25',1,5700.00,1,5700.00,54,NULL,1,'Pendiente'),(16,'2025-11-25',2,'FAC-00056','hjhjklñlkjhgfdssdfghjklñ','2025-12-25',1,10200.00,1,0.00,56,NULL,1,'Pagada'),(17,'2025-11-25',2,'FAC-00057','prueba','2025-12-25',1,1760.00,1,0.00,57,NULL,1,'Pagada'),(18,'2025-11-25',3,'FAC-00059','Prueba dos con fecha correcta de factura','2025-12-25',1,1600.00,1,0.00,59,NULL,1,'Pagada'),(19,'2025-12-03',2,'FAC-00061','Ninguno','2026-01-02',1,3200.00,1,0.00,61,NULL,1,'Pagada'),(20,'2025-12-12',5,'FAC-00072','pruebas','2026-01-11',1,19000.00,1,0.00,72,NULL,4,'Pagada'),(21,'2025-12-23',5,'FAC-00074','Venta a crédito | ANULADA: Anulación por usuario','2026-01-22',1,1800.00,1,0.00,74,NULL,4,'Anulada'),(22,'2025-12-23',2,'FAC-00075','Venta a crédito | ANULADA: Anulación por usuario','2026-01-22',1,19500.00,1,0.00,75,NULL,1,'Anulada'),(23,'2025-12-24',5,'FAC-00078','Venta a crédito','2026-01-23',1,1900.00,1,0.00,78,NULL,1,'Pagada'),(24,'2025-12-24',2,'FAC-00082','Venta a crédito | ANULADA: adasdasdasd','2026-01-23',1,19500.00,1,0.00,82,NULL,1,'Anulada'),(25,'2025-12-24',1,'FAC-00084','Venta a crédito | ANULADA: fdgsdfgsdfg','2026-01-23',1,19500.00,1,0.00,84,NULL,1,'Anulada'),(26,'2025-12-26',4,'FAC-00085','Venta a crédito | ANULADA: dfsfsdfsdfsd','2026-01-25',1,19500.00,1,0.00,85,NULL,1,'Anulada'),(27,'2026-01-09',7,'FAC-00126','Venta a crédito','2026-02-08',1,20000.00,1,0.00,126,NULL,1,'Pagada'),(28,'2026-01-19',11,'FAC-00149','Venta a crédito','2026-02-18',1,2140.00,1,0.00,149,NULL,8,'Pagada'),(29,'2026-01-19',5,'FAC-00151','Venta a crédito','2026-02-18',1,2200.00,1,0.00,151,NULL,8,'Pagada'),(30,'2026-02-18',7,'FACT-000187','Venta a crédito - Factura #187','2026-03-20',1,1000.00,1,0.00,187,NULL,1,'Pagada'),(31,'2026-02-26',12,'FAC-00194','Venta Mayorista - ','2026-03-28',1,50300.00,1,0.00,194,NULL,1,'Pagada'),(32,'2026-02-26',12,'FAC-R18','','2026-03-28',1,1125.00,1,0.00,18,NULL,12,'Pagada'),(33,'2026-02-26',12,'FAC-R19','','2026-03-28',1,190.00,1,0.00,NULL,19,12,'Pagada'),(34,'2026-02-26',2,'FAC-R21','','2026-03-28',2,375.00,1,0.00,NULL,21,12,'Pagada'),(35,'2026-02-26',2,'FAC-R22','','2026-03-28',2,190.00,1,0.00,NULL,22,12,'Pagada'),(36,'2026-02-27',1,'FAC-R24','','2026-03-29',2,1250.00,1,0.00,NULL,24,6,'Pagada'),(37,'2026-02-27',1,'FAC-R26','','2026-03-29',2,370.00,1,0.00,NULL,26,6,'Pagada'),(38,'2026-02-27',1,'FAC-R27','','2026-03-29',2,175.00,1,0.00,NULL,27,6,'Pagada'),(39,'2026-02-27',1,'FAC-R28','','2026-03-29',2,505.00,1,0.00,NULL,28,6,'Pagada'),(40,'2026-02-27',4,'FAC-R29','','2026-03-29',2,355.00,1,0.00,NULL,29,12,'Pagada'),(41,'2026-02-27',1,'FAC-R30','','2026-03-29',2,175.00,1,0.00,NULL,30,6,'Pagada'),(42,'2026-02-27',1,'FAC-R31','','2026-03-29',2,165.00,1,0.00,NULL,31,6,'Pagada'),(43,'2026-02-27',1,'FAC-R32','','2026-03-29',2,720.00,1,0.00,NULL,32,6,'Pagada'),(44,'2026-02-27',1,'FAC-R33','','2026-03-29',2,360.00,1,0.00,NULL,33,6,'Pagada'),(45,'2026-02-27',4,'FAC-R34','','2026-03-29',2,1225.00,1,980.00,NULL,34,12,'Pendiente'),(46,'2026-02-27',1,'FAC-R35','','2026-03-29',2,540.00,1,0.00,NULL,35,6,'Pagada'),(47,'2026-02-27',4,'FAC-R36','','2026-03-29',2,875.00,1,875.00,NULL,36,12,'Pendiente'),(48,'2026-02-27',4,'FAC-R37','','2026-03-29',2,185.00,1,185.00,NULL,37,12,'Pendiente'),(49,'2026-03-03',2,'FAC-R39','','2026-04-02',2,190.00,1,0.00,NULL,39,6,'Pagada'),(50,'2026-03-04',2,'FAC-R40','','2026-04-03',2,190.00,1,0.00,NULL,40,6,'Pagada'),(51,'2026-03-04',2,'FAC-R46','','2026-04-03',2,190.00,1,0.00,NULL,46,6,'Pagada'),(52,'2026-03-09',2,'FAC-R55','','2026-04-08',2,175.00,1,0.00,NULL,55,6,'Pagada'),(53,'2026-03-09',1,'FAC-R57','','2026-04-08',2,1750.00,1,0.00,NULL,57,12,'Pagada'),(54,'2026-03-09',1,'FAC-R58','','2026-04-08',2,360.00,1,0.00,NULL,58,12,'Pagada'),(55,'2026-03-09',1,'FAC-R59','','2026-04-08',2,180.00,1,0.00,NULL,59,12,'Pagada'),(56,'2026-03-09',1,'FAC-R60','','2026-04-08',2,540.00,1,0.00,NULL,60,12,'Pagada'),(57,'2026-03-09',1,'FAC-R61','','2026-04-08',2,950.00,1,0.00,NULL,61,12,'Pagada'),(58,'2026-03-09',1,'FAC-R62','','2026-04-08',2,190.00,1,0.00,NULL,62,12,'Pagada'),(59,'2026-03-09',1,'FAC-R63','','2026-04-08',2,760.00,1,0.00,NULL,63,12,'Pagada'),(60,'2026-03-09',1,'FAC-R64','','2026-04-08',2,180.00,1,0.00,NULL,64,12,'Pagada'),(61,'2026-03-09',1,'FAC-R65','','2026-04-08',2,180.00,1,180.00,NULL,65,12,'Pendiente'),(62,'2026-03-09',1,'FAC-R66','','2026-04-08',2,190.00,1,190.00,NULL,66,12,'Pendiente'),(63,'2026-03-09',1,'FAC-R71','','2026-04-08',2,180.00,1,180.00,NULL,71,12,'Pendiente'),(64,'2026-03-10',2,'FAC-R72','','2026-04-09',2,720.00,1,0.00,NULL,72,6,'Pagada'),(65,'2026-03-10',2,'FAC-R74','','2026-04-09',2,950.00,1,0.00,NULL,74,6,'Pagada'),(66,'2026-03-10',2,'FAC-R75','','2026-04-09',2,2040.00,1,0.00,NULL,75,6,'Pagada'),(67,'2026-03-10',6,'FAC-R76','','2026-04-09',2,185.00,1,0.00,NULL,76,6,'Pagada'),(68,'2026-03-10',12,'FAC-R77','','2026-04-09',2,8515.00,1,0.00,NULL,77,6,'Pagada'),(69,'2026-03-11',2,'FAC-R80','','2026-04-10',2,1850.00,1,0.00,NULL,80,6,'Pagada'),(70,'2026-03-11',2,'FAC-R81','','2026-04-10',2,555.00,1,0.00,NULL,81,6,'Pagada'),(71,'2026-03-11',2,'FAC-R82','','2026-04-10',2,1850.00,1,0.00,NULL,82,6,'Pagada'),(72,'2026-03-11',12,'FAC-R83','','2026-04-10',2,1850.00,1,0.00,NULL,83,6,'Pagada'),(73,'2026-03-12',2,'FAC-R87','','2026-04-11',2,2575.00,1,0.00,NULL,87,6,'Pagada'),(74,'2026-03-12',2,'FAC-R88','','2026-04-11',2,380.00,1,0.00,NULL,88,6,'Pagada'),(75,'2026-03-12',12,'FAC-R89','','2026-04-11',2,190.00,1,0.00,NULL,89,6,'Pagada'),(76,'2026-03-12',12,'FAC-R90','','2026-04-11',2,1750.00,1,0.00,NULL,90,6,'Pagada'),(77,'2026-03-12',12,'FAC-R91','','2026-04-11',2,180.00,1,0.00,NULL,91,6,'Pagada'),(78,'2026-03-12',2,'FAC-R93','','2026-04-11',2,190.00,1,0.00,NULL,93,6,'Pagada'),(79,'2026-03-12',2,'FAC-R94','','2026-04-11',2,570.00,1,0.00,NULL,94,6,'Pagada'),(80,'2026-03-13',2,'FAC-R95','','2026-04-12',2,1850.00,1,0.00,NULL,95,6,'Pagada'),(81,'2026-03-13',12,'FAC-R96','','2026-04-12',2,2475.00,1,0.00,NULL,96,6,'Pagada'),(82,'2026-03-13',12,'FAC-R98','','2026-04-12',2,165.00,1,0.00,NULL,98,6,'Pagada'),(83,'2026-03-13',2,'FAC-R99','','2026-04-12',2,165.00,1,0.00,NULL,99,6,'Pagada'),(84,'2026-03-13',12,'FAC-R100','','2026-04-12',2,825.00,1,0.00,NULL,100,6,'Pagada'),(85,'2026-03-13',12,'FAC-R101','','2026-04-12',2,185.00,1,0.00,NULL,101,6,'Pagada'),(86,'2026-03-13',12,'FAC-R102','','2026-04-12',2,185.00,1,0.00,NULL,102,6,'Pagada'),(87,'2026-03-13',12,'FAC-R103','','2026-04-12',2,185.00,1,0.00,NULL,103,6,'Pagada'),(88,'2026-03-13',12,'FAC-R104','','2026-04-12',2,185.00,1,0.00,NULL,104,6,'Pagada'),(89,'2026-03-13',12,'FAC-R105','','2026-04-12',2,185.00,1,0.00,NULL,105,6,'Pagada'),(90,'2026-03-13',12,'FAC-R106','','2026-04-12',2,185.00,1,0.00,NULL,106,6,'Pagada'),(91,'2026-03-13',12,'FAC-R107','','2026-04-12',2,185.00,1,0.00,NULL,107,6,'Pagada'),(92,'2026-03-13',12,'FAC-R108','','2026-04-12',2,185.00,1,0.00,NULL,108,6,'Pagada'),(93,'2026-03-13',12,'FAC-R109','','2026-04-12',2,185.00,1,0.00,NULL,109,6,'Pagada'),(94,'2026-03-13',12,'FAC-R110','','2026-04-12',2,185.00,1,0.00,NULL,110,6,'Pagada'),(95,'2026-03-13',12,'FAC-R111','','2026-04-12',2,165.00,1,0.00,NULL,111,6,'Pagada'),(96,'2026-03-13',12,'FAC-R112','','2026-04-12',2,165.00,1,0.00,NULL,112,6,'Pagada'),(97,'2026-03-13',12,'FAC-R115','','2026-04-12',2,165.00,1,0.00,NULL,115,6,'Pagada'),(98,'2026-03-16',12,'FAC-R118','','2026-04-15',2,495.00,1,0.00,NULL,118,6,'Pagada'),(99,'2026-03-16',12,'FAC-R119','','2026-04-15',2,1650.00,1,0.00,NULL,119,6,'Pagada'),(100,'2026-03-16',12,'FAC-R120','','2026-04-15',2,1650.00,1,0.00,NULL,120,6,'Pagada'),(101,'2026-03-16',12,'FAC-R121','','2026-04-15',2,1650.00,1,0.00,NULL,121,6,'Pagada'),(102,'2026-03-17',12,'FAC-R124','','2026-04-16',2,190.00,1,0.00,NULL,124,6,'Pagada'),(103,'2026-03-17',12,'FAC-R126','','2026-04-16',2,190.00,1,0.00,NULL,126,6,'Pagada'),(104,'2026-03-17',12,'FAC-R127','','2026-04-16',2,190.00,1,0.00,NULL,127,6,'Pagada'),(105,'2026-03-18',12,'FAC-R128','','2026-04-17',2,190.00,1,0.00,NULL,128,6,'Pagada'),(106,'2026-03-18',12,'FAC-R129','','2026-04-17',2,190.00,1,0.00,NULL,129,6,'Pagada'),(107,'2026-03-18',12,'FAC-R130','','2026-04-17',2,190.00,1,0.00,NULL,130,6,'Pagada'),(108,'2026-03-18',12,'FAC-R131','','2026-04-17',2,190.00,1,0.00,NULL,131,6,'Pagada'),(109,'2026-03-18',12,'FAC-R132','','2026-04-17',2,190.00,1,0.00,NULL,132,6,'Pagada'),(110,'2026-03-18',12,'FAC-R133','','2026-04-17',2,190.00,1,0.00,NULL,133,6,'Pagada'),(111,'2026-03-18',12,'FAC-R134','','2026-04-17',2,190.00,1,0.00,NULL,134,6,'Pagada'),(112,'2026-03-18',2,'FAC-R135','','2026-04-17',2,190.00,1,0.00,NULL,135,6,'Pagada'),(113,'2026-03-18',12,'FAC-R136','','2026-04-17',2,190.00,1,0.00,NULL,136,6,'Pagada'),(114,'2026-03-18',2,'FAC-R138','Ventas JAJAJAA','2026-04-17',2,2220.00,1,0.00,NULL,138,6,'Pagada'),(115,'2026-03-18',2,'FAC-R139','Venta nueva prueba','2026-04-17',2,1900.00,1,0.00,NULL,139,6,'Pagada'),(116,'2026-03-18',12,'FAC-R148','','2026-04-17',2,185.00,1,0.00,NULL,148,6,'Pagada'),(117,'2026-03-18',12,'FAC-R150','','2026-04-17',2,900.00,1,0.00,NULL,150,6,'Pagada'),(118,'2026-03-18',12,'FAC-R151','','2026-04-17',2,11900.00,1,0.00,NULL,151,6,'Pagada'),(119,'2026-03-19',12,'FAC-R152','','2026-04-18',2,1850.00,1,0.00,NULL,152,6,'Pagada'),(120,'2026-03-19',12,'FAC-R153','','2026-04-18',2,190.00,1,0.00,NULL,153,6,'Pagada'),(121,'2026-03-19',12,'FAC-R154','','2026-04-18',2,1710.00,1,0.00,NULL,154,6,'Pagada'),(122,'2026-03-19',12,'FAC-R155','','2026-04-18',2,1750.00,1,0.00,NULL,155,6,'Pagada'),(123,'2026-03-19',2,'FAC-R156','','2026-04-18',2,1800.00,1,0.00,NULL,156,6,'Pagada'),(124,'2026-03-19',2,'FAC-R157','','2026-04-18',2,1750.00,1,0.00,NULL,157,6,'Pagada'),(125,'2026-03-19',6,'FAC-R158','','2026-04-18',2,180.00,1,0.00,NULL,158,6,'Pagada'),(126,'2026-03-19',12,'FAC-R159','','2026-04-18',2,5700.00,1,0.00,NULL,159,6,'Pagada'),(127,'2026-03-19',12,'FAC-R160','','2026-04-18',2,1850.00,1,0.00,NULL,160,6,'Pagada'),(128,'2026-03-20',12,'FAC-R166','','2026-04-19',2,175.00,1,0.00,NULL,166,6,'Pagada'),(129,'2026-03-20',12,'FAC-R167','','2026-04-19',2,185.00,1,0.00,NULL,167,6,'Pagada'),(130,'2026-03-20',12,'FAC-R168','','2026-04-19',2,925.00,1,0.00,NULL,168,6,'Pagada'),(131,'2026-03-20',12,'FAC-R169','','2026-04-19',2,740.00,1,0.00,NULL,169,6,'Pagada'),(132,'2026-03-20',2,'FAC-R170','','2026-04-19',2,570.00,1,0.00,NULL,170,6,'Pagada'),(133,'2026-03-20',12,'FAC-R171','','2026-04-19',2,190.00,1,0.00,NULL,171,6,'Pagada'),(134,'2026-03-20',6,'FAC-R172','','2026-04-19',2,175.00,1,0.00,NULL,172,6,'Pagada'),(135,'2026-03-20',12,'FAC-R175','','2026-04-19',2,175.00,1,0.00,NULL,175,6,'Pagada'),(136,'2026-03-20',12,'FAC-R177','','2026-04-19',2,175.00,1,0.00,NULL,177,6,'Pagada'),(137,'2026-03-20',2,'FAC-R178','','2026-04-19',2,175.00,1,0.00,NULL,178,6,'Pagada'),(138,'2026-03-20',12,'FAC-R179','','2026-04-19',2,175.00,1,0.00,NULL,179,6,'Pagada'),(139,'2026-03-20',12,'FAC-R181','','2026-04-19',2,190.00,1,0.00,NULL,181,6,'Pagada'),(140,'2026-03-20',12,'FAC-R182','','2026-04-19',2,190.00,1,0.00,NULL,182,6,'Pagada'),(141,'2026-03-20',2,'FAC-R183','','2026-04-19',2,190.00,1,0.00,NULL,183,6,'Pagada'),(142,'2026-03-20',12,'FAC-R184','','2026-04-19',2,190.00,1,0.00,NULL,184,6,'Pagada'),(143,'2026-03-23',12,'FAC-R186','','2026-04-22',2,190.00,1,0.00,NULL,186,6,'Pagada'),(144,'2026-03-23',12,'FAC-R187','','2026-04-22',2,5625.00,1,0.00,NULL,187,6,'Pagada'),(145,'2026-03-23',12,'FAC-R188','','2026-04-22',2,6500.00,1,0.00,NULL,188,6,'Pagada'),(146,'2026-03-23',2,'FAC-R189','','2026-04-22',2,2035.00,1,0.00,NULL,189,6,'Pagada'),(147,'2026-03-23',12,'FAC-R192','','2026-04-22',2,1900.00,1,0.00,NULL,192,6,'Pagada'),(148,'2026-03-23',12,'FAC-R193','','2026-04-22',2,2850.00,1,0.00,NULL,193,6,'Pagada'),(149,'2026-03-23',12,'FAC-R197','','2026-04-22',2,190.00,1,0.00,NULL,197,6,'Pagada'),(150,'2026-03-23',12,'FAC-R199','','2026-04-22',2,3700.00,1,0.00,NULL,199,6,'Pagada'),(151,'2026-03-23',6,'FAC-R200','','2026-04-22',2,190.00,1,0.00,NULL,200,6,'Pagada'),(152,'2026-03-23',2,'FAC-R201','','2026-04-22',2,3800.00,1,0.00,NULL,201,6,'Pagada'),(153,'2026-03-23',12,'FAC-R202','','2026-04-22',2,2775.00,1,0.00,NULL,202,6,'Pagada'),(154,'2026-03-23',12,'FAC-R203','','2026-04-22',2,2775.00,1,0.00,NULL,203,6,'Pagada'),(155,'2026-03-23',12,'FAC-R204','','2026-04-22',2,190.00,1,0.00,NULL,204,6,'Pagada'),(156,'2026-03-24',2,'FAC-R205','','2026-04-23',2,1850.00,1,0.00,NULL,205,6,'Pagada'),(157,'2026-03-24',12,'FAC-R206','','2026-04-23',2,1800.00,1,0.00,NULL,206,6,'Pagada'),(158,'2026-03-24',2,'FAC-R207','','2026-04-23',2,3600.00,1,0.00,NULL,207,6,'Pagada'),(159,'2026-03-24',2,'FAC-R208','','2026-04-23',2,2775.00,1,0.00,NULL,208,6,'Pagada'),(160,'2026-03-24',12,'FAC-R209','','2026-04-23',2,5525.00,1,0.00,NULL,209,6,'Pagada'),(161,'2026-03-24',6,'FAC-R210','','2026-04-23',2,6500.00,1,0.00,NULL,210,6,'Pagada'),(162,'2026-03-24',12,'FAC-R211','','2026-04-23',2,925.00,1,0.00,NULL,211,6,'Pagada'),(163,'2026-03-24',12,'FAC-R213','','2026-04-23',2,2635.00,1,0.00,NULL,213,6,'Pagada'),(164,'2026-03-24',12,'FAC-R215','','2026-04-23',2,1990.00,1,0.00,NULL,215,6,'Pagada'),(165,'2026-03-24',12,'FAC-R216','','2026-04-23',2,190.00,1,0.00,NULL,216,6,'Pagada'),(166,'2026-03-24',2,'FAC-R217','','2026-04-23',2,1520.00,1,0.00,NULL,217,6,'Pagada'),(167,'2026-03-24',12,'FAC-R218','','2026-04-23',2,180.00,1,0.00,NULL,218,6,'Pagada'),(168,'2026-03-24',12,'FAC-R219','','2026-04-23',2,4650.00,1,0.00,NULL,219,6,'Pagada'),(169,'2026-03-24',4,'FAC-R220','','2026-04-23',2,1900.00,1,1000.00,NULL,220,13,'Pendiente'),(170,'2026-03-24',6,'FAC-R221','','2026-04-23',2,180.00,1,0.00,NULL,221,6,'Pagada'),(171,'2026-03-24',6,'FAC-R222','','2026-04-23',2,1260.00,1,0.00,NULL,222,6,'Pagada'),(172,'2026-03-24',12,'FAC-R223','','2026-04-23',2,3700.00,1,0.00,NULL,223,6,'Pagada'),(173,'2026-03-24',5,'FAC-R225','','2026-04-23',2,180.00,1,0.00,NULL,225,6,'Pagada'),(174,'2026-03-24',5,'FAC-R226','','2026-04-23',2,180.00,1,0.00,NULL,226,6,'Pagada'),(175,'2026-03-24',5,'FAC-R227','','2026-04-23',2,180.00,1,0.00,NULL,227,6,'Pagada'),(176,'2026-03-25',5,'FAC-R228','','2026-04-24',2,1900.00,1,0.00,NULL,228,6,'Pagada'),(177,'2026-03-25',2,'FAC-R229','','2026-04-24',2,1900.00,1,0.00,NULL,229,6,'Pagada'),(178,'2026-03-25',6,'FAC-R230','','2026-04-24',2,3600.00,1,0.00,NULL,230,6,'Pagada'),(179,'2026-03-25',12,'FAC-R231','','2026-04-24',2,7400.00,1,7400.00,NULL,231,6,'Pendiente'),(180,'2026-03-25',6,'FAC-R232','','2026-04-24',2,1800.00,1,0.00,NULL,232,6,'Pagada'),(181,'2026-03-25',5,'FAC-R234','','2026-04-24',2,3800.00,1,0.00,NULL,234,6,'Pagada'),(182,'2026-03-26',12,'FAC-R235','','2026-04-25',2,1850.00,1,1850.00,NULL,235,6,'Pendiente'),(183,'2026-03-26',12,'FAC-R237','','2026-04-25',2,185.00,1,185.00,NULL,237,6,'Pendiente'),(184,'2026-03-26',12,'FAC-R238','','2026-04-25',2,1850.00,1,1850.00,NULL,238,6,'Pendiente'),(185,'2026-03-26',5,'FAC-R239','','2026-04-25',2,3515.00,1,0.00,NULL,239,6,'Pagada'),(186,'2026-03-26',5,'FAC-R240','','2026-04-25',2,925.00,1,0.00,NULL,240,6,'Pagada'),(187,'2026-03-26',5,'FAC-R241','','2026-04-25',2,2775.00,1,0.00,NULL,241,6,'Pagada'),(188,'2026-03-26',12,'FAC-R242','','2026-04-25',2,1850.00,1,1850.00,NULL,242,6,'Pendiente'),(189,'2026-03-27',12,'FAC-R243','','2026-04-26',2,3800.00,1,3800.00,NULL,243,12,'Pendiente'),(190,'2026-03-27',2,'FAC-R244','','2026-04-26',2,2850.00,1,0.00,NULL,244,12,'Pagada'),(191,'2026-03-27',12,'FAC-R245','','2026-04-26',2,2850.00,1,2850.00,NULL,245,12,'Pendiente'),(192,'2026-03-27',5,'FAC-R246','','2026-04-26',2,1900.00,1,0.00,NULL,246,12,'Pagada'),(193,'2026-03-27',5,'FAC-R247','','2026-04-26',2,1900.00,1,0.00,NULL,247,12,'Pagada'),(194,'2026-03-30',12,'FAC-R248','','2026-04-29',2,3750.00,1,3750.00,NULL,248,6,'Pendiente'),(195,'2026-03-30',5,'FAC-R249','','2026-04-29',2,5650.00,1,0.00,NULL,249,6,'Pagada'),(196,'2026-03-30',5,'FAC-R250','','2026-04-29',2,1900.00,1,0.00,NULL,250,6,'Pagada'),(197,'2026-03-30',5,'FAC-R251','','2026-04-29',2,6600.00,1,0.00,NULL,251,6,'Pagada'),(198,'2026-03-30',2,'FAC-R252','','2026-04-29',2,1850.00,1,1165.00,NULL,252,6,'Pendiente'),(199,'2026-03-30',5,'FAC-R253','','2026-04-29',2,185.00,1,0.00,NULL,253,6,'Pagada'),(200,'2026-03-30',2,'FAC-R254','','2026-04-29',2,185.00,1,185.00,NULL,254,6,'Pendiente'),(201,'2026-03-30',5,'FAC-R255','','2026-04-29',2,1480.00,1,0.00,NULL,255,6,'Pagada'),(202,'2026-03-30',5,'FAC-R256','','2026-04-29',2,5650.00,1,0.00,NULL,256,6,'Pagada'),(203,'2026-03-30',2,'FAC-R257','','2026-04-29',2,1850.00,1,1850.00,NULL,257,6,'Pendiente'),(204,'2026-03-30',5,'FAC-R258','','2026-04-29',2,185.00,1,0.00,NULL,258,6,'Pagada'),(205,'2026-03-30',5,'FAC-R259','','2026-04-29',2,185.00,1,0.00,NULL,259,6,'Pagada'),(206,'2026-03-30',5,'FAC-R260','','2026-04-29',2,950.00,1,0.00,NULL,260,6,'Pagada'),(207,'2026-03-30',5,'FAC-R261','','2026-04-29',2,185.00,1,0.00,NULL,261,6,'Pagada'),(208,'2026-03-30',5,'FAC-R262','','2026-04-29',2,185.00,1,0.00,NULL,262,6,'Pagada'),(209,'2026-03-30',5,'FAC-R263','','2026-04-29',2,185.00,1,0.00,NULL,263,6,'Pagada'),(210,'2026-03-31',2,'FAC-R265','','2026-04-30',2,1900.00,1,1900.00,NULL,265,6,'Pendiente'),(211,'2026-03-31',6,'FAC-R266','','2026-04-30',2,1900.00,1,0.00,NULL,266,6,'Pagada'),(212,'2026-03-31',2,'FAC-R267','','2026-04-30',2,1900.00,1,1900.00,NULL,267,6,'Pendiente'),(213,'2026-03-31',12,'FAC-R268','','2026-04-30',2,3800.00,1,3800.00,NULL,268,6,'Pendiente'),(214,'2026-03-31',12,'FAC-R269','','2026-04-30',2,1900.00,1,1900.00,NULL,269,6,'Pendiente'),(215,'2026-03-31',5,'FAC-R270','','2026-04-30',2,1900.00,1,0.00,NULL,270,6,'Pagada'),(216,'2026-03-31',5,'FAC-R271','','2026-04-30',2,190.00,1,0.00,NULL,271,6,'Pagada'),(217,'2026-03-31',5,'FAC-R272','','2026-04-30',2,190.00,1,0.00,NULL,272,6,'Pagada'),(218,'2026-03-31',12,'FAC-R273','','2026-04-30',2,190.00,1,190.00,NULL,273,6,'Pendiente'),(219,'2026-04-01',6,'FAC-R274','','2026-05-01',2,3650.00,1,150.00,NULL,274,6,'Pendiente'),(220,'2026-04-01',5,'FAC-R279','','2026-05-01',2,3650.00,1,3500.00,NULL,279,6,'Pendiente'),(221,'2026-04-01',12,'FAC-R285','','2026-05-01',2,190.00,1,190.00,NULL,285,6,'Pendiente'),(222,'2026-04-13',6,'FAC-R286','','2026-05-13',2,1900.00,1,1900.00,NULL,286,12,'Pendiente'),(223,'2026-04-15',2,'FAC-00199','Venta Mayorista - ','2026-05-15',1,17000.00,1,10000.00,199,NULL,1,'Pendiente'),(224,'2026-04-15',6,'FAC-00200','Venta Mercado - ','2026-05-15',1,20000.00,1,20000.00,200,NULL,1,'Pendiente'),(225,'2026-04-15',9,'FAC-00203','Venta Mercado - ','2026-05-15',1,22900.00,1,10000.00,203,NULL,1,'Pendiente'),(226,'2026-04-22',2,'FAC-R294','','2026-05-22',2,3700.00,1,2200.00,NULL,294,6,'Pendiente'),(227,'2026-04-24',6,'FAC-R305','','2026-05-24',2,950.00,1,950.00,NULL,305,12,'Pendiente'),(228,'2026-04-24',6,'FAC-R306','','2026-05-24',2,1140.00,1,1140.00,NULL,306,12,'Pendiente'),(229,'2026-04-30',11,'FAC-00222','Venta Mayorista - ','2026-05-30',1,1030.00,1,1030.00,222,NULL,2,'Pendiente');
/*!40000 ALTER TABLE `cuentas_por_cobrar` ENABLE KEYS */;
UNLOCK TABLES;

--
-- Table structure for table `cuentas_por_pagar`
--

DROP TABLE IF EXISTS `cuentas_por_pagar`;
/*!40101 SET @saved_cs_client     = @@character_set_client */;
/*!50503 SET character_set_client = utf8mb4 */;
CREATE TABLE `cuentas_por_pagar` (
  `ID_Cuenta` int NOT NULL AUTO_INCREMENT,
  `ID_Movimiento` int DEFAULT NULL,
  `Fecha` date DEFAULT NULL,
  `ID_Proveedor` int DEFAULT NULL,
  `Num_Documento` varchar(255) DEFAULT NULL,
  `Observacion` text,
  `Fecha_Vencimiento` date DEFAULT NULL,
  `Tipo_Movimiento` int DEFAULT NULL,
  `Monto_Movimiento` decimal(12,2) DEFAULT NULL,
  `ID_Empresa` int DEFAULT NULL,
  `Saldo_Pendiente` decimal(12,2) DEFAULT '0.00',
  `ID_Usuario_Creacion` int DEFAULT NULL,
  `Estado` enum('Pendiente','Pagada','Anulada','Vencida','Parcial') DEFAULT 'Pendiente',
  PRIMARY KEY (`ID_Cuenta`),
  KEY `ID_Proveedor` (`ID_Proveedor`),
  KEY `ID_Empresa` (`ID_Empresa`),
  KEY `ID_Usuario_Creacion` (`ID_Usuario_Creacion`),
  CONSTRAINT `cuentas_por_pagar_ibfk_1` FOREIGN KEY (`ID_Proveedor`) REFERENCES `proveedores` (`ID_Proveedor`),
  CONSTRAINT `cuentas_por_pagar_ibfk_2` FOREIGN KEY (`ID_Empresa`) REFERENCES `empresa` (`ID_Empresa`),
  CONSTRAINT `cuentas_por_pagar_ibfk_3` FOREIGN KEY (`ID_Usuario_Creacion`) REFERENCES `usuarios` (`ID_Usuario`)
) ENGINE=InnoDB AUTO_INCREMENT=10 DEFAULT CHARSET=utf8mb4 COLLATE=utf8mb4_0900_ai_ci;
/*!40101 SET character_set_client = @saved_cs_client */;

--
-- Dumping data for table `cuentas_por_pagar`
--

LOCK TABLES `cuentas_por_pagar` WRITE;
/*!40000 ALTER TABLE `cuentas_por_pagar` DISABLE KEYS */;
INSERT INTO `cuentas_por_pagar` VALUES (1,9,'2025-11-14',1,'prueba_9','niceee madafackas','2025-12-14',1,21000.00,1,0.00,1,'Pagada'),(2,10,'2025-11-14',1,'prueba_10','ninguno','2025-12-14',1,18000.00,1,0.00,1,'Pagada'),(3,11,'2025-11-14',1,'prueba_11','lioncu','2025-12-14',1,24000.00,1,0.00,1,'Pagada'),(4,12,'2025-11-14',1,'prueba_11','nada','2025-12-14',1,17000.00,1,10000.00,1,'Pendiente'),(5,15,'2025-11-15',1,'prueba_43','dasdasd','2025-12-15',1,2700.00,1,2700.00,1,'Pendiente'),(6,100,'2025-12-20',1,'','Compra a crédito','2026-01-19',1,152000.00,1,152000.00,4,'Pendiente'),(7,104,'2025-12-22',1,'','Compra a crédito','2026-01-21',1,12800.00,1,12800.00,4,'Pendiente'),(8,106,'2025-12-23',1,'Prueba_111','Compra a crédito | ANULADA %d/%m/%Y %H:%i - Compra #106','2026-01-22',1,1440.00,1,0.00,4,'Anulada'),(9,108,'2025-12-23',1,'','Compra a crédito | ANULADA %d/%m/%Y %H:%i - Compra #108','2026-01-22',1,1440.00,1,0.00,4,'Anulada');
/*!40000 ALTER TABLE `cuentas_por_pagar` ENABLE KEYS */;
UNLOCK TABLES;

--
-- Table structure for table `detalle_entregas`
--

DROP TABLE IF EXISTS `detalle_entregas`;
/*!40101 SET @saved_cs_client     = @@character_set_client */;
/*!50503 SET character_set_client = utf8mb4 */;
CREATE TABLE `detalle_entregas` (
  `ID_Detalle` int NOT NULL AUTO_INCREMENT,
  `ID_Entrega` int NOT NULL,
  `ID_Producto` int NOT NULL,
  `Cantidad_Cajas` int NOT NULL,
  `Precio_Unitario` decimal(12,2) NOT NULL,
  `Total` decimal(12,2) NOT NULL,
  `Usa_Anticipo` tinyint(1) NOT NULL DEFAULT '0',
  `ID_Anticipo` int DEFAULT NULL,
  PRIMARY KEY (`ID_Detalle`),
  KEY `ID_Entrega` (`ID_Entrega`),
  KEY `ID_Producto` (`ID_Producto`),
  KEY `ID_Anticipo` (`ID_Anticipo`)
) ENGINE=InnoDB AUTO_INCREMENT=39 DEFAULT CHARSET=utf8mb4 COLLATE=utf8mb4_0900_ai_ci;
/*!40101 SET character_set_client = @saved_cs_client */;

--
-- Dumping data for table `detalle_entregas`
--

LOCK TABLES `detalle_entregas` WRITE;
/*!40000 ALTER TABLE `detalle_entregas` DISABLE KEYS */;
INSERT INTO `detalle_entregas` VALUES (1,1,2,10,150.00,1500.00,1,3),(2,2,2,50,150.00,7500.00,1,3),(3,3,2,10,150.00,1500.00,1,3),(4,4,2,30,150.00,4500.00,1,3),(5,5,2,70,150.00,10500.00,1,3),(6,6,2,30,150.00,4500.00,1,3),(7,7,2,30,150.00,4500.00,1,3),(8,8,2,50,150.00,7500.00,1,3),(9,9,2,70,150.00,10500.00,1,3),(10,10,2,30,150.00,4500.00,1,3),(11,11,2,30,150.00,4500.00,1,3),(12,12,2,70,150.00,10500.00,1,3),(13,13,2,10,150.00,1500.00,1,3),(14,14,2,10,150.00,1500.00,1,3),(15,15,2,10,150.00,1500.00,1,3),(16,16,2,10,150.00,1500.00,1,3),(17,17,2,10,150.00,1500.00,1,3),(18,18,2,10,150.00,1500.00,1,3),(19,19,2,10,150.00,1500.00,1,3),(20,20,2,10,150.00,1500.00,1,3),(21,21,2,10,150.00,1500.00,1,3),(22,22,2,10,150.00,1500.00,1,3),(23,23,2,1,150.00,150.00,1,3),(24,24,2,10,150.00,1500.00,1,3),(25,25,2,9,150.00,1350.00,1,3),(26,26,2,100,150.00,15000.00,1,3),(27,27,5,5,170.00,850.00,1,4),(28,28,5,5,170.00,850.00,1,4),(29,29,5,10,170.00,1700.00,1,4),(30,30,2,30,150.00,4500.00,1,3),(31,31,2,30,150.00,4500.00,1,3),(32,32,5,5,170.00,850.00,1,4),(33,33,5,5,170.00,850.00,1,4),(34,34,5,10,170.00,1700.00,1,4),(35,35,2,10,150.00,1500.00,1,3),(36,36,2,10,150.00,1500.00,1,3),(37,37,2,20,150.00,3000.00,1,3),(38,38,2,20,150.00,3000.00,1,3);
/*!40000 ALTER TABLE `detalle_entregas` ENABLE KEYS */;
UNLOCK TABLES;

--
-- Table structure for table `detalle_facturacion`
--

DROP TABLE IF EXISTS `detalle_facturacion`;
/*!40101 SET @saved_cs_client     = @@character_set_client */;
/*!50503 SET character_set_client = utf8mb4 */;
CREATE TABLE `detalle_facturacion` (
  `ID_Detalle` int NOT NULL AUTO_INCREMENT,
  `ID_Factura` int DEFAULT NULL,
  `ID_Producto` int DEFAULT NULL,
  `Cantidad` decimal(12,2) DEFAULT NULL,
  `Costo` decimal(12,2) DEFAULT NULL,
  `Total` decimal(12,2) DEFAULT NULL,
  PRIMARY KEY (`ID_Detalle`),
  KEY `ID_Factura` (`ID_Factura`),
  KEY `ID_Producto` (`ID_Producto`),
  CONSTRAINT `detalle_facturacion_ibfk_1` FOREIGN KEY (`ID_Factura`) REFERENCES `facturacion` (`ID_Factura`),
  CONSTRAINT `detalle_facturacion_ibfk_2` FOREIGN KEY (`ID_Producto`) REFERENCES `productos` (`ID_Producto`)
) ENGINE=InnoDB AUTO_INCREMENT=317 DEFAULT CHARSET=utf8mb4 COLLATE=utf8mb4_0900_ai_ci;
/*!40101 SET character_set_client = @saved_cs_client */;

--
-- Dumping data for table `detalle_facturacion`
--

LOCK TABLES `detalle_facturacion` WRITE;
/*!40000 ALTER TABLE `detalle_facturacion` DISABLE KEYS */;
INSERT INTO `detalle_facturacion` VALUES (1,4,5,50.00,180.00,9000.00),(2,5,5,2.00,180.00,360.00),(3,6,2,5.00,160.00,800.00),(4,7,3,1.00,160.00,160.00),(5,8,4,1.00,140.00,140.00),(6,9,5,20.00,180.00,3600.00),(7,9,3,10.00,160.00,1600.00),(8,9,4,6.00,140.00,840.00),(9,10,2,1.00,160.00,160.00),(10,11,2,4.00,160.00,640.00),(11,12,2,5.00,160.00,800.00),(12,13,5,10.00,180.00,1800.00),(13,14,5,5.00,180.00,900.00),(14,15,2,1.00,160.00,160.00),(15,16,3,39.00,160.00,6240.00),(16,17,3,1.00,160.00,160.00),(17,17,5,1.00,180.00,180.00),(18,18,3,1.00,160.00,160.00),(19,19,2,4.00,160.00,640.00),(20,20,5,9.00,180.00,1620.00),(21,21,3,8.00,180.00,1440.00),(22,22,2,10.00,160.00,1600.00),(23,26,5,20.00,180.00,3600.00),(24,27,2,10.00,180.00,1800.00),(25,30,5,10.00,180.00,1800.00),(26,30,2,10.00,160.00,1600.00),(27,31,5,1.00,180.00,180.00),(28,31,5,1.00,180.00,180.00),(29,32,5,8.00,180.00,1440.00),(30,33,5,10.00,180.00,1800.00),(31,35,5,10.00,180.00,1800.00),(32,36,2,50.00,160.00,8000.00),(33,37,5,20.00,180.00,3600.00),(34,37,2,10.00,160.00,1600.00),(35,40,5,10.00,180.00,1800.00),(36,44,2,10.00,180.00,1800.00),(37,46,2,30.00,180.00,5400.00),(38,47,2,10.00,160.00,1600.00),(39,48,2,10.00,160.00,1600.00),(40,49,2,10.00,160.00,1600.00),(41,50,2,10.00,160.00,1600.00),(42,51,2,26.00,160.00,4160.00),(43,52,7,10.15,190.00,1928.50),(44,52,2,100.00,160.00,16000.00),(45,52,3,20.00,160.00,3200.00),(46,53,7,30.00,190.00,5700.00),(47,54,7,30.00,190.00,5700.00),(48,55,2,20.00,160.00,3200.00),(49,56,2,20.00,160.00,3200.00),(50,56,7,20.00,190.00,3800.00),(51,56,3,20.00,160.00,3200.00),(52,57,3,11.00,160.00,1760.00),(53,58,2,10.00,190.00,1900.00),(54,59,2,10.00,160.00,1600.00),(55,60,7,5.00,190.00,950.00),(56,61,2,20.00,160.00,3200.00),(57,62,2,1.00,160.00,160.00),(58,63,7,5.00,190.00,950.00),(59,64,9,10.00,1500.00,15000.00),(60,65,2,10.00,160.00,1600.00),(61,66,8,100.00,130.00,13000.00),(62,67,5,50.00,180.00,9000.00),(63,68,7,1.00,190.00,190.00),(64,69,7,1.00,190.00,190.00),(65,70,5,25.00,180.00,4500.00),(66,71,2,9.00,180.00,1620.00),(67,72,7,100.00,190.00,19000.00),(68,73,9,10.00,1500.00,15000.00),(69,74,5,10.00,180.00,1800.00),(70,75,5,100.00,195.00,19500.00),(71,76,5,10.00,180.00,1800.00),(72,77,5,10.00,180.00,1800.00),(73,78,5,10.00,190.00,1900.00),(74,79,5,10.00,195.00,1950.00),(75,80,5,10.00,180.00,1800.00),(76,81,5,100.00,180.00,18000.00),(77,82,5,100.00,195.00,19500.00),(78,83,5,100.00,195.00,19500.00),(79,84,5,100.00,195.00,19500.00),(80,85,5,100.00,195.00,19500.00),(81,86,5,100.00,195.00,19500.00),(82,87,5,100.00,195.00,19500.00),(83,88,3,100.00,160.00,16000.00),(84,89,8,100.00,140.00,14000.00),(85,90,5,100.00,195.00,19500.00),(86,91,5,30.00,195.00,5850.00),(87,91,2,10.00,160.00,1600.00),(88,92,5,10.00,195.00,1950.00),(89,93,2,190.00,160.00,30400.00),(90,94,8,100.00,165.00,16500.00),(91,95,5,100.00,195.00,19500.00),(92,96,5,60.00,195.00,11700.00),(93,97,5,10.00,195.00,1950.00),(94,98,5,10.00,195.00,1950.00),(95,99,7,11.00,200.00,2200.00),(96,100,7,10.00,200.00,2000.00),(97,101,5,10.00,195.00,1950.00),(98,102,8,2.00,130.00,260.00),(99,103,8,1.00,195.00,195.00),(100,104,7,1.00,200.00,200.00),(101,105,5,10.00,200.00,2000.00),(102,106,5,10.00,200.00,2000.00),(103,107,5,1.00,200.00,200.00),(104,108,5,19.00,200.00,3800.00),(105,109,5,850.00,200.00,170000.00),(106,110,7,190.00,200.00,38000.00),(107,111,7,10.00,200.00,2000.00),(108,112,7,10.00,200.00,2000.00),(109,113,7,120.00,200.00,24000.00),(110,113,11,120.00,0.00,0.00),(111,114,7,1.00,200.00,200.00),(112,114,11,1.00,0.00,0.00),(113,115,12,5.00,1250.00,6250.00),(114,116,11,100.00,3.50,350.00),(115,116,7,10.00,200.00,2000.00),(116,116,11,10.00,0.00,0.00),(117,117,11,50.00,3.50,175.00),(118,117,10,9.00,190.00,1710.00),(119,117,11,9.00,0.00,0.00),(120,118,12,3.00,1250.00,3750.00),(121,118,7,29.00,200.00,5800.00),(122,118,11,100.00,3.50,350.00),(123,118,11,31.00,0.00,0.00),(124,119,12,5.00,1250.00,6250.00),(125,119,10,30.00,190.00,5700.00),(126,119,11,33.00,0.00,0.00),(127,120,11,100.00,200.00,20000.00),(128,120,7,10.00,200.00,2000.00),(129,120,11,11.00,0.00,0.00),(130,121,7,10.00,200.00,2000.00),(131,121,11,11.00,0.00,0.00),(132,122,7,1.00,200.00,200.00),(133,122,11,1.00,0.00,0.00),(134,123,10,1.00,190.00,190.00),(135,123,11,1.00,0.00,0.00),(136,124,5,10.00,200.00,2000.00),(137,124,11,11.00,0.00,0.00),(138,125,5,10.00,200.00,2000.00),(139,125,11,11.00,0.00,0.00),(140,126,5,100.00,200.00,20000.00),(141,126,11,110.00,0.00,0.00),(142,127,11,100.00,3.50,350.00),(143,127,5,100.00,200.00,20000.00),(144,127,12,5.00,1250.00,6250.00),(145,127,11,110.00,0.00,0.00),(146,128,5,10.00,200.00,2000.00),(147,128,11,11.00,0.00,0.00),(148,129,5,10.00,200.00,2000.00),(149,129,8,20.00,130.00,2600.00),(150,129,11,33.00,0.00,0.00),(151,130,5,4.00,160.00,640.00),(152,130,11,4.00,0.00,0.00),(153,131,8,1.00,165.00,165.00),(154,131,11,1.00,0.00,0.00),(155,132,2,2.00,195.00,390.00),(156,132,11,2.00,0.00,0.00),(157,133,3,30.00,180.00,5400.00),(158,133,11,33.00,0.00,0.00),(159,134,2,1.00,190.00,190.00),(160,134,11,1.00,0.00,0.00),(161,135,7,1.00,200.00,200.00),(162,135,11,1.00,0.00,0.00),(163,136,2,10.00,190.00,1900.00),(164,136,11,11.00,0.00,0.00),(165,137,5,1.00,200.00,200.00),(166,137,11,1.00,0.00,0.00),(167,138,13,2.00,70.00,140.00),(168,139,7,12.00,200.00,2400.00),(169,139,11,13.00,0.00,0.00),(170,140,14,3.00,1070.00,3210.00),(171,140,12,5.00,1250.00,6250.00),(172,141,14,3.00,1070.00,3210.00),(173,141,12,5.00,1250.00,6250.00),(174,142,5,10.00,200.00,2000.00),(175,142,13,6.00,70.00,420.00),(176,142,11,100.00,3.50,350.00),(177,142,11,11.00,0.00,0.00),(178,143,10,10.00,190.00,1900.00),(179,143,11,11.00,0.00,0.00),(180,144,14,6.00,1070.00,6420.00),(181,145,12,6.00,1070.00,6420.00),(182,146,14,2.00,1070.00,2140.00),(183,146,12,3.00,3.50,10.50),(184,147,7,200.00,200.00,40000.00),(185,147,11,220.00,0.00,0.00),(186,148,12,1.00,1250.00,1250.00),(187,148,14,2.00,1070.00,2140.00),(188,149,14,2.00,1070.00,2140.00),(189,150,5,10.00,200.00,2000.00),(190,150,11,11.00,0.00,0.00),(191,151,7,11.00,200.00,2200.00),(192,151,11,12.00,0.00,0.00),(193,152,5,20.00,200.00,4000.00),(194,152,11,22.00,0.00,0.00),(195,153,11,100.00,1070.00,107000.00),(196,154,14,1.00,1070.00,1070.00),(197,155,14,1.00,1070.00,1070.00),(198,156,14,1.00,1070.00,1070.00),(199,157,12,2.00,1250.00,2500.00),(200,158,5,10.00,200.00,2000.00),(201,158,11,11.00,0.00,0.00),(202,159,5,10.00,200.00,2000.00),(203,159,7,10.00,200.00,2000.00),(204,159,11,22.00,0.00,0.00),(205,160,14,3.00,1070.00,3210.00),(206,161,14,10.00,1070.00,10700.00),(207,162,5,2.00,200.00,400.00),(208,162,11,2.00,0.00,0.00),(209,163,14,1.00,1070.00,1070.00),(210,163,12,1.00,1250.00,1250.00),(211,164,14,1.00,1070.00,1070.00),(212,164,12,1.00,1250.00,1250.00),(213,165,5,5.00,200.00,1000.00),(214,165,10,5.00,190.00,950.00),(215,165,3,5.00,160.00,800.00),(216,165,11,16.00,0.00,0.00),(217,166,13,10.00,70.00,700.00),(218,167,12,6.00,1250.00,7500.00),(219,168,11,100.00,130.00,13000.00),(220,169,14,2.00,1070.00,2140.00),(221,169,12,2.00,1250.00,2500.00),(222,170,11,100.00,3.50,350.00),(223,171,14,3.00,1070.00,3210.00),(224,172,14,5.00,1070.00,5350.00),(225,172,12,6.00,1250.00,7500.00),(226,172,11,100.00,3.50,350.00),(227,173,5,10.00,60.00,600.00),(228,173,16,10.00,185.00,1850.00),(229,173,11,22.00,0.00,0.00),(230,174,14,10.00,1070.00,10700.00),(231,175,14,1.00,1070.00,1070.00),(232,176,15,1.00,60.00,60.00),(233,177,5,10.00,0.00,2000.00),(234,178,5,1.00,0.00,200.00),(235,179,15,1.00,60.00,60.00),(236,180,5,1.00,0.00,200.00),(237,181,5,2.00,200.00,400.00),(238,182,5,1.00,200.00,200.00),(239,182,11,1.00,0.00,0.00),(240,183,5,2.00,200.00,400.00),(241,183,2,2.00,190.00,380.00),(242,184,5,10.00,200.00,2000.00),(243,185,5,10.00,200.00,2000.00),(244,185,2,10.00,190.00,1900.00),(245,186,5,5.00,200.00,1000.00),(246,187,7,5.00,200.00,1000.00),(247,191,15,1.00,60.00,60.00),(248,192,19,6.00,1030.00,6180.00),(249,193,10,10.00,165.00,1650.00),(250,193,11,11.00,0.00,0.00),(251,194,3,100.00,165.00,16500.00),(252,194,16,60.00,155.00,9300.00),(253,194,2,140.00,175.00,24500.00),(254,194,11,330.00,0.00,0.00),(255,195,5,1.00,200.00,200.00),(256,195,11,1.00,0.00,0.00),(257,196,3,100.00,165.00,16500.00),(258,196,16,20.00,155.00,3100.00),(259,196,11,132.00,0.00,0.00),(260,197,10,30.00,190.00,5700.00),(261,197,11,33.00,0.00,0.00),(262,198,10,30.00,180.00,5400.00),(263,198,11,33.00,0.00,0.00),(264,199,5,100.00,170.00,17000.00),(265,199,11,110.00,0.00,0.00),(266,200,7,100.00,200.00,20000.00),(267,200,11,110.00,0.00,0.00),(268,201,10,30.00,170.00,5100.00),(269,201,11,33.00,0.00,0.00),(270,202,11,300.00,3.50,1050.00),(271,203,5,10.00,200.00,2000.00),(272,203,2,10.00,190.00,1900.00),(273,203,10,100.00,190.00,19000.00),(274,203,11,132.00,0.00,0.00),(275,204,11,100.00,3.50,350.00),(276,205,7,100.00,200.00,20000.00),(277,205,11,110.00,0.00,0.00),(278,206,7,10.00,200.00,2000.00),(279,206,11,11.00,0.00,0.00),(280,207,5,7.00,200.00,1400.00),(281,207,11,7.00,0.00,0.00),(282,208,16,10.00,180.00,1800.00),(283,208,11,11.00,0.00,0.00),(284,209,11,1000.00,3.50,3500.00),(285,210,2,10.00,175.00,1750.00),(286,210,11,11.00,0.00,0.00),(287,211,5,10.00,170.00,1700.00),(288,211,11,11.00,0.00,0.00),(289,212,7,7.00,175.00,1225.00),(290,212,11,7.00,0.00,0.00),(291,213,17,6.00,1023.00,6138.00),(292,214,19,6.00,1030.00,6180.00),(293,215,19,10.00,1030.00,10300.00),(294,216,5,10.00,200.00,2000.00),(295,216,11,11.00,0.00,0.00),(296,217,5,1.00,200.00,200.00),(297,217,11,1.00,0.00,0.00),(298,218,5,10.00,170.00,1700.00),(299,218,11,11.00,0.00,0.00),(300,219,12,1.00,1200.00,1200.00),(301,220,19,1.00,1030.00,1030.00),(302,221,19,1.00,1030.00,1030.00),(303,222,19,1.00,1030.00,1030.00),(304,223,10,15.00,165.00,2475.00),(305,223,2,19.00,175.00,3325.00),(306,223,11,100.00,3.00,300.00),(307,223,11,37.00,0.00,0.00),(308,224,16,1.00,155.00,155.00),(309,224,11,1.00,0.00,0.00),(310,225,19,5.00,1030.00,5150.00),(311,226,14,4.00,1070.00,4280.00),(312,227,8,100.00,145.00,14500.00),(313,227,11,110.00,0.00,0.00),(314,228,19,3.00,1030.00,3090.00),(315,228,17,5.00,1023.00,5115.00),(316,228,18,8.00,820.00,6560.00);
/*!40000 ALTER TABLE `detalle_facturacion` ENABLE KEYS */;
UNLOCK TABLES;

--
-- Table structure for table `detalle_facturacion_ruta`
--

DROP TABLE IF EXISTS `detalle_facturacion_ruta`;
/*!40101 SET @saved_cs_client     = @@character_set_client */;
/*!50503 SET character_set_client = utf8mb4 */;
CREATE TABLE `detalle_facturacion_ruta` (
  `ID_DetalleRuta` int NOT NULL AUTO_INCREMENT,
  `ID_FacturaRuta` int DEFAULT NULL,
  `ID_Producto` int DEFAULT NULL,
  `Cantidad` decimal(12,2) DEFAULT NULL,
  `Precio` decimal(12,2) DEFAULT NULL COMMENT 'Precio unitario de venta',
  `Costo` decimal(12,2) DEFAULT NULL COMMENT 'Costo del producto',
  `Total` decimal(12,2) DEFAULT NULL COMMENT 'Cantidad * Precio',
  `ID_Detalle_Movimiento` int DEFAULT NULL COMMENT 'Relación con detalle de movimiento de ruta',
  PRIMARY KEY (`ID_DetalleRuta`),
  KEY `ID_FacturaRuta` (`ID_FacturaRuta`),
  KEY `ID_Producto` (`ID_Producto`),
  KEY `ID_Detalle_Movimiento` (`ID_Detalle_Movimiento`),
  CONSTRAINT `detalle_facturacion_ruta_ibfk_1` FOREIGN KEY (`ID_FacturaRuta`) REFERENCES `facturacion_ruta` (`ID_FacturaRuta`),
  CONSTRAINT `detalle_facturacion_ruta_ibfk_2` FOREIGN KEY (`ID_Producto`) REFERENCES `productos` (`ID_Producto`),
  CONSTRAINT `detalle_facturacion_ruta_ibfk_3` FOREIGN KEY (`ID_Detalle_Movimiento`) REFERENCES `movimientos_ruta_detalle` (`ID_Detalle`) ON DELETE SET NULL
) ENGINE=InnoDB AUTO_INCREMENT=345 DEFAULT CHARSET=utf8mb4 COLLATE=utf8mb4_0900_ai_ci;
/*!40101 SET character_set_client = @saved_cs_client */;

--
-- Dumping data for table `detalle_facturacion_ruta`
--

LOCK TABLES `detalle_facturacion_ruta` WRITE;
/*!40000 ALTER TABLE `detalle_facturacion_ruta` DISABLE KEYS */;
INSERT INTO `detalle_facturacion_ruta` VALUES (1,1,2,3.00,190.00,NULL,570.00,NULL),(2,2,7,1.00,190.00,NULL,190.00,NULL),(3,3,7,1.00,190.00,NULL,190.00,NULL),(4,4,5,1.00,190.00,NULL,190.00,NULL),(5,5,5,1.00,190.00,NULL,190.00,NULL),(6,6,7,1.00,190.00,NULL,190.00,NULL),(7,7,5,1.00,190.00,NULL,190.00,NULL),(8,8,7,1.00,190.00,NULL,190.00,NULL),(9,9,5,1.00,190.00,NULL,190.00,NULL),(10,10,7,1.00,190.00,NULL,190.00,NULL),(11,11,5,1.00,190.00,NULL,190.00,NULL),(12,12,5,1.00,190.00,NULL,190.00,NULL),(13,12,7,2.00,190.00,NULL,380.00,NULL),(14,13,5,1.00,190.00,NULL,190.00,NULL),(15,13,7,1.00,190.00,NULL,190.00,NULL),(16,14,7,1.00,190.00,NULL,190.00,NULL),(17,15,5,3.00,190.00,NULL,570.00,NULL),(18,16,10,1.00,185.00,NULL,185.00,NULL),(19,16,2,1.00,190.00,NULL,190.00,NULL),(20,17,10,1.00,185.00,NULL,185.00,NULL),(21,17,2,1.00,190.00,NULL,190.00,NULL),(22,18,10,3.00,185.00,NULL,555.00,NULL),(23,18,2,3.00,190.00,NULL,570.00,NULL),(24,19,2,1.00,190.00,NULL,190.00,NULL),(25,20,10,1.00,185.00,NULL,185.00,NULL),(26,21,10,1.00,185.00,NULL,185.00,NULL),(27,21,2,1.00,190.00,NULL,190.00,NULL),(28,22,2,1.00,190.00,NULL,190.00,NULL),(29,23,2,1.00,190.00,NULL,190.00,NULL),(30,24,10,2.00,185.00,NULL,370.00,NULL),(31,24,16,1.00,175.00,NULL,175.00,NULL),(32,24,3,3.00,180.00,NULL,540.00,NULL),(33,24,8,1.00,165.00,NULL,165.00,NULL),(34,25,3,1.00,180.00,NULL,180.00,NULL),(35,26,10,2.00,185.00,NULL,370.00,NULL),(36,27,16,1.00,175.00,NULL,175.00,NULL),(37,28,16,1.00,175.00,NULL,175.00,NULL),(38,28,8,2.00,165.00,NULL,330.00,NULL),(39,29,16,1.00,175.00,NULL,175.00,NULL),(40,29,3,1.00,180.00,NULL,180.00,NULL),(41,30,16,1.00,175.00,NULL,175.00,NULL),(42,31,8,1.00,165.00,NULL,165.00,NULL),(43,32,3,4.00,180.00,NULL,720.00,NULL),(44,33,3,2.00,180.00,NULL,360.00,NULL),(45,34,16,7.00,175.00,NULL,1225.00,NULL),(46,35,3,3.00,180.00,NULL,540.00,NULL),(47,36,16,5.00,175.00,NULL,875.00,NULL),(48,37,10,1.00,185.00,NULL,185.00,NULL),(49,38,5,1.00,190.00,NULL,190.00,NULL),(50,39,5,1.00,190.00,NULL,190.00,NULL),(51,40,5,1.00,190.00,NULL,190.00,NULL),(52,41,5,1.00,190.00,NULL,190.00,NULL),(53,42,5,1.00,190.00,NULL,190.00,NULL),(54,43,5,3.00,190.00,NULL,570.00,NULL),(55,44,5,1.00,190.00,NULL,190.00,NULL),(56,45,7,10.00,190.00,NULL,1900.00,NULL),(57,46,5,1.00,190.00,NULL,190.00,NULL),(58,47,2,2.00,190.00,NULL,380.00,NULL),(59,48,16,2.00,175.00,NULL,350.00,NULL),(60,49,10,1.00,185.00,NULL,185.00,NULL),(61,50,3,2.00,180.00,NULL,360.00,NULL),(62,51,8,3.00,165.00,NULL,495.00,NULL),(63,52,2,2.00,190.00,NULL,380.00,NULL),(64,53,16,2.00,175.00,NULL,350.00,NULL),(65,54,7,2.00,190.00,NULL,380.00,NULL),(66,55,16,1.00,175.00,NULL,175.00,NULL),(67,56,16,8.00,175.00,NULL,1400.00,NULL),(68,57,16,10.00,175.00,NULL,1750.00,NULL),(69,58,3,2.00,180.00,NULL,360.00,NULL),(70,59,3,1.00,180.00,NULL,180.00,NULL),(71,60,3,3.00,180.00,NULL,540.00,NULL),(72,61,7,5.00,190.00,NULL,950.00,NULL),(73,62,7,1.00,190.00,NULL,190.00,NULL),(74,63,7,4.00,190.00,NULL,760.00,NULL),(75,64,3,1.00,180.00,NULL,180.00,NULL),(76,65,3,1.00,180.00,NULL,180.00,NULL),(77,66,7,1.00,190.00,NULL,190.00,NULL),(78,67,7,3.00,190.00,NULL,570.00,NULL),(79,68,7,1.00,190.00,NULL,190.00,NULL),(80,69,7,1.00,190.00,NULL,190.00,NULL),(81,70,7,3.00,190.00,NULL,570.00,NULL),(82,71,3,1.00,180.00,NULL,180.00,NULL),(83,72,3,4.00,180.00,NULL,720.00,NULL),(84,73,5,10.00,190.00,NULL,1900.00,NULL),(85,74,5,5.00,190.00,NULL,950.00,NULL),(86,75,10,10.00,185.00,NULL,1850.00,NULL),(87,75,5,1.00,190.00,NULL,190.00,NULL),(88,76,10,1.00,185.00,NULL,185.00,NULL),(89,77,2,31.00,190.00,NULL,5890.00,NULL),(90,77,16,15.00,175.00,NULL,2625.00,NULL),(91,78,10,3.00,185.00,NULL,555.00,NULL),(92,79,10,3.00,185.00,NULL,555.00,NULL),(93,80,10,10.00,185.00,NULL,1850.00,NULL),(94,81,10,3.00,185.00,NULL,555.00,NULL),(95,82,10,10.00,185.00,NULL,1850.00,NULL),(96,83,10,10.00,185.00,NULL,1850.00,NULL),(97,84,10,5.00,185.00,NULL,925.00,NULL),(98,85,5,5.00,190.00,NULL,950.00,NULL),(99,86,5,3.00,190.00,NULL,570.00,NULL),(100,87,16,10.00,175.00,NULL,1750.00,NULL),(101,87,8,5.00,165.00,NULL,825.00,NULL),(102,88,5,2.00,190.00,NULL,380.00,NULL),(103,89,5,1.00,190.00,NULL,190.00,NULL),(104,90,16,10.00,175.00,NULL,1750.00,NULL),(105,91,3,1.00,180.00,NULL,180.00,NULL),(106,92,5,1.00,190.00,NULL,190.00,NULL),(107,93,5,1.00,190.00,NULL,190.00,NULL),(108,94,5,3.00,190.00,NULL,570.00,NULL),(109,95,10,10.00,185.00,NULL,1850.00,NULL),(110,96,8,15.00,165.00,NULL,2475.00,NULL),(111,97,8,1.00,165.00,NULL,165.00,NULL),(112,98,8,1.00,165.00,NULL,165.00,NULL),(113,99,8,1.00,165.00,NULL,165.00,NULL),(114,100,8,5.00,165.00,NULL,825.00,NULL),(115,101,10,1.00,185.00,NULL,185.00,NULL),(116,102,10,1.00,185.00,NULL,185.00,NULL),(117,103,10,1.00,185.00,NULL,185.00,NULL),(118,104,10,1.00,185.00,NULL,185.00,NULL),(119,105,10,1.00,185.00,NULL,185.00,NULL),(120,106,10,1.00,185.00,NULL,185.00,NULL),(121,107,10,1.00,185.00,NULL,185.00,NULL),(122,108,10,1.00,185.00,NULL,185.00,NULL),(123,109,10,1.00,185.00,NULL,185.00,NULL),(124,110,10,1.00,185.00,NULL,185.00,NULL),(125,111,8,1.00,165.00,NULL,165.00,NULL),(126,112,8,1.00,165.00,NULL,165.00,NULL),(127,113,8,1.00,165.00,NULL,165.00,NULL),(128,114,8,1.00,165.00,NULL,165.00,NULL),(129,115,8,1.00,165.00,NULL,165.00,NULL),(130,116,8,1.00,165.00,NULL,165.00,NULL),(131,117,8,1.00,165.00,NULL,165.00,NULL),(132,118,8,3.00,165.00,NULL,495.00,NULL),(133,119,8,10.00,165.00,NULL,1650.00,NULL),(134,120,8,10.00,165.00,NULL,1650.00,NULL),(135,121,8,10.00,165.00,NULL,1650.00,NULL),(136,122,8,4.00,165.00,NULL,660.00,NULL),(137,123,7,1.00,190.00,NULL,190.00,NULL),(138,124,7,1.00,190.00,NULL,190.00,NULL),(139,125,7,1.00,190.00,NULL,190.00,NULL),(140,126,7,1.00,190.00,NULL,190.00,NULL),(141,127,7,1.00,190.00,NULL,190.00,NULL),(142,128,5,1.00,190.00,NULL,190.00,NULL),(143,129,5,1.00,190.00,NULL,190.00,NULL),(144,130,5,1.00,190.00,NULL,190.00,NULL),(145,131,5,1.00,190.00,NULL,190.00,NULL),(146,132,5,1.00,190.00,NULL,190.00,NULL),(147,133,5,1.00,190.00,NULL,190.00,NULL),(148,134,5,1.00,190.00,NULL,190.00,NULL),(149,135,5,1.00,190.00,NULL,190.00,NULL),(150,136,5,1.00,190.00,NULL,190.00,NULL),(151,137,5,11.00,190.00,NULL,2090.00,NULL),(152,138,2,6.00,190.00,NULL,1140.00,NULL),(153,138,3,6.00,180.00,NULL,1080.00,NULL),(154,139,7,10.00,190.00,NULL,1900.00,NULL),(155,140,5,6.00,190.00,NULL,1140.00,NULL),(156,141,10,10.00,185.00,NULL,1850.00,NULL),(157,142,5,4.00,190.00,NULL,760.00,NULL),(158,142,2,4.00,190.00,NULL,760.00,NULL),(159,143,5,1.00,190.00,NULL,190.00,NULL),(160,144,3,4.00,180.00,NULL,720.00,NULL),(161,145,7,4.00,190.00,NULL,760.00,NULL),(162,146,5,9.00,190.00,NULL,1710.00,NULL),(163,147,10,1.00,185.00,NULL,185.00,NULL),(164,148,10,1.00,185.00,NULL,185.00,NULL),(165,149,2,10.00,190.00,NULL,1900.00,NULL),(166,150,3,5.00,180.00,NULL,900.00,NULL),(167,151,5,30.00,190.00,NULL,5700.00,NULL),(168,151,16,20.00,175.00,NULL,3500.00,NULL),(169,151,3,15.00,180.00,NULL,2700.00,NULL),(170,152,10,10.00,185.00,NULL,1850.00,NULL),(171,153,2,1.00,190.00,NULL,190.00,NULL),(172,154,2,9.00,190.00,NULL,1710.00,NULL),(173,155,16,10.00,175.00,NULL,1750.00,NULL),(174,156,3,10.00,180.00,NULL,1800.00,NULL),(175,157,16,10.00,175.00,NULL,1750.00,NULL),(176,158,3,1.00,180.00,NULL,180.00,NULL),(177,159,2,30.00,190.00,NULL,5700.00,NULL),(178,160,10,10.00,185.00,NULL,1850.00,NULL),(179,161,16,10.00,175.00,NULL,1750.00,NULL),(180,162,3,9.00,180.00,NULL,1620.00,NULL),(181,163,10,10.00,185.00,NULL,1850.00,NULL),(182,164,2,10.00,190.00,NULL,1900.00,NULL),(183,165,10,1.00,185.00,NULL,185.00,NULL),(184,166,16,1.00,175.00,NULL,175.00,NULL),(185,167,10,1.00,185.00,NULL,185.00,NULL),(186,168,10,5.00,185.00,NULL,925.00,NULL),(187,169,10,4.00,185.00,NULL,740.00,NULL),(188,170,2,3.00,190.00,NULL,570.00,NULL),(189,171,2,1.00,190.00,NULL,190.00,NULL),(190,172,16,1.00,175.00,NULL,175.00,NULL),(191,173,16,1.00,175.00,NULL,175.00,NULL),(192,174,2,1.00,190.00,NULL,190.00,NULL),(193,174,16,1.00,175.00,NULL,175.00,NULL),(194,175,16,1.00,175.00,NULL,175.00,NULL),(195,176,16,1.00,175.00,NULL,175.00,NULL),(196,177,16,1.00,175.00,NULL,175.00,NULL),(197,178,16,1.00,175.00,NULL,175.00,NULL),(198,179,16,1.00,175.00,NULL,175.00,NULL),(199,180,2,1.00,190.00,NULL,190.00,NULL),(200,181,2,1.00,190.00,NULL,190.00,NULL),(201,182,2,1.00,190.00,NULL,190.00,NULL),(202,183,2,1.00,190.00,NULL,190.00,NULL),(203,184,2,1.00,190.00,NULL,190.00,NULL),(204,185,10,1.00,185.00,NULL,185.00,NULL),(205,186,2,1.00,190.00,NULL,190.00,NULL),(206,187,5,15.00,190.00,NULL,2850.00,NULL),(207,187,2,10.00,190.00,NULL,1900.00,NULL),(208,187,16,5.00,175.00,NULL,875.00,NULL),(209,188,5,6.00,190.00,NULL,1140.00,NULL),(210,188,2,19.00,190.00,NULL,3610.00,NULL),(211,188,16,10.00,175.00,NULL,1750.00,NULL),(212,189,10,11.00,185.00,NULL,2035.00,NULL),(213,190,10,9.00,185.00,NULL,1665.00,NULL),(214,191,2,10.00,190.00,NULL,1900.00,NULL),(215,192,2,10.00,190.00,NULL,1900.00,NULL),(216,193,5,15.00,190.00,NULL,2850.00,NULL),(217,194,5,1.00,190.00,NULL,190.00,NULL),(218,195,5,1.00,190.00,NULL,190.00,NULL),(219,196,5,1.00,190.00,NULL,190.00,NULL),(220,197,5,1.00,190.00,NULL,190.00,NULL),(221,198,5,1.00,190.00,NULL,190.00,NULL),(222,199,10,20.00,185.00,NULL,3700.00,NULL),(223,200,5,1.00,190.00,NULL,190.00,NULL),(224,201,2,20.00,190.00,NULL,3800.00,NULL),(225,202,10,15.00,185.00,NULL,2775.00,NULL),(226,203,10,15.00,185.00,NULL,2775.00,NULL),(227,204,5,1.00,190.00,NULL,190.00,NULL),(228,205,10,10.00,185.00,NULL,1850.00,NULL),(229,206,3,10.00,180.00,NULL,1800.00,NULL),(230,207,3,20.00,180.00,NULL,3600.00,NULL),(231,208,10,15.00,185.00,NULL,2775.00,NULL),(232,209,5,10.00,190.00,NULL,1900.00,NULL),(233,209,10,5.00,185.00,NULL,925.00,NULL),(234,209,3,15.00,180.00,NULL,2700.00,NULL),(235,210,5,10.00,190.00,NULL,1900.00,NULL),(236,210,10,20.00,185.00,NULL,3700.00,NULL),(237,210,3,5.00,180.00,NULL,900.00,NULL),(238,211,10,5.00,185.00,NULL,925.00,NULL),(239,212,5,1.00,190.00,NULL,190.00,NULL),(240,213,5,9.00,190.00,NULL,1710.00,NULL),(241,213,10,5.00,185.00,NULL,925.00,NULL),(242,214,3,1.00,180.00,NULL,180.00,NULL),(243,215,5,1.00,190.00,NULL,190.00,NULL),(244,215,3,10.00,180.00,NULL,1800.00,NULL),(245,216,5,1.00,190.00,NULL,190.00,NULL),(246,217,5,8.00,190.00,NULL,1520.00,NULL),(247,218,3,1.00,180.00,NULL,180.00,NULL),(248,219,5,5.00,190.00,NULL,950.00,NULL),(249,219,10,20.00,185.00,NULL,3700.00,NULL),(250,220,5,10.00,190.00,NULL,1900.00,NULL),(251,221,3,1.00,180.00,NULL,180.00,NULL),(252,222,3,7.00,180.00,NULL,1260.00,NULL),(253,223,10,20.00,185.00,NULL,3700.00,NULL),(254,224,3,10.00,180.00,NULL,1800.00,NULL),(255,225,3,1.00,180.00,NULL,180.00,NULL),(256,226,3,1.00,180.00,NULL,180.00,NULL),(257,227,3,1.00,180.00,NULL,180.00,NULL),(258,228,5,10.00,190.00,NULL,1900.00,NULL),(259,229,5,10.00,190.00,NULL,1900.00,NULL),(260,230,3,20.00,180.00,NULL,3600.00,NULL),(261,231,5,20.00,190.00,NULL,3800.00,NULL),(262,231,3,20.00,180.00,NULL,3600.00,NULL),(263,232,3,10.00,180.00,NULL,1800.00,NULL),(264,233,5,10.00,190.00,NULL,1900.00,NULL),(265,233,3,10.00,180.00,NULL,1800.00,NULL),(266,234,5,20.00,190.00,NULL,3800.00,NULL),(267,235,10,10.00,185.00,NULL,1850.00,NULL),(268,236,10,10.00,185.00,NULL,1850.00,NULL),(269,237,10,1.00,185.00,NULL,185.00,NULL),(270,238,10,10.00,185.00,NULL,1850.00,NULL),(271,239,10,19.00,185.00,NULL,3515.00,NULL),(272,240,10,5.00,185.00,NULL,925.00,NULL),(273,241,10,15.00,185.00,NULL,2775.00,NULL),(274,242,10,10.00,185.00,NULL,1850.00,NULL),(275,243,5,20.00,190.00,NULL,3800.00,NULL),(276,244,5,15.00,190.00,NULL,2850.00,NULL),(277,245,5,15.00,190.00,NULL,2850.00,NULL),(278,246,5,10.00,190.00,NULL,1900.00,NULL),(279,247,5,10.00,190.00,NULL,1900.00,NULL),(280,248,7,10.00,190.00,NULL,1900.00,NULL),(281,248,10,10.00,185.00,NULL,1850.00,NULL),(282,249,5,10.00,190.00,NULL,1900.00,NULL),(283,249,7,10.00,190.00,NULL,1900.00,NULL),(284,249,10,10.00,185.00,NULL,1850.00,NULL),(285,250,5,10.00,190.00,NULL,1900.00,NULL),(286,251,5,25.00,190.00,NULL,4750.00,NULL),(287,251,10,10.00,185.00,NULL,1850.00,NULL),(288,252,10,10.00,185.00,NULL,1850.00,NULL),(289,253,10,1.00,185.00,NULL,185.00,NULL),(290,254,10,1.00,185.00,NULL,185.00,NULL),(291,255,10,8.00,185.00,NULL,1480.00,NULL),(292,256,5,10.00,190.00,NULL,1900.00,NULL),(293,256,7,10.00,190.00,NULL,1900.00,NULL),(294,256,10,10.00,185.00,NULL,1850.00,NULL),(295,257,10,10.00,185.00,NULL,1850.00,NULL),(296,258,10,1.00,185.00,NULL,185.00,NULL),(297,259,10,1.00,185.00,NULL,185.00,NULL),(298,260,5,5.00,190.00,NULL,950.00,NULL),(299,261,10,1.00,185.00,NULL,185.00,NULL),(300,262,10,1.00,185.00,NULL,185.00,NULL),(301,263,10,1.00,185.00,NULL,185.00,NULL),(302,264,5,10.00,190.00,NULL,1900.00,NULL),(303,265,5,10.00,190.00,NULL,1900.00,NULL),(304,266,5,10.00,190.00,NULL,1900.00,NULL),(305,267,5,10.00,190.00,NULL,1900.00,NULL),(306,268,5,20.00,190.00,NULL,3800.00,NULL),(307,269,5,10.00,190.00,NULL,1900.00,NULL),(308,270,5,10.00,190.00,NULL,1900.00,NULL),(309,271,5,1.00,190.00,NULL,190.00,NULL),(310,272,5,1.00,190.00,NULL,190.00,NULL),(311,273,5,1.00,190.00,NULL,190.00,NULL),(312,274,5,10.00,190.00,NULL,1900.00,NULL),(313,274,16,10.00,175.00,NULL,1750.00,NULL),(314,275,5,10.00,190.00,NULL,1900.00,NULL),(315,276,16,10.00,175.00,NULL,1750.00,NULL),(316,277,5,20.00,190.00,NULL,3800.00,NULL),(317,278,5,10.00,190.00,NULL,1900.00,NULL),(318,279,5,10.00,190.00,NULL,1900.00,NULL),(319,279,16,10.00,175.00,NULL,1750.00,NULL),(320,280,5,5.00,190.00,NULL,950.00,NULL),(321,281,5,5.00,190.00,NULL,950.00,NULL),(322,282,5,1.00,190.00,NULL,190.00,NULL),(323,283,16,5.00,175.00,NULL,875.00,NULL),(324,284,16,5.00,175.00,NULL,875.00,NULL),(325,285,5,1.00,190.00,NULL,190.00,NULL),(326,286,5,10.00,190.00,NULL,1900.00,NULL),(327,287,7,30.00,190.00,NULL,5700.00,NULL),(328,287,3,30.00,180.00,NULL,5400.00,NULL),(329,288,3,10.00,180.00,NULL,1800.00,NULL),(330,289,7,10.00,190.00,NULL,1900.00,NULL),(331,290,3,10.00,180.00,NULL,1800.00,NULL),(332,291,7,1.00,190.00,NULL,190.00,NULL),(333,292,5,5.00,190.00,NULL,950.00,NULL),(334,293,5,5.00,190.00,NULL,950.00,NULL),(335,294,5,10.00,190.00,NULL,1900.00,NULL),(336,294,3,10.00,180.00,NULL,1800.00,NULL),(337,299,10,1.00,185.00,NULL,185.00,NULL),(338,300,5,1.00,190.00,NULL,190.00,NULL),(339,301,10,5.00,185.00,NULL,925.00,NULL),(340,302,10,1.00,185.00,NULL,185.00,NULL),(341,303,2,5.00,190.00,NULL,950.00,NULL),(342,304,2,3.00,190.00,NULL,570.00,NULL),(343,305,2,5.00,190.00,NULL,950.00,NULL),(344,306,2,6.00,190.00,NULL,1140.00,NULL);
/*!40000 ALTER TABLE `detalle_facturacion_ruta` ENABLE KEYS */;
UNLOCK TABLES;

--
-- Table structure for table `detalle_movimientos_inventario`
--

DROP TABLE IF EXISTS `detalle_movimientos_inventario`;
/*!40101 SET @saved_cs_client     = @@character_set_client */;
/*!50503 SET character_set_client = utf8mb4 */;
CREATE TABLE `detalle_movimientos_inventario` (
  `ID_Detalle_Movimiento` int NOT NULL AUTO_INCREMENT,
  `ID_Movimiento` int NOT NULL,
  `ID_Producto` int NOT NULL,
  `Cantidad` decimal(15,2) NOT NULL DEFAULT '0.00',
  `Costo_Unitario` decimal(15,2) DEFAULT '0.00',
  `Precio_Unitario` decimal(15,2) DEFAULT '0.00',
  `Subtotal` decimal(15,2) DEFAULT '0.00',
  `ID_Usuario_Creacion` int NOT NULL,
  `Fecha_Creacion` datetime DEFAULT CURRENT_TIMESTAMP,
  PRIMARY KEY (`ID_Detalle_Movimiento`),
  KEY `ID_Usuario_Creacion` (`ID_Usuario_Creacion`),
  KEY `idx_movimiento` (`ID_Movimiento`),
  KEY `idx_producto` (`ID_Producto`),
  CONSTRAINT `detalle_movimientos_inventario_ibfk_1` FOREIGN KEY (`ID_Movimiento`) REFERENCES `movimientos_inventario` (`ID_Movimiento`) ON DELETE CASCADE,
  CONSTRAINT `detalle_movimientos_inventario_ibfk_2` FOREIGN KEY (`ID_Producto`) REFERENCES `productos` (`ID_Producto`),
  CONSTRAINT `detalle_movimientos_inventario_ibfk_3` FOREIGN KEY (`ID_Usuario_Creacion`) REFERENCES `usuarios` (`ID_Usuario`)
) ENGINE=InnoDB AUTO_INCREMENT=613 DEFAULT CHARSET=utf8mb4 COLLATE=utf8mb4_0900_ai_ci;
/*!40101 SET character_set_client = @saved_cs_client */;

--
-- Dumping data for table `detalle_movimientos_inventario`
--

LOCK TABLES `detalle_movimientos_inventario` WRITE;
/*!40000 ALTER TABLE `detalle_movimientos_inventario` DISABLE KEYS */;
INSERT INTO `detalle_movimientos_inventario` VALUES (2,2,1,500.00,170.00,170.00,85000.00,1,'2025-11-12 22:10:18'),(3,3,1,500.00,170.00,170.00,85000.00,1,'2025-11-13 08:35:29'),(4,4,1,200.00,140.00,140.00,28000.00,1,'2025-11-13 09:02:58'),(5,5,1,50.00,170.00,170.00,8500.00,1,'2025-11-13 09:14:52'),(6,6,2,200.00,160.00,160.00,32000.00,1,'2025-11-13 10:06:58'),(7,7,1,100.00,170.00,170.00,17000.00,1,'2025-11-13 10:08:48'),(8,7,2,100.00,160.00,160.00,16000.00,1,'2025-11-13 10:08:48'),(9,8,4,500.00,140.00,140.00,70000.00,1,'2025-11-13 23:09:30'),(10,9,4,150.00,140.00,140.00,21000.00,1,'2025-11-14 08:10:23'),(11,10,1,100.00,180.00,180.00,18000.00,1,'2025-11-14 08:12:53'),(12,11,3,150.00,160.00,160.00,24000.00,1,'2025-11-14 08:43:17'),(14,12,3,100.00,170.00,170.00,17000.00,1,'2025-11-14 11:35:57'),(22,13,1,100.00,180.00,180.00,18000.00,1,'2025-11-15 02:31:50'),(23,14,1,50.00,180.00,180.00,9000.00,1,'2025-11-15 02:32:10'),(27,17,1,35.00,170.00,0.00,5950.00,1,'2025-11-15 10:39:19'),(28,1,1,150.00,170.00,170.00,25500.00,1,'2025-11-15 10:43:26'),(29,16,4,350.00,140.00,140.00,49000.00,1,'2025-11-15 11:33:37'),(30,18,5,150.00,150.00,0.00,22500.00,1,'2025-11-15 11:43:03'),(31,19,2,5.00,0.00,160.00,800.00,1,'2025-11-23 00:19:38'),(32,20,3,1.00,0.00,160.00,160.00,1,'2025-11-23 00:37:07'),(33,21,4,1.00,0.00,140.00,140.00,1,'2025-11-23 00:50:58'),(34,22,5,20.00,0.00,180.00,3600.00,1,'2025-11-23 20:22:54'),(35,22,3,10.00,0.00,160.00,1600.00,1,'2025-11-23 20:22:54'),(36,22,4,6.00,0.00,140.00,840.00,1,'2025-11-23 20:22:54'),(37,15,5,15.00,180.00,180.00,2700.00,1,'2025-11-23 20:25:09'),(38,23,2,1.00,0.00,160.00,160.00,1,'2025-11-23 20:35:14'),(39,24,2,4.00,0.00,160.00,640.00,1,'2025-11-23 22:15:39'),(40,25,2,5.00,0.00,160.00,800.00,1,'2025-11-23 23:10:13'),(41,26,5,10.00,0.00,180.00,1800.00,1,'2025-11-23 23:28:22'),(42,27,5,5.00,0.00,180.00,900.00,1,'2025-11-23 23:31:16'),(43,28,2,1.00,0.00,160.00,160.00,1,'2025-11-23 23:46:14'),(44,45,5,100.00,126.00,150.00,12600.00,1,'2025-11-25 09:08:32'),(45,49,6,100.00,1250.00,1500.00,125000.00,1,'2025-11-25 10:18:57'),(46,62,2,100.00,140.00,160.00,14000.00,1,'2025-12-04 01:07:27'),(47,63,2,1.00,160.00,160.00,160.00,1,'2025-12-08 15:38:25'),(48,64,7,5.00,190.00,190.00,950.00,1,'2025-12-08 15:55:32'),(49,65,9,10.00,1500.00,1500.00,15000.00,1,'2025-12-08 22:04:43'),(50,66,2,10.00,160.00,160.00,1600.00,1,'2025-12-09 17:22:18'),(55,67,5,100.00,135.00,180.00,13500.00,1,'2025-12-09 20:34:37'),(56,67,7,100.00,142.50,190.00,14250.00,1,'2025-12-09 20:34:37'),(57,72,5,25.00,180.00,180.00,4500.00,1,'2025-12-10 17:53:06'),(58,73,2,9.00,180.00,180.00,1620.00,1,'2025-12-10 18:24:47'),(59,74,3,200.00,128.00,160.00,25600.00,1,'2025-12-10 20:29:15'),(60,75,5,10.00,144.00,180.00,1440.00,1,'2025-12-11 18:48:55'),(61,76,5,100.00,144.00,180.00,14400.00,1,'2025-12-11 18:52:01'),(62,77,5,10.00,155.00,180.00,1550.00,1,'2025-12-12 09:23:28'),(63,78,7,102.00,152.00,190.00,15504.00,4,'2025-12-12 22:26:14'),(64,79,7,100.00,190.00,190.00,19000.00,4,'2025-12-12 22:26:56'),(65,80,5,100.00,155.00,180.00,15500.00,4,'2025-12-16 09:30:21'),(66,81,9,10.00,1200.00,1500.00,12000.00,4,'2025-12-16 09:56:26'),(67,82,9,10.00,1500.00,1500.00,15000.00,4,'2025-12-16 10:50:33'),(68,83,5,100.00,155.00,180.00,15500.00,4,'2025-12-16 11:04:37'),(69,84,8,100.00,104.00,130.00,10400.00,4,'2025-12-16 11:32:09'),(70,85,5,10.00,144.00,180.00,1440.00,1,'2025-12-17 10:38:57'),(71,86,5,50.00,144.00,180.00,7200.00,1,'2025-12-17 13:28:42'),(72,87,7,10.00,152.00,190.00,1520.00,1,'2025-12-17 13:45:43'),(73,88,7,-10.00,152.00,0.00,-1520.00,1,'2025-12-17 14:17:33'),(74,89,5,100.00,144.00,180.00,14400.00,1,'2025-12-17 14:21:07'),(75,90,5,-100.00,144.00,0.00,-14400.00,1,'2025-12-17 14:24:35'),(76,91,5,115.00,144.00,180.00,16560.00,1,'2025-12-17 15:05:31'),(77,92,5,100.00,155.00,180.00,15500.00,1,'2025-12-17 15:09:24'),(78,93,5,10.00,144.00,180.00,1440.00,1,'2025-12-17 15:26:35'),(79,94,5,-10.00,144.00,0.00,-1440.00,1,'2025-12-17 15:26:49'),(80,95,5,10.00,144.00,180.00,1440.00,1,'2025-12-17 15:33:10'),(81,96,5,-10.00,144.00,0.00,-1440.00,1,'2025-12-17 15:34:29'),(82,97,7,100.00,155.00,190.00,15500.00,1,'2025-12-17 15:47:01'),(83,98,5,10.00,144.00,180.00,1440.00,4,'2025-12-20 08:21:36'),(84,99,5,-10.00,144.00,0.00,-1440.00,4,'2025-12-20 08:22:04'),(85,100,7,1000.00,152.00,190.00,152000.00,4,'2025-12-20 09:13:37'),(86,101,7,-1000.00,152.00,0.00,-152000.00,4,'2025-12-20 10:38:19'),(87,102,5,100.00,155.00,180.00,15500.00,4,'2025-12-22 11:49:13'),(88,103,8,100.00,90.00,180.00,9000.00,4,'2025-12-22 12:20:51'),(89,104,3,100.00,128.00,160.00,12800.00,4,'2025-12-22 12:49:24'),(90,105,5,10.00,144.00,180.00,1440.00,4,'2025-12-22 18:25:14'),(91,106,5,10.00,144.00,180.00,1440.00,4,'2025-12-22 18:25:43'),(92,107,5,-10.00,144.00,0.00,-1440.00,4,'2025-12-22 18:26:07'),(93,108,5,10.00,144.00,180.00,1440.00,4,'2025-12-22 18:26:55'),(94,109,5,-10.00,144.00,0.00,-1440.00,4,'2025-12-22 18:27:20'),(95,110,5,10.00,180.00,180.00,1800.00,4,'2025-12-23 00:54:36'),(96,111,5,100.00,195.00,195.00,19500.00,1,'2025-12-23 14:53:57'),(97,112,5,10.00,180.00,180.00,1800.00,1,'2025-12-23 15:26:01'),(98,113,9,10.00,1200.00,1500.00,12000.00,1,'2025-12-23 15:28:54'),(99,114,9,-10.00,1200.00,0.00,-12000.00,1,'2025-12-23 15:29:05'),(100,115,5,10.00,180.00,180.00,1800.00,1,'2025-12-24 09:58:57'),(101,116,5,10.00,180.00,180.00,1800.00,1,'2025-12-24 10:19:16'),(102,117,5,10.00,190.00,190.00,1900.00,1,'2025-12-24 10:20:17'),(103,118,5,10.00,195.00,195.00,1950.00,1,'2025-12-24 10:26:43'),(104,119,5,10.00,180.00,180.00,1800.00,1,'2025-12-24 11:00:20'),(105,120,5,10.00,180.00,180.00,1800.00,1,'2025-12-24 11:26:00'),(106,121,5,10.00,195.00,195.00,1950.00,1,'2025-12-24 11:46:33'),(107,122,5,100.00,180.00,180.00,18000.00,1,'2025-12-24 13:41:07'),(108,123,7,1.00,190.00,190.00,190.00,1,'2025-12-24 15:13:18'),(109,124,5,100.00,195.00,195.00,19500.00,1,'2025-12-24 15:16:17'),(110,125,5,100.00,195.00,195.00,19500.00,1,'2025-12-24 15:16:52'),(111,126,5,100.00,195.00,195.00,19500.00,1,'2025-12-24 15:17:30'),(112,127,5,100.00,195.00,195.00,19500.00,1,'2025-12-24 15:20:48'),(113,128,5,100.00,195.00,195.00,19500.00,1,'2025-12-24 15:21:37'),(114,129,5,100.00,195.00,195.00,19500.00,1,'2025-12-26 09:20:51'),(115,130,5,100.00,195.00,195.00,19500.00,1,'2025-12-26 09:21:15'),(116,131,5,100.00,195.00,195.00,19500.00,6,'2025-12-26 12:08:51'),(117,132,5,100.00,195.00,195.00,19500.00,6,'2025-12-26 12:15:00'),(118,133,3,100.00,160.00,160.00,16000.00,6,'2025-12-27 14:26:26'),(119,134,8,100.00,140.00,140.00,14000.00,6,'2025-12-27 15:22:20'),(120,135,5,1000.00,156.00,195.00,156000.00,6,'2025-12-29 14:19:38'),(121,135,7,1000.00,156.00,195.00,156000.00,6,'2025-12-29 14:19:38'),(122,135,2,1000.00,128.00,160.00,128000.00,6,'2025-12-29 14:19:38'),(123,135,3,1000.00,128.00,160.00,128000.00,6,'2025-12-29 14:19:38'),(124,136,5,100.00,195.00,195.00,19500.00,6,'2025-12-30 11:05:05'),(125,137,5,30.00,195.00,195.00,5850.00,6,'2025-12-30 11:25:23'),(126,137,2,10.00,160.00,160.00,1600.00,6,'2025-12-30 11:25:23'),(127,138,5,10.00,195.00,195.00,1950.00,1,'2025-12-30 11:53:31'),(128,139,2,190.00,160.00,160.00,30400.00,1,'2025-12-30 11:54:42'),(129,140,8,100.00,165.00,165.00,16500.00,6,'2025-12-30 15:14:06'),(130,141,5,100.00,195.00,195.00,19500.00,1,'2026-01-02 18:07:09'),(131,142,5,100.00,195.00,195.00,19500.00,1,'2026-01-02 18:12:45'),(132,143,5,60.00,195.00,195.00,11700.00,1,'2026-01-05 15:41:00'),(133,144,5,10.00,195.00,195.00,1950.00,1,'2026-01-05 16:39:29'),(134,145,5,10.00,195.00,195.00,1950.00,1,'2026-01-05 16:39:55'),(135,146,5,10.00,195.00,195.00,1950.00,6,'2026-01-06 08:35:53'),(136,147,7,11.00,200.00,200.00,2200.00,6,'2026-01-06 08:37:02'),(137,148,7,10.00,200.00,200.00,2000.00,6,'2026-01-06 08:38:36'),(138,149,7,10.00,200.00,200.00,2000.00,6,'2026-01-06 08:39:05'),(139,150,5,10.00,195.00,195.00,1950.00,6,'2026-01-06 08:44:04'),(140,151,5,10.00,195.00,195.00,1950.00,6,'2026-01-06 08:44:21'),(141,152,8,2.00,130.00,130.00,260.00,6,'2026-01-06 08:45:38'),(142,153,8,2.00,130.00,130.00,260.00,6,'2026-01-06 08:46:03'),(143,154,8,1.00,195.00,195.00,195.00,6,'2026-01-06 08:48:43'),(144,155,7,1.00,200.00,200.00,200.00,6,'2026-01-06 09:11:31'),(145,156,7,1.00,200.00,200.00,200.00,6,'2026-01-06 09:13:22'),(146,157,5,10.00,200.00,200.00,2000.00,6,'2026-01-06 10:52:58'),(147,158,5,10.00,200.00,200.00,2000.00,6,'2026-01-06 13:42:30'),(148,159,10,1000.00,140.00,200.00,140000.00,6,'2026-01-06 13:50:37'),(149,160,5,1.00,200.00,200.00,200.00,6,'2026-01-06 14:41:34'),(150,161,5,19.00,200.00,200.00,3800.00,6,'2026-01-07 08:13:21'),(151,162,5,850.00,200.00,200.00,170000.00,6,'2026-01-07 13:39:07'),(152,163,7,190.00,200.00,200.00,38000.00,6,'2026-01-07 13:40:53'),(153,164,7,10.00,200.00,200.00,2000.00,1,'2026-01-07 14:03:29'),(154,165,7,10.00,200.00,200.00,2000.00,1,'2026-01-07 14:08:44'),(155,166,7,120.00,200.00,200.00,24000.00,1,'2026-01-07 14:12:27'),(156,166,11,120.00,0.00,0.00,0.00,1,'2026-01-07 14:12:27'),(157,167,7,1.00,200.00,200.00,200.00,1,'2026-01-07 14:13:28'),(158,167,11,1.00,0.00,0.00,0.00,1,'2026-01-07 14:13:28'),(159,168,12,5.00,1250.00,1250.00,6250.00,1,'2026-01-07 14:21:35'),(160,169,11,100.00,3.50,3.50,350.00,1,'2026-01-07 15:07:01'),(161,169,7,10.00,200.00,200.00,2000.00,1,'2026-01-07 15:07:01'),(162,169,11,10.00,0.00,0.00,0.00,1,'2026-01-07 15:07:01'),(163,170,11,50.00,3.50,3.50,175.00,1,'2026-01-07 15:16:57'),(164,170,10,9.00,190.00,190.00,1710.00,1,'2026-01-07 15:16:57'),(165,170,11,9.00,0.00,0.00,0.00,1,'2026-01-07 15:16:57'),(166,171,12,3.00,1250.00,1250.00,3750.00,1,'2026-01-07 15:37:00'),(167,171,7,29.00,200.00,200.00,5800.00,1,'2026-01-07 15:37:00'),(168,171,11,100.00,3.50,3.50,350.00,1,'2026-01-07 15:37:00'),(169,171,11,31.00,0.00,0.00,0.00,1,'2026-01-07 15:37:00'),(170,172,12,5.00,1250.00,1250.00,6250.00,1,'2026-01-07 15:46:12'),(171,172,10,30.00,190.00,190.00,5700.00,1,'2026-01-07 15:46:12'),(172,172,11,33.00,0.00,0.00,0.00,1,'2026-01-07 15:46:12'),(173,173,11,100.00,200.00,200.00,20000.00,1,'2026-01-07 15:50:27'),(174,173,7,10.00,200.00,200.00,2000.00,1,'2026-01-07 15:50:27'),(175,173,11,11.00,0.00,0.00,0.00,1,'2026-01-07 15:50:27'),(176,174,11,100.00,200.00,200.00,20000.00,1,'2026-01-07 15:51:16'),(177,174,7,10.00,200.00,200.00,2000.00,1,'2026-01-07 15:51:16'),(178,174,11,11.00,0.00,0.00,0.00,1,'2026-01-07 15:51:16'),(179,175,7,10.00,200.00,200.00,2000.00,1,'2026-01-07 16:14:59'),(180,175,11,11.00,0.00,0.00,0.00,1,'2026-01-07 16:14:59'),(181,176,7,10.00,200.00,200.00,2000.00,1,'2026-01-07 16:15:30'),(182,176,11,11.00,0.00,0.00,0.00,1,'2026-01-07 16:15:30'),(183,177,7,1.00,200.00,200.00,200.00,1,'2026-01-08 09:04:30'),(184,177,11,1.00,0.00,0.00,0.00,1,'2026-01-08 09:04:30'),(185,178,7,1.00,200.00,200.00,200.00,1,'2026-01-08 09:05:07'),(186,178,11,1.00,0.00,0.00,0.00,1,'2026-01-08 09:05:07'),(187,179,10,1.00,190.00,190.00,190.00,1,'2026-01-08 09:19:35'),(188,179,11,1.00,0.00,0.00,0.00,1,'2026-01-08 09:19:35'),(189,180,10,1.00,190.00,190.00,190.00,1,'2026-01-08 09:21:00'),(190,180,11,1.00,0.00,0.00,0.00,1,'2026-01-08 09:21:00'),(191,181,11,2000.00,2.80,3.50,5600.00,1,'2026-01-08 10:07:44'),(192,182,5,1000.00,160.00,200.00,160000.00,1,'2026-01-09 10:07:36'),(193,183,5,10.00,200.00,200.00,2000.00,1,'2026-01-09 13:26:51'),(194,183,11,11.00,0.00,0.00,0.00,1,'2026-01-09 13:26:51'),(195,184,7,27.00,156.00,200.00,4212.00,1,'2026-01-09 14:38:25'),(196,185,5,10.00,200.00,200.00,2000.00,1,'2026-01-09 15:16:42'),(197,185,11,11.00,0.00,0.00,0.00,1,'2026-01-09 15:16:42'),(198,186,5,100.00,200.00,200.00,20000.00,1,'2026-01-09 15:24:23'),(199,186,11,110.00,0.00,0.00,0.00,1,'2026-01-09 15:24:23'),(200,187,11,100.00,3.50,3.50,350.00,1,'2026-01-09 15:26:29'),(201,187,5,100.00,200.00,200.00,20000.00,1,'2026-01-09 15:26:29'),(202,187,12,5.00,1250.00,1250.00,6250.00,1,'2026-01-09 15:26:29'),(203,187,11,110.00,0.00,0.00,0.00,1,'2026-01-09 15:26:29'),(204,188,12,1.00,1000.00,1250.00,1000.00,1,'2026-01-09 15:29:25'),(205,189,5,10.00,200.00,200.00,2000.00,1,'2026-01-09 15:47:28'),(206,189,11,11.00,0.00,0.00,0.00,1,'2026-01-09 15:47:28'),(207,190,12,13.00,1000.00,1250.00,13000.00,1,'2026-01-09 16:19:13'),(208,191,5,10.00,200.00,200.00,2000.00,1,'2026-01-10 10:16:25'),(209,191,8,20.00,130.00,130.00,2600.00,1,'2026-01-10 10:16:25'),(210,191,11,33.00,0.00,0.00,0.00,1,'2026-01-10 10:16:25'),(211,192,5,4.00,160.00,160.00,640.00,1,'2026-01-13 09:51:13'),(212,192,11,4.00,0.00,0.00,0.00,1,'2026-01-13 09:51:13'),(213,193,8,1.00,165.00,165.00,165.00,1,'2026-01-13 09:51:48'),(214,193,11,1.00,0.00,0.00,0.00,1,'2026-01-13 09:51:48'),(215,194,2,2.00,195.00,195.00,390.00,1,'2026-01-13 11:28:28'),(216,194,11,2.00,0.00,0.00,0.00,1,'2026-01-13 11:28:28'),(217,195,3,30.00,180.00,180.00,5400.00,1,'2026-01-13 11:56:40'),(218,195,11,33.00,0.00,0.00,0.00,1,'2026-01-13 11:56:40'),(219,196,2,1.00,190.00,190.00,190.00,1,'2026-01-13 14:36:42'),(220,196,11,1.00,0.00,0.00,0.00,1,'2026-01-13 14:36:42'),(221,197,7,1.00,200.00,200.00,200.00,1,'2026-01-13 15:28:20'),(222,197,11,1.00,0.00,0.00,0.00,1,'2026-01-13 15:28:20'),(223,198,2,10.00,190.00,190.00,1900.00,1,'2026-01-13 16:04:55'),(224,198,11,11.00,0.00,0.00,0.00,1,'2026-01-13 16:04:55'),(225,199,5,1.00,200.00,200.00,200.00,1,'2026-01-14 14:22:28'),(226,199,11,1.00,0.00,0.00,0.00,1,'2026-01-14 14:22:28'),(227,200,13,1.00,0.00,70.00,0.00,1,'2026-01-14 14:41:18'),(228,201,13,100.00,0.00,70.00,0.00,1,'2026-01-14 14:42:36'),(229,202,13,56.00,0.00,70.00,0.00,1,'2026-01-14 14:59:35'),(230,203,13,2.00,70.00,70.00,140.00,1,'2026-01-14 15:00:46'),(231,204,5,20.00,0.00,200.00,0.00,1,'2026-01-14 15:19:30'),(232,205,7,12.00,200.00,200.00,2400.00,1,'2026-01-14 15:20:06'),(233,205,11,13.00,0.00,0.00,0.00,1,'2026-01-14 15:20:06'),(234,206,5,10.00,200.00,200.00,2000.00,1,'2026-01-16 15:17:49'),(235,206,13,6.00,70.00,70.00,420.00,1,'2026-01-16 15:17:49'),(236,206,11,100.00,3.50,3.50,350.00,1,'2026-01-16 15:17:49'),(237,206,11,11.00,0.00,0.00,0.00,1,'2026-01-16 15:17:49'),(238,207,10,10.00,190.00,190.00,1900.00,1,'2026-01-16 15:27:25'),(239,207,11,11.00,0.00,0.00,0.00,1,'2026-01-16 15:27:25'),(240,208,14,6.00,1070.00,1070.00,6420.00,1,'2026-01-16 15:41:10'),(241,209,12,6.00,1070.00,1070.00,6420.00,1,'2026-01-17 08:23:30'),(242,210,14,2.00,1070.00,1070.00,2140.00,1,'2026-01-17 08:40:28'),(243,210,12,3.00,3.50,3.50,10.50,1,'2026-01-17 08:40:28'),(244,211,13,30.00,0.00,70.00,0.00,8,'2026-01-17 11:05:55'),(245,212,5,15.00,0.00,200.00,0.00,8,'2026-01-17 11:10:43'),(246,213,7,200.00,200.00,200.00,40000.00,8,'2026-01-17 11:19:05'),(247,213,11,220.00,0.00,0.00,0.00,8,'2026-01-17 11:19:05'),(248,214,12,1.00,1250.00,1250.00,1250.00,8,'2026-01-17 11:23:38'),(249,214,14,2.00,1070.00,1070.00,2140.00,8,'2026-01-17 11:23:38'),(250,215,14,2.00,1070.00,1070.00,2140.00,8,'2026-01-19 08:44:58'),(251,216,5,10.00,200.00,200.00,2000.00,8,'2026-01-19 09:30:58'),(252,216,11,11.00,0.00,0.00,0.00,8,'2026-01-19 09:30:58'),(253,217,7,11.00,200.00,200.00,2200.00,8,'2026-01-19 09:31:21'),(254,217,11,12.00,0.00,0.00,0.00,8,'2026-01-19 09:31:21'),(255,218,14,23.00,856.00,1070.00,19688.00,1,'2026-01-19 11:07:44'),(256,219,5,20.00,200.00,200.00,4000.00,2,'2026-01-19 11:13:14'),(257,219,11,22.00,0.00,0.00,0.00,2,'2026-01-19 11:13:14'),(258,220,11,100.00,1070.00,1070.00,107000.00,2,'2026-01-19 11:14:30'),(259,221,14,1.00,1070.00,1070.00,1070.00,2,'2026-01-19 12:04:55'),(260,222,14,1.00,1070.00,1070.00,1070.00,2,'2026-01-19 15:52:45'),(261,223,14,1.00,1070.00,1070.00,1070.00,2,'2026-01-19 15:53:27'),(262,224,12,2.00,1250.00,1250.00,2500.00,2,'2026-01-19 15:54:39'),(263,225,5,10.00,200.00,200.00,2000.00,2,'2026-01-19 15:56:58'),(264,225,11,11.00,0.00,0.00,0.00,2,'2026-01-19 15:56:58'),(265,226,5,10.00,200.00,200.00,2000.00,2,'2026-01-19 15:58:05'),(266,226,7,10.00,200.00,200.00,2000.00,2,'2026-01-19 15:58:05'),(267,226,11,22.00,0.00,0.00,0.00,2,'2026-01-19 15:58:05'),(268,227,12,50.00,1000.00,1250.00,50000.00,1,'2026-01-19 16:06:48'),(269,227,14,30.00,856.00,1070.00,25680.00,1,'2026-01-19 16:06:48'),(270,228,14,8.00,856.00,1070.00,6848.00,2,'2026-01-19 16:07:50'),(271,229,14,3.00,1070.00,1070.00,3210.00,2,'2026-01-20 08:21:12'),(272,230,8,30.00,104.00,130.00,3120.00,1,'2026-01-20 10:53:00'),(273,231,15,100.00,0.00,60.00,0.00,1,'2026-01-21 08:52:08'),(274,232,14,10.00,1070.00,1070.00,10700.00,2,'2026-01-21 09:01:19'),(275,233,5,2.00,200.00,200.00,400.00,8,'2026-01-22 16:03:12'),(276,233,11,2.00,0.00,0.00,0.00,8,'2026-01-22 16:03:12'),(277,234,14,1.00,1070.00,1070.00,1070.00,8,'2026-01-23 11:02:52'),(278,234,12,1.00,1250.00,1250.00,1250.00,8,'2026-01-23 11:02:52'),(279,235,14,1.00,1070.00,1070.00,1070.00,8,'2026-01-23 11:26:21'),(280,235,12,1.00,1250.00,1250.00,1250.00,8,'2026-01-23 11:26:21'),(281,236,5,5.00,200.00,200.00,1000.00,2,'2026-01-23 14:25:13'),(282,236,10,5.00,190.00,190.00,950.00,2,'2026-01-23 14:25:13'),(283,236,3,5.00,160.00,160.00,800.00,2,'2026-01-23 14:25:13'),(284,236,11,16.00,0.00,0.00,0.00,2,'2026-01-23 14:25:13'),(285,237,5,100.00,160.00,200.00,16000.00,2,'2026-01-23 15:24:32'),(286,237,10,100.00,152.00,190.00,15200.00,2,'2026-01-23 15:24:33'),(287,237,3,100.00,128.00,160.00,12800.00,2,'2026-01-23 15:24:33'),(288,238,13,10.00,70.00,70.00,700.00,1,'2026-01-24 09:27:47'),(289,239,12,6.00,1250.00,1250.00,7500.00,1,'2026-01-28 13:44:26'),(290,240,11,100.00,130.00,130.00,13000.00,1,'2026-01-28 13:45:01'),(291,241,14,2.00,1070.00,1070.00,2140.00,2,'2026-01-30 08:50:02'),(292,241,12,2.00,1250.00,1250.00,2500.00,2,'2026-01-30 08:50:02'),(293,242,11,100.00,3.50,3.50,350.00,2,'2026-02-04 10:25:09'),(294,243,14,3.00,1070.00,1070.00,3210.00,1,'2026-02-05 08:14:57'),(295,244,5,100.00,160.00,200.00,16000.00,1,'2026-02-05 08:32:09'),(296,245,5,6.00,160.00,200.00,960.00,1,'2026-02-05 08:36:15'),(297,246,5,10.00,160.00,200.00,1600.00,1,'2026-02-05 09:58:43'),(298,246,7,10.00,160.00,200.00,1600.00,1,'2026-02-05 09:58:43'),(299,246,10,10.00,152.00,190.00,1520.00,1,'2026-02-05 09:58:43'),(300,247,5,10.00,160.00,200.00,1600.00,1,'2026-02-05 09:59:53'),(301,247,7,10.00,160.00,200.00,1600.00,1,'2026-02-05 09:59:53'),(302,247,10,10.00,152.00,190.00,1520.00,1,'2026-02-05 09:59:53'),(303,247,2,10.00,152.00,190.00,1520.00,1,'2026-02-05 09:59:53'),(304,248,5,100.00,0.00,200.00,0.00,1,'2026-02-05 10:17:59'),(305,249,5,100.00,160.00,200.00,16000.00,1,'2026-02-06 11:25:00'),(306,250,5,10.00,160.00,200.00,1600.00,1,'2026-02-06 15:16:21'),(307,251,5,20.00,160.00,200.00,3200.00,1,'2026-02-06 15:39:24'),(308,252,5,100.00,160.00,200.00,16000.00,1,'2026-02-06 15:40:23'),(309,253,14,5.00,1070.00,1070.00,5350.00,2,'2026-02-06 15:48:58'),(310,253,12,6.00,1250.00,1250.00,7500.00,2,'2026-02-06 15:48:58'),(311,253,11,100.00,3.50,3.50,350.00,2,'2026-02-06 15:48:58'),(312,259,5,1.00,160.00,200.00,160.00,1,'2026-02-07 10:48:20'),(313,260,5,1.00,160.00,200.00,160.00,1,'2026-02-07 10:48:20'),(314,261,5,10.00,160.00,200.00,1600.00,1,'2026-02-07 10:50:12'),(315,262,5,10.00,160.00,200.00,1600.00,1,'2026-02-07 10:50:12'),(316,264,5,9.00,160.00,200.00,1440.00,1,'2026-02-07 11:42:14'),(317,265,5,9.00,160.00,200.00,1440.00,1,'2026-02-07 11:42:14'),(318,266,7,29.00,160.00,200.00,4640.00,1,'2026-02-07 14:27:01'),(319,267,5,10.00,60.00,60.00,600.00,1,'2026-02-07 14:29:36'),(320,267,16,10.00,185.00,185.00,1850.00,1,'2026-02-07 14:29:36'),(321,267,11,22.00,0.00,0.00,0.00,1,'2026-02-07 14:29:36'),(322,268,12,65.00,1000.00,1250.00,65000.00,1,'2026-02-09 09:10:41'),(323,269,14,10.00,1000.00,1250.00,10000.00,1,'2026-02-09 09:16:01'),(324,270,14,10.00,1070.00,1070.00,10700.00,1,'2026-02-09 09:24:48'),(325,271,14,1.00,1070.00,1070.00,1070.00,1,'2026-02-09 09:25:20'),(326,273,5,5.00,0.00,200.00,1000.00,2,'2026-02-13 12:05:53'),(327,273,7,5.00,0.00,200.00,1000.00,2,'2026-02-13 12:05:53'),(328,274,15,1.00,60.00,60.00,60.00,1,'2026-02-17 09:46:23'),(329,275,5,100.00,160.00,200.00,16000.00,1,'2026-02-17 11:39:56'),(330,275,10,100.00,152.00,190.00,15200.00,1,'2026-02-17 11:39:56'),(331,275,2,100.00,152.00,190.00,15200.00,1,'2026-02-17 11:39:56'),(332,276,5,10.00,0.00,200.00,0.00,1,'2026-02-17 11:50:53'),(333,277,5,1.00,0.00,200.00,0.00,1,'2026-02-17 12:01:38'),(334,278,15,1.00,60.00,60.00,60.00,1,'2026-02-17 12:03:43'),(335,279,5,20.00,160.00,200.00,3200.00,1,'2026-02-17 14:08:20'),(336,280,5,20.00,160.00,200.00,3200.00,1,'2026-02-17 14:08:20'),(337,281,5,1.00,0.00,200.00,0.00,1,'2026-02-17 14:09:18'),(338,282,5,2.00,120.00,200.00,240.00,1,'2026-02-17 14:59:03'),(339,283,5,1.00,200.00,200.00,200.00,1,'2026-02-17 15:04:18'),(340,283,11,1.00,0.00,0.00,0.00,1,'2026-02-17 15:04:18'),(341,284,5,2.00,200.00,200.00,240.00,1,'2026-02-17 15:26:49'),(342,284,2,2.00,190.00,190.00,228.00,1,'2026-02-17 15:26:49'),(343,285,5,10.00,200.00,200.00,1200.00,1,'2026-02-17 15:42:29'),(344,286,5,10.00,200.00,200.00,1200.00,1,'2026-02-17 15:43:10'),(345,286,2,10.00,190.00,190.00,1140.00,1,'2026-02-17 15:43:10'),(346,287,5,5.00,200.00,200.00,1000.00,1,'2026-02-18 08:27:09'),(347,288,5,30.00,160.00,200.00,4800.00,1,'2026-02-18 08:37:17'),(348,288,7,40.00,160.00,200.00,6400.00,1,'2026-02-18 08:37:17'),(349,288,10,60.00,152.00,190.00,9120.00,1,'2026-02-18 08:37:17'),(350,288,2,48.00,152.00,190.00,7296.00,1,'2026-02-18 08:37:17'),(351,289,7,5.00,200.00,200.00,1000.00,1,'2026-02-18 08:44:01'),(352,290,5,1.00,0.00,200.00,200.00,2,'2026-02-18 09:30:55'),(353,290,7,1.00,0.00,200.00,200.00,2,'2026-02-18 09:30:55'),(354,290,10,1.00,0.00,190.00,190.00,2,'2026-02-18 09:30:55'),(355,290,2,1.00,0.00,190.00,190.00,2,'2026-02-18 09:30:55'),(356,290,16,1.00,0.00,185.00,185.00,2,'2026-02-18 09:30:55'),(357,290,3,1.00,0.00,180.00,180.00,2,'2026-02-18 09:30:55'),(358,290,8,1.00,0.00,160.00,160.00,2,'2026-02-18 09:30:55'),(359,291,5,4.00,0.00,190.00,760.00,2,'2026-02-18 11:02:14'),(360,291,7,4.00,0.00,190.00,760.00,2,'2026-02-18 11:02:14'),(361,291,10,3.00,0.00,185.00,555.00,2,'2026-02-18 11:02:14'),(362,291,2,4.00,0.00,190.00,760.00,2,'2026-02-18 11:02:14'),(363,291,16,4.00,0.00,175.00,700.00,2,'2026-02-18 11:02:14'),(364,291,3,4.00,0.00,180.00,720.00,2,'2026-02-18 11:02:14'),(365,292,15,1.00,60.00,60.00,60.00,1,'2026-02-19 09:06:47'),(366,293,19,10.00,950.00,950.00,9500.00,1,'2026-02-20 10:46:09'),(367,293,17,10.00,900.00,900.00,9000.00,1,'2026-02-20 10:46:09'),(368,293,18,10.00,850.00,850.00,8500.00,1,'2026-02-20 10:46:09'),(369,294,5,1.00,0.00,190.00,190.00,2,'2026-02-20 11:35:23'),(370,294,7,1.00,0.00,190.00,190.00,2,'2026-02-20 11:35:23'),(371,294,10,1.00,0.00,185.00,185.00,2,'2026-02-20 11:35:23'),(372,294,2,1.00,0.00,190.00,190.00,2,'2026-02-20 11:35:23'),(373,294,16,1.00,0.00,175.00,175.00,2,'2026-02-20 11:35:23'),(374,294,3,1.00,0.00,180.00,180.00,2,'2026-02-20 11:35:23'),(375,294,8,2.00,0.00,165.00,330.00,2,'2026-02-20 11:35:23'),(376,295,19,6.00,1030.00,1030.00,6180.00,1,'2026-02-20 15:01:00'),(377,296,5,5.00,0.00,190.00,950.00,2,'2026-02-21 08:57:06'),(378,296,10,5.00,0.00,185.00,925.00,2,'2026-02-21 08:57:06'),(379,296,2,5.00,0.00,190.00,950.00,2,'2026-02-21 08:57:06'),(380,296,3,5.00,0.00,180.00,900.00,2,'2026-02-21 08:57:06'),(381,297,10,10.00,165.00,165.00,1650.00,1,'2026-02-23 14:16:45'),(382,297,11,11.00,0.00,0.00,0.00,1,'2026-02-23 14:16:45'),(383,298,5,10.00,0.00,190.00,1900.00,2,'2026-02-23 14:20:36'),(384,298,7,10.00,0.00,190.00,1900.00,2,'2026-02-23 14:20:36'),(385,298,10,10.00,0.00,185.00,1850.00,2,'2026-02-23 14:20:36'),(386,299,5,10.00,0.00,190.00,1900.00,2,'2026-02-25 08:57:51'),(387,299,7,11.00,0.00,190.00,2090.00,2,'2026-02-25 08:57:51'),(388,300,10,10.00,0.00,185.00,1850.00,2,'2026-02-26 08:47:11'),(389,300,2,10.00,0.00,190.00,1900.00,2,'2026-02-26 08:47:11'),(390,301,3,100.00,165.00,165.00,16500.00,1,'2026-02-26 09:17:10'),(391,301,16,60.00,155.00,155.00,9300.00,1,'2026-02-26 09:17:10'),(392,301,2,140.00,175.00,175.00,24500.00,1,'2026-02-26 09:17:10'),(393,301,11,330.00,0.00,0.00,0.00,1,'2026-02-26 09:17:10'),(394,302,10,20.00,0.00,185.00,3700.00,2,'2026-02-27 09:55:15'),(395,302,2,1.00,0.00,190.00,190.00,2,'2026-02-27 09:55:15'),(396,302,16,30.00,0.00,175.00,5250.00,2,'2026-02-27 09:55:15'),(397,302,3,5.00,0.00,180.00,900.00,2,'2026-02-27 09:55:15'),(398,303,10,4.00,0.00,185.00,740.00,2,'2026-02-27 11:15:50'),(399,303,16,4.00,0.00,175.00,700.00,2,'2026-02-27 11:15:50'),(400,303,3,4.00,0.00,180.00,720.00,2,'2026-02-27 11:15:50'),(401,303,8,4.00,0.00,165.00,660.00,2,'2026-02-27 11:15:50'),(402,304,3,9.00,0.00,180.00,1620.00,2,'2026-02-27 14:17:56'),(403,305,5,10.00,0.00,190.00,1900.00,2,'2026-03-03 14:05:44'),(404,305,7,10.00,0.00,190.00,1900.00,2,'2026-03-03 14:05:44'),(405,305,2,10.00,0.00,190.00,1900.00,2,'2026-03-03 14:05:44'),(406,306,5,10.00,0.00,190.00,1900.00,2,'2026-03-04 08:14:05'),(407,306,7,10.00,0.00,190.00,1900.00,2,'2026-03-04 08:14:06'),(408,307,5,1.00,0.00,190.00,190.00,2,'2026-03-04 15:07:30'),(409,307,2,4.00,0.00,190.00,760.00,2,'2026-03-04 15:07:30'),(410,307,16,1.00,0.00,175.00,175.00,2,'2026-03-04 15:07:30'),(411,307,3,5.00,0.00,180.00,900.00,2,'2026-03-04 15:07:30'),(412,307,8,3.00,0.00,165.00,495.00,2,'2026-03-04 15:07:30'),(413,308,10,10.00,0.00,185.00,1850.00,2,'2026-03-05 08:33:25'),(414,308,2,10.00,0.00,190.00,1900.00,2,'2026-03-05 08:33:25'),(415,308,16,10.00,0.00,175.00,1750.00,2,'2026-03-05 08:33:25'),(416,308,3,10.00,0.00,180.00,1800.00,2,'2026-03-05 08:33:25'),(417,308,8,10.00,0.00,165.00,1650.00,2,'2026-03-05 08:33:25'),(418,309,5,10.00,0.00,190.00,1900.00,2,'2026-03-06 09:43:17'),(419,309,7,10.00,0.00,190.00,1900.00,2,'2026-03-06 09:43:17'),(420,309,2,10.00,0.00,190.00,1900.00,2,'2026-03-06 09:43:17'),(421,309,16,10.00,0.00,175.00,1750.00,2,'2026-03-06 09:43:17'),(422,310,5,10.00,0.00,190.00,1900.00,6,'2026-03-06 15:15:23'),(423,311,5,10.00,0.00,190.00,1900.00,6,'2026-03-06 15:27:42'),(424,312,5,100.00,160.00,200.00,16000.00,2,'2026-03-06 15:30:36'),(425,313,5,5.00,0.00,190.00,950.00,6,'2026-03-06 15:32:27'),(426,314,5,1.00,200.00,200.00,200.00,2,'2026-03-09 08:41:33'),(427,314,11,1.00,0.00,0.00,0.00,2,'2026-03-09 08:41:33'),(428,315,16,10.00,0.00,175.00,1750.00,2,'2026-03-09 08:42:37'),(429,316,16,10.00,0.00,175.00,1750.00,2,'2026-03-09 10:27:00'),(430,316,3,10.00,0.00,180.00,1800.00,2,'2026-03-09 10:27:00'),(431,317,5,10.00,160.00,200.00,1600.00,1,'2026-03-09 15:24:19'),(432,317,7,10.00,160.00,200.00,1600.00,1,'2026-03-09 15:24:19'),(433,318,7,1.00,0.00,190.00,190.00,12,'2026-03-09 15:54:22'),(434,318,3,1.00,0.00,180.00,180.00,12,'2026-03-09 15:54:22'),(435,319,3,1.00,0.00,180.00,180.00,6,'2026-03-10 10:21:21'),(436,320,10,9.00,0.00,185.00,1665.00,6,'2026-03-10 15:08:57'),(437,321,2,10.00,0.00,190.00,1900.00,6,'2026-03-10 15:22:19'),(438,322,10,5.00,0.00,185.00,925.00,6,'2026-03-11 15:37:27'),(439,323,5,20.00,0.00,190.00,3800.00,2,'2026-03-12 08:18:21'),(440,323,16,20.00,0.00,175.00,3500.00,2,'2026-03-12 08:18:21'),(441,323,3,20.00,0.00,180.00,3600.00,2,'2026-03-12 08:18:21'),(442,323,8,20.00,0.00,165.00,3300.00,2,'2026-03-12 08:18:21'),(443,324,10,20.00,0.00,185.00,3700.00,2,'2026-03-13 10:12:59'),(444,324,8,30.00,0.00,165.00,4950.00,2,'2026-03-13 10:12:59'),(445,325,8,37.00,0.00,165.00,6105.00,2,'2026-03-16 09:08:53'),(446,326,7,30.00,0.00,190.00,5700.00,2,'2026-03-17 10:13:15'),(447,327,5,100.00,0.00,190.00,19000.00,2,'2026-03-18 09:48:40'),(448,327,7,60.00,0.00,190.00,11400.00,2,'2026-03-18 09:48:40'),(449,327,10,50.00,0.00,185.00,9250.00,2,'2026-03-18 09:48:40'),(450,327,2,30.00,0.00,190.00,5700.00,2,'2026-03-18 09:48:40'),(451,327,16,40.00,0.00,175.00,7000.00,2,'2026-03-18 09:48:40'),(452,327,3,60.00,0.00,180.00,10800.00,2,'2026-03-18 09:48:40'),(453,328,10,100.00,0.00,185.00,18500.00,2,'2026-03-19 08:48:44'),(454,328,2,100.00,0.00,190.00,19000.00,2,'2026-03-19 08:48:44'),(455,328,16,40.00,0.00,175.00,7000.00,2,'2026-03-19 08:48:44'),(456,328,3,40.00,0.00,180.00,7200.00,2,'2026-03-19 08:48:44'),(457,329,10,20.00,0.00,185.00,3700.00,2,'2026-03-20 08:59:53'),(458,329,2,20.00,0.00,190.00,3800.00,2,'2026-03-20 08:59:53'),(459,329,16,10.00,0.00,175.00,1750.00,2,'2026-03-20 08:59:53'),(460,330,5,51.00,0.00,190.00,9690.00,2,'2026-03-23 08:50:28'),(461,330,10,100.00,0.00,185.00,18500.00,2,'2026-03-23 08:50:28'),(462,330,2,100.00,0.00,190.00,19000.00,2,'2026-03-23 08:50:28'),(463,330,16,15.00,0.00,175.00,2625.00,2,'2026-03-23 08:50:28'),(464,331,5,100.00,0.00,200.00,0.00,2,'2026-03-23 08:52:45'),(465,331,16,100.00,0.00,185.00,0.00,2,'2026-03-23 08:52:45'),(466,331,3,60.00,0.00,180.00,0.00,2,'2026-03-23 08:52:45'),(467,332,5,50.00,0.00,190.00,9500.00,2,'2026-03-24 08:39:29'),(468,332,10,100.00,0.00,185.00,18500.00,2,'2026-03-24 08:39:29'),(469,332,3,100.00,0.00,180.00,18000.00,2,'2026-03-24 08:39:29'),(470,333,5,100.00,0.00,190.00,19000.00,2,'2026-03-27 10:44:22'),(471,334,5,100.00,0.00,190.00,19000.00,2,'2026-03-30 09:14:43'),(472,334,7,100.00,0.00,190.00,19000.00,2,'2026-03-30 09:14:43'),(473,334,10,100.00,0.00,185.00,18500.00,2,'2026-03-30 09:14:43'),(474,335,3,100.00,165.00,165.00,16500.00,2,'2026-03-30 09:18:23'),(475,335,16,20.00,155.00,155.00,3100.00,2,'2026-03-30 09:18:23'),(476,335,11,132.00,0.00,0.00,0.00,2,'2026-03-30 09:18:23'),(477,336,5,100.00,0.00,190.00,19000.00,2,'2026-03-31 09:10:40'),(478,337,10,100.00,0.00,185.00,18500.00,2,'2026-03-31 14:31:49'),(479,337,3,100.00,0.00,180.00,18000.00,2,'2026-03-31 14:31:49'),(480,338,16,2.00,0.00,175.00,350.00,2,'2026-03-31 15:19:28'),(481,339,16,100.00,0.00,185.00,0.00,1,'2026-03-31 15:20:43'),(482,340,16,100.00,0.00,185.00,0.00,1,'2026-03-31 15:20:43'),(483,341,16,50.00,0.00,175.00,8750.00,2,'2026-03-31 15:32:13'),(484,342,5,100.00,0.00,190.00,19000.00,2,'2026-04-01 08:31:40'),(485,342,16,50.00,0.00,175.00,8750.00,2,'2026-04-01 08:31:40'),(486,343,5,100.00,0.00,190.00,19000.00,2,'2026-04-04 08:48:55'),(487,343,10,100.00,0.00,185.00,18500.00,2,'2026-04-04 08:48:55'),(488,344,10,30.00,190.00,190.00,5700.00,1,'2026-04-07 14:37:48'),(489,344,11,33.00,0.00,0.00,0.00,1,'2026-04-07 14:37:48'),(490,347,2,30.00,0.00,150.00,4500.00,1,'2026-04-08 09:46:49'),(491,348,2,30.00,0.00,150.00,4500.00,1,'2026-04-08 09:53:29'),(492,349,2,50.00,0.00,150.00,7500.00,1,'2026-04-08 10:01:19'),(493,350,2,130.00,0.00,150.00,19500.00,1,'2026-04-08 10:41:11'),(494,351,2,70.00,0.00,150.00,10500.00,1,'2026-04-08 11:21:18'),(495,352,2,10.00,0.00,150.00,1500.00,1,'2026-04-08 11:26:50'),(496,353,2,10.00,0.00,150.00,1500.00,1,'2026-04-08 11:30:57'),(497,354,2,10.00,0.00,150.00,1500.00,1,'2026-04-08 11:34:37'),(498,355,2,10.00,0.00,150.00,1500.00,1,'2026-04-08 11:58:34'),(499,356,2,10.00,0.00,150.00,1500.00,1,'2026-04-08 12:00:09'),(500,357,2,10.00,0.00,150.00,1500.00,1,'2026-04-08 13:23:42'),(501,358,2,10.00,0.00,150.00,1500.00,1,'2026-04-08 13:34:27'),(502,359,2,10.00,0.00,150.00,1500.00,1,'2026-04-08 13:35:41'),(503,360,2,10.00,0.00,150.00,1500.00,1,'2026-04-08 13:38:01'),(504,361,2,10.00,0.00,150.00,1500.00,1,'2026-04-08 13:42:09'),(505,362,2,1.00,0.00,150.00,150.00,1,'2026-04-08 13:56:32'),(506,363,2,10.00,0.00,150.00,1500.00,1,'2026-04-08 14:13:44'),(507,364,2,9.00,0.00,150.00,1350.00,1,'2026-04-08 14:21:29'),(508,365,2,100.00,0.00,150.00,15000.00,1,'2026-04-08 14:32:23'),(509,366,5,5.00,0.00,170.00,850.00,1,'2026-04-08 14:53:12'),(510,367,5,5.00,0.00,170.00,850.00,1,'2026-04-08 15:01:07'),(511,368,5,10.00,0.00,170.00,1700.00,1,'2026-04-08 15:13:48'),(512,369,16,100.00,130.00,130.00,13000.00,1,'2026-04-08 15:27:16'),(513,370,10,30.00,180.00,180.00,5400.00,1,'2026-04-08 15:31:57'),(514,370,11,33.00,0.00,0.00,0.00,1,'2026-04-08 15:31:57'),(515,371,2,60.00,0.00,150.00,9000.00,1,'2026-04-09 08:43:25'),(516,372,5,5.00,0.00,170.00,850.00,1,'2026-04-13 08:58:40'),(517,373,5,100.00,0.00,190.00,19000.00,2,'2026-04-13 09:10:02'),(518,374,5,100.00,170.00,170.00,17000.00,1,'2026-04-15 11:14:32'),(519,374,11,110.00,0.00,0.00,0.00,1,'2026-04-15 11:14:32'),(520,375,7,100.00,200.00,200.00,20000.00,1,'2026-04-15 11:43:52'),(521,375,11,110.00,0.00,0.00,0.00,1,'2026-04-15 11:43:52'),(522,376,5,5.00,0.00,170.00,850.00,1,'2026-04-15 15:25:42'),(523,377,5,10.00,0.00,170.00,1700.00,1,'2026-04-15 15:27:39'),(524,378,10,30.00,170.00,170.00,5100.00,1,'2026-04-15 15:29:54'),(525,378,11,33.00,0.00,0.00,0.00,1,'2026-04-15 15:29:54'),(526,379,11,300.00,3.50,3.50,1050.00,1,'2026-04-15 15:32:04'),(527,380,5,10.00,200.00,200.00,2000.00,1,'2026-04-15 15:39:15'),(528,380,2,10.00,190.00,190.00,1900.00,1,'2026-04-15 15:39:15'),(529,380,10,100.00,190.00,190.00,19000.00,1,'2026-04-15 15:39:15'),(530,380,11,132.00,0.00,0.00,0.00,1,'2026-04-15 15:39:15'),(531,381,11,100.00,3.50,3.50,350.00,1,'2026-04-15 15:39:58'),(532,382,7,100.00,200.00,200.00,20000.00,1,'2026-04-16 08:27:44'),(533,382,11,110.00,0.00,0.00,0.00,1,'2026-04-16 08:27:44'),(534,383,7,90.00,0.00,190.00,17100.00,2,'2026-04-16 08:59:42'),(535,383,3,100.00,0.00,180.00,18000.00,2,'2026-04-16 08:59:42'),(536,384,10,100.00,155.00,155.00,15500.00,1,'2026-04-16 15:36:24'),(537,385,17,10.00,949.98,949.98,9499.80,1,'2026-04-17 09:00:50'),(538,385,14,15.00,1000.00,1000.00,15000.00,1,'2026-04-17 09:00:50'),(539,385,19,15.00,1020.00,1020.00,15300.00,1,'2026-04-17 09:00:50'),(540,385,12,10.00,1050.00,1050.00,10500.00,1,'2026-04-17 09:00:50'),(541,386,17,-10.00,949.98,0.00,-9499.80,1,'2026-04-17 09:01:16'),(542,386,14,-15.00,1000.00,0.00,-15000.00,1,'2026-04-17 09:01:16'),(543,386,19,-15.00,1020.00,0.00,-15300.00,1,'2026-04-17 09:01:16'),(544,386,12,-10.00,1050.00,0.00,-10500.00,1,'2026-04-17 09:01:16'),(545,387,19,10.00,900.00,900.00,9000.00,1,'2026-04-17 09:03:46'),(546,387,17,30.00,850.00,850.00,25500.00,1,'2026-04-17 09:03:46'),(547,387,18,70.00,23.00,23.00,1610.00,1,'2026-04-17 09:03:46'),(548,387,14,15.00,980.00,980.00,14700.00,1,'2026-04-17 09:03:46'),(549,387,12,10.00,1020.00,1020.00,10200.00,1,'2026-04-17 09:03:46'),(550,388,2,100.00,145.00,145.00,14500.00,1,'2026-04-17 11:43:26'),(551,388,7,150.00,155.00,155.00,23250.00,1,'2026-04-17 11:43:26'),(552,388,8,200.00,90.00,90.00,18000.00,1,'2026-04-17 11:43:26'),(553,389,7,10.00,200.00,200.00,2000.00,1,'2026-04-17 15:48:23'),(554,389,11,11.00,0.00,0.00,0.00,1,'2026-04-17 15:48:23'),(555,390,5,10.00,0.00,190.00,1900.00,2,'2026-04-17 15:54:56'),(556,391,5,7.00,200.00,200.00,1400.00,1,'2026-04-20 08:56:42'),(557,391,11,7.00,0.00,0.00,0.00,1,'2026-04-20 08:56:42'),(558,392,16,10.00,180.00,180.00,1800.00,2,'2026-04-20 08:57:39'),(559,392,11,11.00,0.00,0.00,0.00,2,'2026-04-20 08:57:39'),(560,393,11,1000.00,3.50,3.50,3500.00,2,'2026-04-20 09:29:35'),(561,394,2,10.00,175.00,175.00,1750.00,2,'2026-04-20 09:39:36'),(562,394,11,11.00,0.00,0.00,0.00,2,'2026-04-20 09:39:36'),(563,395,5,10.00,170.00,170.00,1700.00,1,'2026-04-20 10:09:22'),(564,395,11,11.00,0.00,0.00,0.00,1,'2026-04-20 10:09:22'),(565,396,7,7.00,175.00,175.00,1225.00,1,'2026-04-20 11:23:44'),(566,396,11,7.00,0.00,0.00,0.00,1,'2026-04-20 11:23:44'),(567,397,17,6.00,1023.00,1023.00,6138.00,1,'2026-04-22 08:19:47'),(568,398,19,6.00,1030.00,1030.00,6180.00,1,'2026-04-22 08:29:31'),(569,399,5,5.00,0.00,190.00,950.00,6,'2026-04-22 11:06:54'),(570,400,19,10.00,790.00,790.00,7900.00,1,'2026-04-22 13:52:03'),(571,400,17,5.00,820.00,820.00,4100.00,1,'2026-04-22 13:52:03'),(572,400,18,8.00,980.00,980.00,7840.00,1,'2026-04-22 13:52:03'),(573,400,14,10.00,1080.00,1080.00,10800.00,1,'2026-04-22 13:52:03'),(574,400,12,10.00,1010.00,1010.00,10100.00,1,'2026-04-22 13:52:03'),(575,401,2,40.00,0.00,150.00,6000.00,1,'2026-04-22 13:58:59'),(576,402,19,10.00,1030.00,1030.00,10300.00,1,'2026-04-22 14:51:35'),(577,403,5,10.00,200.00,200.00,2000.00,1,'2026-04-24 11:21:11'),(578,403,11,11.00,0.00,0.00,0.00,1,'2026-04-24 11:21:11'),(579,404,5,1.00,200.00,200.00,200.00,1,'2026-04-24 15:00:22'),(580,404,11,1.00,0.00,0.00,0.00,1,'2026-04-24 15:00:22'),(581,405,5,10.00,170.00,170.00,1700.00,1,'2026-04-30 10:39:10'),(582,405,11,11.00,0.00,0.00,0.00,1,'2026-04-30 10:39:10'),(583,406,12,1.00,1200.00,1200.00,1200.00,1,'2026-04-30 14:56:42'),(584,407,12,1.00,1200.00,1200.00,1200.00,1,'2026-04-30 14:57:32'),(585,408,19,1.00,1030.00,1030.00,1030.00,1,'2026-04-30 14:59:09'),(586,409,19,1.00,1030.00,1030.00,1030.00,1,'2026-04-30 14:59:30'),(587,410,19,1.00,1030.00,1030.00,1030.00,1,'2026-04-30 15:08:57'),(588,411,19,1.00,1030.00,1030.00,1030.00,1,'2026-04-30 15:09:12'),(589,412,19,1.00,1030.00,1030.00,1030.00,2,'2026-04-30 15:16:18'),(594,413,10,15.00,165.00,165.00,2475.00,1,'2026-05-04 09:21:51'),(595,413,2,19.00,175.00,175.00,3325.00,1,'2026-05-04 09:21:52'),(596,413,11,100.00,3.00,3.00,300.00,1,'2026-05-04 09:21:52'),(597,413,11,37.00,0.00,0.00,0.00,1,'2026-05-04 09:21:52'),(598,414,16,1.00,155.00,155.00,155.00,1,'2026-05-04 09:22:23'),(599,414,11,1.00,0.00,0.00,0.00,1,'2026-05-04 09:22:23'),(601,415,19,5.00,1030.00,1030.00,5150.00,1,'2026-05-04 09:27:16'),(603,416,14,4.00,1070.00,1070.00,4280.00,1,'2026-05-04 09:41:19'),(604,417,19,14.00,991.00,991.00,13874.00,1,'2026-05-04 14:52:49'),(605,418,19,-14.00,991.00,0.00,-13874.00,1,'2026-05-04 15:06:28'),(606,419,19,6.00,993.00,993.00,5958.00,1,'2026-05-04 15:14:10'),(607,420,2,20.00,0.00,150.00,3000.00,1,'2026-05-06 11:03:02'),(608,421,8,100.00,145.00,145.00,14500.00,1,'2026-05-06 14:22:33'),(609,421,11,110.00,0.00,0.00,0.00,1,'2026-05-06 14:22:33'),(610,422,19,3.00,1030.00,1030.00,3090.00,1,'2026-05-07 15:02:50'),(611,422,17,5.00,1023.00,1023.00,5115.00,1,'2026-05-07 15:02:50'),(612,422,18,8.00,820.00,820.00,6560.00,1,'2026-05-07 15:02:50');
/*!40000 ALTER TABLE `detalle_movimientos_inventario` ENABLE KEYS */;
UNLOCK TABLES;

--
-- Table structure for table `detalle_pedidos`
--

DROP TABLE IF EXISTS `detalle_pedidos`;
/*!40101 SET @saved_cs_client     = @@character_set_client */;
/*!50503 SET character_set_client = utf8mb4 */;
CREATE TABLE `detalle_pedidos` (
  `ID_Detalle_Pedido` int NOT NULL AUTO_INCREMENT,
  `ID_Pedido` int NOT NULL,
  `ID_Producto` int NOT NULL,
  `Precio_Unitario` decimal(12,2) NOT NULL,
  `Cantidad` decimal(12,2) NOT NULL,
  `Subtotal` decimal(12,2) NOT NULL,
  `Fecha_Creacion` datetime DEFAULT CURRENT_TIMESTAMP,
  PRIMARY KEY (`ID_Detalle_Pedido`),
  KEY `ID_Pedido` (`ID_Pedido`),
  KEY `ID_Producto` (`ID_Producto`),
  CONSTRAINT `detalle_pedidos_ibfk_1` FOREIGN KEY (`ID_Pedido`) REFERENCES `pedidos` (`ID_Pedido`) ON DELETE CASCADE,
  CONSTRAINT `detalle_pedidos_ibfk_2` FOREIGN KEY (`ID_Producto`) REFERENCES `productos` (`ID_Producto`)
) ENGINE=InnoDB AUTO_INCREMENT=54 DEFAULT CHARSET=utf8mb4 COLLATE=utf8mb4_0900_ai_ci;
/*!40101 SET character_set_client = @saved_cs_client */;

--
-- Dumping data for table `detalle_pedidos`
--

LOCK TABLES `detalle_pedidos` WRITE;
/*!40000 ALTER TABLE `detalle_pedidos` DISABLE KEYS */;
INSERT INTO `detalle_pedidos` VALUES (1,1,14,1070.00,2.00,2140.00,'2026-01-21 09:20:39'),(2,1,12,1250.00,3.00,3750.00,'2026-01-21 09:20:39'),(3,2,14,1070.00,2.00,2140.00,'2026-01-21 09:20:42'),(4,2,12,1250.00,3.00,3750.00,'2026-01-21 09:20:42'),(5,3,5,200.00,10.00,2000.00,'2026-01-21 09:43:48'),(6,4,5,200.00,1.00,200.00,'2026-01-21 10:58:01'),(7,4,2,190.00,1.00,190.00,'2026-01-21 10:58:01'),(8,5,12,1250.00,11.00,13750.00,'2026-01-21 14:23:12'),(9,6,5,200.00,10.00,2000.00,'2026-01-21 15:27:22'),(10,7,5,200.00,1.00,200.00,'2026-01-21 15:28:34'),(11,8,5,200.00,2.00,400.00,'2026-01-22 08:28:57'),(12,9,14,1070.00,1.00,1070.00,'2026-01-23 11:01:55'),(13,9,12,1250.00,1.00,1250.00,'2026-01-23 11:01:55'),(14,10,5,200.00,5.00,1000.00,'2026-01-23 13:45:40'),(15,10,10,190.00,5.00,950.00,'2026-01-23 13:45:40'),(16,10,3,160.00,5.00,800.00,'2026-01-23 13:45:40'),(17,11,14,1070.00,6.00,6420.00,'2026-01-23 14:39:51'),(18,11,12,1250.00,4.00,5000.00,'2026-01-23 14:39:51'),(19,12,14,1070.00,3.00,3210.00,'2026-01-30 08:42:38'),(20,12,12,1250.00,6.00,7500.00,'2026-01-30 08:42:38'),(21,13,11,3.50,100.00,350.00,'2026-02-04 10:24:07'),(22,14,14,1070.00,5.00,5350.00,'2026-02-06 15:47:51'),(23,14,12,1250.00,6.00,7500.00,'2026-02-06 15:47:51'),(24,14,11,3.50,100.00,350.00,'2026-02-06 15:47:51'),(25,15,5,200.00,1.00,200.00,'2026-02-09 14:08:14'),(26,15,7,200.00,1.00,200.00,'2026-02-09 14:08:14'),(27,15,10,190.00,1.00,190.00,'2026-02-09 14:08:14'),(28,16,14,1070.00,2.00,2140.00,'2026-02-10 15:13:30'),(29,16,12,1250.00,3.00,3750.00,'2026-02-10 15:13:30'),(30,17,5,200.00,1.00,200.00,'2026-02-10 15:40:20'),(31,17,7,200.00,1.00,200.00,'2026-02-10 15:40:20'),(32,17,10,190.00,1.00,190.00,'2026-02-10 15:40:20'),(33,17,2,190.00,1.00,190.00,'2026-02-10 15:40:20'),(34,17,16,185.00,1.00,185.00,'2026-02-10 15:40:20'),(35,17,3,160.00,1.00,160.00,'2026-02-10 15:40:20'),(36,17,8,130.00,1.00,130.00,'2026-02-10 15:40:20'),(37,18,5,200.00,5.00,1000.00,'2026-02-10 15:43:13'),(38,19,7,200.00,7.00,1400.00,'2026-02-10 15:45:34'),(39,20,5,200.00,1.00,200.00,'2026-02-11 08:35:57'),(40,20,7,200.00,1.00,200.00,'2026-02-11 08:35:57'),(41,20,2,190.00,1.00,190.00,'2026-02-11 08:35:57'),(42,20,16,185.00,1.00,185.00,'2026-02-11 08:35:57'),(43,21,5,200.00,1.00,200.00,'2026-02-11 08:41:05'),(44,21,7,200.00,1.00,200.00,'2026-02-11 08:41:05'),(45,22,15,60.00,10.00,600.00,'2026-02-11 09:08:47'),(46,26,5,200.00,2.00,400.00,'2026-02-12 12:00:17'),(47,32,5,200.00,1.00,200.00,'2026-02-18 13:50:43'),(48,56,19,1030.00,3.00,3090.00,'2026-03-20 08:59:13'),(49,56,17,1023.00,3.00,3069.00,'2026-03-20 08:59:13'),(50,56,18,820.00,4.00,3280.00,'2026-03-20 08:59:13'),(51,56,14,1070.00,4.00,4280.00,'2026-03-20 08:59:13'),(52,74,2,175.00,10.00,1750.00,'2026-04-20 09:33:05'),(53,75,5,200.00,10.00,2000.00,'2026-05-07 09:14:57');
/*!40000 ALTER TABLE `detalle_pedidos` ENABLE KEYS */;
UNLOCK TABLES;

--
-- Table structure for table `empresa`
--

DROP TABLE IF EXISTS `empresa`;
/*!40101 SET @saved_cs_client     = @@character_set_client */;
/*!50503 SET character_set_client = utf8mb4 */;
CREATE TABLE `empresa` (
  `ID_Empresa` int NOT NULL AUTO_INCREMENT,
  `Nombre_Empresa` varchar(255) NOT NULL,
  `Direccion` varchar(240) DEFAULT NULL,
  `Telefono` varchar(20) DEFAULT NULL,
  `Estado` enum('Activo','Inactivo') DEFAULT 'Activo',
  `RUC` varchar(20) DEFAULT NULL,
  PRIMARY KEY (`ID_Empresa`),
  KEY `idx_empresa_estado` (`Estado`),
  KEY `idx_empresa_nombre` (`Nombre_Empresa`)
) ENGINE=InnoDB AUTO_INCREMENT=3 DEFAULT CHARSET=utf8mb4 COLLATE=utf8mb4_0900_ai_ci;
/*!40101 SET character_set_client = @saved_cs_client */;

--
-- Dumping data for table `empresa`
--

LOCK TABLES `empresa` WRITE;
/*!40000 ALTER TABLE `empresa` DISABLE KEYS */;
INSERT INTO `empresa` VALUES (1,'Granja Avicola FERDEL','Rastro Municipal 150 mts. Norte, Diriomo','81006837','Activo','2031407850000U'),(2,'Cerdos','Rastro Municipal 150 mts. Norte, Diriomo','81006837','Inactivo','2031407850000U');
/*!40000 ALTER TABLE `empresa` ENABLE KEYS */;
UNLOCK TABLES;

--
-- Table structure for table `entregas`
--

DROP TABLE IF EXISTS `entregas`;
/*!40101 SET @saved_cs_client     = @@character_set_client */;
/*!50503 SET character_set_client = utf8mb4 */;
CREATE TABLE `entregas` (
  `ID_Entrega` int NOT NULL AUTO_INCREMENT,
  `ID_Cliente` int NOT NULL COMMENT 'Cliente que recibe',
  `ID_Sucursal` int NOT NULL COMMENT 'Sucursal que recibe',
  `ID_Producto` int NOT NULL COMMENT 'Producto entregado',
  `Cantidad_Cajas` int NOT NULL COMMENT 'Número de cajas',
  `Precio_Unitario` decimal(12,2) NOT NULL COMMENT 'Precio por caja en ese momento',
  `Total` decimal(12,2) NOT NULL COMMENT 'Cantidad_Cajas * Precio_Unitario',
  `Usa_Anticipo` tinyint(1) NOT NULL DEFAULT '0' COMMENT '1=Descuenta del anticipo, 0=Pago normal',
  `ID_Anticipo` int DEFAULT NULL COMMENT 'Anticipo al que se aplica esta entrega',
  `Fecha_Entrega` datetime DEFAULT CURRENT_TIMESTAMP,
  `ID_Usuario` int DEFAULT NULL COMMENT 'Usuario que registró la entrega',
  `Notas` text,
  PRIMARY KEY (`ID_Entrega`),
  KEY `ID_Cliente` (`ID_Cliente`),
  KEY `ID_Sucursal` (`ID_Sucursal`),
  KEY `ID_Producto` (`ID_Producto`),
  KEY `idx_entregas_fecha` (`Fecha_Entrega` DESC),
  KEY `idx_entregas_anticipo` (`ID_Anticipo`),
  CONSTRAINT `entregas_ibfk_1` FOREIGN KEY (`ID_Cliente`) REFERENCES `clientes` (`ID_Cliente`),
  CONSTRAINT `entregas_ibfk_2` FOREIGN KEY (`ID_Sucursal`) REFERENCES `sucursales` (`ID_Sucursal`),
  CONSTRAINT `entregas_ibfk_3` FOREIGN KEY (`ID_Producto`) REFERENCES `productos` (`ID_Producto`)
) ENGINE=InnoDB AUTO_INCREMENT=39 DEFAULT CHARSET=utf8mb4 COLLATE=utf8mb4_0900_ai_ci;
/*!40101 SET character_set_client = @saved_cs_client */;

--
-- Dumping data for table `entregas`
--

LOCK TABLES `entregas` WRITE;
/*!40000 ALTER TABLE `entregas` DISABLE KEYS */;
INSERT INTO `entregas` VALUES (1,13,1,2,10,150.00,1500.00,1,3,'2026-04-07 14:08:36',1,''),(2,13,2,2,50,150.00,7500.00,1,3,'2026-04-07 14:13:56',1,'prueba'),(3,13,1,2,10,150.00,1500.00,1,3,'2026-04-07 14:40:07',1,'prueba de usuario'),(4,13,2,2,30,150.00,4500.00,1,3,'2026-04-07 14:58:55',1,'prueba numero 3'),(5,13,3,2,70,150.00,10500.00,1,3,'2026-04-07 15:01:02',1,'prueba'),(6,13,3,2,30,150.00,4500.00,1,3,'2026-04-08 09:46:49',1,'primera prueba'),(7,13,3,2,30,150.00,4500.00,1,3,'2026-04-08 09:53:29',1,''),(8,13,1,2,50,150.00,7500.00,1,3,'2026-04-08 10:01:19',1,''),(9,13,3,2,70,150.00,10500.00,1,3,'2026-04-08 10:41:11',1,'prueba numero 1'),(10,13,2,2,30,150.00,4500.00,1,3,'2026-04-08 10:41:11',1,'prueba numero 1'),(11,13,1,2,30,150.00,4500.00,1,3,'2026-04-08 10:41:11',1,'prueba numero 1'),(12,13,3,2,70,150.00,10500.00,1,3,'2026-04-08 11:21:18',1,''),(13,13,1,2,10,150.00,1500.00,1,3,'2026-04-08 11:26:50',1,''),(14,13,2,2,10,150.00,1500.00,1,3,'2026-04-08 11:30:57',1,''),(15,13,3,2,10,150.00,1500.00,1,3,'2026-04-08 11:34:37',1,''),(16,13,2,2,10,150.00,1500.00,1,3,'2026-04-08 11:58:34',1,''),(17,13,1,2,10,150.00,1500.00,1,3,'2026-04-08 12:00:09',1,''),(18,13,2,2,10,150.00,1500.00,1,3,'2026-04-08 13:23:42',1,''),(19,13,3,2,10,150.00,1500.00,1,3,'2026-04-08 13:34:27',1,''),(20,13,2,2,10,150.00,1500.00,1,3,'2026-04-08 13:35:41',1,''),(21,13,1,2,10,150.00,1500.00,1,3,'2026-04-08 13:38:01',1,''),(22,13,2,2,10,150.00,1500.00,1,3,'2026-04-08 13:42:09',1,''),(23,13,1,2,1,150.00,150.00,1,3,'2026-04-08 13:56:32',1,''),(24,13,2,2,10,150.00,1500.00,1,3,'2026-04-08 14:13:44',1,''),(25,13,2,2,9,150.00,1350.00,1,3,'2026-04-08 14:21:29',1,''),(26,13,2,2,100,150.00,15000.00,1,3,'2026-04-08 14:32:23',1,''),(27,2,4,5,5,170.00,850.00,1,4,'2026-04-08 14:53:12',1,''),(28,2,5,5,5,170.00,850.00,1,4,'2026-04-08 15:01:07',1,''),(29,2,5,5,10,170.00,1700.00,1,4,'2026-04-08 15:13:48',1,''),(30,13,3,2,30,150.00,4500.00,1,3,'2026-04-09 08:43:25',1,''),(31,13,1,2,30,150.00,4500.00,1,3,'2026-04-09 08:43:25',1,''),(32,2,5,5,5,170.00,850.00,1,4,'2026-04-13 08:58:40',1,''),(33,2,5,5,5,170.00,850.00,1,4,'2026-04-15 15:25:42',1,''),(34,2,4,5,10,170.00,1700.00,1,4,'2026-04-15 15:27:39',1,''),(35,13,1,2,10,150.00,1500.00,1,3,'2026-04-22 13:58:59',1,''),(36,13,2,2,10,150.00,1500.00,1,3,'2026-04-22 13:58:59',1,''),(37,13,3,2,20,150.00,3000.00,1,3,'2026-04-22 13:58:59',1,''),(38,13,2,2,20,150.00,3000.00,1,3,'2026-05-06 11:03:02',1,'');
/*!40000 ALTER TABLE `entregas` ENABLE KEYS */;
UNLOCK TABLES;

--
-- Table structure for table `facturacion`
--

DROP TABLE IF EXISTS `facturacion`;
/*!40101 SET @saved_cs_client     = @@character_set_client */;
/*!50503 SET character_set_client = utf8mb4 */;
CREATE TABLE `facturacion` (
  `ID_Factura` int NOT NULL AUTO_INCREMENT,
  `Fecha` date NOT NULL,
  `IDCliente` int NOT NULL,
  `Credito_Contado` int DEFAULT NULL,
  `Observacion` text,
  `ID_Empresa` int NOT NULL,
  `ID_Usuario_Creacion` int DEFAULT NULL,
  `Fecha_Creacion` datetime DEFAULT CURRENT_TIMESTAMP,
  `Estado` enum('Activa','Anulada') NOT NULL DEFAULT 'Activa',
  `ID_Pedido` int DEFAULT NULL,
  PRIMARY KEY (`ID_Factura`),
  KEY `IDCliente` (`IDCliente`),
  KEY `ID_Empresa` (`ID_Empresa`),
  KEY `ID_Usuario_Creacion` (`ID_Usuario_Creacion`),
  KEY `idx_facturacion_pedido` (`ID_Pedido`),
  CONSTRAINT `facturacion_ibfk_1` FOREIGN KEY (`IDCliente`) REFERENCES `clientes` (`ID_Cliente`),
  CONSTRAINT `facturacion_ibfk_2` FOREIGN KEY (`ID_Empresa`) REFERENCES `empresa` (`ID_Empresa`),
  CONSTRAINT `facturacion_ibfk_3` FOREIGN KEY (`ID_Usuario_Creacion`) REFERENCES `usuarios` (`ID_Usuario`),
  CONSTRAINT `fk_facturacion_pedido` FOREIGN KEY (`ID_Pedido`) REFERENCES `pedidos` (`ID_Pedido`)
) ENGINE=InnoDB AUTO_INCREMENT=229 DEFAULT CHARSET=utf8mb4 COLLATE=utf8mb4_0900_ai_ci;
/*!40101 SET character_set_client = @saved_cs_client */;

--
-- Dumping data for table `facturacion`
--

LOCK TABLES `facturacion` WRITE;
/*!40000 ALTER TABLE `facturacion` DISABLE KEYS */;
INSERT INTO `facturacion` VALUES (1,'2025-11-23',2,NULL,'',1,1,'2025-11-22 23:06:26','Activa',NULL),(2,'2025-11-23',1,NULL,'asdfagasdf',1,1,'2025-11-23 00:03:56','Activa',NULL),(3,'2025-11-23',1,NULL,'',1,1,'2025-11-23 00:06:10','Activa',NULL),(4,'2025-11-23',1,NULL,'addfas',1,1,'2025-11-23 00:12:36','Activa',NULL),(5,'2025-11-23',2,NULL,'',1,1,'2025-11-23 00:13:18','Activa',NULL),(6,'2025-11-23',2,NULL,'asd',1,1,'2025-11-23 00:19:35','Activa',NULL),(7,'2025-11-23',2,NULL,'',1,1,'2025-11-23 00:37:04','Activa',NULL),(8,'2025-11-23',2,NULL,'',1,1,'2025-11-23 00:50:55','Activa',NULL),(9,'2025-11-24',1,NULL,'jjajaja',1,1,'2025-11-23 20:22:54','Activa',NULL),(10,'2025-11-24',1,NULL,'',1,1,'2025-11-23 20:35:14','Activa',NULL),(11,'2025-11-24',1,NULL,'',1,1,'2025-11-23 22:15:39','Activa',NULL),(12,'2025-11-24',2,NULL,'',1,1,'2025-11-23 23:10:12','Activa',NULL),(13,'2025-11-24',2,0,'',1,1,'2025-11-23 23:28:19','Activa',NULL),(14,'2025-11-24',2,1,'primera prueba',1,1,'2025-11-23 23:31:06','Activa',NULL),(15,'2025-11-24',1,0,'',1,1,'2025-11-23 23:46:12','Activa',NULL),(16,'2025-11-24',2,1,'ninguno',1,1,'2025-11-24 14:14:21','Activa',NULL),(17,'2025-11-24',2,1,'prueba_2',1,1,'2025-11-24 15:46:55','Activa',NULL),(18,'2025-11-24',2,0,'prueba_3',1,1,'2025-11-24 16:26:37','Activa',NULL),(19,'2025-11-24',2,1,'prueba_4',1,1,'2025-11-24 16:34:30','Activa',NULL),(20,'2025-11-24',1,1,'prueba_5',1,1,'2025-11-24 16:38:03','Activa',NULL),(21,'2025-11-24',1,1,'Prueba_6_Debbug',1,1,'2025-11-24 17:05:13','Activa',NULL),(22,'2025-11-24',2,1,'prueba_8',1,1,'2025-11-24 17:35:16','Activa',NULL),(23,'2025-11-24',3,0,'pruebaaa',1,1,'2025-11-24 18:31:26','Activa',NULL),(24,'2025-11-24',3,0,'pruebaaa',1,1,'2025-11-24 18:31:37','Activa',NULL),(25,'2025-11-24',3,0,'pruebaaa',1,1,'2025-11-24 18:32:03','Activa',NULL),(26,'2025-11-24',2,0,'prueba',1,1,'2025-11-24 18:33:04','Activa',NULL),(27,'2025-11-24',3,1,'pruebaaas_6',1,1,'2025-11-24 18:39:03','Activa',NULL),(28,'2025-11-24',2,0,'N/A',1,1,'2025-11-24 18:43:46','Activa',NULL),(29,'2025-11-24',2,0,'N/A',1,1,'2025-11-24 18:44:10','Activa',NULL),(30,'2025-11-24',2,0,'N/A',1,1,'2025-11-24 18:44:48','Activa',NULL),(31,'2025-11-24',3,0,'yesyes',1,1,'2025-11-24 19:37:27','Activa',NULL),(32,'2025-11-24',2,1,'primera pueba',1,1,'2025-11-24 21:42:41','Activa',NULL),(33,'2025-11-24',1,0,'',1,1,'2025-11-24 23:02:09','Activa',NULL),(34,'2025-11-24',2,0,'',1,1,'2025-11-24 23:43:19','Activa',NULL),(35,'2025-11-24',2,0,'',1,1,'2025-11-24 23:43:59','Activa',NULL),(36,'2025-11-24',2,0,'prueba de factura',1,1,'2025-11-24 23:56:32','Activa',NULL),(37,'2025-11-25',2,0,'',1,1,'2025-11-25 00:02:02','Activa',NULL),(38,'2025-11-25',2,0,'llll',1,1,'2025-11-25 00:03:07','Activa',NULL),(39,'2025-11-25',2,0,'llll',1,1,'2025-11-25 00:03:17','Activa',NULL),(40,'2025-11-25',1,1,'',1,1,'2025-11-25 00:04:27','Activa',NULL),(41,'2025-11-25',3,0,'',1,1,'2025-11-25 00:05:52','Activa',NULL),(42,'2025-11-25',2,0,'dgffghfgh',1,1,'2025-11-25 00:06:55','Activa',NULL),(43,'2025-11-25',2,0,'xxcvcxv',1,1,'2025-11-25 00:07:34','Activa',NULL),(44,'2025-11-25',2,0,'xxcvcxv',1,1,'2025-11-25 00:07:56','Activa',NULL),(45,'2025-11-25',2,0,'asdasdfasdf',1,1,'2025-11-25 09:14:38','Activa',NULL),(46,'2025-11-25',2,0,'asdasdfasdf',1,1,'2025-11-25 09:25:53','Activa',NULL),(47,'2025-11-25',2,0,'kjjbliblk',1,1,'2025-11-25 09:30:22','Activa',NULL),(48,'2025-11-25',3,0,'JAJAJA',1,1,'2025-11-25 10:08:52','Activa',NULL),(49,'2025-11-25',2,0,'dfgdfg',1,1,'2025-11-25 10:19:45','Activa',NULL),(50,'2025-11-25',3,0,'',1,1,'2025-11-25 10:26:39','Activa',NULL),(51,'2025-11-25',3,0,'prubea_uno_reemplazando bodega',1,1,'2025-11-25 12:01:41','Activa',NULL),(52,'2025-11-25',3,1,'',1,1,'2025-11-25 12:04:29','Activa',NULL),(53,'2025-11-25',2,1,'prueba desde mobile',1,1,'2025-11-25 12:10:50','Activa',NULL),(54,'2025-11-25',3,1,'segunda prueba',1,1,'2025-11-25 12:25:58','Activa',NULL),(55,'2025-11-25',2,0,'sdfg',1,1,'2025-11-25 12:51:36','Activa',NULL),(56,'2025-11-25',2,1,'hjhjklñlkjhgfdssdfghjklñ',1,1,'2025-11-25 12:56:37','Activa',NULL),(57,'2025-11-25',2,1,'prueba',1,1,'2025-11-25 15:15:43','Activa',NULL),(58,'2025-11-25',3,0,'zazxczxczxc',1,1,'2025-11-25 15:18:49','Activa',NULL),(59,'2025-11-25',3,1,'Prueba dos con fecha correcta de factura',1,1,'2025-11-25 15:20:21','Activa',NULL),(60,'2025-11-25',3,0,'dfasdasdfasdfasdfasdf',1,1,'2025-11-25 15:22:05','Activa',NULL),(61,'2025-12-03',2,1,'Ninguno',1,1,'2025-12-03 15:45:47','Activa',NULL),(62,'2025-12-08',3,0,'Ninguno',1,1,'2025-12-08 15:38:24','Activa',NULL),(63,'2025-12-08',2,0,'',1,1,'2025-12-08 15:55:29','Activa',NULL),(64,'2025-12-08',2,0,'',1,1,'2025-12-08 22:04:43','Activa',NULL),(65,'2025-12-09',2,0,'',1,1,'2025-12-09 17:22:18','Activa',NULL),(66,'2025-12-10',2,1,'',1,1,'2025-12-10 17:09:46','Activa',NULL),(67,'2025-12-10',5,1,'sdfdf',1,1,'2025-12-10 17:27:15','Activa',NULL),(68,'2025-12-10',2,0,'',1,1,'2025-12-10 17:41:50','Activa',NULL),(69,'2025-12-10',2,0,' | ANULADA: asdasdasdasda',1,1,'2025-12-10 17:42:05','Anulada',NULL),(70,'2025-12-10',2,0,'',1,1,'2025-12-10 17:53:06','Activa',NULL),(71,'2025-12-10',5,0,'',1,1,'2025-12-10 18:24:46','Activa',NULL),(72,'2025-12-12',5,1,'pruebas',1,4,'2025-12-12 22:26:56','Activa',NULL),(73,'2025-12-16',2,0,'',1,4,'2025-12-16 10:50:29','Activa',NULL),(74,'2025-12-23',5,1,' | ANULADA: Anulación por usuario',1,4,'2025-12-23 00:54:36','Anulada',NULL),(75,'2025-12-23',2,1,' | ANULADA: Anulación por usuario',1,1,'2025-12-23 14:53:56','Anulada',NULL),(76,'2025-12-23',4,0,' | ANULADA: Anulación por usuario',1,1,'2025-12-23 15:26:01','Anulada',NULL),(77,'2025-12-24',4,0,' | ANULADA: wdsfsfds',1,1,'2025-12-24 09:58:57','Anulada',NULL),(78,'2025-12-24',5,1,'',1,1,'2025-12-24 10:20:17','Activa',NULL),(79,'2025-12-24',5,0,' | ANULADA: sfsadfasdfasdf',1,1,'2025-12-24 10:26:43','Anulada',NULL),(80,'2025-12-24',5,0,' | ANULADA: porque simon',1,1,'2025-12-24 11:00:20','Anulada',NULL),(81,'2025-12-24',2,0,'',1,1,'2025-12-24 13:41:07','Activa',NULL),(82,'2025-12-24',2,1,' | ANULADA: adasdasdasd',1,1,'2025-12-24 15:16:17','Anulada',NULL),(83,'2025-12-24',4,0,'',1,1,'2025-12-24 15:17:30','Activa',NULL),(84,'2025-12-24',1,1,' | ANULADA: fdgsdfgsdfg',1,1,'2025-12-24 15:20:48','Anulada',NULL),(85,'2025-12-26',4,1,' | ANULADA: dfsfsdfsdfsd',1,1,'2025-12-26 09:20:51','Anulada',NULL),(86,'2025-12-26',6,0,'',1,6,'2025-12-26 12:08:51','Activa',NULL),(87,'2025-12-26',1,0,'',1,6,'2025-12-26 12:15:00','Activa',NULL),(88,'2025-12-27',4,0,'',1,6,'2025-12-27 14:26:26','Activa',NULL),(89,'2025-12-27',2,0,'',1,6,'2025-12-27 15:22:20','Activa',NULL),(90,'2025-12-30',6,0,'',1,6,'2025-12-30 11:05:05','Activa',NULL),(91,'2025-12-30',2,0,'',1,6,'2025-12-30 11:25:23','Activa',NULL),(92,'2025-12-30',2,0,'',1,1,'2025-12-30 11:53:31','Activa',NULL),(93,'2025-12-30',4,0,'',1,1,'2025-12-30 11:54:42','Activa',NULL),(94,'2025-12-30',7,0,'',1,6,'2025-12-30 15:14:06','Activa',NULL),(95,'2026-01-02',2,0,' | ANULADA: sipi comprendo todo',1,1,'2026-01-02 18:07:09','Anulada',NULL),(96,'2026-01-05',7,0,'',1,1,'2026-01-05 15:41:00','Activa',NULL),(97,'2026-01-05',7,0,' | ANULADA: Error en la venta',1,1,'2026-01-05 16:39:28','Anulada',NULL),(98,'2026-01-06',7,0,'',1,6,'2026-01-06 08:35:53','Activa',NULL),(99,'2026-01-06',2,0,'',1,6,'2026-01-06 08:37:02','Activa',NULL),(100,'2026-01-06',2,0,' | ANULADA: ingreso mal de datos',1,6,'2026-01-06 08:38:36','Anulada',NULL),(101,'2026-01-06',7,0,' | ANULADA: asdasdasdas',1,6,'2026-01-06 08:44:04','Anulada',NULL),(102,'2026-01-06',7,0,' | ANULADA: JAJAJAJAJA',1,6,'2026-01-06 08:45:38','Anulada',NULL),(103,'2026-01-06',7,0,'',1,6,'2026-01-06 08:48:43','Activa',NULL),(104,'2026-01-06',6,0,' | ANULADA: mal ingreso de cantidad de producto',1,6,'2026-01-06 09:11:31','Anulada',NULL),(105,'2026-01-06',7,0,'',1,6,'2026-01-06 10:52:58','Activa',NULL),(106,'2026-01-06',2,0,'',1,6,'2026-01-06 13:42:30','Activa',NULL),(107,'2026-01-06',7,0,'',1,6,'2026-01-06 14:41:34','Activa',NULL),(108,'2026-01-07',7,0,'',1,6,'2026-01-07 08:13:21','Activa',NULL),(109,'2026-01-07',7,0,'',1,6,'2026-01-07 13:39:07','Activa',NULL),(110,'2026-01-07',2,0,'',1,6,'2026-01-07 13:40:53','Activa',NULL),(111,'2026-01-07',6,0,'',1,1,'2026-01-07 14:03:29','Activa',NULL),(112,'2026-01-07',4,0,'',1,1,'2026-01-07 14:08:44','Activa',NULL),(113,'2026-01-07',4,0,' | Descontados: 120.0 separadores',1,1,'2026-01-07 14:12:27','Activa',NULL),(114,'2026-01-07',2,0,' | Descontados: 1.0 separadores',1,1,'2026-01-07 14:13:28','Activa',NULL),(115,'2026-01-07',5,0,'',1,1,'2026-01-07 14:21:35','Activa',NULL),(116,'2026-01-07',4,0,' | Descontados: 10.0 separadores',1,1,'2026-01-07 15:07:01','Activa',NULL),(117,'2026-01-07',5,0,' | Descontados: 9.0 separadores',1,1,'2026-01-07 15:16:56','Activa',NULL),(118,'2026-01-07',5,0,' | Cajillas huevos: 29.0, Separadores: 31.0 (incluye 2.0 bases extra)',1,1,'2026-01-07 15:37:00','Activa',NULL),(119,'2026-01-07',2,0,' | Cajillas huevos: 30.0, Separadores: 33.0 (incluye 3.0 bases extra)',1,1,'2026-01-07 15:46:11','Activa',NULL),(120,'2026-01-07',1,0,' | ANULADA: mal ingreso de datos',1,1,'2026-01-07 15:50:27','Anulada',NULL),(121,'2026-01-07',7,0,' | ANULADA: venta incorrecta',1,1,'2026-01-07 16:14:59','Anulada',NULL),(122,'2026-01-08',7,0,' | ANULADA: error',1,1,'2026-01-08 09:04:30','Anulada',NULL),(123,'2026-01-08',7,0,' | ANULADA: sdfsdfsdfsdf',1,1,'2026-01-08 09:19:35','Anulada',NULL),(124,'2026-01-09',7,0,'',1,1,'2026-01-09 13:26:51','Activa',NULL),(125,'2026-01-09',7,0,'',1,1,'2026-01-09 15:16:42','Activa',NULL),(126,'2026-01-09',7,1,'',1,1,'2026-01-09 15:24:23','Activa',NULL),(127,'2026-01-09',4,0,'',1,1,'2026-01-09 15:26:29','Activa',NULL),(128,'2026-01-09',2,0,'',1,1,'2026-01-09 15:47:28','Activa',NULL),(129,'2026-01-10',7,0,'',1,1,'2026-01-10 10:16:25','Activa',NULL),(130,'2026-01-13',7,0,'',1,1,'2026-01-13 09:51:13','Activa',NULL),(131,'2026-01-13',7,0,'',1,1,'2026-01-13 09:51:48','Activa',NULL),(132,'2026-01-13',7,0,'',1,1,'2026-01-13 11:28:28','Activa',NULL),(133,'2026-01-13',7,0,'',1,1,'2026-01-13 11:56:40','Activa',NULL),(134,'2026-01-13',7,0,'',1,1,'2026-01-13 14:36:42','Activa',NULL),(135,'2026-01-13',7,0,'',1,1,'2026-01-13 15:28:20','Activa',NULL),(136,'2026-01-13',7,0,'',1,1,'2026-01-13 16:04:55','Activa',NULL),(137,'2026-01-14',2,0,'',1,1,'2026-01-14 14:22:28','Activa',NULL),(138,'2026-01-14',7,0,'',1,1,'2026-01-14 15:00:46','Activa',NULL),(139,'2026-01-14',7,0,'',1,1,'2026-01-14 15:20:06','Activa',NULL),(140,'2026-01-16',11,0,'',1,1,'2026-01-16 14:58:30','Activa',NULL),(141,'2026-01-16',11,0,'',1,1,'2026-01-16 14:58:38','Activa',NULL),(142,'2026-01-16',7,0,'',1,1,'2026-01-16 15:17:49','Activa',NULL),(143,'2026-01-16',6,0,'',1,1,'2026-01-16 15:27:24','Activa',NULL),(144,'2026-01-16',11,0,'',1,1,'2026-01-16 15:41:10','Activa',NULL),(145,'2026-01-17',8,0,'',1,1,'2026-01-17 08:23:30','Activa',NULL),(146,'2026-01-17',11,0,'',1,1,'2026-01-17 08:40:28','Activa',NULL),(147,'2026-01-17',2,0,'',1,8,'2026-01-17 11:19:05','Activa',NULL),(148,'2026-01-17',8,0,'',1,8,'2026-01-17 11:23:38','Activa',NULL),(149,'2026-01-19',11,1,'',1,8,'2026-01-19 08:44:58','Activa',NULL),(150,'2026-01-19',9,0,'',1,8,'2026-01-19 09:30:58','Activa',NULL),(151,'2026-01-19',5,1,'',1,8,'2026-01-19 09:31:21','Activa',NULL),(152,'2026-01-19',5,0,'',1,2,'2026-01-19 11:13:14','Activa',NULL),(153,'2026-01-19',11,0,'',1,2,'2026-01-19 11:14:30','Activa',NULL),(154,'2026-01-19',11,0,'',1,2,'2026-01-19 12:04:55','Activa',NULL),(155,'2026-01-19',11,0,'',1,2,'2026-01-19 15:52:45','Activa',NULL),(156,'2026-01-19',11,0,'',1,2,'2026-01-19 15:53:27','Activa',NULL),(157,'2026-01-19',11,0,'',1,2,'2026-01-19 15:54:39','Activa',NULL),(158,'2026-01-19',4,0,'',1,2,'2026-01-19 15:56:58','Activa',NULL),(159,'2026-01-19',5,0,'',1,2,'2026-01-19 15:58:05','Activa',NULL),(160,'2026-01-20',11,0,'',1,2,'2026-01-20 08:21:11','Activa',NULL),(161,'2026-01-21',11,0,'',1,2,'2026-01-21 09:01:19','Activa',NULL),(162,'2026-01-22',5,0,'Pedido #8 - Sin observación',1,8,'2026-01-22 16:03:12','Activa',NULL),(163,'2026-01-23',8,0,'Pedido #9 - Sin observación',1,8,'2026-01-23 11:02:52','Activa',NULL),(164,'2026-01-23',8,0,'Pedido #9 - Sin observación',1,8,'2026-01-23 11:26:21','Activa',NULL),(165,'2026-01-23',9,0,'Pedido #10 - Sin observación',1,2,'2026-01-23 14:25:13','Activa',NULL),(166,'2026-01-24',7,0,'',1,1,'2026-01-24 09:27:47','Activa',NULL),(167,'2026-01-28',11,0,'',1,1,'2026-01-28 13:44:26','Activa',NULL),(168,'2026-01-28',9,0,'',1,1,'2026-01-28 13:45:01','Activa',NULL),(169,'2026-01-30',11,0,'',1,2,'2026-01-30 08:50:02','Activa',NULL),(170,'2026-02-04',8,0,'Pedido #13 - d | entregado',1,2,'2026-02-04 10:25:09','Activa',NULL),(171,'2026-02-05',11,0,'',1,1,'2026-02-05 08:14:57','Activa',NULL),(172,'2026-02-06',8,0,'Pedido #14 - el primero que este disponible que le meta candela ',1,2,'2026-02-06 15:48:58','Activa',NULL),(173,'2026-02-07',3,0,'',1,1,'2026-02-07 14:29:36','Activa',NULL),(174,'2026-02-09',11,0,'',1,1,'2026-02-09 09:24:48','Activa',NULL),(175,'2026-02-09',11,0,'',1,1,'2026-02-09 09:25:20','Activa',NULL),(176,'2026-02-17',6,0,'',1,1,'2026-02-17 09:46:23','Activa',NULL),(177,'2026-02-17',7,0,NULL,1,1,'2026-02-17 11:50:53','Activa',NULL),(178,'2026-02-17',7,0,NULL,1,1,'2026-02-17 12:01:38','Activa',NULL),(179,'2026-02-17',7,0,'',1,1,'2026-02-17 12:03:43','Activa',NULL),(180,'2026-02-17',7,0,NULL,1,1,'2026-02-17 14:09:18','Activa',NULL),(181,'2026-02-17',7,0,NULL,1,1,'2026-02-17 14:59:03','Activa',NULL),(182,'2026-02-17',7,0,'',1,1,'2026-02-17 15:04:18','Activa',NULL),(183,'2026-02-17',7,0,NULL,1,1,'2026-02-17 15:26:48','Activa',NULL),(184,'2026-02-17',7,0,NULL,1,1,'2026-02-17 15:42:29','Activa',NULL),(185,'2026-02-17',7,0,NULL,1,1,'2026-02-17 15:43:10','Activa',NULL),(186,'2026-02-18',7,0,'na',1,1,'2026-02-18 08:27:09','Activa',NULL),(187,'2026-02-18',7,1,NULL,1,1,'2026-02-18 08:44:01','Activa',NULL),(188,'2026-02-19',6,0,' | Perfil: Mercado',1,1,'2026-02-19 08:51:29','Activa',NULL),(189,'2026-02-19',6,0,' | Perfil: Mercado',1,1,'2026-02-19 09:03:12','Activa',NULL),(190,'2026-02-19',2,0,' | Perfil: Mercado',1,1,'2026-02-19 09:05:25','Activa',NULL),(191,'2026-02-19',9,0,' | Perfil: Mercado',1,1,'2026-02-19 09:06:47','Activa',NULL),(192,'2026-02-20',11,0,' | Perfil: Mayorista',1,1,'2026-02-20 15:01:00','Activa',NULL),(193,'2026-02-23',2,0,' | Perfil: Mayorista',1,1,'2026-02-23 14:16:45','Activa',NULL),(194,'2026-02-26',12,1,' | Perfil: Mayorista',1,1,'2026-02-26 09:17:10','Activa',NULL),(195,'2026-03-09',6,0,' | Perfil: Mercado',1,2,'2026-03-09 08:41:33','Activa',NULL),(196,'2026-03-30',12,0,' | Perfil: Mayorista',1,2,'2026-03-30 09:18:23','Activa',NULL),(197,'2026-04-07',13,0,' | Perfil: Especial',1,1,'2026-04-07 14:37:48','Activa',NULL),(198,'2026-04-08',13,0,' | Perfil: Especial',1,1,'2026-04-08 15:31:57','Activa',NULL),(199,'2026-04-15',2,1,' | Perfil: Mayorista',1,1,'2026-04-15 11:14:32','Activa',NULL),(200,'2026-04-15',6,1,' | Perfil: Mercado',1,1,'2026-04-15 11:43:52','Activa',NULL),(201,'2026-04-15',13,0,'',1,1,'2026-04-15 15:29:54','Activa',NULL),(202,'2026-04-15',7,0,'',1,1,'2026-04-15 15:32:04','Activa',NULL),(203,'2026-04-15',9,1,'',1,1,'2026-04-15 15:39:15','Activa',NULL),(204,'2026-04-15',9,0,' | Cliente tiene 1 factura(s) pendiente(s) por C$22,900.00',1,1,'2026-04-15 15:39:58','Activa',NULL),(205,'2026-04-16',9,0,' | Cliente tiene 1 factura(s) pendiente(s) por C$21,000.00',1,1,'2026-04-16 08:27:44','Activa',NULL),(206,'2026-04-17',1,0,'',1,1,'2026-04-17 15:48:23','Activa',NULL),(207,'2026-04-20',2,0,' | Cliente tiene 1 factura(s) pendiente(s) por C$17,000.00',1,1,'2026-04-20 08:56:42','Activa',NULL),(208,'2026-04-20',9,0,' | Cliente tiene 1 factura(s) pendiente(s) por C$10,000.00',1,2,'2026-04-20 08:57:39','Activa',NULL),(209,'2026-04-20',9,0,' | Cliente tiene 1 factura(s) pendiente(s) por C$10,000.00',1,2,'2026-04-20 09:29:35','Activa',NULL),(210,'2026-04-20',2,0,'Pedido #74 - Sin observación',1,2,'2026-04-20 09:39:36','Activa',NULL),(211,'2026-04-20',2,0,' | Cliente tiene 1 factura(s) pendiente(s) por C$17,000.00',1,1,'2026-04-20 10:09:22','Activa',NULL),(212,'2026-04-20',2,0,' | Cliente tiene 1 factura(s) pendiente(s) por C$17,000.00',1,1,'2026-04-20 11:23:44','Activa',NULL),(213,'2026-04-22',8,0,'',1,1,'2026-04-22 08:19:47','Activa',NULL),(214,'2026-04-22',8,0,'',1,1,'2026-04-22 08:29:31','Activa',NULL),(215,'2026-04-22',11,0,'',1,1,'2026-04-22 14:51:35','Activa',NULL),(216,'2026-04-24',7,0,'',1,1,'2026-04-24 11:21:11','Activa',NULL),(217,'2026-04-24',7,0,'',1,1,'2026-04-24 15:00:22','Activa',NULL),(218,'2026-04-30',2,0,' | Cliente tiene 1 factura(s) pendiente(s) por C$10,000.00',1,1,'2026-04-30 10:39:10','Activa',NULL),(219,'2026-04-30',11,0,' | ANULADA: confuncion de productos al momento de pedido',1,1,'2026-04-30 14:56:42','Anulada',NULL),(220,'2026-04-30',11,0,' | ANULADA: confusion nuevamente',1,1,'2026-04-30 14:59:09','Anulada',NULL),(221,'2026-04-30',11,0,' | ANULADA: error por bruto',1,1,'2026-04-30 15:08:57','Anulada',NULL),(222,'2026-04-30',11,1,'',1,2,'2026-04-30 15:16:18','Activa',NULL),(223,'2026-05-04',12,0,' | ANULADA: equivocaciones',1,1,'2026-05-04 08:16:00','Anulada',NULL),(224,'2026-05-04',12,0,'',1,1,'2026-05-04 09:22:23','Activa',NULL),(225,'2026-05-04',11,0,' | Cliente tiene 1 factura(s) pendiente(s) por C$1,030.00 | ANULADA: equivocaciones validas',1,1,'2026-05-04 09:25:47','Anulada',NULL),(226,'2026-05-04',11,0,' | Cliente tiene 1 factura(s) pendiente(s) por C$1,030.00 | ANULADA: prueba de anulacion #1',1,1,'2026-05-04 09:40:28','Anulada',NULL),(227,'2026-05-06',2,0,' | Cliente tiene 1 factura(s) pendiente(s) por C$10,000.00',1,1,'2026-05-06 14:22:33','Activa',NULL),(228,'2026-05-07',11,0,' | Cliente tiene 1 factura(s) pendiente(s) por C$1,030.00',1,1,'2026-05-07 15:02:50','Activa',NULL);
/*!40000 ALTER TABLE `facturacion` ENABLE KEYS */;
UNLOCK TABLES;

--
-- Table structure for table `facturacion_ruta`
--

DROP TABLE IF EXISTS `facturacion_ruta`;
/*!40101 SET @saved_cs_client     = @@character_set_client */;
/*!50503 SET character_set_client = utf8mb4 */;
CREATE TABLE `facturacion_ruta` (
  `ID_FacturaRuta` int NOT NULL AUTO_INCREMENT,
  `Fecha` date NOT NULL,
  `ID_Cliente` int NOT NULL,
  `ID_Asignacion` int NOT NULL COMMENT 'Relación con asignación del vendedor',
  `ID_Movimiento` int DEFAULT NULL COMMENT 'Movimiento de ruta relacionado',
  `Credito_Contado` int DEFAULT NULL COMMENT '1=Contado, 2=Crédito',
  `Observacion` text,
  `Saldo_Anterior_Cliente` decimal(10,2) DEFAULT '0.00',
  `ID_Empresa` int NOT NULL,
  `ID_Usuario_Creacion` int DEFAULT NULL,
  `Fecha_Creacion` datetime DEFAULT CURRENT_TIMESTAMP,
  `Estado` enum('Activa','Anulada') NOT NULL DEFAULT 'Activa',
  `ID_Pedido` int DEFAULT NULL,
  PRIMARY KEY (`ID_FacturaRuta`),
  KEY `ID_Cliente` (`ID_Cliente`),
  KEY `ID_Asignacion` (`ID_Asignacion`),
  KEY `ID_Movimiento` (`ID_Movimiento`),
  KEY `ID_Empresa` (`ID_Empresa`),
  KEY `ID_Usuario_Creacion` (`ID_Usuario_Creacion`),
  KEY `ID_Pedido` (`ID_Pedido`),
  CONSTRAINT `facturacion_ruta_ibfk_1` FOREIGN KEY (`ID_Cliente`) REFERENCES `clientes` (`ID_Cliente`),
  CONSTRAINT `facturacion_ruta_ibfk_2` FOREIGN KEY (`ID_Asignacion`) REFERENCES `asignacion_vendedores` (`ID_Asignacion`),
  CONSTRAINT `facturacion_ruta_ibfk_3` FOREIGN KEY (`ID_Movimiento`) REFERENCES `movimientos_ruta_cabecera` (`ID_Movimiento`) ON DELETE SET NULL,
  CONSTRAINT `facturacion_ruta_ibfk_4` FOREIGN KEY (`ID_Empresa`) REFERENCES `empresa` (`ID_Empresa`),
  CONSTRAINT `facturacion_ruta_ibfk_5` FOREIGN KEY (`ID_Usuario_Creacion`) REFERENCES `usuarios` (`ID_Usuario`),
  CONSTRAINT `facturacion_ruta_ibfk_6` FOREIGN KEY (`ID_Pedido`) REFERENCES `pedidos` (`ID_Pedido`)
) ENGINE=InnoDB AUTO_INCREMENT=307 DEFAULT CHARSET=utf8mb4 COLLATE=utf8mb4_0900_ai_ci;
/*!40101 SET character_set_client = @saved_cs_client */;

--
-- Dumping data for table `facturacion_ruta`
--

LOCK TABLES `facturacion_ruta` WRITE;
/*!40000 ALTER TABLE `facturacion_ruta` DISABLE KEYS */;
INSERT INTO `facturacion_ruta` VALUES (1,'2026-02-21',2,18,NULL,1,'s',0.00,1,6,'2026-02-21 14:17:15','Activa',NULL),(2,'2026-02-25',4,20,NULL,1,'',0.00,1,6,'2026-02-25 09:10:49','Activa',NULL),(3,'2026-02-25',4,20,NULL,1,'',0.00,1,6,'2026-02-25 09:25:05','Activa',NULL),(4,'2026-02-25',4,20,NULL,1,'',0.00,1,6,'2026-02-25 09:54:48','Activa',NULL),(5,'2026-02-25',4,20,NULL,1,'',0.00,1,6,'2026-02-25 10:02:36','Activa',NULL),(6,'2026-02-25',4,20,NULL,1,'',0.00,1,6,'2026-02-25 10:07:21','Activa',NULL),(7,'2026-02-25',4,20,NULL,1,'',0.00,1,6,'2026-02-25 10:20:46','Activa',NULL),(8,'2026-02-25',4,20,NULL,1,'n/a',0.00,1,6,'2026-02-25 10:23:59','Activa',NULL),(9,'2026-02-25',4,20,NULL,1,'',0.00,1,6,'2026-02-25 10:28:16','Activa',NULL),(10,'2026-02-25',4,20,NULL,1,'nada',0.00,1,6,'2026-02-25 10:36:15','Activa',NULL),(11,'2026-02-25',4,20,NULL,1,'Nada',0.00,1,6,'2026-02-25 10:39:59','Activa',NULL),(12,'2026-02-25',4,20,NULL,1,'',0.00,1,6,'2026-02-25 10:54:21','Activa',NULL),(13,'2026-02-25',4,20,NULL,1,'Nada',0.00,1,6,'2026-02-25 11:08:20','Activa',NULL),(14,'2026-02-25',4,20,NULL,1,'',0.00,1,6,'2026-02-25 11:51:57','Activa',NULL),(15,'2026-02-25',4,20,NULL,1,'',0.00,1,6,'2026-02-25 14:02:01','Activa',NULL),(16,'2026-02-26',2,22,NULL,1,'',0.00,1,12,'2026-02-26 08:52:22','Activa',NULL),(17,'2026-02-26',12,22,NULL,2,'',0.00,1,12,'2026-02-26 10:16:46','Activa',NULL),(18,'2026-02-26',12,22,NULL,2,'',0.00,1,12,'2026-02-26 10:27:33','Activa',NULL),(19,'2026-02-26',12,22,NULL,2,'',0.00,1,12,'2026-02-26 11:44:26','Activa',NULL),(20,'2026-02-26',2,22,NULL,2,'',0.00,1,12,'2026-02-26 11:46:11','Activa',NULL),(21,'2026-02-26',2,22,NULL,2,'',0.00,1,12,'2026-02-26 11:57:59','Activa',NULL),(22,'2026-02-26',2,22,NULL,2,'',0.00,1,12,'2026-02-26 12:04:22','Activa',NULL),(23,'2026-02-27',4,23,NULL,1,'',0.00,1,12,'2026-02-27 11:01:19','Activa',NULL),(24,'2026-02-27',1,24,NULL,2,'',0.00,1,6,'2026-02-27 11:19:21','Activa',NULL),(25,'2026-02-27',10,24,NULL,1,'',0.00,1,6,'2026-02-27 11:20:41','Activa',NULL),(26,'2026-02-27',1,24,NULL,2,'',0.00,1,6,'2026-02-27 11:51:27','Activa',NULL),(27,'2026-02-27',1,24,NULL,2,'',0.00,1,6,'2026-02-27 12:01:37','Activa',NULL),(28,'2026-02-27',1,24,NULL,2,'',0.00,1,6,'2026-02-27 13:35:44','Activa',NULL),(29,'2026-02-27',4,23,NULL,2,'',0.00,1,12,'2026-02-27 13:52:05','Activa',NULL),(30,'2026-02-27',1,24,NULL,2,'',0.00,1,6,'2026-02-27 13:54:33','Activa',NULL),(31,'2026-02-27',1,24,NULL,2,'',0.00,1,6,'2026-02-27 14:07:22','Activa',NULL),(32,'2026-02-27',1,24,NULL,2,'',0.00,1,6,'2026-02-27 14:19:08','Activa',NULL),(33,'2026-02-27',1,24,NULL,2,'',0.00,1,6,'2026-02-27 14:23:13','Activa',NULL),(34,'2026-02-27',4,23,NULL,2,'',0.00,1,12,'2026-02-27 14:50:03','Activa',NULL),(35,'2026-02-27',1,24,NULL,2,'',0.00,1,6,'2026-02-27 14:51:19','Activa',NULL),(36,'2026-02-27',4,23,NULL,2,'',0.00,1,12,'2026-02-27 14:53:55','Activa',NULL),(37,'2026-02-27',4,23,NULL,2,'',0.00,1,12,'2026-02-27 15:00:01','Activa',NULL),(38,'2026-03-03',12,25,NULL,1,'',0.00,1,6,'2026-03-03 14:24:26','Activa',NULL),(39,'2026-03-03',2,25,NULL,2,'',0.00,1,6,'2026-03-03 15:18:35','Activa',NULL),(40,'2026-03-04',2,26,NULL,2,'',0.00,1,6,'2026-03-04 10:57:08','Activa',NULL),(41,'2026-03-04',2,26,NULL,1,'[OFFLINE-venta_1772647161681_7j9u162o4] ',0.00,1,6,'2026-03-04 12:42:45','Activa',NULL),(42,'2026-03-04',2,26,NULL,1,'[OFFLINE-venta_1772649833913_thtjbbzmu] ',0.00,1,6,'2026-03-04 12:44:14','Activa',NULL),(43,'2026-03-04',2,26,NULL,1,'[OFFLINE-venta_1772657219808_j7odciaqv] ',0.00,1,6,'2026-03-04 14:47:00','Activa',NULL),(44,'2026-03-04',2,26,NULL,1,'[OFFLINE-venta_1772657129061_4jovosvg2] ',0.00,1,6,'2026-03-04 14:54:47','Activa',NULL),(45,'2026-03-04',2,26,NULL,1,'[OFFLINE-venta_1772657558825_zapv0i4hu] ',0.00,1,6,'2026-03-04 14:54:49','Activa',NULL),(46,'2026-03-04',2,26,NULL,2,'',0.00,1,6,'2026-03-04 15:04:06','Activa',NULL),(47,'2026-03-05',6,27,NULL,1,'[OFFLINE-venta_1772726349875_bqqnwc470] ',0.00,1,6,'2026-03-05 10:00:48','Activa',NULL),(48,'2026-03-05',7,27,NULL,1,'[OFFLINE-venta_1772726431041_njafvuewk] ',0.00,1,6,'2026-03-05 10:00:50','Activa',NULL),(49,'2026-03-05',12,27,NULL,1,'[OFFLINE-venta_1772729078083_lbam230h2] ',0.00,1,6,'2026-03-05 10:52:05','Activa',NULL),(50,'2026-03-05',2,27,NULL,1,'[OFFLINE-venta_1772731059841_tw3rcw15o] ',0.00,1,6,'2026-03-05 11:18:36','Activa',NULL),(51,'2026-03-05',3,27,NULL,1,'[OFFLINE-venta_1772731649241_jwhzti2ky] ',0.00,1,6,'2026-03-05 11:30:35','Activa',NULL),(52,'2026-03-05',6,27,NULL,1,'[OFFLINE-venta_1772726349875_bqqnwc470] ',0.00,1,6,'2026-03-05 12:22:40','Activa',NULL),(53,'2026-03-05',7,27,NULL,1,'[OFFLINE-venta_1772726431041_njafvuewk] ',0.00,1,6,'2026-03-05 12:22:41','Activa',NULL),(54,'2026-03-06',2,28,NULL,1,'[OFFLINE-venta_1772657411725_6rnmka70r] ',0.00,1,6,'2026-03-06 09:49:02','Activa',NULL),(55,'2026-03-09',2,29,NULL,2,'',0.00,1,6,'2026-03-09 08:56:14','Activa',NULL),(56,'2026-03-09',2,29,NULL,1,'[OFFLINE-venta_1773071591196_bnmeqeqdo] ',0.00,1,6,'2026-03-09 09:53:12','Activa',NULL),(57,'2026-03-09',1,30,NULL,2,'',0.00,1,12,'2026-03-09 10:33:01','Activa',NULL),(58,'2026-03-09',1,30,NULL,2,'',0.00,1,12,'2026-03-09 10:50:38','Activa',NULL),(59,'2026-03-09',1,30,NULL,2,'',0.00,1,12,'2026-03-09 10:56:18','Activa',NULL),(60,'2026-03-09',1,30,NULL,2,'',0.00,1,12,'2026-03-09 12:10:39','Activa',NULL),(61,'2026-03-09',1,30,NULL,2,'',0.00,1,12,'2026-03-09 13:34:38','Activa',NULL),(62,'2026-03-09',1,30,NULL,2,'',0.00,1,12,'2026-03-09 13:40:04','Activa',NULL),(63,'2026-03-09',1,30,NULL,2,'',0.00,1,12,'2026-03-09 14:24:44','Activa',NULL),(64,'2026-03-09',1,30,NULL,2,'',0.00,1,12,'2026-03-09 14:32:01','Activa',NULL),(65,'2026-03-09',1,30,NULL,2,'',0.00,1,12,'2026-03-09 14:33:38','Activa',NULL),(66,'2026-03-09',1,30,NULL,2,'',0.00,1,12,'2026-03-09 14:46:29','Activa',NULL),(67,'2026-03-09',10,30,NULL,1,'',0.00,1,12,'2026-03-09 14:47:27','Activa',NULL),(68,'2026-03-09',1,30,NULL,1,'',0.00,1,12,'2026-03-09 14:51:22','Activa',NULL),(69,'2026-03-09',10,30,NULL,1,'',0.00,1,12,'2026-03-09 14:53:10','Activa',NULL),(70,'2026-03-09',1,30,NULL,1,'',0.00,1,12,'2026-03-09 15:02:39','Activa',NULL),(71,'2026-03-09',1,30,NULL,2,'',0.00,1,12,'2026-03-09 15:46:11','Activa',NULL),(72,'2026-03-10',2,31,NULL,2,'',0.00,1,6,'2026-03-10 11:46:10','Activa',NULL),(73,'2026-03-10',2,31,NULL,1,'',0.00,1,6,'2026-03-10 14:03:39','Activa',NULL),(74,'2026-03-10',2,31,NULL,2,'',0.00,1,6,'2026-03-10 14:04:23','Activa',NULL),(75,'2026-03-10',2,31,NULL,2,'',0.00,1,6,'2026-03-10 14:16:37','Activa',NULL),(76,'2026-03-10',6,31,NULL,2,'',0.00,1,6,'2026-03-10 14:17:30','Activa',NULL),(77,'2026-03-10',12,31,NULL,2,'',0.00,1,6,'2026-03-10 15:15:13','Activa',NULL),(78,'2026-03-11',7,32,NULL,1,'',0.00,1,6,'2026-03-11 09:46:57','Activa',NULL),(79,'2026-03-11',7,32,NULL,1,'',0.00,1,6,'2026-03-11 10:02:48','Activa',NULL),(80,'2026-03-11',2,32,NULL,2,'',0.00,1,6,'2026-03-11 10:38:43','Activa',NULL),(81,'2026-03-11',2,32,NULL,2,'',0.00,1,6,'2026-03-11 10:42:38','Activa',NULL),(82,'2026-03-11',2,32,NULL,2,'',5395.00,1,6,'2026-03-11 12:07:23','Activa',NULL),(83,'2026-03-11',12,32,NULL,2,'',39145.00,1,6,'2026-03-11 12:12:19','Activa',NULL),(84,'2026-03-11',5,32,NULL,1,'',0.00,1,6,'2026-03-11 14:21:53','Activa',NULL),(85,'2026-03-12',7,33,NULL,1,'',0.00,1,6,'2026-03-12 11:35:39','Activa',NULL),(86,'2026-03-12',12,33,NULL,1,'',995.00,1,6,'2026-03-12 11:40:43','Activa',NULL),(87,'2026-03-12',2,33,NULL,2,'',7000.00,1,6,'2026-03-12 11:48:45','Activa',NULL),(88,'2026-03-12',2,33,NULL,2,'',4575.00,1,6,'2026-03-12 12:10:57','Activa',NULL),(89,'2026-03-12',12,33,NULL,2,'',995.00,1,6,'2026-03-12 12:15:15','Activa',NULL),(90,'2026-03-12',12,33,NULL,2,'',1185.00,1,6,'2026-03-12 13:34:25','Activa',NULL),(91,'2026-03-12',12,33,NULL,2,'',1935.00,1,6,'2026-03-12 13:39:37','Activa',NULL),(92,'2026-03-12',2,33,NULL,1,'',4955.00,1,6,'2026-03-12 14:19:21','Activa',NULL),(93,'2026-03-12',2,33,NULL,2,'',4955.00,1,6,'2026-03-12 14:21:08','Activa',NULL),(94,'2026-03-12',2,33,NULL,2,'',4145.00,1,6,'2026-03-12 14:45:18','Activa',NULL),(95,'2026-03-13',2,34,NULL,2,'',3715.00,1,6,'2026-03-13 10:19:22','Activa',NULL),(96,'2026-03-13',12,34,NULL,2,'',2115.00,1,6,'2026-03-13 10:23:55','Activa',NULL),(97,'2026-03-13',7,34,NULL,1,'',0.00,1,6,'2026-03-13 10:47:30','Activa',NULL),(98,'2026-03-13',12,34,NULL,2,'',3000.00,1,6,'2026-03-13 11:45:45','Activa',NULL),(99,'2026-03-13',2,34,NULL,2,'',3565.00,1,6,'2026-03-13 11:48:30','Activa',NULL),(100,'2026-03-13',12,34,NULL,2,'',3000.00,1,6,'2026-03-13 13:33:04','Activa',NULL),(101,'2026-03-13',12,34,NULL,2,'',3525.00,1,6,'2026-03-13 13:53:23','Activa',NULL),(102,'2026-03-13',12,34,NULL,2,'',3710.00,1,6,'2026-03-13 13:53:46','Activa',NULL),(103,'2026-03-13',12,34,NULL,2,'',3895.00,1,6,'2026-03-13 13:53:49','Activa',NULL),(104,'2026-03-13',12,34,NULL,2,'',4080.00,1,6,'2026-03-13 14:03:39','Activa',NULL),(105,'2026-03-13',12,34,NULL,2,'',4265.00,1,6,'2026-03-13 14:03:39','Activa',NULL),(106,'2026-03-13',12,34,NULL,2,'',4450.00,1,6,'2026-03-13 14:03:55','Activa',NULL),(107,'2026-03-13',12,34,NULL,2,'',4635.00,1,6,'2026-03-13 14:03:55','Activa',NULL),(108,'2026-03-13',12,34,NULL,2,'',4820.00,1,6,'2026-03-13 14:19:15','Activa',NULL),(109,'2026-03-13',12,34,NULL,2,'',5005.00,1,6,'2026-03-13 14:19:15','Activa',NULL),(110,'2026-03-13',12,34,NULL,2,'',5190.00,1,6,'2026-03-13 14:28:09','Activa',NULL),(111,'2026-03-13',12,34,NULL,2,'',5375.00,1,6,'2026-03-13 15:06:54','Activa',NULL),(112,'2026-03-13',12,34,NULL,2,'',5040.00,1,6,'2026-03-13 15:37:39','Activa',NULL),(113,'2026-03-13',7,34,NULL,1,'',0.00,1,6,'2026-03-13 15:39:05','Activa',NULL),(114,'2026-03-13',6,34,NULL,1,'',185.00,1,6,'2026-03-13 15:39:05','Activa',NULL),(115,'2026-03-13',12,34,NULL,2,'',5205.00,1,6,'2026-03-13 15:57:55','Activa',NULL),(116,'2026-03-13',7,34,NULL,1,'',0.00,1,6,'2026-03-13 15:58:44','Activa',NULL),(117,'2026-03-13',6,34,NULL,1,'',185.00,1,6,'2026-03-13 15:58:45','Activa',NULL),(118,'2026-03-16',12,35,NULL,2,'',5370.00,1,6,'2026-03-16 10:49:29','Activa',NULL),(119,'2026-03-16',12,35,NULL,2,'',5865.00,1,6,'2026-03-16 12:05:34','Activa',NULL),(120,'2026-03-16',12,35,NULL,2,'',6515.00,1,6,'2026-03-16 14:30:48','Activa',NULL),(121,'2026-03-16',12,35,NULL,2,'',7165.00,1,6,'2026-03-16 14:31:23','Activa',NULL),(122,'2026-03-16',7,35,NULL,1,'',0.00,1,6,'2026-03-16 14:32:59','Activa',NULL),(123,'2026-03-17',12,36,NULL,1,'',7815.00,1,6,'2026-03-17 12:13:48','Activa',NULL),(124,'2026-03-17',12,36,NULL,2,'',7815.00,1,6,'2026-03-17 13:55:57','Activa',NULL),(125,'2026-03-17',12,36,NULL,1,'',7005.00,1,6,'2026-03-17 13:58:02','Activa',NULL),(126,'2026-03-17',12,36,NULL,2,'',7005.00,1,6,'2026-03-17 14:00:39','Activa',NULL),(127,'2026-03-17',12,36,NULL,2,'',7195.00,1,6,'2026-03-17 14:46:44','Activa',NULL),(128,'2026-03-18',12,37,NULL,2,'',6385.00,1,6,'2026-03-18 10:40:23','Activa',NULL),(129,'2026-03-18',12,37,NULL,2,'',5575.00,1,6,'2026-03-18 10:56:53','Activa',NULL),(130,'2026-03-18',12,37,NULL,2,'',5765.00,1,6,'2026-03-18 10:57:10','Activa',NULL),(131,'2026-03-18',12,37,NULL,2,'',5955.00,1,6,'2026-03-18 10:57:29','Activa',NULL),(132,'2026-03-18',12,37,NULL,2,'',6145.00,1,6,'2026-03-18 11:10:25','Activa',NULL),(133,'2026-03-18',12,37,NULL,2,'',6335.00,1,6,'2026-03-18 11:20:29','Activa',NULL),(134,'2026-03-18',12,37,NULL,2,'',6525.00,1,6,'2026-03-18 11:21:19','Activa',NULL),(135,'2026-03-18',2,37,NULL,2,'',3030.00,1,6,'2026-03-18 11:25:24','Activa',NULL),(136,'2026-03-18',12,37,NULL,2,'',6715.00,1,6,'2026-03-18 11:48:48','Activa',NULL),(137,'2026-03-18',2,37,NULL,1,'',3220.00,1,6,'2026-03-18 11:48:52','Activa',NULL),(138,'2026-03-18',2,37,NULL,2,'Ventas JAJAJAA',3220.00,1,6,'2026-03-18 11:51:59','Activa',NULL),(139,'2026-03-18',2,37,NULL,2,'Venta nueva prueba',5440.00,1,6,'2026-03-18 11:55:54','Activa',NULL),(140,'2026-03-18',5,37,NULL,1,'',0.00,1,6,'2026-03-18 12:04:02','Activa',NULL),(141,'2026-03-18',2,37,NULL,1,'',7340.00,1,6,'2026-03-18 12:05:55','Activa',NULL),(142,'2026-03-18',5,37,NULL,1,'',0.00,1,6,'2026-03-18 12:08:07','Activa',NULL),(143,'2026-03-18',11,37,NULL,1,'',0.00,1,6,'2026-03-18 12:08:10','Activa',NULL),(144,'2026-03-18',5,37,NULL,1,'',0.00,1,6,'2026-03-18 12:11:27','Activa',NULL),(145,'2026-03-18',7,37,NULL,1,'',0.00,1,6,'2026-03-18 12:11:30','Activa',NULL),(146,'2026-03-18',2,37,NULL,1,'',7340.00,1,6,'2026-03-18 13:35:55','Activa',NULL),(147,'2026-03-18',6,37,NULL,1,'',185.00,1,6,'2026-03-18 13:36:00','Activa',NULL),(148,'2026-03-18',12,37,NULL,2,'',6905.00,1,6,'2026-03-18 14:59:54','Activa',NULL),(149,'2026-03-18',2,37,NULL,1,'Primer',7340.00,1,6,'2026-03-18 15:14:28','Activa',NULL),(150,'2026-03-18',12,37,NULL,2,'',7090.00,1,6,'2026-03-18 15:17:42','Activa',NULL),(151,'2026-03-18',12,37,NULL,2,'',7000.00,1,6,'2026-03-18 15:29:52','Activa',NULL),(152,'2026-03-19',12,38,NULL,2,'',15900.00,1,6,'2026-03-19 11:30:42','Activa',NULL),(153,'2026-03-19',12,38,NULL,2,'',17750.00,1,6,'2026-03-19 11:31:24','Activa',NULL),(154,'2026-03-19',12,38,NULL,2,'',17940.00,1,6,'2026-03-19 11:36:22','Activa',NULL),(155,'2026-03-19',12,38,NULL,2,'',18650.00,1,6,'2026-03-19 11:49:03','Activa',NULL),(156,'2026-03-19',2,38,NULL,2,'',7340.00,1,6,'2026-03-19 11:49:04','Activa',NULL),(157,'2026-03-19',2,38,NULL,2,'',9140.00,1,6,'2026-03-19 11:49:49','Activa',NULL),(158,'2026-03-19',6,38,NULL,2,'',185.00,1,6,'2026-03-19 12:00:50','Activa',NULL),(159,'2026-03-19',12,38,NULL,2,'',20400.00,1,6,'2026-03-19 12:05:23','Activa',NULL),(160,'2026-03-19',12,38,NULL,2,'',26100.00,1,6,'2026-03-19 12:05:24','Activa',NULL),(161,'2026-03-19',12,38,NULL,1,'',27950.00,1,6,'2026-03-19 15:40:21','Activa',NULL),(162,'2026-03-19',5,38,NULL,1,'',0.00,1,6,'2026-03-19 15:45:00','Activa',NULL),(163,'2026-03-19',5,38,NULL,1,'',0.00,1,6,'2026-03-19 16:00:20','Activa',NULL),(164,'2026-03-19',5,38,NULL,1,'',0.00,1,6,'2026-03-19 16:00:21','Activa',NULL),(165,'2026-03-19',5,38,NULL,1,'',0.00,1,6,'2026-03-19 16:00:21','Activa',NULL),(166,'2026-03-20',12,39,NULL,2,'',27950.00,1,6,'2026-03-20 09:48:25','Activa',NULL),(167,'2026-03-20',12,39,NULL,2,'',27125.00,1,6,'2026-03-20 09:55:02','Activa',NULL),(168,'2026-03-20',12,39,NULL,2,'',26310.00,1,6,'2026-03-20 13:50:34','Activa',NULL),(169,'2026-03-20',12,39,NULL,2,'',27235.00,1,6,'2026-03-20 13:50:34','Activa',NULL),(170,'2026-03-20',2,39,NULL,2,'',10890.00,1,6,'2026-03-20 13:56:57','Activa',NULL),(171,'2026-03-20',12,39,NULL,2,'',27975.00,1,6,'2026-03-20 13:56:58','Activa',NULL),(172,'2026-03-20',6,39,NULL,2,'',365.00,1,6,'2026-03-20 14:15:09','Activa',NULL),(173,'2026-03-20',12,39,NULL,1,'',28000.00,1,6,'2026-03-20 14:20:30','Activa',NULL),(174,'2026-03-20',2,39,NULL,1,'',8460.00,1,6,'2026-03-20 14:21:49','Activa',NULL),(175,'2026-03-20',12,39,NULL,2,'',28000.00,1,6,'2026-03-20 14:29:02','Activa',NULL),(176,'2026-03-20',7,39,NULL,1,'',0.00,1,6,'2026-03-20 14:29:04','Activa',NULL),(177,'2026-03-20',12,39,NULL,2,'',27175.00,1,6,'2026-03-20 14:35:54','Activa',NULL),(178,'2026-03-20',2,39,NULL,2,'',8460.00,1,6,'2026-03-20 14:36:59','Activa',NULL),(179,'2026-03-20',12,39,NULL,2,'',22000.00,1,6,'2026-03-20 14:53:55','Activa',NULL),(180,'2026-03-20',2,39,NULL,1,'',8635.00,1,6,'2026-03-20 14:53:56','Activa',NULL),(181,'2026-03-20',12,39,NULL,2,'',22175.00,1,6,'2026-03-20 15:06:27','Activa',NULL),(182,'2026-03-20',12,39,NULL,2,'',22365.00,1,6,'2026-03-20 15:19:48','Activa',NULL),(183,'2026-03-20',2,39,NULL,2,'',8635.00,1,6,'2026-03-20 15:20:21','Activa',NULL),(184,'2026-03-20',12,39,NULL,2,'',20555.00,1,6,'2026-03-20 15:22:57','Activa',NULL),(185,'2026-03-20',5,39,NULL,1,'',0.00,1,6,'2026-03-20 15:23:00','Activa',NULL),(186,'2026-03-23',12,40,NULL,2,'',20745.00,1,6,'2026-03-23 09:04:05','Activa',NULL),(187,'2026-03-23',12,40,NULL,2,'',20935.00,1,6,'2026-03-23 09:05:53','Activa',NULL),(188,'2026-03-23',12,40,NULL,2,'',26560.00,1,6,'2026-03-23 09:07:56','Activa',NULL),(189,'2026-03-23',2,40,NULL,2,'',8825.00,1,6,'2026-03-23 09:12:45','Activa',NULL),(190,'2026-03-23',12,40,NULL,1,'',33060.00,1,6,'2026-03-23 09:26:08','Activa',NULL),(191,'2026-03-23',2,40,NULL,1,'',10860.00,1,6,'2026-03-23 10:49:37','Activa',NULL),(192,'2026-03-23',12,40,NULL,2,'',33060.00,1,6,'2026-03-23 10:52:42','Activa',NULL),(193,'2026-03-23',12,40,NULL,2,'',30960.00,1,6,'2026-03-23 11:08:55','Activa',NULL),(194,'2026-03-23',12,40,NULL,1,'',33810.00,1,6,'2026-03-23 14:14:21','Activa',NULL),(195,'2026-03-23',2,40,NULL,1,'',10860.00,1,6,'2026-03-23 14:20:10','Activa',NULL),(196,'2026-03-23',12,40,NULL,1,'',33810.00,1,6,'2026-03-23 14:20:15','Activa',NULL),(197,'2026-03-23',12,40,NULL,2,'',33810.00,1,6,'2026-03-23 14:33:12','Activa',NULL),(198,'2026-03-23',12,40,NULL,1,'',34000.00,1,6,'2026-03-23 14:48:51','Activa',NULL),(199,'2026-03-23',12,40,NULL,2,'',34000.00,1,6,'2026-03-23 14:59:12','Activa',NULL),(200,'2026-03-23',6,40,NULL,2,'',365.00,1,6,'2026-03-23 15:04:38','Activa',NULL),(201,'2026-03-23',2,40,NULL,2,'',10860.00,1,6,'2026-03-23 15:06:34','Activa',NULL),(202,'2026-03-23',12,40,NULL,2,'',30000.00,1,6,'2026-03-23 15:28:07','Activa',NULL),(203,'2026-03-23',12,40,NULL,2,'',30775.00,1,6,'2026-03-23 15:40:59','Activa',NULL),(204,'2026-03-23',12,40,NULL,2,'',33550.00,1,6,'2026-03-23 16:05:27','Activa',NULL),(205,'2026-03-24',2,41,NULL,2,'',14660.00,1,6,'2026-03-24 08:40:22','Activa',NULL),(206,'2026-03-24',12,41,NULL,2,'',33740.00,1,6,'2026-03-24 08:52:02','Activa',NULL),(207,'2026-03-24',2,41,NULL,2,'',16510.00,1,6,'2026-03-24 08:56:30','Activa',NULL),(208,'2026-03-24',2,41,NULL,2,'',20110.00,1,6,'2026-03-24 09:06:52','Activa',NULL),(209,'2026-03-24',12,41,NULL,2,'',35540.00,1,6,'2026-03-24 09:09:49','Activa',NULL),(210,'2026-03-24',6,41,NULL,2,'',555.00,1,6,'2026-03-24 09:14:01','Activa',NULL),(211,'2026-03-24',12,41,NULL,2,'',36065.00,1,6,'2026-03-24 09:57:01','Activa',NULL),(212,'2026-03-24',7,41,NULL,1,'',0.00,1,6,'2026-03-24 09:57:03','Activa',NULL),(213,'2026-03-24',12,41,NULL,2,'',36990.00,1,6,'2026-03-24 10:00:28','Activa',NULL),(214,'2026-03-24',7,41,NULL,1,'',0.00,1,6,'2026-03-24 10:00:31','Activa',NULL),(215,'2026-03-24',12,41,NULL,2,'',39625.00,1,6,'2026-03-24 10:07:48','Activa',NULL),(216,'2026-03-24',12,41,NULL,2,'',40615.00,1,6,'2026-03-24 12:05:44','Activa',NULL),(217,'2026-03-24',2,41,NULL,2,'',22885.00,1,6,'2026-03-24 13:28:17','Activa',NULL),(218,'2026-03-24',12,41,NULL,2,'',40005.00,1,6,'2026-03-24 13:49:23','Activa',NULL),(219,'2026-03-24',12,41,NULL,2,'',40000.00,1,6,'2026-03-24 13:54:04','Activa',NULL),(220,'2026-03-24',4,44,NULL,2,'',2040.00,1,13,'2026-03-24 14:15:36','Activa',NULL),(221,'2026-03-24',6,41,NULL,2,'',7055.00,1,6,'2026-03-24 14:15:36','Activa',NULL),(222,'2026-03-24',6,41,NULL,2,'',7235.00,1,6,'2026-03-24 14:21:15','Activa',NULL),(223,'2026-03-24',12,41,NULL,2,'',44650.00,1,6,'2026-03-24 15:43:48','Activa',NULL),(224,'2026-03-24',5,41,NULL,1,'',0.00,1,6,'2026-03-24 15:48:21','Activa',NULL),(225,'2026-03-24',5,41,NULL,2,'',0.00,1,6,'2026-03-24 15:49:02','Activa',NULL),(226,'2026-03-24',5,41,NULL,2,'',180.00,1,6,'2026-03-24 15:53:30','Activa',NULL),(227,'2026-03-24',5,41,NULL,2,'',360.00,1,6,'2026-03-24 16:04:39','Activa',NULL),(228,'2026-03-25',5,45,NULL,2,'',240.00,1,6,'2026-03-25 09:20:54','Activa',NULL),(229,'2026-03-25',2,45,NULL,2,'',20405.00,1,6,'2026-03-25 13:46:56','Activa',NULL),(230,'2026-03-25',6,45,NULL,2,'',8495.00,1,6,'2026-03-25 13:50:18','Activa',NULL),(231,'2026-03-25',12,45,NULL,2,'',40350.00,1,6,'2026-03-25 14:00:59','Activa',NULL),(232,'2026-03-25',6,45,NULL,2,'',11000.00,1,6,'2026-03-25 14:16:10','Activa',NULL),(233,'2026-03-25',7,45,NULL,1,'',0.00,1,6,'2026-03-25 14:17:37','Activa',NULL),(234,'2026-03-25',5,45,NULL,2,'',2140.00,1,6,'2026-03-25 14:20:18','Activa',NULL),(235,'2026-03-26',12,46,NULL,2,'',45000.00,1,6,'2026-03-26 08:59:18','Activa',NULL),(236,'2026-03-26',6,46,NULL,1,'',12000.00,1,6,'2026-03-26 09:04:58','Activa',NULL),(237,'2026-03-26',12,46,NULL,2,'',45000.00,1,6,'2026-03-26 09:06:47','Activa',NULL),(238,'2026-03-26',12,46,NULL,2,'',45185.00,1,6,'2026-03-26 09:20:50','Activa',NULL),(239,'2026-03-26',5,46,NULL,2,'',3000.00,1,6,'2026-03-26 09:22:20','Activa',NULL),(240,'2026-03-26',5,46,NULL,2,'',6515.00,1,6,'2026-03-26 11:47:42','Activa',NULL),(241,'2026-03-26',5,46,NULL,2,'',7000.00,1,6,'2026-03-26 11:49:51','Activa',NULL),(242,'2026-03-26',12,46,NULL,2,'',40035.00,1,6,'2026-03-26 15:20:40','Activa',NULL),(243,'2026-03-27',12,47,NULL,2,'',41000.00,1,12,'2026-03-27 11:05:19','Activa',NULL),(244,'2026-03-27',2,47,NULL,2,'',21000.00,1,12,'2026-03-27 11:14:03','Activa',NULL),(245,'2026-03-27',12,47,NULL,2,'',40000.00,1,12,'2026-03-27 11:45:12','Activa',NULL),(246,'2026-03-27',5,47,NULL,2,'',6000.00,1,12,'2026-03-27 14:20:49','Activa',NULL),(247,'2026-03-27',5,47,NULL,2,'',7900.00,1,12,'2026-03-27 15:02:01','Activa',NULL),(248,'2026-03-30',12,48,NULL,2,'',36500.00,1,6,'2026-03-30 09:29:57','Activa',NULL),(249,'2026-03-30',5,48,NULL,2,'',8000.00,1,6,'2026-03-30 09:37:45','Activa',NULL),(250,'2026-03-30',5,48,NULL,2,'',13650.00,1,6,'2026-03-30 11:44:02','Activa',NULL),(251,'2026-03-30',5,48,NULL,2,'',13000.00,1,6,'2026-03-30 11:56:37','Activa',NULL),(252,'2026-03-30',2,48,NULL,2,'',15000.00,1,6,'2026-03-30 11:56:50','Activa',NULL),(253,'2026-03-30',5,48,NULL,2,'',14300.00,1,6,'2026-03-30 12:09:42','Activa',NULL),(254,'2026-03-30',2,48,NULL,2,'',11000.00,1,6,'2026-03-30 12:09:47','Activa',NULL),(255,'2026-03-30',5,48,NULL,2,'',13000.00,1,6,'2026-03-30 14:10:30','Activa',NULL),(256,'2026-03-30',5,48,NULL,2,'',14000.00,1,6,'2026-03-30 14:10:31','Activa',NULL),(257,'2026-03-30',2,48,NULL,2,'',10185.00,1,6,'2026-03-30 14:32:37','Activa',NULL),(258,'2026-03-30',5,48,NULL,2,'',16480.00,1,6,'2026-03-30 14:56:06','Activa',NULL),(259,'2026-03-30',5,48,NULL,2,'',15000.00,1,6,'2026-03-30 14:58:44','Activa',NULL),(260,'2026-03-30',5,48,NULL,2,'',14000.00,1,6,'2026-03-30 15:16:02','Activa',NULL),(261,'2026-03-30',5,48,NULL,2,'',14000.00,1,6,'2026-03-30 15:16:02','Activa',NULL),(262,'2026-03-30',5,48,NULL,2,'',13950.00,1,6,'2026-03-30 15:16:32','Activa',NULL),(263,'2026-03-30',5,48,NULL,2,'',13000.00,1,6,'2026-03-30 15:19:39','Activa',NULL),(264,'2026-03-31',6,50,NULL,1,'',10000.00,1,6,'2026-03-31 09:18:40','Activa',NULL),(265,'2026-03-31',2,50,NULL,2,'',12035.00,1,6,'2026-03-31 09:20:25','Activa',NULL),(266,'2026-03-31',6,50,NULL,2,'',10000.00,1,6,'2026-03-31 09:57:19','Activa',NULL),(267,'2026-03-31',2,50,NULL,2,'',12000.00,1,6,'2026-03-31 10:01:41','Activa',NULL),(268,'2026-03-31',12,50,NULL,2,'',37000.00,1,6,'2026-03-31 10:04:48','Activa',NULL),(269,'2026-03-31',12,50,NULL,2,'',40000.00,1,6,'2026-03-31 10:04:50','Activa',NULL),(270,'2026-03-31',5,50,NULL,2,'',13000.00,1,6,'2026-03-31 10:19:18','Activa',NULL),(271,'2026-03-31',5,50,NULL,2,'',13000.00,1,6,'2026-03-31 10:19:21','Activa',NULL),(272,'2026-03-31',5,50,NULL,2,'',13000.00,1,6,'2026-03-31 10:56:50','Activa',NULL),(273,'2026-03-31',12,50,NULL,2,'',41000.00,1,6,'2026-03-31 13:16:43','Activa',NULL),(274,'2026-04-01',6,51,NULL,2,'',11000.00,1,6,'2026-04-01 09:23:35','Activa',NULL),(275,'2026-04-01',5,51,NULL,1,'',12190.00,1,6,'2026-04-01 09:23:43','Activa',NULL),(276,'2026-04-01',12,51,NULL,1,'',40000.00,1,6,'2026-04-01 13:52:09','Activa',NULL),(277,'2026-04-01',2,51,NULL,1,'',10000.00,1,6,'2026-04-01 14:23:19','Activa',NULL),(278,'2026-04-01',2,51,NULL,1,'',9000.00,1,6,'2026-04-01 14:33:43','Activa',NULL),(279,'2026-04-01',5,51,NULL,2,'',12190.00,1,6,'2026-04-01 14:39:18','Activa',NULL),(280,'2026-04-01',7,51,NULL,1,'',0.00,1,6,'2026-04-01 14:39:22','Activa',NULL),(281,'2026-04-01',7,51,NULL,1,'',0.00,1,6,'2026-04-01 14:39:52','Activa',NULL),(282,'2026-04-01',12,51,NULL,1,'',34000.00,1,6,'2026-04-01 15:09:49','Activa',NULL),(283,'2026-04-01',12,51,NULL,1,'',34000.00,1,6,'2026-04-01 15:19:18','Activa',NULL),(284,'2026-04-01',5,51,NULL,1,'',14000.00,1,6,'2026-04-01 15:22:57','Activa',NULL),(285,'2026-04-01',12,51,NULL,2,'',33000.00,1,6,'2026-04-01 15:26:12','Activa',NULL),(286,'2026-04-13',6,53,NULL,2,'',12000.00,1,12,'2026-04-13 09:23:08','Activa',NULL),(287,'2026-04-16',5,55,NULL,1,'',10000.00,1,6,'2026-04-16 09:01:58','Activa',NULL),(288,'2026-04-16',6,55,NULL,1,'',30400.00,1,6,'2026-04-16 09:20:07','Activa',NULL),(289,'2026-04-16',5,55,NULL,1,'',7000.00,1,6,'2026-04-16 09:51:43','Activa',NULL),(290,'2026-04-16',5,55,NULL,1,'',7000.00,1,6,'2026-04-16 11:10:44','Activa',NULL),(291,'2026-04-16',5,55,NULL,1,'',5000.00,1,6,'2026-04-16 11:47:34','Activa',NULL),(292,'2026-04-17',4,56,NULL,1,'',3940.00,1,12,'2026-04-17 15:55:47','Activa',NULL),(293,'2026-04-17',3,56,NULL,1,'',17628.00,1,12,'2026-04-17 15:58:36','Activa',NULL),(294,'2026-04-22',2,60,NULL,2,'',1000.00,1,6,'2026-04-22 10:17:19','Activa',NULL),(295,'2026-04-22',12,60,148,1,'',30000.00,1,6,'2026-04-22 10:28:06','Activa',NULL),(296,'2026-04-22',2,60,151,1,'',2200.00,1,6,'2026-04-22 15:30:20','Activa',NULL),(297,'2026-04-22',2,60,152,1,'',2200.00,1,6,'2026-04-22 15:32:14','Activa',NULL),(298,'2026-04-22',2,60,153,1,'',2200.00,1,6,'2026-04-22 15:42:05','Activa',NULL),(299,'2026-04-22',2,60,NULL,1,'',2200.00,1,6,'2026-04-22 15:44:59','Activa',NULL),(300,'2026-04-22',5,60,NULL,1,'',3500.00,1,6,'2026-04-22 15:48:46','Activa',NULL),(301,'2026-04-22',5,60,NULL,1,'',3500.00,1,6,'2026-04-22 15:58:43','Activa',NULL),(302,'2026-04-22',5,60,NULL,1,'',3500.00,1,6,'2026-04-22 16:02:15','Activa',NULL),(303,'2026-04-24',5,61,NULL,1,'',3500.00,1,12,'2026-04-24 11:10:39','Activa',NULL),(304,'2026-04-24',7,61,NULL,1,'',0.00,1,12,'2026-04-24 11:17:15','Activa',NULL),(305,'2026-04-24',6,61,NULL,2,'',29950.00,1,12,'2026-04-24 11:26:06','Activa',NULL),(306,'2026-04-24',6,61,NULL,2,'',23700.00,1,12,'2026-04-24 11:28:05','Activa',NULL);
/*!40000 ALTER TABLE `facturacion_ruta` ENABLE KEYS */;
UNLOCK TABLES;

--
-- Table structure for table `gastos_generales`
--

DROP TABLE IF EXISTS `gastos_generales`;
/*!40101 SET @saved_cs_client     = @@character_set_client */;
/*!50503 SET character_set_client = utf8mb4 */;
CREATE TABLE `gastos_generales` (
  `ID_Gasto` int NOT NULL AUTO_INCREMENT,
  `ID_Tipo_Gasto` int NOT NULL,
  `ID_Subcategoria` int DEFAULT NULL,
  `Fecha` date NOT NULL,
  `Monto` decimal(12,2) NOT NULL,
  `Descripcion` text,
  `N_Factura` varchar(50) DEFAULT NULL,
  `ID_Proveedor` int DEFAULT NULL,
  `ID_Vehiculo` int DEFAULT NULL,
  `Metodo_Pago` enum('EFECTIVO','TRANSFERENCIA','TARJETA','CHEQUE') DEFAULT 'EFECTIVO',
  `Comprobante` varchar(255) DEFAULT NULL,
  `ID_Empresa` int NOT NULL,
  `Estado` enum('Activo','Anulado') DEFAULT 'Activo',
  `Fecha_Registro` datetime DEFAULT CURRENT_TIMESTAMP,
  `ID_Usuario_Registro` int DEFAULT NULL,
  PRIMARY KEY (`ID_Gasto`),
  KEY `ID_Tipo_Gasto` (`ID_Tipo_Gasto`),
  KEY `ID_Subcategoria` (`ID_Subcategoria`),
  KEY `ID_Proveedor` (`ID_Proveedor`),
  KEY `ID_Vehiculo` (`ID_Vehiculo`),
  CONSTRAINT `fk_gastos_subcategoria` FOREIGN KEY (`ID_Subcategoria`) REFERENCES `subcategorias_gasto` (`ID_Subcategoria`),
  CONSTRAINT `fk_gastos_tipo` FOREIGN KEY (`ID_Tipo_Gasto`) REFERENCES `tipos_gasto` (`ID_Tipo_Gasto`),
  CONSTRAINT `fk_gastos_vehiculo` FOREIGN KEY (`ID_Vehiculo`) REFERENCES `vehiculos` (`ID_Vehiculo`)
) ENGINE=InnoDB AUTO_INCREMENT=6 DEFAULT CHARSET=utf8mb4 COLLATE=utf8mb4_0900_ai_ci;
/*!40101 SET character_set_client = @saved_cs_client */;

--
-- Dumping data for table `gastos_generales`
--

LOCK TABLES `gastos_generales` WRITE;
/*!40000 ALTER TABLE `gastos_generales` DISABLE KEYS */;
INSERT INTO `gastos_generales` VALUES (1,1,6,'2026-04-16',5000.00,'pago de luz electrica antes de que la corten fuck','prueba 16/04/26',5,NULL,'EFECTIVO',NULL,1,'Activo','2026-04-16 15:50:15',1),(2,1,7,'2026-04-17',7000.00,'','prueba_17/04/26',NULL,NULL,'EFECTIVO',NULL,1,'Activo','2026-04-17 09:05:50',1),(3,4,NULL,'2026-04-17',1500.00,'','prueba_papel',NULL,NULL,'EFECTIVO',NULL,1,'Activo','2026-04-17 09:19:47',1),(4,2,4,'2026-04-17',2500.00,'','Fac-San Jose 72563',NULL,1,'EFECTIVO',NULL,1,'Activo','2026-04-17 09:31:03',1),(5,2,3,'2026-04-24',1600.00,'reparacion','ninguno',NULL,2,'EFECTIVO',NULL,1,'Activo','2026-04-24 14:38:37',1);
/*!40000 ALTER TABLE `gastos_generales` ENABLE KEYS */;
UNLOCK TABLES;

--
-- Table structure for table `gastos_vehiculo_detalle`
--

DROP TABLE IF EXISTS `gastos_vehiculo_detalle`;
/*!40101 SET @saved_cs_client     = @@character_set_client */;
/*!50503 SET character_set_client = utf8mb4 */;
CREATE TABLE `gastos_vehiculo_detalle` (
  `ID_Gasto_Vehiculo` int NOT NULL AUTO_INCREMENT,
  `ID_Gasto` int NOT NULL,
  `ID_Vehiculo` int NOT NULL,
  `Kilometraje` int DEFAULT NULL,
  `Tipo_Mantenimiento` varchar(50) DEFAULT NULL,
  `Taller` varchar(100) DEFAULT NULL,
  PRIMARY KEY (`ID_Gasto_Vehiculo`),
  KEY `ID_Gasto` (`ID_Gasto`),
  CONSTRAINT `fk_gasto_vehiculo_gasto` FOREIGN KEY (`ID_Gasto`) REFERENCES `gastos_generales` (`ID_Gasto`)
) ENGINE=InnoDB AUTO_INCREMENT=3 DEFAULT CHARSET=utf8mb4 COLLATE=utf8mb4_0900_ai_ci;
/*!40101 SET character_set_client = @saved_cs_client */;

--
-- Dumping data for table `gastos_vehiculo_detalle`
--

LOCK TABLES `gastos_vehiculo_detalle` WRITE;
/*!40000 ALTER TABLE `gastos_vehiculo_detalle` DISABLE KEYS */;
INSERT INTO `gastos_vehiculo_detalle` VALUES (1,4,1,150000,'CORRECTIVO','San jose'),(2,5,2,NULL,'CORRECTIVO','Mecanico electrico');
/*!40000 ALTER TABLE `gastos_vehiculo_detalle` ENABLE KEYS */;
UNLOCK TABLES;

--
-- Table structure for table `inventario_bodega`
--

DROP TABLE IF EXISTS `inventario_bodega`;
/*!40101 SET @saved_cs_client     = @@character_set_client */;
/*!50503 SET character_set_client = utf8mb4 */;
CREATE TABLE `inventario_bodega` (
  `ID_Bodega` int NOT NULL,
  `ID_Producto` int NOT NULL,
  `Existencias` decimal(12,2) DEFAULT '0.00',
  PRIMARY KEY (`ID_Bodega`,`ID_Producto`),
  UNIQUE KEY `idx_unico_producto_bodega` (`ID_Producto`,`ID_Bodega`),
  KEY `ID_Producto` (`ID_Producto`),
  CONSTRAINT `inventario_bodega_ibfk_1` FOREIGN KEY (`ID_Bodega`) REFERENCES `bodegas` (`ID_Bodega`),
  CONSTRAINT `inventario_bodega_ibfk_2` FOREIGN KEY (`ID_Producto`) REFERENCES `productos` (`ID_Producto`)
) ENGINE=InnoDB DEFAULT CHARSET=utf8mb4 COLLATE=utf8mb4_0900_ai_ci;
/*!40101 SET character_set_client = @saved_cs_client */;

--
-- Dumping data for table `inventario_bodega`
--

LOCK TABLES `inventario_bodega` WRITE;
/*!40000 ALTER TABLE `inventario_bodega` DISABLE KEYS */;
INSERT INTO `inventario_bodega` VALUES (1,1,500.00),(1,2,38.00),(1,3,587.00),(1,4,0.00),(1,5,0.00),(1,7,160.00),(1,8,100.00),(1,9,40.00),(1,10,519.00),(1,11,4405.00),(1,12,86.00),(1,13,269.00),(1,14,34.00),(1,15,117.00),(1,16,89.00),(1,17,41.00),(1,18,86.00),(1,19,17.00),(2,6,70.00),(3,2,136.00),(3,3,60.00),(3,5,424.00),(3,7,74.00),(3,10,160.00),(3,16,0.00);
/*!40000 ALTER TABLE `inventario_bodega` ENABLE KEYS */;
UNLOCK TABLES;

--
-- Table structure for table `inventario_ruta`
--

DROP TABLE IF EXISTS `inventario_ruta`;
/*!40101 SET @saved_cs_client     = @@character_set_client */;
/*!50503 SET character_set_client = utf8mb4 */;
CREATE TABLE `inventario_ruta` (
  `ID_Inventario_Ruta` int NOT NULL AUTO_INCREMENT,
  `ID_Asignacion` int NOT NULL,
  `ID_Producto` int NOT NULL,
  `Cantidad` decimal(12,2) NOT NULL DEFAULT '0.00',
  `Fecha_Actualizacion` datetime DEFAULT CURRENT_TIMESTAMP ON UPDATE CURRENT_TIMESTAMP,
  PRIMARY KEY (`ID_Inventario_Ruta`),
  UNIQUE KEY `uk_producto_asignacion` (`ID_Asignacion`,`ID_Producto`),
  KEY `idx_producto` (`ID_Producto`),
  KEY `idx_asignacion` (`ID_Asignacion`),
  CONSTRAINT `fk_inv_ruta_asignacion` FOREIGN KEY (`ID_Asignacion`) REFERENCES `asignacion_vendedores` (`ID_Asignacion`) ON DELETE CASCADE,
  CONSTRAINT `fk_inv_ruta_producto` FOREIGN KEY (`ID_Producto`) REFERENCES `productos` (`ID_Producto`)
) ENGINE=InnoDB AUTO_INCREMENT=143 DEFAULT CHARSET=utf8mb4 COLLATE=utf8mb4_0900_ai_ci COMMENT='Inventario de productos por asignación/vendedor';
/*!40101 SET character_set_client = @saved_cs_client */;

--
-- Dumping data for table `inventario_ruta`
--

LOCK TABLES `inventario_ruta` WRITE;
/*!40000 ALTER TABLE `inventario_ruta` DISABLE KEYS */;
INSERT INTO `inventario_ruta` VALUES (1,12,5,5.00,'2026-02-13 12:05:54'),(2,12,7,5.00,'2026-02-13 12:05:54'),(3,13,5,1.00,'2026-02-18 09:30:55'),(4,13,7,1.00,'2026-02-18 09:30:55'),(5,13,10,1.00,'2026-02-18 09:30:55'),(6,13,2,1.00,'2026-02-18 09:30:55'),(7,13,16,1.00,'2026-02-18 09:30:55'),(8,13,3,1.00,'2026-02-18 09:30:55'),(9,13,8,1.00,'2026-02-18 09:30:55'),(10,15,5,4.00,'2026-02-18 11:02:14'),(11,15,7,4.00,'2026-02-18 11:02:14'),(12,15,10,3.00,'2026-02-18 11:02:14'),(13,15,2,4.00,'2026-02-18 11:02:14'),(14,15,16,4.00,'2026-02-18 11:02:14'),(15,15,3,4.00,'2026-02-18 11:02:14'),(16,17,5,1.00,'2026-02-20 11:35:23'),(17,17,7,1.00,'2026-02-20 11:35:23'),(18,17,10,1.00,'2026-02-20 11:35:23'),(19,17,2,1.00,'2026-02-20 11:35:23'),(20,17,16,1.00,'2026-02-20 11:35:23'),(21,17,3,1.00,'2026-02-20 11:35:23'),(22,17,8,2.00,'2026-02-20 11:35:23'),(23,18,5,5.00,'2026-02-21 08:57:06'),(24,18,10,5.00,'2026-02-21 08:57:06'),(25,18,2,2.00,'2026-02-21 14:17:15'),(26,18,3,5.00,'2026-02-21 08:57:06'),(27,19,5,10.00,'2026-02-23 14:20:36'),(28,19,7,10.00,'2026-02-23 14:20:36'),(29,19,10,10.00,'2026-02-23 14:20:36'),(30,20,5,0.00,'2026-02-25 14:02:01'),(31,20,7,2.00,'2026-02-25 11:51:57'),(32,22,10,3.00,'2026-02-26 11:57:59'),(33,22,2,2.00,'2026-02-26 12:04:22'),(34,23,10,19.00,'2026-02-27 15:00:01'),(35,23,2,0.00,'2026-02-27 11:01:19'),(36,23,16,17.00,'2026-02-27 14:53:55'),(37,23,3,4.00,'2026-02-27 13:52:05'),(38,24,10,0.00,'2026-02-27 11:51:27'),(39,24,16,0.00,'2026-02-27 13:54:33'),(40,24,3,0.00,'2026-02-27 14:51:19'),(41,24,8,0.00,'2026-02-27 14:07:22'),(43,25,5,8.00,'2026-03-03 15:18:35'),(44,25,7,10.00,'2026-03-03 14:05:44'),(45,25,2,10.00,'2026-03-03 14:05:44'),(46,26,5,3.00,'2026-03-04 15:07:30'),(47,26,7,0.00,'2026-03-04 14:54:49'),(49,26,2,4.00,'2026-03-04 15:07:30'),(50,26,16,1.00,'2026-03-04 15:07:30'),(51,26,3,5.00,'2026-03-04 15:07:30'),(52,26,8,3.00,'2026-03-04 15:07:30'),(53,27,10,9.00,'2026-03-05 10:52:06'),(54,27,2,6.00,'2026-03-05 12:22:41'),(55,27,16,6.00,'2026-03-05 12:22:41'),(56,27,3,8.00,'2026-03-05 11:18:36'),(57,27,8,7.00,'2026-03-05 11:30:35'),(58,28,5,15.00,'2026-03-06 15:32:27'),(59,28,7,8.00,'2026-03-06 09:49:02'),(60,28,2,10.00,'2026-03-06 09:43:17'),(61,28,16,10.00,'2026-03-06 09:43:17'),(65,29,16,1.00,'2026-03-09 09:53:12'),(66,30,16,0.00,'2026-03-09 10:33:01'),(67,30,3,0.00,'2026-03-09 15:54:22'),(68,30,7,0.00,'2026-03-09 15:54:22'),(69,31,2,10.00,'2026-03-10 15:22:19'),(70,31,10,30.00,'2026-03-10 15:08:57'),(71,31,16,35.00,'2026-03-10 15:15:13'),(72,31,5,4.00,'2026-03-10 14:16:37'),(77,31,3,15.00,'2026-03-10 11:46:10'),(80,31,7,10.00,'2026-03-10 15:36:52'),(81,32,10,0.00,'2026-03-11 15:37:27'),(82,32,5,50.00,'2026-03-11 15:45:14'),(83,33,5,4.00,'2026-03-12 14:45:18'),(84,33,16,0.00,'2026-03-12 13:34:25'),(85,33,3,19.00,'2026-03-12 13:39:37'),(86,33,8,15.00,'2026-03-12 11:48:45'),(87,34,10,0.00,'2026-03-13 14:28:09'),(88,34,8,0.00,'2026-03-13 15:58:45'),(89,35,8,0.00,'2026-03-16 14:32:59'),(90,36,7,25.00,'2026-03-17 14:46:44'),(91,37,5,30.00,'2026-03-18 15:29:52'),(92,37,7,46.00,'2026-03-18 12:11:30'),(93,37,10,38.00,'2026-03-18 14:59:54'),(94,37,2,10.00,'2026-03-18 15:14:28'),(95,37,16,20.00,'2026-03-18 15:29:52'),(96,37,3,30.00,'2026-03-18 15:29:52'),(97,38,10,69.00,'2026-03-19 16:00:21'),(98,38,2,50.00,'2026-03-19 16:00:21'),(99,38,16,10.00,'2026-03-19 15:40:21'),(100,38,3,20.00,'2026-03-19 15:45:00'),(101,39,10,9.00,'2026-03-20 15:23:00'),(102,39,2,10.00,'2026-03-20 15:22:57'),(103,39,16,1.00,'2026-03-20 14:53:55'),(104,40,5,8.00,'2026-03-23 16:05:27'),(105,40,10,30.00,'2026-03-23 15:40:59'),(106,40,2,30.00,'2026-03-23 15:06:34'),(107,40,16,0.00,'2026-03-23 09:07:56'),(108,41,5,5.00,'2026-03-24 13:54:04'),(109,41,10,0.00,'2026-03-24 15:43:48'),(110,41,3,17.00,'2026-03-24 16:04:39'),(111,44,5,40.00,'2026-03-24 14:15:36'),(112,44,7,60.00,'2026-03-24 14:14:26'),(113,45,5,30.00,'2026-03-25 14:20:18'),(114,45,3,40.00,'2026-03-25 14:17:37'),(115,46,10,20.00,'2026-03-26 15:20:40'),(116,47,5,30.00,'2026-03-27 15:02:01'),(117,48,5,40.00,'2026-03-30 15:16:02'),(118,48,7,70.00,'2026-03-30 14:10:31'),(119,48,10,25.00,'2026-03-30 15:19:39'),(120,50,5,17.00,'2026-03-31 13:16:43'),(121,50,10,100.00,'2026-03-31 14:31:49'),(122,50,3,100.00,'2026-03-31 14:31:49'),(123,50,16,52.00,'2026-03-31 15:32:13'),(125,51,5,28.00,'2026-04-01 15:26:12'),(126,51,16,10.00,'2026-04-01 15:22:57'),(127,52,5,100.00,'2026-04-04 08:48:55'),(128,52,10,100.00,'2026-04-04 08:48:55'),(129,53,5,90.00,'2026-04-13 09:23:08'),(130,54,5,100.00,'2026-04-15 16:03:14'),(131,55,7,69.00,'2026-04-16 11:53:55'),(132,55,3,50.00,'2026-04-16 11:10:44'),(133,55,5,56.00,'2026-04-16 11:53:55'),(134,55,16,20.00,'2026-04-16 11:53:55'),(136,56,5,0.00,'2026-04-17 15:58:36'),(137,57,2,100.00,'2026-04-20 11:55:14'),(138,60,5,8.00,'2026-04-22 15:48:46'),(139,60,10,1.00,'2026-04-22 16:02:15'),(140,60,3,25.00,'2026-04-22 10:17:19'),(141,61,2,6.00,'2026-04-24 11:28:05'),(142,65,5,100.00,'2026-05-07 09:39:37');
/*!40000 ALTER TABLE `inventario_ruta` ENABLE KEYS */;
UNLOCK TABLES;

--
-- Table structure for table `log_cambios_visibilidad`
--

DROP TABLE IF EXISTS `log_cambios_visibilidad`;
/*!40101 SET @saved_cs_client     = @@character_set_client */;
/*!50503 SET character_set_client = utf8mb4 */;
CREATE TABLE `log_cambios_visibilidad` (
  `ID_Log` int NOT NULL AUTO_INCREMENT,
  `fecha_cambio` datetime DEFAULT CURRENT_TIMESTAMP,
  `ID_Usuario` int NOT NULL,
  `tipo_cliente` enum('Comun','Especial') NOT NULL,
  `ID_Categoria` int NOT NULL,
  `valor_anterior` tinyint(1) DEFAULT NULL,
  `valor_nuevo` tinyint(1) DEFAULT NULL,
  `accion` enum('INSERT','UPDATE','DELETE') DEFAULT 'UPDATE',
  PRIMARY KEY (`ID_Log`),
  KEY `ID_Usuario` (`ID_Usuario`),
  KEY `fecha_cambio` (`fecha_cambio`),
  CONSTRAINT `fk_log_usuario` FOREIGN KEY (`ID_Usuario`) REFERENCES `usuarios` (`ID_Usuario`)
) ENGINE=InnoDB AUTO_INCREMENT=2 DEFAULT CHARSET=utf8mb4 COLLATE=utf8mb4_0900_ai_ci COMMENT='Log de cambios en visibilidad';
/*!40101 SET character_set_client = @saved_cs_client */;

--
-- Dumping data for table `log_cambios_visibilidad`
--

LOCK TABLES `log_cambios_visibilidad` WRITE;
/*!40000 ALTER TABLE `log_cambios_visibilidad` DISABLE KEYS */;
INSERT INTO `log_cambios_visibilidad` VALUES (1,'2026-01-16 13:37:01',1,'Comun',4,NULL,1,'INSERT');
/*!40000 ALTER TABLE `log_cambios_visibilidad` ENABLE KEYS */;
UNLOCK TABLES;

--
-- Table structure for table `metodos_pago`
--

DROP TABLE IF EXISTS `metodos_pago`;
/*!40101 SET @saved_cs_client     = @@character_set_client */;
/*!50503 SET character_set_client = utf8mb4 */;
CREATE TABLE `metodos_pago` (
  `ID_MetodoPago` int NOT NULL AUTO_INCREMENT,
  `Nombre` varchar(255) NOT NULL,
  PRIMARY KEY (`ID_MetodoPago`)
) ENGINE=InnoDB AUTO_INCREMENT=5 DEFAULT CHARSET=utf8mb4 COLLATE=utf8mb4_0900_ai_ci;
/*!40101 SET character_set_client = @saved_cs_client */;

--
-- Dumping data for table `metodos_pago`
--

LOCK TABLES `metodos_pago` WRITE;
/*!40000 ALTER TABLE `metodos_pago` DISABLE KEYS */;
INSERT INTO `metodos_pago` VALUES (1,'Efectivo'),(2,'Tarjeta'),(3,'Deposito'),(4,'Productos');
/*!40000 ALTER TABLE `metodos_pago` ENABLE KEYS */;
UNLOCK TABLES;

--
-- Table structure for table `movimientos_caja_ruta`
--

DROP TABLE IF EXISTS `movimientos_caja_ruta`;
/*!40101 SET @saved_cs_client     = @@character_set_client */;
/*!50503 SET character_set_client = utf8mb4 */;
CREATE TABLE `movimientos_caja_ruta` (
  `ID_Movimiento` int NOT NULL AUTO_INCREMENT,
  `ID_Asignacion` int NOT NULL COMMENT 'Para saber qué ruta y vendedor',
  `ID_Usuario` int NOT NULL COMMENT 'Vendedor que realiza el movimiento',
  `Fecha` datetime DEFAULT CURRENT_TIMESTAMP,
  `Tipo` enum('APERTURA','VENTA','ABONO','GASTO','CIERRE') NOT NULL,
  `Concepto` varchar(200) NOT NULL,
  `Monto` decimal(12,2) NOT NULL,
  `Tipo_Pago` enum('CONTADO','CREDITO') DEFAULT NULL,
  `ID_FacturaRuta` int DEFAULT NULL,
  `ID_Cliente` int DEFAULT NULL,
  `Saldo_Acumulado` decimal(12,2) DEFAULT NULL,
  `Estado` enum('ACTIVO','ANULADO') DEFAULT 'ACTIVO',
  `ID_MetodoPago` int DEFAULT NULL,
  PRIMARY KEY (`ID_Movimiento`),
  KEY `ID_Asignacion` (`ID_Asignacion`),
  KEY `ID_Usuario` (`ID_Usuario`),
  KEY `ID_Cliente` (`ID_Cliente`),
  KEY `idx_fecha_usuario` (`Fecha`,`ID_Usuario`),
  KEY `idx_fecha_ruta` (`Fecha`,`ID_Asignacion`),
  KEY `ID_MetodoPago` (`ID_MetodoPago`),
  CONSTRAINT `movimientos_caja_ruta_ibfk_1` FOREIGN KEY (`ID_Asignacion`) REFERENCES `asignacion_vendedores` (`ID_Asignacion`),
  CONSTRAINT `movimientos_caja_ruta_ibfk_2` FOREIGN KEY (`ID_Usuario`) REFERENCES `usuarios` (`ID_Usuario`),
  CONSTRAINT `movimientos_caja_ruta_ibfk_3` FOREIGN KEY (`ID_MetodoPago`) REFERENCES `metodos_pago` (`ID_MetodoPago`)
) ENGINE=InnoDB AUTO_INCREMENT=425 DEFAULT CHARSET=utf8mb4 COLLATE=utf8mb4_0900_ai_ci;
/*!40101 SET character_set_client = @saved_cs_client */;

--
-- Dumping data for table `movimientos_caja_ruta`
--

LOCK TABLES `movimientos_caja_ruta` WRITE;
/*!40000 ALTER TABLE `movimientos_caja_ruta` DISABLE KEYS */;
INSERT INTO `movimientos_caja_ruta` VALUES (1,22,12,'2026-02-26 15:45:30','ABONO','Abono de cliente - Total: $3,000.00',3000.00,NULL,NULL,2,3000.00,'ACTIVO',NULL),(2,22,12,'2026-02-26 15:50:58','ABONO','Abono de cliente - Total: $2,000.00',2000.00,NULL,NULL,2,5000.00,'ACTIVO',NULL),(3,22,12,'2026-02-26 15:59:44','ABONO','Abono de cliente - Total: $985.00',985.00,NULL,NULL,12,5985.00,'ACTIVO',NULL),(4,23,12,'2026-02-27 10:48:25','APERTURA','Apertura de caja',10.00,NULL,NULL,NULL,NULL,'ACTIVO',NULL),(5,23,12,'2026-02-27 11:01:19','VENTA','Venta Contado Factura #23',190.00,'CONTADO',23,4,200.00,'ACTIVO',NULL),(6,24,6,'2026-02-27 11:17:59','APERTURA','Apertura de caja',0.01,NULL,NULL,NULL,NULL,'ACTIVO',NULL),(7,24,6,'2026-02-27 11:19:12','ABONO','Abono de cliente - Total: $2,500.00',2500.00,NULL,NULL,1,2500.01,'ACTIVO',NULL),(8,24,6,'2026-02-27 11:20:42','VENTA','Venta Contado Factura #25',180.00,'CONTADO',25,10,2680.01,'ACTIVO',NULL),(9,24,6,'2026-02-27 11:26:27','ABONO','Abono de cliente - Total: $1,500.00',1500.00,NULL,NULL,1,4180.01,'ACTIVO',NULL),(10,24,6,'2026-02-27 11:36:20','ABONO','Abono de cliente - Total: $30.00',30.00,NULL,NULL,1,4210.01,'ACTIVO',NULL),(11,24,6,'2026-02-27 11:51:22','ABONO','Abono de cliente - Total: $400.00',400.00,NULL,NULL,1,4610.01,'ACTIVO',NULL),(12,24,6,'2026-02-27 12:01:31','ABONO','Abono de cliente - Total: $300.00',300.00,NULL,NULL,1,4910.01,'ACTIVO',NULL),(13,24,6,'2026-02-27 13:35:39','ABONO','Abono de cliente - Total: $200.00',200.00,'CONTADO',NULL,1,5110.01,'ACTIVO',NULL),(14,24,6,'2026-02-27 13:35:44','VENTA','Venta a Crédito Factura #28',0.00,'CREDITO',28,1,5110.01,'ACTIVO',NULL),(15,23,12,'2026-02-27 13:52:05','VENTA','Venta a Crédito Factura #29',0.00,'CREDITO',29,4,200.00,'ACTIVO',NULL),(16,24,6,'2026-02-27 13:54:27','ABONO','Abono de cliente - Total: $400.00',400.00,'CONTADO',NULL,1,5510.01,'ACTIVO',NULL),(17,24,6,'2026-02-27 13:54:33','VENTA','Venta a Crédito Factura #30',0.00,'CREDITO',30,1,5510.01,'ACTIVO',NULL),(18,24,6,'2026-02-27 14:07:15','ABONO','Abono de cliente - Total: $100.00',100.00,'CONTADO',NULL,1,5610.01,'ACTIVO',NULL),(19,24,6,'2026-02-27 14:07:22','VENTA','Venta a Crédito Factura #31',0.00,'CREDITO',31,1,5610.01,'ACTIVO',NULL),(20,24,6,'2026-02-27 14:19:03','ABONO','Abono de cliente - Total: $170.00',170.00,'CONTADO',NULL,1,5780.01,'ACTIVO',NULL),(21,24,6,'2026-02-27 14:19:08','VENTA','Venta a Crédito Factura #32',0.00,'CREDITO',32,1,5780.01,'ACTIVO',NULL),(22,24,6,'2026-02-27 14:23:07','ABONO','Abono de cliente - Total: $360.00',360.00,'CONTADO',NULL,1,6140.01,'ACTIVO',NULL),(23,24,6,'2026-02-27 14:23:13','VENTA','Venta a Crédito Factura #33',0.00,'CREDITO',33,1,6140.01,'ACTIVO',NULL),(24,23,12,'2026-02-27 14:50:03','VENTA','Venta a Crédito Factura #34',0.00,'CREDITO',34,4,200.00,'ACTIVO',NULL),(25,24,6,'2026-02-27 14:51:14','ABONO','Abono de cliente - Total: $300.00',300.00,'CONTADO',NULL,1,6440.01,'ACTIVO',NULL),(26,24,6,'2026-02-27 14:51:19','VENTA','Venta a Crédito Factura #35',0.00,'CREDITO',35,1,6440.01,'ACTIVO',NULL),(27,23,12,'2026-02-27 14:53:52','ABONO','Abono de cliente - Total: $200.00',200.00,'CONTADO',NULL,4,400.00,'ACTIVO',NULL),(28,23,12,'2026-02-27 14:53:55','VENTA','Venta a Crédito Factura #36',0.00,'CREDITO',36,4,400.00,'ACTIVO',NULL),(29,23,12,'2026-02-27 14:59:57','ABONO','Abono de cliente - Total: $400.00',400.00,'CONTADO',NULL,4,800.00,'ACTIVO',NULL),(30,23,12,'2026-02-27 15:00:01','VENTA','Venta a Crédito Factura #37',0.00,'CREDITO',37,4,800.00,'ACTIVO',NULL),(31,25,6,'2026-03-03 14:24:03','APERTURA','Apertura de caja',0.00,NULL,NULL,NULL,NULL,'ACTIVO',NULL),(32,25,6,'2026-03-03 14:24:26','VENTA','Venta Contado Factura #38',190.00,'CONTADO',38,12,190.00,'ACTIVO',NULL),(33,25,6,'2026-03-03 15:18:35','VENTA','Venta a Crédito Factura #39',0.00,'CREDITO',39,2,190.00,'ACTIVO',NULL),(34,26,6,'2026-03-04 08:54:07','ABONO','Abono de cliente - Total: $1,000.00',1000.00,'CONTADO',NULL,2,1000.00,'ACTIVO',NULL),(35,26,6,'2026-03-04 10:56:17','APERTURA','Apertura de caja',0.00,NULL,NULL,NULL,NULL,'ACTIVO',NULL),(36,26,6,'2026-03-04 10:57:04','ABONO','Abono de cliente - Total: $1,500.00',1500.00,'CONTADO',NULL,2,2500.00,'ACTIVO',NULL),(37,26,6,'2026-03-04 10:57:08','VENTA','Venta a Crédito Factura #40',0.00,'CREDITO',40,2,2500.00,'ACTIVO',NULL),(38,26,6,'2026-03-04 12:42:45','VENTA','Venta Contado Factura #41',190.00,'CONTADO',41,2,NULL,'ACTIVO',NULL),(39,26,6,'2026-03-04 12:44:14','VENTA','Venta Contado Factura #42',190.00,'CONTADO',42,2,NULL,'ACTIVO',NULL),(40,26,6,'2026-03-04 14:47:00','VENTA','Venta Contado Factura #43',570.00,'CONTADO',43,2,NULL,'ACTIVO',NULL),(41,26,6,'2026-03-04 14:47:59','ABONO','Abono de cliente - Total: $190.00',190.00,'CONTADO',NULL,2,3640.00,'ACTIVO',NULL),(42,26,6,'2026-03-04 14:54:47','VENTA','Venta Contado Factura #44',190.00,'CONTADO',44,2,NULL,'ACTIVO',NULL),(43,26,6,'2026-03-04 14:54:49','VENTA','Venta Contado Factura #45',1900.00,'CONTADO',45,2,NULL,'ACTIVO',NULL),(44,26,6,'2026-03-04 15:04:01','ABONO','Abono de cliente - Total: $500.00',500.00,'CONTADO',NULL,2,6230.00,'ACTIVO',NULL),(45,26,6,'2026-03-04 15:04:06','VENTA','Venta a Crédito Factura #46',0.00,'CREDITO',46,2,6230.00,'ACTIVO',NULL),(46,27,6,'2026-03-05 08:36:04','APERTURA','Apertura de caja',0.00,NULL,NULL,NULL,NULL,'ACTIVO',NULL),(47,27,6,'2026-03-05 08:36:18','ABONO','Abono de cliente - Total: $190.00',190.00,'CONTADO',NULL,2,190.00,'ACTIVO',NULL),(48,27,6,'2026-03-05 08:46:11','ABONO','Abono de cliente - Total: $190.00',190.00,'CONTADO',NULL,2,380.00,'ACTIVO',NULL),(49,27,6,'2026-03-05 09:56:52','ABONO','Abono de cliente - Total: $190.00',190.00,'CONTADO',NULL,2,570.00,'ACTIVO',NULL),(50,27,6,'2026-03-05 10:01:04','ABONO','Abono de cliente - Total: $190.00',190.00,'CONTADO',NULL,2,760.00,'ACTIVO',NULL),(51,27,6,'2026-03-05 10:52:06','VENTA','Venta Contado Factura #49',185.00,'CONTADO',49,12,NULL,'ACTIVO',NULL),(52,27,6,'2026-03-05 11:18:36','VENTA','Venta Contado Factura #50',360.00,'CONTADO',50,2,NULL,'ACTIVO',NULL),(53,27,6,'2026-03-05 11:30:35','VENTA','Venta Contado Factura #51',495.00,'CONTADO',51,3,NULL,'ACTIVO',NULL),(54,27,6,'2026-03-05 12:22:41','VENTA','Venta Contado Factura #52',380.00,'CONTADO',52,6,NULL,'ACTIVO',NULL),(55,27,6,'2026-03-05 12:22:41','VENTA','Venta Contado Factura #53',350.00,'CONTADO',53,7,NULL,'ACTIVO',NULL),(56,27,6,'2026-03-05 12:22:41','ABONO','Abono de cliente - Total: $190.00',190.00,'CONTADO',NULL,2,2720.00,'ACTIVO',NULL),(57,27,6,'2026-03-05 13:22:33','ABONO','Abono de cliente - Total: $190.00',190.00,'CONTADO',NULL,2,2910.00,'ACTIVO',NULL),(58,27,6,'2026-03-05 13:27:41','ABONO','Abono de cliente - Total: $190.00',190.00,'CONTADO',NULL,2,3100.00,'ACTIVO',NULL),(59,27,6,'2026-03-05 13:32:41','ABONO','Abono de cliente - Total: $190.00',190.00,'CONTADO',NULL,2,3290.00,'ACTIVO',NULL),(60,28,6,'2026-03-06 09:43:49','APERTURA','Apertura de caja',0.00,NULL,NULL,NULL,NULL,'ACTIVO',NULL),(61,28,6,'2026-03-06 09:49:02','VENTA','Venta Contado Factura #54',380.00,'CONTADO',54,2,NULL,'ACTIVO',NULL),(62,28,6,'2026-03-06 09:49:02','ABONO','Abono de cliente - Total: $190.00',190.00,'CONTADO',NULL,2,570.00,'ACTIVO',NULL),(63,29,6,'2026-03-09 08:53:54','APERTURA','Apertura de caja',0.00,NULL,NULL,NULL,NULL,'ACTIVO',NULL),(64,29,6,'2026-03-09 08:56:14','VENTA','Venta a Crédito Factura #55',0.00,'CREDITO',55,2,0.00,'ACTIVO',NULL),(65,29,6,'2026-03-09 09:04:28','ABONO','Abono de cliente - Total: $190.00',190.00,'CONTADO',NULL,2,190.00,'ACTIVO',NULL),(66,29,6,'2026-03-09 09:33:13','ABONO','Abono de cliente - Total: $190.00',190.00,'CONTADO',NULL,2,380.00,'ACTIVO',NULL),(67,29,6,'2026-03-09 09:53:12','VENTA','Venta Contado Factura #56',1400.00,'CONTADO',56,2,NULL,'ACTIVO',NULL),(68,30,12,'2026-03-09 10:27:18','APERTURA','Apertura de caja',0.00,NULL,NULL,NULL,NULL,'ACTIVO',NULL),(69,30,12,'2026-03-09 10:32:58','ABONO','Abono de cliente - Total: $900.00',900.00,'CONTADO',NULL,1,900.00,'ACTIVO',NULL),(70,30,12,'2026-03-09 10:33:01','VENTA','Venta a Crédito Factura #57',0.00,'CREDITO',57,1,900.00,'ACTIVO',NULL),(71,30,12,'2026-03-09 10:50:35','ABONO','Abono de cliente - Total: $1,000.00',1000.00,'CONTADO',NULL,1,1900.00,'ACTIVO',NULL),(72,30,12,'2026-03-09 10:50:38','VENTA','Venta a Crédito Factura #58',0.00,'CREDITO',58,1,1900.00,'ACTIVO',NULL),(73,30,12,'2026-03-09 10:56:14','ABONO','Abono de cliente - Total: $400.00',400.00,'CONTADO',NULL,1,2300.00,'ACTIVO',NULL),(74,30,12,'2026-03-09 10:56:18','VENTA','Venta a Crédito Factura #59',0.00,'CREDITO',59,1,2300.00,'ACTIVO',NULL),(75,30,12,'2026-03-09 12:10:39','VENTA','Venta a Crédito Factura #60',0.00,'CREDITO',60,1,2300.00,'ACTIVO',NULL),(76,30,12,'2026-03-09 12:10:39','ABONO','Abono a cuenta - Factura #60',1000.00,'CREDITO',60,1,3300.00,'ACTIVO',NULL),(77,30,12,'2026-03-09 13:34:38','VENTA','Venta a Crédito Factura #61',0.00,'CREDITO',61,1,3300.00,'ACTIVO',NULL),(78,30,12,'2026-03-09 13:34:38','ABONO','Abono a cuenta - Factura #61',720.00,'CREDITO',61,1,4020.00,'ACTIVO',NULL),(79,30,12,'2026-03-09 13:40:04','VENTA','Venta a Crédito Factura #62',0.00,'CREDITO',62,1,4020.00,'ACTIVO',NULL),(80,30,12,'2026-03-09 13:40:04','ABONO','Abono a cuenta - Factura #62',190.00,'CREDITO',62,1,4210.00,'ACTIVO',NULL),(81,30,12,'2026-03-09 14:24:44','VENTA','Venta a Crédito Factura #63',0.00,'CREDITO',63,1,4210.00,'ACTIVO',NULL),(82,30,12,'2026-03-09 14:24:44','ABONO','Abono a cuenta - Factura #63',380.00,'CREDITO',63,1,4590.00,'ACTIVO',NULL),(83,30,12,'2026-03-09 14:32:01','VENTA','Venta a Crédito Factura #64',0.00,'CREDITO',64,1,4590.00,'ACTIVO',NULL),(84,30,12,'2026-03-09 14:32:01','ABONO','Abono a cuenta - Factura #64',360.00,'CREDITO',64,1,4950.00,'ACTIVO',NULL),(85,30,12,'2026-03-09 14:33:38','VENTA','Venta a Crédito Factura #65',0.00,'CREDITO',65,1,4950.00,'ACTIVO',NULL),(86,30,12,'2026-03-09 14:33:38','ABONO','Abono a cuenta - Factura #65',380.00,'CREDITO',65,1,5330.00,'ACTIVO',NULL),(87,30,12,'2026-03-09 14:46:29','VENTA','Venta a Crédito Factura #66',0.00,'CREDITO',66,1,5330.00,'ACTIVO',NULL),(88,30,12,'2026-03-09 14:46:29','ABONO','Abono a cuenta - Factura #66',190.00,'CREDITO',66,1,5520.00,'ACTIVO',NULL),(89,30,12,'2026-03-09 14:47:27','VENTA','Venta Contado Factura #67',570.00,'CONTADO',67,10,6090.00,'ACTIVO',NULL),(90,30,12,'2026-03-09 14:51:22','VENTA','Venta Contado Factura #68',190.00,'CONTADO',68,1,6280.00,'ACTIVO',NULL),(91,30,12,'2026-03-09 14:53:10','VENTA','Venta Contado Factura #69',190.00,'CONTADO',69,10,6470.00,'ACTIVO',NULL),(92,30,12,'2026-03-09 15:02:39','VENTA','Venta Contado Factura #70',570.00,'CONTADO',70,1,7040.00,'ACTIVO',NULL),(93,30,12,'2026-03-09 15:46:11','VENTA','Venta a Crédito Factura #71',0.00,'CREDITO',71,1,7040.00,'ACTIVO',NULL),(94,30,12,'2026-03-09 15:46:11','ABONO','Abono a cuenta - Factura #71',500.00,'CREDITO',71,1,7540.00,'ACTIVO',NULL),(95,31,6,'2026-03-10 08:44:58','APERTURA','Apertura de caja',0.00,NULL,NULL,NULL,NULL,'ACTIVO',NULL),(96,31,6,'2026-03-10 11:46:10','VENTA','Venta a Crédito Factura #72',0.00,'CREDITO',72,2,0.00,'ACTIVO',NULL),(97,31,6,'2026-03-10 11:46:10','ABONO','Abono a cuenta - Factura #72',970.00,'CREDITO',72,2,970.00,'ACTIVO',NULL),(98,31,6,'2026-03-10 14:03:39','VENTA','Venta Contado Factura #73',1900.00,'CONTADO',73,2,2870.00,'ACTIVO',NULL),(99,31,6,'2026-03-10 14:04:23','VENTA','Venta a Crédito Factura #74',0.00,'CREDITO',74,2,2870.00,'ACTIVO',NULL),(100,31,6,'2026-03-10 14:16:37','VENTA','Venta a Crédito Factura #75',0.00,'CREDITO',75,2,2870.00,'ACTIVO',NULL),(101,31,6,'2026-03-10 14:17:30','VENTA','Venta a Crédito Factura #76',0.00,'CREDITO',76,6,2870.00,'ACTIVO',NULL),(102,31,6,'2026-03-10 15:15:13','VENTA','Venta a Crédito Factura #77',0.00,'CREDITO',77,12,2870.00,'ACTIVO',NULL),(103,31,6,'2026-03-10 15:15:13','ABONO','Abono a cuenta - Factura #77',20000.00,'CREDITO',77,12,22870.00,'ACTIVO',NULL),(104,32,6,'2026-03-11 09:45:05','APERTURA','Apertura de caja',0.00,NULL,NULL,NULL,NULL,'ACTIVO',NULL),(105,32,6,'2026-03-11 09:46:57','VENTA','Venta Contado Factura #78',555.00,'CONTADO',78,7,555.00,'ACTIVO',NULL),(106,32,6,'2026-03-11 10:02:48','VENTA','Venta Contado Factura #79',555.00,'CONTADO',79,7,1110.00,'ACTIVO',NULL),(107,32,6,'2026-03-11 10:25:28','GASTO','peaje Masaya',200.00,'CONTADO',NULL,NULL,910.00,'ACTIVO',NULL),(108,32,6,'2026-03-11 10:28:44','GASTO','Deposito',500.00,'CONTADO',NULL,NULL,410.00,'ACTIVO',NULL),(109,32,6,'2026-03-11 10:38:43','VENTA','Venta a Crédito Factura #80',0.00,'CREDITO',80,2,410.00,'ACTIVO',NULL),(110,32,6,'2026-03-11 10:38:43','ABONO','Abono a cuenta - Factura #80',2000.00,'CREDITO',80,2,2410.00,'ACTIVO',NULL),(111,32,6,'2026-03-11 10:42:38','VENTA','Venta a Crédito Factura #81',0.00,'CREDITO',81,2,2410.00,'ACTIVO',NULL),(112,32,6,'2026-03-11 10:42:39','ABONO','Abono a cuenta - Factura #81',3000.00,'CREDITO',81,2,5410.00,'ACTIVO',NULL),(113,32,6,'2026-03-11 12:07:23','VENTA','Venta a Crédito Factura #82',0.00,'CREDITO',82,2,5410.00,'ACTIVO',NULL),(114,32,6,'2026-03-11 12:07:23','ABONO','Abono a cuenta - Factura #82',245.00,'CREDITO',82,2,5655.00,'ACTIVO',NULL),(115,32,6,'2026-03-11 12:12:19','VENTA','Venta a Crédito Factura #83',0.00,'CREDITO',83,12,5655.00,'ACTIVO',NULL),(116,32,6,'2026-03-11 12:12:19','ABONO','Abono a cuenta - Factura #83',40000.00,'CREDITO',83,12,45655.00,'ACTIVO',NULL),(117,32,6,'2026-03-11 14:21:53','VENTA','Venta Contado Factura #84',925.00,'CONTADO',84,5,46580.00,'ACTIVO',NULL),(118,33,6,'2026-03-12 11:33:47','APERTURA','Apertura de caja',0.00,NULL,NULL,NULL,NULL,'ACTIVO',NULL),(119,33,6,'2026-03-12 11:35:39','VENTA','Venta Contado Factura #85',950.00,'CONTADO',85,7,950.00,'ACTIVO',NULL),(120,33,6,'2026-03-12 11:40:43','VENTA','Venta Contado Factura #86',570.00,'CONTADO',86,12,1520.00,'ACTIVO',NULL),(121,33,6,'2026-03-12 11:48:45','VENTA','Venta a Crédito Factura #87',0.00,'CREDITO',87,2,1520.00,'ACTIVO',NULL),(122,33,6,'2026-03-12 11:48:45','ABONO','Abono a cuenta - Factura #87',5000.00,'CREDITO',87,2,6520.00,'ACTIVO',NULL),(123,33,6,'2026-03-12 12:10:57','VENTA','Venta a Crédito Factura #88',0.00,'CREDITO',88,2,6520.00,'ACTIVO',NULL),(124,33,6,'2026-03-12 12:15:15','VENTA','Venta a Crédito Factura #89',0.00,'CREDITO',89,12,6520.00,'ACTIVO',NULL),(125,33,6,'2026-03-12 13:34:25','VENTA','Venta a Crédito Factura #90',0.00,'CREDITO',90,12,6520.00,'ACTIVO',NULL),(126,33,6,'2026-03-12 13:34:25','ABONO','Abono a cuenta - Factura #90',1000.00,'CREDITO',90,12,7520.00,'ACTIVO',NULL),(127,33,6,'2026-03-12 13:39:37','VENTA','Venta a Crédito Factura #91',0.00,'CREDITO',91,12,7520.00,'ACTIVO',NULL),(128,33,6,'2026-03-12 14:19:21','VENTA','Venta Contado Factura #92',190.00,'CONTADO',92,2,7710.00,'ACTIVO',NULL),(129,33,6,'2026-03-12 14:21:08','VENTA','Venta a Crédito Factura #93',0.00,'CREDITO',93,2,7710.00,'ACTIVO',NULL),(130,33,6,'2026-03-12 14:21:08','ABONO','Abono a cuenta - Factura #93',1000.00,'CREDITO',93,2,8710.00,'ACTIVO',NULL),(131,33,6,'2026-03-12 14:45:18','VENTA','Venta a Crédito Factura #94',0.00,'CREDITO',94,2,8710.00,'ACTIVO',NULL),(132,33,6,'2026-03-12 14:45:18','ABONO','Abono a cuenta - Factura #94',1000.00,'CREDITO',94,2,9710.00,'ACTIVO',NULL),(133,34,6,'2026-03-13 10:18:11','APERTURA','Apertura de caja',0.00,NULL,NULL,NULL,NULL,'ACTIVO',NULL),(134,34,6,'2026-03-13 10:19:22','VENTA','Venta a Crédito Factura #95',0.00,'CREDITO',95,2,0.00,'ACTIVO',NULL),(135,34,6,'2026-03-13 10:19:22','ABONO','Abono a cuenta - Factura #95',2000.00,'CREDITO',95,2,2000.00,'ACTIVO',NULL),(136,34,6,'2026-03-13 10:23:55','VENTA','Venta a Crédito Factura #96',0.00,'CREDITO',96,12,2000.00,'ACTIVO',NULL),(137,34,6,'2026-03-13 10:23:55','ABONO','Abono a cuenta - Factura #96',1590.00,'CREDITO',96,12,3590.00,'ACTIVO',NULL),(138,34,6,'2026-03-13 10:47:30','VENTA','Venta Contado Factura #97',165.00,'CONTADO',97,7,3755.00,'ACTIVO',NULL),(139,34,6,'2026-03-13 11:45:45','VENTA','Venta a Crédito Factura #98',0.00,'CREDITO',98,12,3755.00,'ACTIVO',NULL),(140,34,6,'2026-03-13 11:45:45','ABONO','Abono a cuenta - Factura #98',165.00,'CREDITO',98,12,3920.00,'ACTIVO',NULL),(141,34,6,'2026-03-13 11:48:30','VENTA','Venta a Crédito Factura #99',0.00,'CREDITO',99,2,3920.00,'ACTIVO',NULL),(142,34,6,'2026-03-13 11:48:30','ABONO','Abono a cuenta - Factura #99',700.00,'CREDITO',99,2,4620.00,'ACTIVO',NULL),(143,34,6,'2026-03-13 13:33:04','VENTA','Venta a Crédito Factura #100',0.00,'CREDITO',100,12,4620.00,'ACTIVO',NULL),(144,34,6,'2026-03-13 13:33:04','ABONO','Abono a cuenta - Factura #100',300.00,'CREDITO',100,12,4920.00,'ACTIVO',NULL),(145,34,6,'2026-03-13 13:53:23','VENTA','Venta a Crédito Factura #101',0.00,'CREDITO',101,12,4920.00,'ACTIVO',NULL),(146,34,6,'2026-03-13 13:53:46','VENTA','Venta a Crédito Factura #102',0.00,'CREDITO',102,12,4920.00,'ACTIVO',NULL),(147,34,6,'2026-03-13 13:53:49','VENTA','Venta a Crédito Factura #103',0.00,'CREDITO',103,12,4920.00,'ACTIVO',NULL),(148,34,6,'2026-03-13 14:03:39','VENTA','Venta a Crédito Factura #104',0.00,'CREDITO',104,12,4920.00,'ACTIVO',NULL),(149,34,6,'2026-03-13 14:03:39','VENTA','Venta a Crédito Factura #105',0.00,'CREDITO',105,12,4920.00,'ACTIVO',NULL),(150,34,6,'2026-03-13 14:03:55','VENTA','Venta a Crédito Factura #106',0.00,'CREDITO',106,12,4920.00,'ACTIVO',NULL),(151,34,6,'2026-03-13 14:03:55','VENTA','Venta a Crédito Factura #107',0.00,'CREDITO',107,12,4920.00,'ACTIVO',NULL),(152,34,6,'2026-03-13 14:19:15','VENTA','Venta a Crédito Factura #108',0.00,'CREDITO',108,12,4920.00,'ACTIVO',NULL),(153,34,6,'2026-03-13 14:19:15','VENTA','Venta a Crédito Factura #109',0.00,'CREDITO',109,12,4920.00,'ACTIVO',NULL),(154,34,6,'2026-03-13 14:28:09','VENTA','Venta a Crédito Factura #110',0.00,'CREDITO',110,12,4920.00,'ACTIVO',NULL),(155,34,6,'2026-03-13 15:06:54','VENTA','Venta a Crédito Factura #111',0.00,'CREDITO',111,12,4920.00,'ACTIVO',NULL),(156,34,6,'2026-03-13 15:06:54','ABONO','Abono a cuenta - Factura #111',500.00,'CREDITO',111,12,5420.00,'ACTIVO',NULL),(157,34,6,'2026-03-13 15:37:39','VENTA','Venta a Crédito Factura #112',0.00,'CREDITO',112,12,5420.00,'ACTIVO',NULL),(158,34,6,'2026-03-13 15:39:05','VENTA','Venta Contado Factura #113',165.00,'CONTADO',113,7,5585.00,'ACTIVO',NULL),(159,34,6,'2026-03-13 15:39:05','VENTA','Venta Contado Factura #114',165.00,'CONTADO',114,6,5750.00,'ACTIVO',NULL),(160,34,6,'2026-03-13 15:57:55','VENTA','Venta a Crédito Factura #115',0.00,'CREDITO',115,12,5750.00,'ACTIVO',NULL),(161,34,6,'2026-03-13 15:58:44','VENTA','Venta Contado Factura #116',165.00,'CONTADO',116,7,5915.00,'ACTIVO',NULL),(162,34,6,'2026-03-13 15:58:45','VENTA','Venta Contado Factura #117',165.00,'CONTADO',117,6,6080.00,'ACTIVO',NULL),(163,35,6,'2026-03-16 10:48:31','APERTURA','Apertura de caja',0.00,NULL,NULL,NULL,NULL,'ACTIVO',NULL),(164,35,6,'2026-03-16 10:49:29','VENTA','Venta a Crédito Factura #118',0.00,'CREDITO',118,12,0.00,'ACTIVO',NULL),(165,35,6,'2026-03-16 12:05:34','VENTA','Venta a Crédito Factura #119',0.00,'CREDITO',119,12,0.00,'ACTIVO',NULL),(166,35,6,'2026-03-16 12:05:34','ABONO','Abono a cuenta - Factura #119',1000.00,'CREDITO',119,12,1000.00,'ACTIVO',NULL),(167,35,6,'2026-03-16 14:30:48','VENTA','Venta a Crédito Factura #120',0.00,'CREDITO',120,12,1000.00,'ACTIVO',NULL),(168,35,6,'2026-03-16 14:30:48','ABONO','Abono a cuenta - Factura #120',1000.00,'CREDITO',120,12,2000.00,'ACTIVO',NULL),(169,35,6,'2026-03-16 14:31:23','VENTA','Venta a Crédito Factura #121',0.00,'CREDITO',121,12,2000.00,'ACTIVO',NULL),(170,35,6,'2026-03-16 14:31:23','ABONO','Abono a cuenta - Factura #121',1000.00,'CREDITO',121,12,3000.00,'ACTIVO',NULL),(171,35,6,'2026-03-16 14:32:59','VENTA','Venta Contado Factura #122',660.00,'CONTADO',122,7,3660.00,'ACTIVO',NULL),(172,35,6,'2026-03-17 08:39:06','APERTURA','Apertura de caja',0.00,NULL,NULL,NULL,NULL,'ACTIVO',NULL),(173,36,6,'2026-03-17 12:05:31','CIERRE','Cierre de caja - Diferencia: Gs. 0',0.00,NULL,NULL,NULL,NULL,'ACTIVO',NULL),(174,36,6,'2026-03-17 12:13:48','APERTURA','Apertura automática - 17/03/2026 12:13',0.00,NULL,NULL,NULL,0.00,'ACTIVO',NULL),(175,36,6,'2026-03-17 12:13:48','VENTA','Venta Contado Factura #123',190.00,'CONTADO',123,12,190.00,'ACTIVO',NULL),(176,36,6,'2026-03-17 13:55:58','VENTA','Venta a Crédito Factura #124',0.00,'CREDITO',124,12,190.00,'ACTIVO',NULL),(177,36,6,'2026-03-17 13:55:58','ABONO','Abono a cuenta - Factura #124',1000.00,'CREDITO',124,12,1190.00,'ACTIVO',NULL),(178,36,6,'2026-03-17 13:58:02','VENTA','Venta Contado Factura #125',190.00,'CONTADO',125,12,1380.00,'ACTIVO',NULL),(179,36,6,'2026-03-17 14:00:39','VENTA','Venta a Crédito Factura #126',0.00,'CREDITO',126,12,1380.00,'ACTIVO',NULL),(180,36,6,'2026-03-17 14:46:44','VENTA','Venta a Crédito Factura #127',0.00,'CREDITO',127,12,1380.00,'ACTIVO',NULL),(181,36,6,'2026-03-17 14:46:44','ABONO','Abono a cuenta - Factura #127',1000.00,'CREDITO',127,12,2380.00,'ACTIVO',NULL),(182,37,6,'2026-03-18 09:50:11','APERTURA','Apertura de caja',0.00,NULL,NULL,NULL,NULL,'ACTIVO',NULL),(183,37,6,'2026-03-18 10:40:23','VENTA','Venta a Crédito Factura #128',0.00,'CREDITO',128,12,0.00,'ACTIVO',NULL),(184,37,6,'2026-03-18 10:40:23','ABONO','Abono a cuenta - Factura #128',1000.00,'CREDITO',128,12,1000.00,'ACTIVO',NULL),(185,37,6,'2026-03-18 10:56:53','VENTA','Venta a Crédito Factura #129',0.00,'CREDITO',129,12,1000.00,'ACTIVO',NULL),(186,37,6,'2026-03-18 10:57:10','VENTA','Venta a Crédito Factura #130',0.00,'CREDITO',130,12,1000.00,'ACTIVO',NULL),(187,37,6,'2026-03-18 10:57:29','VENTA','Venta a Crédito Factura #131',0.00,'CREDITO',131,12,1000.00,'ACTIVO',NULL),(188,37,6,'2026-03-18 11:10:25','VENTA','Venta a Crédito Factura #132',0.00,'CREDITO',132,12,1000.00,'ACTIVO',NULL),(189,37,6,'2026-03-18 11:20:29','VENTA','Venta a Crédito Factura #133',0.00,'CREDITO',133,12,1000.00,'ACTIVO',NULL),(190,37,6,'2026-03-18 11:21:19','VENTA','Venta a Crédito Factura #134',0.00,'CREDITO',134,12,1000.00,'ACTIVO',NULL),(191,37,6,'2026-03-18 11:25:24','VENTA','Venta a Crédito Factura #135',0.00,'CREDITO',135,2,1000.00,'ACTIVO',NULL),(192,37,6,'2026-03-18 11:48:48','VENTA','Venta a Crédito Factura #136',0.00,'CREDITO',136,12,1000.00,'ACTIVO',NULL),(193,37,6,'2026-03-18 11:48:52','VENTA','Venta Contado Factura #137',2090.00,'CONTADO',137,2,3090.00,'ACTIVO',NULL),(194,37,6,'2026-03-18 11:51:59','VENTA','Venta a Crédito Factura #138',0.00,'CREDITO',138,2,3090.00,'ACTIVO',NULL),(195,37,6,'2026-03-18 11:55:54','VENTA','Venta a Crédito Factura #139',0.00,'CREDITO',139,2,3090.00,'ACTIVO',NULL),(196,37,6,'2026-03-18 12:04:02','VENTA','Venta Contado Factura #140',1140.00,'CONTADO',140,5,4230.00,'ACTIVO',NULL),(197,37,6,'2026-03-18 12:05:55','VENTA','Venta Contado Factura #141',1850.00,'CONTADO',141,2,6080.00,'ACTIVO',NULL),(198,37,6,'2026-03-18 12:08:07','VENTA','Venta Contado Factura #142',1520.00,'CONTADO',142,5,7600.00,'ACTIVO',NULL),(199,37,6,'2026-03-18 12:08:10','VENTA','Venta Contado Factura #143',190.00,'CONTADO',143,11,7790.00,'ACTIVO',NULL),(200,37,6,'2026-03-18 12:11:28','VENTA','Venta Contado Factura #144',720.00,'CONTADO',144,5,8510.00,'ACTIVO',NULL),(201,37,6,'2026-03-18 12:11:30','VENTA','Venta Contado Factura #145',760.00,'CONTADO',145,7,9270.00,'ACTIVO',NULL),(202,37,6,'2026-03-18 13:35:55','VENTA','Venta Contado Factura #146',1710.00,'CONTADO',146,2,10980.00,'ACTIVO',NULL),(203,37,6,'2026-03-18 13:36:00','VENTA','Venta Contado Factura #147',185.00,'CONTADO',147,6,11165.00,'ACTIVO',NULL),(204,37,6,'2026-03-18 14:59:54','VENTA','Venta a Crédito Factura #148',0.00,'CREDITO',148,12,11165.00,'ACTIVO',NULL),(205,37,6,'2026-03-18 15:14:28','VENTA','Venta Contado Factura #149',1900.00,'CONTADO',149,2,13065.00,'ACTIVO',NULL),(206,37,6,'2026-03-18 15:17:42','VENTA','Venta a Crédito Factura #150',0.00,'CREDITO',150,12,13065.00,'ACTIVO',NULL),(207,37,6,'2026-03-18 15:17:42','ABONO','Abono a cuenta - Factura #150',990.00,'CREDITO',150,12,14055.00,'ACTIVO',NULL),(208,37,6,'2026-03-18 15:29:52','VENTA','Venta a Crédito Factura #151',0.00,'CREDITO',151,12,14055.00,'ACTIVO',NULL),(209,37,6,'2026-03-18 15:29:52','ABONO','Abono a cuenta - Factura #151',3000.00,'CREDITO',151,12,17055.00,'ACTIVO',NULL),(210,38,6,'2026-03-19 08:51:00','APERTURA','Apertura de caja',0.00,NULL,NULL,NULL,NULL,'ACTIVO',NULL),(211,38,6,'2026-03-19 11:30:42','VENTA','Venta a Crédito Factura #152',0.00,'CREDITO',152,12,0.00,'ACTIVO',NULL),(212,38,6,'2026-03-19 11:31:24','VENTA','Venta a Crédito Factura #153',0.00,'CREDITO',153,12,0.00,'ACTIVO',NULL),(213,38,6,'2026-03-19 11:36:22','VENTA','Venta a Crédito Factura #154',0.00,'CREDITO',154,12,0.00,'ACTIVO',NULL),(214,38,6,'2026-03-19 11:36:22','ABONO','Abono a cuenta - Factura #154',1000.00,'CREDITO',154,12,1000.00,'ACTIVO',NULL),(215,38,6,'2026-03-19 11:49:03','VENTA','Venta a Crédito Factura #155',0.00,'CREDITO',155,12,1000.00,'ACTIVO',NULL),(216,38,6,'2026-03-19 11:49:04','VENTA','Venta a Crédito Factura #156',0.00,'CREDITO',156,2,1000.00,'ACTIVO',NULL),(217,38,6,'2026-03-19 11:49:49','VENTA','Venta a Crédito Factura #157',0.00,'CREDITO',157,2,1000.00,'ACTIVO',NULL),(218,38,6,'2026-03-19 12:00:50','VENTA','Venta a Crédito Factura #158',0.00,'CREDITO',158,6,1000.00,'ACTIVO',NULL),(219,38,6,'2026-03-19 12:05:23','VENTA','Venta a Crédito Factura #159',0.00,'CREDITO',159,12,1000.00,'ACTIVO',NULL),(220,38,6,'2026-03-19 12:05:24','VENTA','Venta a Crédito Factura #160',0.00,'CREDITO',160,12,1000.00,'ACTIVO',NULL),(221,38,6,'2026-03-19 15:40:22','VENTA','Venta Contado Factura #161',1750.00,'CONTADO',161,12,2750.00,'ACTIVO',NULL),(222,38,6,'2026-03-19 15:45:00','VENTA','Venta Contado Factura #162',1620.00,'CONTADO',162,5,4370.00,'ACTIVO',NULL),(223,38,6,'2026-03-19 16:00:20','VENTA','Venta Contado Factura #163',1850.00,'CONTADO',163,5,6220.00,'ACTIVO',NULL),(224,38,6,'2026-03-19 16:00:21','VENTA','Venta Contado Factura #164',1900.00,'CONTADO',164,5,8120.00,'ACTIVO',NULL),(225,38,6,'2026-03-19 16:00:21','VENTA','Venta Contado Factura #165',185.00,'CONTADO',165,5,8305.00,'ACTIVO',NULL),(226,38,6,'2026-03-20 08:42:37','APERTURA','Apertura de caja',0.00,NULL,NULL,NULL,NULL,'ACTIVO',NULL),(227,39,6,'2026-03-20 09:48:25','APERTURA','Apertura automática - 20/03/2026 09:48',0.00,NULL,NULL,NULL,0.00,'ACTIVO',NULL),(228,39,6,'2026-03-20 09:48:25','VENTA','Venta a Crédito Factura #166',0.00,'CREDITO',166,12,0.00,'ACTIVO',NULL),(229,39,6,'2026-03-20 09:48:25','ABONO','Abono a cuenta - Factura #166',1000.00,'CREDITO',166,12,1000.00,'ACTIVO',NULL),(230,39,6,'2026-03-20 09:55:02','VENTA','Venta a Crédito Factura #167',0.00,'CREDITO',167,12,1000.00,'ACTIVO',NULL),(231,39,6,'2026-03-20 09:55:02','ABONO','Abono a cuenta - Factura #167',1000.00,'CREDITO',167,12,2000.00,'ACTIVO',NULL),(232,39,6,'2026-03-20 13:56:57','ABONO','Abono a cuenta - Factura #170',3000.00,'CREDITO',170,2,5000.00,'ACTIVO',NULL),(233,39,6,'2026-03-20 13:56:58','ABONO','Abono a cuenta - Factura #171',165.00,'CREDITO',171,12,5165.00,'ACTIVO',NULL),(234,39,6,'2026-03-20 14:15:09','ABONO','Abono a cuenta - Factura #172',175.00,'CREDITO',172,6,5340.00,'ACTIVO',NULL),(235,39,6,'2026-03-20 14:20:30','VENTA','Venta Contado Factura #173',175.00,'CONTADO',173,12,5515.00,'ACTIVO',NULL),(236,39,6,'2026-03-20 14:21:49','VENTA','Venta Contado Factura #174',365.00,'CONTADO',174,2,5880.00,'ACTIVO',NULL),(237,39,6,'2026-03-20 14:29:02','ABONO','Abono a cuenta - Factura #175',1000.00,'CREDITO',175,12,6880.00,'ACTIVO',NULL),(238,39,6,'2026-03-20 14:29:04','VENTA','Venta Contado Factura #176',175.00,'CONTADO',176,7,7055.00,'ACTIVO',NULL),(239,39,6,'2026-03-20 14:31:47','GASTO','peaje',200.00,'CONTADO',NULL,NULL,6855.00,'ACTIVO',NULL),(240,39,6,'2026-03-20 14:35:54','ABONO','Abono a cuenta - Factura #177',5350.00,'CREDITO',177,12,12205.00,'ACTIVO',NULL),(241,39,6,'2026-03-20 14:53:56','VENTA','Venta Contado Factura #180',190.00,'CONTADO',180,2,12395.00,'ACTIVO',NULL),(242,39,6,'2026-03-20 15:19:48','VENTA','Venta a Crédito Factura #182',0.00,'CREDITO',182,12,12395.00,'ACTIVO',NULL),(243,39,6,'2026-03-20 15:19:48','ABONO','Abono a cuenta - Factura #182',2000.00,'CREDITO',182,12,14395.00,'ACTIVO',NULL),(244,39,6,'2026-03-20 15:20:21','VENTA','Venta a Crédito Factura #183',0.00,'CREDITO',183,2,14395.00,'ACTIVO',NULL),(245,39,6,'2026-03-20 15:22:57','VENTA','Venta a Crédito Factura #184',0.00,'CREDITO',184,12,14395.00,'ACTIVO',NULL),(246,39,6,'2026-03-20 15:23:00','VENTA','Venta Contado Factura #185',185.00,'CONTADO',185,5,14580.00,'ACTIVO',NULL),(247,40,6,'2026-03-23 09:04:05','APERTURA','Apertura automática - 23/03/2026 09:04',0.00,NULL,NULL,NULL,0.00,'ACTIVO',NULL),(248,40,6,'2026-03-23 09:04:05','VENTA','Venta a Crédito Factura #186',0.00,'CREDITO',186,12,0.00,'ACTIVO',NULL),(249,40,6,'2026-03-23 09:05:53','VENTA','Venta a Crédito Factura #187',0.00,'CREDITO',187,12,0.00,'ACTIVO',NULL),(250,40,6,'2026-03-23 09:07:56','VENTA','Venta a Crédito Factura #188',0.00,'CREDITO',188,12,0.00,'ACTIVO',NULL),(251,40,6,'2026-03-23 09:12:46','VENTA','Venta a Crédito Factura #189',0.00,'CREDITO',189,2,0.00,'ACTIVO',NULL),(252,40,6,'2026-03-23 09:26:08','VENTA','Venta Contado Factura #190',1665.00,'CONTADO',190,12,1665.00,'ACTIVO',NULL),(253,40,6,'2026-03-23 10:49:37','VENTA','Venta Contado Factura #191',1900.00,'CONTADO',191,2,3565.00,'ACTIVO',NULL),(254,40,6,'2026-03-23 10:52:42','VENTA','Venta a Crédito Factura #192',0.00,'CREDITO',192,12,3565.00,'ACTIVO',NULL),(255,40,6,'2026-03-23 10:52:42','ABONO','Abono a cuenta - Factura #192',4000.00,'CREDITO',192,12,7565.00,'ACTIVO',NULL),(256,40,6,'2026-03-23 11:08:55','VENTA','Venta a Crédito Factura #193',0.00,'CREDITO',193,12,7565.00,'ACTIVO',NULL),(257,40,6,'2026-03-23 14:14:21','VENTA','Venta Contado Factura #194',190.00,'CONTADO',194,12,7755.00,'ACTIVO',NULL),(258,40,6,'2026-03-23 14:20:10','VENTA','Venta Contado Factura #195',190.00,'CONTADO',195,2,7945.00,'ACTIVO',NULL),(259,40,6,'2026-03-23 14:20:15','VENTA','Venta Contado Factura #196',190.00,'CONTADO',196,12,8135.00,'ACTIVO',NULL),(260,40,6,'2026-03-23 14:33:13','VENTA','Venta a Crédito Factura #197',0.00,'CREDITO',197,12,8135.00,'ACTIVO',NULL),(261,40,6,'2026-03-23 14:48:51','VENTA','Venta Contado Factura #198',190.00,'CONTADO',198,12,8325.00,'ACTIVO',NULL),(262,40,6,'2026-03-23 14:59:12','VENTA','Venta a Crédito Factura #199',0.00,'CREDITO',199,12,8325.00,'ACTIVO',NULL),(263,40,6,'2026-03-23 14:59:12','ABONO','Abono a cuenta - Factura #199',7700.00,'CREDITO',199,12,16025.00,'ACTIVO',NULL),(264,40,6,'2026-03-23 15:04:38','VENTA','Venta a Crédito Factura #200',0.00,'CREDITO',200,6,16025.00,'ACTIVO',NULL),(265,40,6,'2026-03-23 15:06:34','VENTA','Venta a Crédito Factura #201',0.00,'CREDITO',201,2,16025.00,'ACTIVO',NULL),(266,40,6,'2026-03-23 15:28:07','VENTA','Venta a Crédito Factura #202',0.00,'CREDITO',202,12,16025.00,'ACTIVO',NULL),(267,40,6,'2026-03-23 15:28:07','ABONO','Abono a cuenta - Factura #202',2000.00,'CREDITO',202,12,18025.00,'ACTIVO',NULL),(268,40,6,'2026-03-23 15:40:59','VENTA','Venta a Crédito Factura #203',0.00,'CREDITO',203,12,18025.00,'ACTIVO',NULL),(269,40,6,'2026-03-23 16:05:27','VENTA','Venta a Crédito Factura #204',0.00,'CREDITO',204,12,18025.00,'ACTIVO',NULL),(270,41,6,'2026-03-24 08:40:22','APERTURA','Apertura automática - 24/03/2026 08:40',0.00,NULL,NULL,NULL,0.00,'ACTIVO',NULL),(271,41,6,'2026-03-24 08:40:22','VENTA','Venta a Crédito Factura #205',0.00,'CREDITO',205,2,0.00,'ACTIVO',NULL),(272,41,6,'2026-03-24 08:52:02','VENTA','Venta a Crédito Factura #206',0.00,'CREDITO',206,12,0.00,'ACTIVO',NULL),(273,41,6,'2026-03-24 08:56:31','VENTA','Venta a Crédito Factura #207',0.00,'CREDITO',207,2,0.00,'ACTIVO',NULL),(274,41,6,'2026-03-24 09:06:52','VENTA','Venta a Crédito Factura #208',0.00,'CREDITO',208,2,0.00,'ACTIVO',NULL),(275,41,6,'2026-03-24 09:09:49','VENTA','Venta a Crédito Factura #209',0.00,'CREDITO',209,12,0.00,'ACTIVO',NULL),(276,41,6,'2026-03-24 09:09:49','ABONO','Abono a cuenta - Factura #209',5000.00,'CREDITO',209,12,5000.00,'ACTIVO',NULL),(277,41,6,'2026-03-24 09:14:01','VENTA','Venta a Crédito Factura #210',0.00,'CREDITO',210,6,5000.00,'ACTIVO',NULL),(278,41,6,'2026-03-24 09:57:01','VENTA','Venta a Crédito Factura #211',0.00,'CREDITO',211,12,5000.00,'ACTIVO',NULL),(279,41,6,'2026-03-24 09:57:03','VENTA','Venta Contado Factura #212',190.00,'CONTADO',212,7,5190.00,'ACTIVO',NULL),(280,41,6,'2026-03-24 10:00:28','VENTA','Venta a Crédito Factura #213',0.00,'CREDITO',213,12,5190.00,'ACTIVO',NULL),(281,41,6,'2026-03-24 10:00:31','VENTA','Venta Contado Factura #214',180.00,'CONTADO',214,7,5370.00,'ACTIVO',NULL),(282,41,6,'2026-03-24 10:07:48','VENTA','Venta a Crédito Factura #215',0.00,'CREDITO',215,12,5370.00,'ACTIVO',NULL),(283,41,6,'2026-03-24 10:07:48','ABONO','Abono a cuenta - Factura #215',1000.00,'CREDITO',215,12,6370.00,'ACTIVO',NULL),(284,41,6,'2026-03-24 12:05:44','VENTA','Venta a Crédito Factura #216',0.00,'CREDITO',216,12,6370.00,'ACTIVO',NULL),(285,41,6,'2026-03-24 12:05:44','ABONO','Abono a cuenta - Factura #216',800.00,'CREDITO',216,12,7170.00,'ACTIVO',NULL),(286,41,6,'2026-03-24 13:28:17','VENTA','Venta a Crédito Factura #217',0.00,'CREDITO',217,2,7170.00,'ACTIVO',NULL),(287,41,6,'2026-03-24 13:28:17','ABONO','Abono a cuenta - Factura #217',4000.00,'CREDITO',217,2,11170.00,'ACTIVO',NULL),(288,41,6,'2026-03-24 13:49:23','VENTA','Venta a Crédito Factura #218',0.00,'CREDITO',218,12,11170.00,'ACTIVO',NULL),(289,41,6,'2026-03-24 13:49:23','ABONO','Abono a cuenta - Factura #218',185.00,'CREDITO',218,12,11355.00,'ACTIVO',NULL),(290,41,6,'2026-03-24 13:54:04','VENTA','Venta a Crédito Factura #219',0.00,'CREDITO',219,12,11355.00,'ACTIVO',NULL),(291,44,13,'2026-03-24 14:13:03','APERTURA','Apertura de caja',0.00,NULL,NULL,NULL,NULL,'ACTIVO',NULL),(292,44,13,'2026-03-24 14:15:36','VENTA','Venta a Crédito Factura #220',0.00,'CREDITO',220,4,0.00,'ACTIVO',NULL),(293,41,6,'2026-03-24 14:15:36','VENTA','Venta a Crédito Factura #221',0.00,'CREDITO',221,6,11355.00,'ACTIVO',NULL),(294,41,6,'2026-03-24 14:21:15','VENTA','Venta a Crédito Factura #222',0.00,'CREDITO',222,6,11355.00,'ACTIVO',NULL),(295,41,6,'2026-03-24 15:43:48','VENTA','Venta a Crédito Factura #223',0.00,'CREDITO',223,12,11355.00,'ACTIVO',NULL),(296,41,6,'2026-03-24 15:43:48','ABONO','Abono a cuenta - Factura #223',8000.00,'CREDITO',223,12,19355.00,'ACTIVO',NULL),(297,41,6,'2026-03-24 15:48:21','VENTA','Venta Contado Factura #224',1800.00,'CONTADO',224,5,21155.00,'ACTIVO',NULL),(298,41,6,'2026-03-24 15:49:02','VENTA','Venta a Crédito Factura #225',0.00,'CREDITO',225,5,21155.00,'ACTIVO',NULL),(299,41,6,'2026-03-24 15:53:30','VENTA','Venta a Crédito Factura #226',0.00,'CREDITO',226,5,21155.00,'ACTIVO',NULL),(300,41,6,'2026-03-24 16:04:39','VENTA','Venta a Crédito Factura #227',0.00,'CREDITO',227,5,21155.00,'ACTIVO',NULL),(301,41,6,'2026-03-24 16:04:39','ABONO','Abono a cuenta - Factura #227',300.00,'CREDITO',227,5,21455.00,'ACTIVO',NULL),(302,45,6,'2026-03-25 09:20:54','APERTURA','Apertura automática - 25/03/2026 09:20',0.00,NULL,NULL,NULL,0.00,'ACTIVO',NULL),(303,45,6,'2026-03-25 09:20:54','VENTA','Venta a Crédito Factura #228',0.00,'CREDITO',228,5,0.00,'ACTIVO',NULL),(304,45,6,'2026-03-25 13:46:56','VENTA','Venta a Crédito Factura #229',0.00,'CREDITO',229,2,0.00,'ACTIVO',NULL),(305,45,6,'2026-03-25 13:46:56','ABONO','Abono a cuenta - Factura #229',1305.00,'CREDITO',229,2,1305.00,'ACTIVO',NULL),(306,45,6,'2026-03-25 13:50:18','VENTA','Venta a Crédito Factura #230',0.00,'CREDITO',230,6,1305.00,'ACTIVO',NULL),(307,45,6,'2026-03-25 13:50:18','ABONO','Abono a cuenta - Factura #230',1095.00,'CREDITO',230,6,2400.00,'ACTIVO',NULL),(308,45,6,'2026-03-25 14:00:59','VENTA','Venta a Crédito Factura #231',0.00,'CREDITO',231,12,2400.00,'ACTIVO',NULL),(309,45,6,'2026-03-25 14:00:59','ABONO','Abono a cuenta - Factura #231',2750.00,'CREDITO',231,12,5150.00,'ACTIVO',NULL),(310,45,6,'2026-03-25 14:16:10','VENTA','Venta a Crédito Factura #232',0.00,'CREDITO',232,6,5150.00,'ACTIVO',NULL),(311,45,6,'2026-03-25 14:16:10','ABONO','Abono a cuenta - Factura #232',800.00,'CREDITO',232,6,5950.00,'ACTIVO',NULL),(312,45,6,'2026-03-25 14:17:37','VENTA','Venta Contado Factura #233',3700.00,'CONTADO',233,7,9650.00,'ACTIVO',NULL),(313,45,6,'2026-03-25 14:20:18','VENTA','Venta a Crédito Factura #234',0.00,'CREDITO',234,5,9650.00,'ACTIVO',NULL),(314,45,6,'2026-03-25 14:20:18','ABONO','Abono a cuenta - Factura #234',2940.00,'CREDITO',234,5,12590.00,'ACTIVO',NULL),(315,46,6,'2026-03-26 08:59:18','APERTURA','Apertura automática - 26/03/2026 08:59',0.00,NULL,NULL,NULL,0.00,'ACTIVO',NULL),(316,46,6,'2026-03-26 08:59:18','VENTA','Venta a Crédito Factura #235',0.00,'CREDITO',235,12,0.00,'ACTIVO',NULL),(317,46,6,'2026-03-26 08:59:18','ABONO','Abono a cuenta - Factura #235',1850.00,'CREDITO',235,12,1850.00,'ACTIVO',NULL),(318,46,6,'2026-03-26 09:04:58','VENTA','Venta Contado Factura #236',1850.00,'CONTADO',236,6,3700.00,'ACTIVO',NULL),(319,46,6,'2026-03-26 09:06:47','VENTA','Venta a Crédito Factura #237',0.00,'CREDITO',237,12,3700.00,'ACTIVO',NULL),(320,46,6,'2026-03-26 09:20:50','ABONO','Abono a cuenta - Factura #238',7000.00,'CREDITO',238,12,10700.00,'ACTIVO',NULL),(321,46,6,'2026-03-26 09:23:14','GASTO','peaje',200.00,'CONTADO',NULL,NULL,10500.00,'ACTIVO',NULL),(322,46,6,'2026-03-26 11:47:42','ABONO','Abono a cuenta - Factura #240',440.00,'CREDITO',240,5,10940.00,'ACTIVO',NULL),(323,46,6,'2026-03-26 15:17:52','ABONO','Abono de cliente - Total: $775.00',775.00,'CONTADO',NULL,5,11715.00,'ACTIVO',NULL),(324,46,6,'2026-03-26 15:21:33','ABONO','Abono de cliente - Total: $885.00',885.00,'CONTADO',NULL,12,12600.00,'ACTIVO',NULL),(325,46,6,'2026-03-27 08:46:24','ABONO','Abono de cliente - Total: $1,000.00',1000.00,'CONTADO',NULL,5,1000.00,'ACTIVO',NULL),(326,46,6,'2026-03-27 10:03:34','APERTURA','Apertura de caja',0.00,NULL,NULL,NULL,NULL,'ACTIVO',NULL),(327,47,12,'2026-03-27 11:05:52','ABONO','Abono de cliente - Total: $1,800.00',1800.00,'CONTADO',NULL,12,1800.00,'ACTIVO',NULL),(328,47,12,'2026-03-27 11:11:21','ABONO','Abono de cliente - Total: $1,000.00',1000.00,'CONTADO',NULL,12,2800.00,'ACTIVO',NULL),(329,47,12,'2026-03-27 11:14:26','ABONO','Abono de cliente - Total: $3,850.00',3850.00,'CONTADO',NULL,2,6650.00,'ACTIVO',NULL),(330,47,12,'2026-03-27 11:15:35','ABONO','Abono de cliente - Total: $1,000.00',1000.00,'CONTADO',NULL,12,7650.00,'ACTIVO',NULL),(331,47,12,'2026-03-27 11:21:51','ABONO','Abono de cliente - Total: $1,000.00',1000.00,'CONTADO',NULL,12,8650.00,'ACTIVO',NULL),(332,47,12,'2026-03-27 11:51:37','ABONO','Abono de cliente - Total: $1,850.00',1850.00,'CONTADO',NULL,12,10500.00,'ACTIVO',NULL),(333,47,12,'2026-03-27 11:52:19','ABONO','Abono de cliente - Total: $1,000.00',1000.00,'CONTADO',NULL,12,11500.00,'ACTIVO',NULL),(334,47,12,'2026-03-27 11:54:12','ABONO','Abono de cliente - Total: $1,000.00',1000.00,'CONTADO',NULL,6,12500.00,'ACTIVO',NULL),(335,47,12,'2026-03-27 11:55:48','ABONO','Abono de cliente - Total: $1,000.00',1000.00,'CONTADO',NULL,12,13500.00,'ACTIVO',NULL),(336,47,12,'2026-03-27 12:12:39','ABONO','Abono de cliente - Total: $1,000.00',1000.00,'CONTADO',NULL,6,14500.00,'ACTIVO',NULL),(337,47,12,'2026-03-27 12:13:32','ABONO','Abono de cliente - Total: $1,000.00',1000.00,'CONTADO',NULL,5,15500.00,'ACTIVO',NULL),(338,47,12,'2026-03-27 12:16:53','ABONO','Abono de cliente - Total: $1,000.00',1000.00,'CONTADO',NULL,2,16500.00,'ACTIVO',NULL),(339,47,12,'2026-03-27 12:27:04','ABONO','Abono de cliente - Total: $1,000.00',1000.00,'CONTADO',NULL,5,17500.00,'ACTIVO',NULL),(340,47,12,'2026-03-27 15:02:01','ABONO','Abono a cuenta - Factura #247',800.00,'CREDITO',247,5,18300.00,'ACTIVO',NULL),(341,47,12,'2026-03-27 16:13:12','ABONO','Abono de cliente - Monto: C$1,000.00 - Pago: Efectivo',1000.00,NULL,NULL,12,19300.00,'ACTIVO',1),(342,47,12,'2026-03-27 16:19:43','ABONO','Abono de cliente - Monto: C$1,500.00 - Pago: Transferencia',1500.00,NULL,NULL,2,20800.00,'ACTIVO',3),(343,47,12,'2026-03-27 16:24:21','ABONO','Abono de cliente - Monto: C$500.00 - Pago: Efectivo',500.00,NULL,NULL,2,21300.00,'ACTIVO',1),(344,47,12,'2026-03-27 16:24:51','ABONO','Abono de cliente - Monto: C$1,000.00 - Pago: Transferencia',1000.00,NULL,NULL,2,22300.00,'ACTIVO',3),(345,47,12,'2026-03-30 08:43:49','ABONO','Abono de cliente - Monto: C$1,000.00 - Pago: Efectivo',1000.00,NULL,NULL,5,1000.00,'ACTIVO',1),(346,47,12,'2026-03-30 08:53:50','ABONO','Abono de cliente - Monto: C$500.00 - Pago: Efectivo',500.00,NULL,NULL,2,1500.00,'ACTIVO',1),(347,47,12,'2026-03-30 08:55:45','ABONO','Abono de cliente - Monto: C$500.00 - Pago: Efectivo',500.00,NULL,NULL,2,2000.00,'ACTIVO',1),(348,47,12,'2026-03-30 09:00:53','ABONO','Abono de cliente - Monto: C$500.00 - Pago: Efectivo',500.00,NULL,NULL,12,2500.00,'ACTIVO',1),(349,47,12,'2026-03-30 09:05:00','ABONO','Abono de cliente - Monto: C$500.00 - Pago: Transferencia',500.00,NULL,NULL,12,3000.00,'ACTIVO',3),(350,48,6,'2026-03-30 09:23:17','ABONO','Abono de cliente - Monto: C$500.00 - Pago: Efectivo',500.00,NULL,NULL,12,500.00,'ACTIVO',1),(351,48,6,'2026-03-30 09:29:57','ABONO','Abono a cuenta - Factura #248',2500.00,'CREDITO',248,12,3000.00,'ACTIVO',NULL),(352,48,6,'2026-03-30 09:31:42','ABONO','Abono de cliente - Monto: C$750.00 - Pago: Efectivo',750.00,NULL,NULL,12,3750.00,'ACTIVO',1),(353,48,6,'2026-03-30 11:45:11','ABONO','Abono de cliente - Monto: C$2,550.00 - Pago: Efectivo',2550.00,NULL,NULL,5,6300.00,'ACTIVO',1),(354,48,6,'2026-03-30 11:51:21','GASTO','Combustible',500.00,'CONTADO',NULL,NULL,5800.00,'ACTIVO',NULL),(355,48,6,'2026-03-30 11:51:36','GASTO','Peaje',50.00,'CONTADO',NULL,NULL,5750.00,'ACTIVO',NULL),(356,48,6,'2026-03-30 11:56:37','ABONO','Abono a cuenta - Factura #251',5300.00,'CREDITO',251,5,11050.00,'ACTIVO',NULL),(357,48,6,'2026-03-30 11:56:50','ABONO','Abono a cuenta - Factura #252',5850.00,'CREDITO',252,2,16900.00,'ACTIVO',NULL),(358,48,6,'2026-03-30 12:09:42','ABONO','Abono a cuenta - Factura #253',1485.00,'CREDITO',253,5,18385.00,'ACTIVO',NULL),(359,48,6,'2026-03-30 12:09:47','ABONO','Abono a cuenta - Factura #254',1000.00,'CREDITO',254,2,19385.00,'ACTIVO',NULL),(360,48,6,'2026-03-30 14:10:30','ABONO','Abono a cuenta - Factura #255',480.00,'CREDITO',255,5,19865.00,'ACTIVO',NULL),(361,48,6,'2026-03-30 14:10:31','ABONO','Abono a cuenta - Factura #256',3170.00,'CREDITO',256,5,23035.00,'ACTIVO',NULL),(362,48,6,'2026-03-30 14:56:06','ABONO','Abono a cuenta - Factura #258',1665.00,'CREDITO',258,5,24700.00,'ACTIVO',NULL),(363,48,6,'2026-03-30 14:58:44','ABONO','Abono a cuenta - Factura #259',1185.00,'CREDITO',259,5,25885.00,'ACTIVO',NULL),(364,48,6,'2026-03-30 15:16:02','ABONO','Abono a cuenta - Factura #260',950.00,'CREDITO',260,5,26835.00,'ACTIVO',NULL),(365,48,6,'2026-03-30 15:16:02','ABONO','Abono a cuenta - Factura #261',235.00,'CREDITO',261,5,27070.00,'ACTIVO',NULL),(366,48,6,'2026-03-30 15:16:32','ABONO','Abono a cuenta - Factura #262',1135.00,'CREDITO',262,5,28205.00,'ACTIVO',NULL),(367,48,6,'2026-03-30 15:19:39','ABONO','Abono a cuenta - Factura #263',185.00,'CREDITO',263,5,28390.00,'ACTIVO',NULL),(368,50,6,'2026-03-31 09:18:40','APERTURA','Apertura automática - 31/03/2026 09:18',0.00,NULL,NULL,NULL,0.00,'ACTIVO',NULL),(369,50,6,'2026-03-31 09:18:40','VENTA','Venta Contado Factura #264',1900.00,'CONTADO',264,6,1900.00,'ACTIVO',NULL),(370,50,6,'2026-03-31 09:20:25','ABONO','Abono a cuenta - Factura #265',1935.00,'CREDITO',265,2,3835.00,'ACTIVO',NULL),(371,50,6,'2026-03-31 09:57:19','ABONO','Abono a cuenta - Factura #266',900.00,'CREDITO',266,6,4735.00,'ACTIVO',NULL),(372,50,6,'2026-03-31 10:01:41','ABONO','Abono a cuenta - Factura #267',2900.00,'CREDITO',267,2,7635.00,'ACTIVO',NULL),(373,50,6,'2026-03-31 10:04:48','ABONO','Abono a cuenta - Factura #268',800.00,'CREDITO',268,12,8435.00,'ACTIVO',NULL),(374,50,6,'2026-03-31 10:04:51','ABONO','Abono a cuenta - Factura #269',900.00,'CREDITO',269,12,9335.00,'ACTIVO',NULL),(375,50,6,'2026-03-31 10:19:18','ABONO','Abono a cuenta - Factura #270',1900.00,'CREDITO',270,5,11235.00,'ACTIVO',NULL),(376,50,6,'2026-03-31 10:19:21','ABONO','Abono a cuenta - Factura #271',190.00,'CREDITO',271,5,11425.00,'ACTIVO',NULL),(377,50,6,'2026-03-31 10:56:50','ABONO','Abono a cuenta - Factura #272',1000.00,'CREDITO',272,5,12425.00,'ACTIVO',NULL),(378,50,6,'2026-03-31 13:16:43','ABONO','Abono a cuenta - Factura #273',1190.00,'CREDITO',273,12,13615.00,'ACTIVO',NULL),(379,50,6,'2026-03-31 13:17:54','ABONO','Abono de cliente - Monto: C$1,000.00 - Pago: Efectivo',1000.00,NULL,NULL,2,14615.00,'ACTIVO',1),(380,51,6,'2026-04-01 09:12:23','APERTURA','Apertura de caja',0.00,NULL,NULL,NULL,NULL,'ACTIVO',NULL),(381,51,6,'2026-04-01 09:23:35','ABONO','Abono a cuenta - Factura #274',2650.00,'CREDITO',274,6,2650.00,'ACTIVO',NULL),(382,51,6,'2026-04-01 09:23:43','VENTA','Venta Contado Factura #275',1900.00,'CONTADO',275,5,4550.00,'ACTIVO',NULL),(383,51,6,'2026-04-01 13:52:09','VENTA','Venta Contado Factura #276',1750.00,'CONTADO',276,12,6300.00,'ACTIVO',NULL),(384,51,6,'2026-04-01 13:52:09','ABONO','Abono a cuenta - Factura #276',1750.00,'CONTADO',276,12,8050.00,'ACTIVO',NULL),(385,51,6,'2026-04-01 14:23:19','VENTA','Venta Contado Factura #277',3800.00,'CONTADO',277,2,11850.00,'ACTIVO',NULL),(386,51,6,'2026-04-01 14:23:19','ABONO','Abono a cuenta - Factura #277',1000.00,'CONTADO',277,2,12850.00,'ACTIVO',NULL),(387,51,6,'2026-04-01 14:33:43','VENTA','Venta Contado Factura #278',1900.00,'CONTADO',278,2,14750.00,'ACTIVO',NULL),(388,51,6,'2026-04-01 14:33:43','ABONO','Abono a cuenta - Factura #278',1000.00,'CONTADO',278,2,15750.00,'ACTIVO',NULL),(389,51,6,'2026-04-01 14:39:19','ABONO','Abono a cuenta - Factura #279',1840.00,'CREDITO',279,5,17590.00,'ACTIVO',NULL),(390,51,6,'2026-04-01 14:39:22','VENTA','Venta Contado Factura #280',950.00,'CONTADO',280,7,18540.00,'ACTIVO',NULL),(391,51,6,'2026-04-01 14:39:52','VENTA','Venta Contado Factura #281',950.00,'CONTADO',281,7,19490.00,'ACTIVO',NULL),(392,51,6,'2026-04-01 14:40:28','ABONO','Abono de cliente - Monto: C$4,250.00 - Pago: Efectivo',4250.00,NULL,NULL,12,23740.00,'ACTIVO',1),(393,51,6,'2026-04-01 15:09:49','VENTA','Venta Contado Factura #282',190.00,'CONTADO',282,12,23930.00,'ACTIVO',NULL),(394,51,6,'2026-04-01 15:14:59','GASTO','Combustible',200.00,'CONTADO',NULL,NULL,23730.00,'ACTIVO',NULL),(395,51,6,'2026-04-01 15:19:18','VENTA','Venta Contado Factura #283',875.00,'CONTADO',283,12,24605.00,'ACTIVO',NULL),(396,51,6,'2026-04-01 15:19:18','ABONO','Abono a cuenta - Factura #283',1000.00,'CONTADO',283,12,25605.00,'ACTIVO',NULL),(397,51,6,'2026-04-01 15:20:12','GASTO','peaje Masaya',500.00,'CONTADO',NULL,NULL,24105.00,'ACTIVO',NULL),(398,51,6,'2026-04-01 15:22:57','VENTA','Venta Contado Factura #284',875.00,'CONTADO',284,5,25980.00,'ACTIVO',NULL),(399,51,6,'2026-04-01 15:22:57','ABONO','Abono a cuenta - Factura #284',1000.00,'CONTADO',284,5,26980.00,'ACTIVO',NULL),(400,51,6,'2026-04-01 15:26:12','ABONO','Abono a cuenta - Factura #285',3190.00,'CREDITO',285,12,30170.00,'ACTIVO',NULL),(401,52,6,'2026-04-07 15:33:59','ABONO','Abono de cliente - Monto: C$3,000.00 - Pago: Efectivo',3000.00,NULL,NULL,5,3000.00,'ACTIVO',1),(402,53,12,'2026-04-13 09:23:08','ABONO','Abono a cuenta - Factura #286',3500.00,'CREDITO',286,6,3500.00,'ACTIVO',NULL),(403,55,6,'2026-04-16 09:01:58','APERTURA','Apertura automática - 16/04/2026 09:01',0.00,NULL,NULL,NULL,0.00,'ACTIVO',NULL),(404,55,6,'2026-04-16 09:01:59','VENTA','Venta Contado Factura #287',11100.00,'CONTADO',287,5,11100.00,'ACTIVO',NULL),(405,55,6,'2026-04-16 09:01:59','ABONO','Abono a cuenta - Factura #287',3000.00,'CONTADO',287,5,14100.00,'ACTIVO',NULL),(406,55,6,'2026-04-16 09:20:07','VENTA','Venta Contado Factura #288',1800.00,'CONTADO',288,6,15900.00,'ACTIVO',NULL),(407,55,6,'2026-04-16 09:51:43','VENTA','Venta Contado Factura #289',1900.00,'CONTADO',289,5,17800.00,'ACTIVO',NULL),(408,55,6,'2026-04-16 11:10:44','VENTA','Venta Contado Factura #290',1800.00,'CONTADO',290,5,19600.00,'ACTIVO',NULL),(409,55,6,'2026-04-16 11:10:44','ABONO','Abono a cuenta - Factura #290',2000.00,'CONTADO',290,5,21600.00,'ACTIVO',NULL),(410,55,6,'2026-04-16 11:47:34','VENTA','Venta Contado Factura #291',190.00,'CONTADO',291,5,21790.00,'ACTIVO',NULL),(411,55,6,'2026-04-16 11:47:34','ABONO','Abono a cuenta - Factura #291',1500.00,'CONTADO',291,5,23290.00,'ACTIVO',NULL),(412,56,12,'2026-04-17 15:55:46','APERTURA','Apertura automática - 17/04/2026 15:55',0.00,NULL,NULL,NULL,0.00,'ACTIVO',NULL),(413,56,12,'2026-04-17 15:55:47','VENTA','Venta Contado Factura #292',950.00,'CONTADO',292,4,950.00,'ACTIVO',NULL),(414,56,12,'2026-04-17 15:58:36','VENTA','Venta Contado Factura #293',950.00,'CONTADO',293,3,1900.00,'ACTIVO',NULL),(415,60,6,'2026-04-22 10:28:06','APERTURA','Apertura automática - 22/04/2026 10:28',0.00,NULL,NULL,NULL,0.00,'ACTIVO',NULL),(416,60,6,'2026-04-22 13:41:52','ABONO','Abono de cliente - Monto: C$1,000.00 - Pago: Efectivo',1000.00,NULL,NULL,2,1000.00,'ACTIVO',1),(417,60,6,'2026-04-22 15:44:59','VENTA','Venta Contado Factura #299',185.00,'CONTADO',299,2,1185.00,'ACTIVO',NULL),(418,60,6,'2026-04-22 15:48:47','VENTA','Venta Contado Factura #300',190.00,'CONTADO',300,5,1375.00,'ACTIVO',NULL),(419,60,6,'2026-04-22 15:58:43','VENTA','Venta Contado Factura #301',925.00,'CONTADO',301,5,2300.00,'ACTIVO',NULL),(420,60,6,'2026-04-22 16:02:15','VENTA','Venta Contado Factura #302',185.00,'CONTADO',302,5,2485.00,'ACTIVO',NULL),(421,61,12,'2026-04-24 11:10:39','APERTURA','Apertura automática - 24/04/2026 11:10',0.00,NULL,NULL,NULL,0.00,'ACTIVO',NULL),(422,61,12,'2026-04-24 11:10:39','VENTA','Venta Contado Factura #303',950.00,'CONTADO',303,5,950.00,'ACTIVO',NULL),(423,61,12,'2026-04-24 11:17:15','VENTA','Venta Contado Factura #304',570.00,'CONTADO',304,7,1520.00,'ACTIVO',NULL),(424,61,12,'2026-04-24 11:26:06','ABONO','Abono a cuenta - Factura #305',7200.00,'CREDITO',305,6,8720.00,'ACTIVO',NULL);
/*!40000 ALTER TABLE `movimientos_caja_ruta` ENABLE KEYS */;
UNLOCK TABLES;

--
-- Table structure for table `movimientos_inventario`
--

DROP TABLE IF EXISTS `movimientos_inventario`;
/*!40101 SET @saved_cs_client     = @@character_set_client */;
/*!50503 SET character_set_client = utf8mb4 */;
CREATE TABLE `movimientos_inventario` (
  `ID_Movimiento` int NOT NULL AUTO_INCREMENT,
  `ID_TipoMovimiento` int NOT NULL,
  `N_Factura_Externa` varchar(255) DEFAULT NULL,
  `ID_Factura_Venta` int DEFAULT NULL,
  `Fecha` date NOT NULL,
  `ID_Proveedor` int DEFAULT NULL,
  `Tipo_Compra` enum('CONTADO','CREDITO') DEFAULT NULL,
  `Observacion` text,
  `ID_Empresa` int NOT NULL,
  `ID_Bodega` int NOT NULL,
  `ID_Bodega_Destino` int DEFAULT NULL,
  `ID_Pedido_Origen` int DEFAULT NULL,
  `UbicacionEntrega` text,
  `ID_Usuario_Creacion` int NOT NULL,
  `Fecha_Creacion` datetime DEFAULT CURRENT_TIMESTAMP,
  `Fecha_Modificacion` datetime DEFAULT NULL,
  `ID_Usuario_Modificacion` int DEFAULT NULL,
  `Estado` enum('Activa','Anulada') NOT NULL DEFAULT 'Activa',
  PRIMARY KEY (`ID_Movimiento`),
  KEY `ID_Empresa` (`ID_Empresa`),
  KEY `ID_Bodega_Destino` (`ID_Bodega_Destino`),
  KEY `ID_Usuario_Modificacion` (`ID_Usuario_Modificacion`),
  KEY `idx_fecha` (`Fecha`),
  KEY `idx_tipo_movimiento` (`ID_TipoMovimiento`),
  KEY `idx_bodega` (`ID_Bodega`),
  KEY `idx_proveedor` (`ID_Proveedor`),
  KEY `idx_tipo_compra` (`Tipo_Compra`),
  KEY `idx_factura_venta` (`ID_Factura_Venta`),
  KEY `idx_usuario_creacion` (`ID_Usuario_Creacion`),
  KEY `idx_entradas_busqueda` (`ID_TipoMovimiento`,`Fecha`,`Estado`,`ID_Proveedor`,`ID_Bodega`),
  KEY `idx_pedido_origen` (`ID_Pedido_Origen`),
  CONSTRAINT `fk_movinv_pedido` FOREIGN KEY (`ID_Pedido_Origen`) REFERENCES `pedidos` (`ID_Pedido`) ON DELETE SET NULL,
  CONSTRAINT `movimientos_inventario_ibfk_1` FOREIGN KEY (`ID_TipoMovimiento`) REFERENCES `catalogo_movimientos` (`ID_TipoMovimiento`),
  CONSTRAINT `movimientos_inventario_ibfk_2` FOREIGN KEY (`ID_Factura_Venta`) REFERENCES `facturacion` (`ID_Factura`),
  CONSTRAINT `movimientos_inventario_ibfk_3` FOREIGN KEY (`ID_Proveedor`) REFERENCES `proveedores` (`ID_Proveedor`),
  CONSTRAINT `movimientos_inventario_ibfk_4` FOREIGN KEY (`ID_Empresa`) REFERENCES `empresa` (`ID_Empresa`),
  CONSTRAINT `movimientos_inventario_ibfk_5` FOREIGN KEY (`ID_Bodega`) REFERENCES `bodegas` (`ID_Bodega`),
  CONSTRAINT `movimientos_inventario_ibfk_6` FOREIGN KEY (`ID_Bodega_Destino`) REFERENCES `bodegas` (`ID_Bodega`),
  CONSTRAINT `movimientos_inventario_ibfk_7` FOREIGN KEY (`ID_Usuario_Creacion`) REFERENCES `usuarios` (`ID_Usuario`),
  CONSTRAINT `movimientos_inventario_ibfk_8` FOREIGN KEY (`ID_Usuario_Modificacion`) REFERENCES `usuarios` (`ID_Usuario`)
) ENGINE=InnoDB AUTO_INCREMENT=423 DEFAULT CHARSET=utf8mb4 COLLATE=utf8mb4_0900_ai_ci;
/*!40101 SET character_set_client = @saved_cs_client */;

--
-- Dumping data for table `movimientos_inventario`
--

LOCK TABLES `movimientos_inventario` WRITE;
/*!40000 ALTER TABLE `movimientos_inventario` DISABLE KEYS */;
INSERT INTO `movimientos_inventario` VALUES (1,1,'prueba_1',NULL,'2025-11-13',1,'CONTADO','ninhun',1,1,NULL,NULL,NULL,1,'2025-11-12 21:42:27','2025-11-15 10:43:26',1,'Activa'),(2,1,'prueba_2',NULL,'2025-11-13',1,'CONTADO','me pica el qlo',1,1,NULL,NULL,NULL,1,'2025-11-12 22:10:18',NULL,1,'Activa'),(3,1,'prueba_3',NULL,'2025-11-13',1,'CONTADO','ninguno',1,1,NULL,NULL,NULL,1,'2025-11-13 08:35:29',NULL,1,'Activa'),(4,1,'prueba_4',NULL,'2025-11-13',1,'CONTADO','ninguna al momento',1,1,NULL,NULL,NULL,1,'2025-11-13 09:02:55',NULL,1,'Activa'),(5,1,'prueba_5',NULL,'2025-11-13',1,'CONTADO','nop',1,1,NULL,NULL,NULL,1,'2025-11-13 09:13:53',NULL,1,'Activa'),(6,1,'prueba_6',NULL,'2025-11-13',1,'CONTADO','',1,1,NULL,NULL,NULL,1,'2025-11-13 10:06:58',NULL,1,'Activa'),(7,1,'prueba_7',NULL,'2025-11-13',1,'CONTADO','ninguna',1,1,NULL,NULL,NULL,1,'2025-11-13 10:08:48',NULL,1,'Activa'),(8,1,'prueba_7',NULL,'2025-11-14',1,'CONTADO','ninguno',1,1,NULL,NULL,NULL,1,'2025-11-13 23:09:30',NULL,1,'Activa'),(9,1,'prueba_9',NULL,'2025-11-14',1,'CREDITO','niceee madafackas',1,1,NULL,NULL,NULL,1,'2025-11-14 08:10:23',NULL,1,'Activa'),(10,1,'prueba_10',NULL,'2025-11-14',1,'CREDITO','ninguno',1,1,NULL,NULL,NULL,1,'2025-11-14 08:12:53',NULL,1,'Activa'),(11,1,'prueba_11',NULL,'2025-11-14',1,'CREDITO','lioncu',1,1,NULL,NULL,NULL,1,'2025-11-14 08:43:17',NULL,1,'Activa'),(12,1,'prueba_11',NULL,'2025-11-14',1,'CREDITO','nada',1,1,NULL,NULL,NULL,1,'2025-11-14 08:58:45','2025-11-14 11:35:57',1,'Activa'),(13,1,'prueba_14',NULL,'2025-11-15',1,'CONTADO','ninguno al momento',1,1,NULL,NULL,NULL,1,'2025-11-15 01:48:57','2025-11-15 02:31:50',1,'Activa'),(14,1,'prueba_15',NULL,'2025-11-15',1,'CONTADO','minguno',1,1,NULL,NULL,NULL,1,'2025-11-15 01:50:06','2025-11-15 02:32:10',1,'Activa'),(15,1,'prueba_43',NULL,'2025-11-15',1,'CREDITO','dasdasd',1,1,NULL,NULL,NULL,1,'2025-11-15 02:16:30','2025-11-23 20:25:09',1,'Activa'),(16,1,'prueba_33',NULL,'2025-11-15',1,'CONTADO','fsdfsdf',1,1,NULL,NULL,NULL,1,'2025-11-15 02:17:09','2025-11-15 11:33:37',1,'Activa'),(17,1,'prueba_34',NULL,'2025-11-15',1,'CONTADO','s',1,1,NULL,NULL,NULL,1,'2025-11-15 10:39:19',NULL,1,'Activa'),(18,1,'prueba_36',NULL,'2025-11-15',1,'CONTADO','',1,1,NULL,NULL,NULL,1,'2025-11-15 11:43:02',NULL,1,'Activa'),(19,2,NULL,6,'2025-11-23',NULL,'CREDITO','asd',1,1,NULL,NULL,NULL,1,'2025-11-23 00:19:37',NULL,NULL,'Activa'),(20,2,NULL,7,'2025-11-23',NULL,'CREDITO','',1,1,NULL,NULL,NULL,1,'2025-11-23 00:37:07',NULL,NULL,'Activa'),(21,2,NULL,8,'2025-11-23',NULL,'CREDITO','',1,1,NULL,NULL,NULL,1,'2025-11-23 00:50:56',NULL,NULL,'Activa'),(22,2,NULL,9,'2025-11-24',NULL,'CONTADO','jjajaja',1,1,NULL,NULL,NULL,1,'2025-11-23 20:22:54',NULL,NULL,'Activa'),(23,2,NULL,10,'2025-11-24',NULL,'CONTADO','',1,1,NULL,NULL,NULL,1,'2025-11-23 20:35:14',NULL,NULL,'Activa'),(24,2,NULL,11,'2025-11-24',NULL,'CONTADO','',1,1,NULL,NULL,NULL,1,'2025-11-23 22:15:39',NULL,NULL,'Activa'),(25,2,NULL,12,'2025-11-24',NULL,'CONTADO','',1,1,NULL,NULL,NULL,1,'2025-11-23 23:10:13',NULL,NULL,'Activa'),(26,2,NULL,13,'2025-11-24',NULL,'CONTADO','',1,1,NULL,NULL,NULL,1,'2025-11-23 23:28:22',NULL,NULL,'Activa'),(27,2,NULL,14,'2025-11-24',NULL,'CREDITO','primera prueba',1,1,NULL,NULL,NULL,1,'2025-11-23 23:31:15',NULL,NULL,'Activa'),(28,2,NULL,15,'2025-11-24',NULL,'CONTADO','',1,1,NULL,NULL,NULL,1,'2025-11-23 23:46:13',NULL,NULL,'Activa'),(29,2,NULL,16,'2025-11-24',NULL,'CREDITO','ninguno',1,1,NULL,NULL,NULL,1,'2025-11-24 14:14:27',NULL,NULL,'Activa'),(30,2,NULL,18,'2025-11-24',NULL,'CONTADO','prueba_3',1,1,NULL,NULL,NULL,1,'2025-11-24 16:26:38',NULL,NULL,'Activa'),(31,2,NULL,19,'2025-11-24',NULL,'CREDITO','prueba_4',1,1,NULL,NULL,NULL,1,'2025-11-24 16:34:30',NULL,NULL,'Activa'),(32,2,NULL,20,'2025-11-24',NULL,'CREDITO','prueba_5',1,1,NULL,NULL,NULL,1,'2025-11-24 16:38:04',NULL,NULL,'Activa'),(33,2,NULL,21,'2025-11-24',NULL,'CREDITO','Prueba_6_Debbug',1,1,NULL,NULL,NULL,1,'2025-11-24 17:05:14',NULL,NULL,'Activa'),(34,2,NULL,22,'2025-11-24',NULL,'CREDITO','prueba_8',1,1,NULL,NULL,NULL,1,'2025-11-24 17:35:21',NULL,NULL,'Activa'),(35,2,NULL,26,'2025-11-24',NULL,'CONTADO','prueba',1,1,NULL,NULL,NULL,1,'2025-11-24 18:33:08',NULL,NULL,'Activa'),(36,2,NULL,27,'2025-11-24',NULL,'CREDITO','pruebaaas_6',1,1,NULL,NULL,NULL,1,'2025-11-24 18:39:05',NULL,NULL,'Activa'),(37,2,NULL,30,'2025-11-24',NULL,'CONTADO','N/A',1,1,NULL,NULL,NULL,1,'2025-11-24 18:44:55',NULL,NULL,'Activa'),(38,2,NULL,31,'2025-11-24',NULL,'CONTADO','yesyes',1,1,NULL,NULL,NULL,1,'2025-11-24 19:37:32',NULL,NULL,'Activa'),(39,2,NULL,32,'2025-11-24',NULL,'CREDITO','primera pueba',1,1,NULL,NULL,NULL,1,'2025-11-24 21:42:41',NULL,NULL,'Activa'),(40,2,NULL,33,'2025-11-24',NULL,'CONTADO','Venta realizada',1,1,NULL,NULL,NULL,1,'2025-11-24 23:02:09',NULL,NULL,'Activa'),(41,2,NULL,35,'2025-11-24',NULL,'CONTADO','Venta realizada',1,1,NULL,NULL,NULL,1,'2025-11-24 23:44:02',NULL,NULL,'Activa'),(42,2,NULL,36,'2025-11-24',NULL,'CONTADO','prueba de factura',1,1,NULL,NULL,NULL,1,'2025-11-24 23:56:37',NULL,NULL,'Activa'),(43,2,NULL,40,'2025-11-25',NULL,'CREDITO','Venta realizada',1,1,NULL,NULL,NULL,1,'2025-11-25 00:04:33',NULL,NULL,'Activa'),(44,2,NULL,44,'2025-11-25',NULL,'CONTADO','xxcvcxv',1,1,NULL,NULL,NULL,1,'2025-11-25 00:08:00',NULL,NULL,'Activa'),(45,1,'sd',NULL,'2025-11-25',1,'CONTADO','sdfsdfsdf',1,1,NULL,NULL,NULL,1,'2025-11-25 09:08:31',NULL,1,'Activa'),(46,2,NULL,46,'2025-11-25',NULL,'CONTADO','asdasdfasdf',1,1,NULL,NULL,NULL,1,'2025-11-25 09:25:57',NULL,NULL,'Activa'),(47,2,NULL,47,'2025-11-25',NULL,'CONTADO','kjjbliblk',1,1,NULL,NULL,NULL,1,'2025-11-25 09:30:28',NULL,NULL,'Activa'),(48,2,NULL,48,'2025-11-25',NULL,'CONTADO','JAJAJA',1,1,NULL,NULL,NULL,1,'2025-11-25 10:09:17',NULL,NULL,'Activa'),(49,1,'sd',NULL,'2025-11-25',2,'CONTADO','',1,2,NULL,NULL,NULL,1,'2025-11-25 10:18:55',NULL,1,'Activa'),(50,2,NULL,50,'2025-11-25',NULL,'CONTADO','Venta realizada',1,1,NULL,NULL,NULL,1,'2025-11-25 10:26:43',NULL,NULL,'Activa'),(51,2,NULL,51,'2025-11-25',NULL,'CONTADO','prubea_uno_reemplazando bodega',1,1,NULL,NULL,NULL,1,'2025-11-25 12:01:44',NULL,NULL,'Activa'),(52,2,NULL,52,'2025-11-25',NULL,'CREDITO','Venta realizada',1,1,NULL,NULL,NULL,1,'2025-11-25 12:04:30',NULL,NULL,'Activa'),(53,2,NULL,53,'2025-11-25',NULL,'CREDITO','prueba desde mobile',1,1,NULL,NULL,NULL,1,'2025-11-25 12:11:08',NULL,NULL,'Activa'),(54,2,NULL,54,'2025-11-25',NULL,'CREDITO','segunda prueba',1,1,NULL,NULL,NULL,1,'2025-11-25 12:26:03',NULL,NULL,'Activa'),(55,2,NULL,55,'2025-11-25',NULL,'CONTADO','sdfg',1,1,NULL,NULL,NULL,1,'2025-11-25 12:51:42',NULL,NULL,'Activa'),(56,2,NULL,56,'2025-11-25',NULL,'CREDITO','hjhjklñlkjhgfdssdfghjklñ',1,1,NULL,NULL,NULL,1,'2025-11-25 12:56:47',NULL,NULL,'Activa'),(57,2,NULL,57,'2025-11-25',NULL,'CREDITO','prueba',1,1,NULL,NULL,NULL,1,'2025-11-25 15:15:47',NULL,NULL,'Activa'),(58,2,NULL,58,'2025-11-25',NULL,'CONTADO','zazxczxczxc',1,1,NULL,NULL,NULL,1,'2025-11-25 15:18:54',NULL,NULL,'Activa'),(59,2,NULL,59,'2025-11-25',NULL,'CREDITO','Prueba dos con fecha correcta de factura',1,1,NULL,NULL,NULL,1,'2025-11-25 15:20:21',NULL,NULL,'Activa'),(60,2,NULL,60,'2025-11-25',NULL,'CONTADO','dfasdasdfasdfasdfasdf',1,1,NULL,NULL,NULL,1,'2025-11-25 15:22:12',NULL,NULL,'Activa'),(61,2,NULL,61,'2025-12-03',NULL,'CREDITO','Ninguno',1,1,NULL,NULL,NULL,1,'2025-12-03 15:45:48',NULL,NULL,'Activa'),(62,1,'sd',NULL,'2025-12-04',2,'CONTADO','',1,1,NULL,NULL,NULL,1,'2025-12-04 01:07:27',NULL,1,'Activa'),(63,2,NULL,62,'2025-12-08',NULL,'CONTADO','Ninguno',1,1,NULL,NULL,NULL,1,'2025-12-08 15:38:25',NULL,NULL,'Activa'),(64,2,NULL,63,'2025-12-08',NULL,'CONTADO','Venta realizada',1,1,NULL,NULL,NULL,1,'2025-12-08 15:55:31',NULL,NULL,'Activa'),(65,2,NULL,64,'2025-12-08',NULL,'CONTADO','Venta realizada',1,1,NULL,NULL,NULL,1,'2025-12-08 22:04:43',NULL,NULL,'Activa'),(66,2,NULL,65,'2025-12-09',NULL,'CONTADO','Venta realizada',1,1,NULL,NULL,NULL,1,'2025-12-09 17:22:18',NULL,NULL,'Activa'),(67,1,'',NULL,'2025-12-10',1,'CONTADO','',1,1,NULL,NULL,NULL,1,'2025-12-09 18:19:46','2025-12-09 20:34:37',1,'Activa'),(68,2,NULL,66,'2025-12-10',NULL,'CREDITO','Venta realizada',1,1,NULL,NULL,NULL,1,'2025-12-10 17:09:47',NULL,NULL,'Activa'),(69,2,NULL,67,'2025-12-10',NULL,'CREDITO','sdfdf',1,1,NULL,NULL,NULL,1,'2025-12-10 17:27:15',NULL,NULL,'Activa'),(70,2,NULL,68,'2025-12-10',NULL,'CONTADO','Venta realizada',1,1,NULL,NULL,NULL,1,'2025-12-10 17:41:51',NULL,NULL,'Activa'),(71,2,NULL,69,'2025-12-10',NULL,'CONTADO','Venta realizada | ANULADO: asdasdasdasda',1,1,NULL,NULL,NULL,1,'2025-12-10 17:42:05','2025-12-24 15:13:18',1,'Anulada'),(72,2,NULL,70,'2025-12-10',NULL,'CONTADO','Venta realizada',1,1,NULL,NULL,NULL,1,'2025-12-10 17:53:06',NULL,NULL,'Activa'),(73,2,NULL,71,'2025-12-10',NULL,'CONTADO','Venta realizada',1,1,NULL,NULL,NULL,1,'2025-12-10 18:24:46',NULL,NULL,'Activa'),(74,1,'sd',NULL,'2025-12-11',2,'CONTADO','',1,1,NULL,NULL,NULL,1,'2025-12-10 20:29:14',NULL,1,'Activa'),(75,1,'sd',NULL,'2025-12-11',2,'CONTADO',NULL,1,1,NULL,NULL,NULL,1,'2025-12-11 18:48:55',NULL,NULL,'Activa'),(76,1,'',NULL,'2025-12-12',NULL,'CONTADO','',1,1,NULL,NULL,NULL,1,'2025-12-11 18:52:01',NULL,1,'Activa'),(77,4,NULL,NULL,'2025-12-12',NULL,NULL,NULL,1,1,NULL,NULL,NULL,1,'2025-12-12 09:23:27',NULL,NULL,'Activa'),(78,1,'sd',NULL,'2025-12-13',1,'CONTADO','pruebas malisiosas',1,1,NULL,NULL,NULL,4,'2025-12-12 22:26:13',NULL,4,'Activa'),(79,2,NULL,72,'2025-12-12',NULL,'CREDITO','pruebas',1,1,NULL,NULL,NULL,4,'2025-12-12 22:26:56',NULL,NULL,'Activa'),(80,5,NULL,NULL,'2025-12-16',NULL,NULL,'Se realiza el ajuste de salida por que falto cierto producto',1,1,NULL,NULL,NULL,4,'2025-12-16 09:30:21',NULL,NULL,'Activa'),(81,7,NULL,NULL,'2025-12-16',NULL,NULL,'los ratones jugaron la comida',1,1,NULL,NULL,NULL,4,'2025-12-16 09:56:26',NULL,NULL,'Activa'),(82,2,NULL,73,'2025-12-16',NULL,'CONTADO','Venta realizada',1,1,NULL,NULL,NULL,4,'2025-12-16 10:50:33',NULL,NULL,'Activa'),(83,8,NULL,NULL,'2025-12-16',NULL,NULL,NULL,1,1,NULL,NULL,NULL,4,'2025-12-16 11:04:37',NULL,NULL,'Activa'),(84,1,'sd',NULL,'2025-12-16',1,'CONTADO','',1,1,NULL,NULL,NULL,4,'2025-12-16 11:32:08',NULL,4,'Activa'),(85,1,'',NULL,'2025-12-17',3,'CONTADO','',1,1,NULL,NULL,NULL,1,'2025-12-17 10:38:57',NULL,1,'Activa'),(86,1,'',NULL,'2025-12-17',NULL,'CONTADO','',1,1,NULL,NULL,NULL,1,'2025-12-17 13:28:42',NULL,1,'Activa'),(87,1,'',NULL,'2025-12-17',1,'CONTADO','\n[ANULADO] 2025-12-17 14:17:33 por usuario 1. Motivo: producto en mal estado',1,1,NULL,NULL,NULL,1,'2025-12-17 13:45:43','2025-12-17 14:17:33',1,'Anulada'),(88,2,'ANUL-87',NULL,'2025-12-17',1,'CONTADO','Anulación de compra #87 - producto en mal estado',1,1,NULL,NULL,NULL,1,'2025-12-17 14:17:33',NULL,NULL,'Activa'),(89,1,'prueba_56',NULL,'2025-12-17',1,'CONTADO','\n[ANULADO] 2025-12-17 14:24:35 por usuario 1. Motivo: equivocacion de huevos',1,1,NULL,NULL,NULL,1,'2025-12-17 14:21:07','2025-12-17 14:24:35',1,'Anulada'),(90,2,'ANUL-prueba_56',NULL,'2025-12-17',1,'CONTADO','Anulación de compra #89 - equivocacion de huevos',1,1,NULL,NULL,NULL,1,'2025-12-17 14:24:35',NULL,NULL,'Activa'),(91,1,'',NULL,'2025-12-17',1,'CONTADO','',1,1,NULL,NULL,NULL,1,'2025-12-17 15:05:31',NULL,1,'Activa'),(92,1,'prueba_58',NULL,'2025-12-17',1,'CONTADO','listo',1,1,NULL,NULL,NULL,1,'2025-12-17 15:09:24',NULL,1,'Activa'),(93,1,'prueba_63',NULL,'2025-12-17',1,'CONTADO','\n[ANULADA] 2025-12-17 15:26:49 por usuario 1. Motivo: porque simona la mona',1,1,NULL,NULL,NULL,1,'2025-12-17 15:26:35','2025-12-17 15:26:49',1,'Anulada'),(94,2,'ANUL-COMPRA-prueba_63',NULL,'2025-12-17',1,'CONTADO','Contramovimiento por anulación de compra #93 - porque simona la mona',1,1,NULL,NULL,NULL,1,'2025-12-17 15:26:49',NULL,NULL,'Activa'),(95,1,'',NULL,'2025-12-17',1,'CONTADO','\n[ANULADA] 2025-12-17 15:34:30 por usuario 1. Motivo: gfdfsdfgsdfgsdfg',1,1,NULL,NULL,NULL,1,'2025-12-17 15:33:10','2025-12-17 15:34:30',1,'Anulada'),(96,2,'ANUL-COMPRA-95',NULL,'2025-12-17',1,'CONTADO','Contramovimiento por anulación de compra #95 - gfdfsdfgsdfgsdfg',1,1,NULL,NULL,NULL,1,'2025-12-17 15:34:29',NULL,NULL,'Activa'),(97,1,'',NULL,'2025-12-17',1,'CONTADO','',1,1,NULL,NULL,NULL,1,'2025-12-17 15:47:01',NULL,1,'Activa'),(98,1,'222',NULL,'2025-12-20',1,'CONTADO','\n[ANULADA] 2025-12-20 08:22:04 por usuario 4. Motivo: un mal registro de mercaddo en la bodega',1,1,NULL,NULL,NULL,4,'2025-12-20 08:21:36','2025-12-20 08:22:04',4,'Anulada'),(99,9,'ANUL-COMPRA-222',NULL,'2025-12-20',1,'CONTADO','Contramovimiento por anulación de compra #98 - un mal registro de mercaddo en la bodega',1,1,NULL,NULL,NULL,4,'2025-12-20 08:22:04',NULL,NULL,'Activa'),(100,1,'',NULL,'2025-12-20',1,'CREDITO','\n[ANULADA] 2025-12-20 10:38:19 por usuario 4. Motivo: asdfasdfasdfasdfasdf',1,1,NULL,NULL,NULL,4,'2025-12-20 09:13:37','2025-12-20 10:38:19',4,'Anulada'),(101,9,'ANUL-COMPRA-100',NULL,'2025-12-20',1,'CONTADO','Contramovimiento por anulación de compra #100 - asdfasdfasdfasdfasdf',1,1,NULL,NULL,NULL,4,'2025-12-20 10:38:19',NULL,NULL,'Activa'),(102,1,'',NULL,'2025-12-22',1,'CONTADO','',1,1,NULL,NULL,NULL,4,'2025-12-22 11:49:13',NULL,4,'Activa'),(103,1,'',NULL,'2025-12-22',1,'CONTADO','',1,1,NULL,NULL,NULL,4,'2025-12-22 12:20:51',NULL,4,'Activa'),(104,1,'',NULL,'2025-12-22',1,'CREDITO','',1,1,NULL,NULL,NULL,4,'2025-12-22 12:49:24',NULL,4,'Activa'),(105,1,'sdsdfsdf',NULL,'2025-12-23',1,'CONTADO','',1,1,NULL,NULL,NULL,4,'2025-12-22 18:25:14',NULL,4,'Activa'),(106,1,'Prueba_111',NULL,'2025-12-23',1,'CREDITO','\n[ANULADA] 2025-12-22 18:26:07 por usuario 4. Motivo: Motivo de informacion mal gestionada',1,1,NULL,NULL,NULL,4,'2025-12-22 18:25:43','2025-12-22 18:26:07',4,'Anulada'),(107,9,'ANUL-COMPRA-Prueba_111',NULL,'2025-12-22',1,'CONTADO','Contramovimiento por anulación de compra #106 - Motivo de informacion mal gestionada',1,1,NULL,NULL,NULL,4,'2025-12-22 18:26:07',NULL,NULL,'Activa'),(108,1,'',NULL,'2025-12-23',1,'CREDITO','\n[ANULADA] 2025-12-22 18:27:20 por usuario 4. Motivo: mal movimiento, error al momento de seleccionar huevos',1,1,NULL,NULL,NULL,4,'2025-12-22 18:26:55','2025-12-22 18:27:20',4,'Anulada'),(109,9,'ANUL-COMPRA-108',NULL,'2025-12-22',1,'CONTADO','Contramovimiento por anulación de compra #108 - mal movimiento, error al momento de seleccionar huevos',1,1,NULL,NULL,NULL,4,'2025-12-22 18:27:20',NULL,NULL,'Activa'),(110,2,NULL,74,'2025-12-23',NULL,'CREDITO','Venta realizada | ANULADO: Anulación por usuario',1,1,NULL,NULL,NULL,4,'2025-12-23 00:54:36',NULL,NULL,'Anulada'),(111,2,NULL,75,'2025-12-23',NULL,'CREDITO','Venta realizada | ANULADO: Anulación por usuario',1,1,NULL,NULL,NULL,1,'2025-12-23 14:53:57',NULL,NULL,'Anulada'),(112,2,NULL,76,'2025-12-23',NULL,'CONTADO','Venta realizada | ANULADO: Anulación por usuario',1,1,NULL,NULL,NULL,1,'2025-12-23 15:26:01',NULL,NULL,'Anulada'),(113,1,'prueba_JAJAJA',NULL,'2025-12-23',1,'CONTADO','\n[ANULADA] 2025-12-23 15:29:05 por usuario 1. Motivo: dfsfasdfasdfasdf',1,1,NULL,NULL,NULL,1,'2025-12-23 15:28:54','2025-12-23 15:29:05',1,'Anulada'),(114,9,'ANUL-COMPRA-prueba_JAJAJA',NULL,'2025-12-23',1,'CONTADO','Contramovimiento por anulación de compra #113 - dfsfasdfasdfasdf',1,1,NULL,NULL,NULL,1,'2025-12-23 15:29:05',NULL,NULL,'Activa'),(115,2,NULL,77,'2025-12-24',NULL,'CONTADO','Venta realizada | ANULADO: wdsfsfds',1,1,NULL,NULL,NULL,1,'2025-12-24 09:58:57','2025-12-24 10:19:16',1,'Anulada'),(116,10,NULL,77,'2025-12-24',NULL,'CONTADO','Anulación venta #77 - Cliente: Jonathan - Motivo: wdsfsfds',1,1,NULL,NULL,NULL,1,'2025-12-24 10:19:16',NULL,NULL,'Activa'),(117,2,NULL,78,'2025-12-24',NULL,'CREDITO','Venta realizada',1,1,NULL,NULL,NULL,1,'2025-12-24 10:20:17',NULL,NULL,'Activa'),(118,2,NULL,79,'2025-12-24',NULL,'CONTADO','Venta realizada | ANULADO: sfsadfasdfasdf',1,1,NULL,NULL,NULL,1,'2025-12-24 10:26:43','2025-12-24 11:46:33',1,'Anulada'),(119,2,NULL,80,'2025-12-24',NULL,'CONTADO','Venta realizada | ANULADO: porque simon',1,1,NULL,NULL,NULL,1,'2025-12-24 11:00:20','2025-12-24 11:26:00',1,'Anulada'),(120,10,NULL,80,'2025-12-24',NULL,'CONTADO','Anulación venta #80 - Cliente: Josue Delgado - Motivo: porque simon',1,1,NULL,NULL,NULL,1,'2025-12-24 11:26:00',NULL,NULL,'Activa'),(121,10,NULL,79,'2025-12-24',NULL,'CONTADO','Anulación venta #79 - Cliente: Josue Delgado - Motivo: sfsadfasdfasdf',1,1,NULL,NULL,NULL,1,'2025-12-24 11:46:33',NULL,NULL,'Activa'),(122,2,NULL,81,'2025-12-24',NULL,'CONTADO','Venta realizada',1,1,NULL,NULL,NULL,1,'2025-12-24 13:41:07',NULL,NULL,'Activa'),(123,10,NULL,69,'2025-12-24',NULL,'CONTADO','Anulación venta #69 - Cliente: Fared - Motivo: asdasdasdasda',1,1,NULL,NULL,NULL,1,'2025-12-24 15:13:18',NULL,NULL,'Activa'),(124,2,NULL,82,'2025-12-24',NULL,'CREDITO','Venta realizada | ANULADO: adasdasdasd',1,1,NULL,NULL,NULL,1,'2025-12-24 15:16:17','2025-12-24 15:16:52',1,'Anulada'),(125,10,NULL,82,'2025-12-24',NULL,'CONTADO','Anulación venta #82 - Cliente: Fared - Motivo: adasdasdasd',1,1,NULL,NULL,NULL,1,'2025-12-24 15:16:52',NULL,NULL,'Activa'),(126,2,NULL,83,'2025-12-24',NULL,'CONTADO','Venta realizada',1,1,NULL,NULL,NULL,1,'2025-12-24 15:17:30',NULL,NULL,'Activa'),(127,2,NULL,84,'2025-12-24',NULL,'CREDITO','Venta realizada | ANULADO: fdgsdfgsdfg',1,1,NULL,NULL,NULL,1,'2025-12-24 15:20:48','2025-12-24 15:21:37',1,'Anulada'),(128,10,NULL,84,'2025-12-24',NULL,'CONTADO','Anulación venta #84 - Cliente: Jorges - Motivo: fdgsdfgsdfg',1,1,NULL,NULL,NULL,1,'2025-12-24 15:21:37',NULL,NULL,'Activa'),(129,2,NULL,85,'2025-12-26',NULL,'CREDITO','Venta realizada | ANULADO: dfsfsdfsdfsd',1,1,NULL,NULL,NULL,1,'2025-12-26 09:20:51','2025-12-26 09:21:15',1,'Anulada'),(130,10,NULL,85,'2025-12-26',NULL,'CONTADO','Anulación venta #85 - Cliente: Jonathan - Motivo: dfsfsdfsdfsd',1,1,NULL,NULL,NULL,1,'2025-12-26 09:21:15',NULL,NULL,'Activa'),(131,2,NULL,86,'2025-12-26',NULL,'CONTADO','Venta realizada',1,1,NULL,NULL,NULL,6,'2025-12-26 12:08:51',NULL,NULL,'Activa'),(132,2,NULL,87,'2025-12-26',NULL,'CONTADO','Venta realizada',1,1,NULL,NULL,NULL,6,'2025-12-26 12:15:00',NULL,NULL,'Activa'),(133,2,NULL,88,'2025-12-27',NULL,'CONTADO','Venta realizada',1,1,NULL,NULL,NULL,6,'2025-12-27 14:26:26',NULL,NULL,'Activa'),(134,2,NULL,89,'2025-12-27',NULL,'CONTADO','Venta realizada',1,1,NULL,NULL,NULL,6,'2025-12-27 15:22:20',NULL,NULL,'Activa'),(135,1,'',NULL,'2025-12-29',2,'CONTADO','',1,1,NULL,NULL,NULL,6,'2025-12-29 14:19:38',NULL,6,'Activa'),(136,2,NULL,90,'2025-12-30',NULL,'CONTADO','Venta realizada',1,1,NULL,NULL,NULL,6,'2025-12-30 11:05:05',NULL,NULL,'Activa'),(137,2,NULL,91,'2025-12-30',NULL,'CONTADO','Venta realizada',1,1,NULL,NULL,NULL,6,'2025-12-30 11:25:23',NULL,NULL,'Activa'),(138,2,NULL,92,'2025-12-30',NULL,'CONTADO','Venta realizada',1,1,NULL,NULL,NULL,1,'2025-12-30 11:53:31',NULL,NULL,'Activa'),(139,2,NULL,93,'2025-12-30',NULL,'CONTADO','Venta realizada',1,1,NULL,NULL,NULL,1,'2025-12-30 11:54:42',NULL,NULL,'Activa'),(140,2,NULL,94,'2025-12-30',NULL,'CONTADO','Venta realizada',1,1,NULL,NULL,NULL,6,'2025-12-30 15:14:06',NULL,NULL,'Activa'),(141,2,NULL,95,'2026-01-02',NULL,'CONTADO','Venta realizada | ANULADO: sipi comprendo todo',1,1,NULL,NULL,NULL,1,'2026-01-02 18:07:09','2026-01-02 18:12:45',1,'Anulada'),(142,10,NULL,95,'2026-01-02',NULL,'CONTADO','Anulación venta #95 - Cliente: Fared - Motivo: sipi comprendo todo',1,1,NULL,NULL,NULL,1,'2026-01-02 18:12:45',NULL,NULL,'Activa'),(143,2,NULL,96,'2026-01-05',NULL,'CONTADO','Venta realizada',1,1,NULL,NULL,NULL,1,'2026-01-05 15:41:00',NULL,NULL,'Activa'),(144,2,NULL,97,'2026-01-05',NULL,'CONTADO','Venta realizada | ANULADO: Error en la venta',1,1,NULL,NULL,NULL,1,'2026-01-05 16:39:28','2026-01-05 16:39:55',1,'Anulada'),(145,10,NULL,97,'2026-01-05',NULL,'CONTADO','Anulación venta #97 - Cliente: Clientes Varios - Motivo: Error en la venta',1,1,NULL,NULL,NULL,1,'2026-01-05 16:39:55',NULL,NULL,'Activa'),(146,2,NULL,98,'2026-01-06',NULL,'CONTADO','Venta realizada',1,1,NULL,NULL,NULL,6,'2026-01-06 08:35:53',NULL,NULL,'Activa'),(147,2,NULL,99,'2026-01-06',NULL,'CONTADO','Venta realizada',1,1,NULL,NULL,NULL,6,'2026-01-06 08:37:02',NULL,NULL,'Activa'),(148,2,NULL,100,'2026-01-06',NULL,'CONTADO','Venta realizada | ANULADO: ingreso mal de datos',1,1,NULL,NULL,NULL,6,'2026-01-06 08:38:36','2026-01-06 08:39:05',6,'Anulada'),(149,10,NULL,100,'2026-01-06',NULL,'CONTADO','Anulación venta #100 - Cliente: Fared - Motivo: ingreso mal de datos',1,1,NULL,NULL,NULL,6,'2026-01-06 08:39:05',NULL,NULL,'Activa'),(150,2,NULL,101,'2026-01-06',NULL,'CONTADO','Venta realizada | ANULADO: asdasdasdas',1,1,NULL,NULL,NULL,6,'2026-01-06 08:44:04','2026-01-06 08:44:21',6,'Anulada'),(151,10,NULL,101,'2026-01-06',NULL,'CONTADO','Anulación venta #101 - Cliente: Clientes Varios - Motivo: asdasdasdas',1,1,NULL,NULL,NULL,6,'2026-01-06 08:44:21',NULL,NULL,'Activa'),(152,2,NULL,102,'2026-01-06',NULL,'CONTADO','Venta realizada | ANULADO: JAJAJAJAJA',1,1,NULL,NULL,NULL,6,'2026-01-06 08:45:38','2026-01-06 08:46:03',6,'Anulada'),(153,10,NULL,102,'2026-01-06',NULL,'CONTADO','Anulación venta #102 - Cliente: Clientes Varios - Motivo: JAJAJAJAJA',1,1,NULL,NULL,NULL,6,'2026-01-06 08:46:03',NULL,NULL,'Activa'),(154,2,NULL,103,'2026-01-06',NULL,'CONTADO','Venta realizada',1,1,NULL,NULL,NULL,6,'2026-01-06 08:48:43',NULL,NULL,'Activa'),(155,2,NULL,104,'2026-01-06',NULL,'CONTADO','Venta realizada | ANULADO: mal ingreso de cantidad de producto',1,1,NULL,NULL,NULL,6,'2026-01-06 09:11:31','2026-01-06 09:13:22',6,'Anulada'),(156,10,NULL,104,'2026-01-06',NULL,'CONTADO','Anulación venta #104 - Cliente: Jahir - Motivo: mal ingreso de cantidad de producto',1,1,NULL,NULL,NULL,6,'2026-01-06 09:13:22',NULL,NULL,'Activa'),(157,2,NULL,105,'2026-01-06',NULL,'CONTADO','Venta realizada',1,1,NULL,NULL,NULL,6,'2026-01-06 10:52:58',NULL,NULL,'Activa'),(158,2,NULL,106,'2026-01-06',NULL,'CONTADO','Venta realizada',1,1,NULL,NULL,NULL,6,'2026-01-06 13:42:30',NULL,NULL,'Activa'),(159,1,'',NULL,'2026-01-06',NULL,'CONTADO','',1,1,NULL,NULL,NULL,6,'2026-01-06 13:50:37',NULL,6,'Activa'),(160,2,NULL,107,'2026-01-06',NULL,'CONTADO','Venta realizada',1,1,NULL,NULL,NULL,6,'2026-01-06 14:41:34',NULL,NULL,'Activa'),(161,2,NULL,108,'2026-01-07',NULL,'CONTADO','Venta realizada',1,1,NULL,NULL,NULL,6,'2026-01-07 08:13:21',NULL,NULL,'Activa'),(162,2,NULL,109,'2026-01-07',NULL,'CONTADO','Venta realizada',1,1,NULL,NULL,NULL,6,'2026-01-07 13:39:07',NULL,NULL,'Activa'),(163,2,NULL,110,'2026-01-07',NULL,'CONTADO','Venta realizada',1,1,NULL,NULL,NULL,6,'2026-01-07 13:40:53',NULL,NULL,'Activa'),(164,2,NULL,111,'2026-01-07',NULL,'CONTADO','Venta realizada',1,1,NULL,NULL,NULL,1,'2026-01-07 14:03:29',NULL,NULL,'Activa'),(165,2,NULL,112,'2026-01-07',NULL,'CONTADO','Venta realizada',1,1,NULL,NULL,NULL,1,'2026-01-07 14:08:44',NULL,NULL,'Activa'),(166,2,NULL,113,'2026-01-07',NULL,'CONTADO','Venta realizada',1,1,NULL,NULL,NULL,1,'2026-01-07 14:12:27',NULL,NULL,'Activa'),(167,2,NULL,114,'2026-01-07',NULL,'CONTADO','Venta realizada',1,1,NULL,NULL,NULL,1,'2026-01-07 14:13:28',NULL,NULL,'Activa'),(168,2,NULL,115,'2026-01-07',NULL,'CONTADO','Venta realizada',1,1,NULL,NULL,NULL,1,'2026-01-07 14:21:35',NULL,NULL,'Activa'),(169,2,NULL,116,'2026-01-07',NULL,'CONTADO','Venta realizada',1,1,NULL,NULL,NULL,1,'2026-01-07 15:07:01',NULL,NULL,'Activa'),(170,2,NULL,117,'2026-01-07',NULL,'CONTADO','Venta realizada',1,1,NULL,NULL,NULL,1,'2026-01-07 15:16:57',NULL,NULL,'Activa'),(171,2,NULL,118,'2026-01-07',NULL,'CONTADO','Venta realizada',1,1,NULL,NULL,NULL,1,'2026-01-07 15:37:00',NULL,NULL,'Activa'),(172,2,NULL,119,'2026-01-07',NULL,'CONTADO','Venta realizada',1,1,NULL,NULL,NULL,1,'2026-01-07 15:46:12',NULL,NULL,'Activa'),(173,2,NULL,120,'2026-01-07',NULL,'CONTADO','Venta realizada | ANULADO: mal ingreso de datos',1,1,NULL,NULL,NULL,1,'2026-01-07 15:50:27','2026-01-07 15:51:16',1,'Anulada'),(174,10,NULL,120,'2026-01-07',NULL,'CONTADO','Anulación venta #120 - Cliente: Jorges - Motivo: mal ingreso de datos',1,1,NULL,NULL,NULL,1,'2026-01-07 15:51:16',NULL,NULL,'Activa'),(175,2,NULL,121,'2026-01-07',NULL,'CONTADO','Venta realizada | ANULADO: venta incorrecta',1,1,NULL,NULL,NULL,1,'2026-01-07 16:14:59','2026-01-07 16:15:30',1,'Anulada'),(176,10,NULL,121,'2026-01-07',NULL,'CONTADO','Anulación venta #121 - Cliente: Clientes Varios - Motivo: venta incorrecta',1,1,NULL,NULL,NULL,1,'2026-01-07 16:15:30',NULL,NULL,'Activa'),(177,2,NULL,122,'2026-01-08',NULL,'CONTADO','Venta realizada | ANULADO: error',1,1,NULL,NULL,NULL,1,'2026-01-08 09:04:30','2026-01-08 09:05:07',1,'Anulada'),(178,10,NULL,122,'2026-01-08',NULL,'CONTADO','Anulación venta #122 - Cliente: Clientes Varios - Motivo: error',1,1,NULL,NULL,NULL,1,'2026-01-08 09:05:07',NULL,NULL,'Activa'),(179,2,NULL,123,'2026-01-08',NULL,'CONTADO','Venta realizada | ANULADO: sdfsdfsdfsdf',1,1,NULL,NULL,NULL,1,'2026-01-08 09:19:35','2026-01-08 09:21:00',1,'Anulada'),(180,10,NULL,123,'2026-01-08',NULL,'CONTADO','Anulación venta #123 - Cliente: Clientes Varios - Motivo: sdfsdfsdfsdf',1,1,NULL,NULL,NULL,1,'2026-01-08 09:21:00',NULL,NULL,'Activa'),(181,1,'prueba_381',NULL,'2026-01-08',NULL,'CONTADO','',1,1,NULL,NULL,NULL,1,'2026-01-08 10:07:44',NULL,1,'Activa'),(182,1,'',NULL,'2026-01-09',2,'CONTADO','',1,1,NULL,NULL,NULL,1,'2026-01-09 10:07:36',NULL,1,'Activa'),(183,2,NULL,124,'2026-01-09',NULL,'CONTADO','Venta realizada',1,1,NULL,NULL,NULL,1,'2026-01-09 13:26:51',NULL,NULL,'Activa'),(184,7,NULL,NULL,'2026-01-09',NULL,NULL,NULL,1,1,NULL,NULL,NULL,1,'2026-01-09 14:38:25',NULL,NULL,'Activa'),(185,2,NULL,125,'2026-01-09',NULL,'CONTADO','Venta realizada',1,1,NULL,NULL,NULL,1,'2026-01-09 15:16:42',NULL,NULL,'Activa'),(186,2,NULL,126,'2026-01-09',NULL,'CREDITO','Venta realizada',1,1,NULL,NULL,NULL,1,'2026-01-09 15:24:23',NULL,NULL,'Activa'),(187,2,NULL,127,'2026-01-09',NULL,'CONTADO','Venta realizada',1,1,NULL,NULL,NULL,1,'2026-01-09 15:26:29',NULL,NULL,'Activa'),(188,1,'',NULL,'2026-01-09',4,'CONTADO','',1,1,NULL,NULL,NULL,1,'2026-01-09 15:29:25',NULL,1,'Activa'),(189,2,NULL,128,'2026-01-09',NULL,'CONTADO','Venta realizada',1,1,NULL,NULL,NULL,1,'2026-01-09 15:47:28',NULL,NULL,'Activa'),(190,1,'',NULL,'2026-01-09',4,'CONTADO','',1,1,NULL,NULL,NULL,1,'2026-01-09 16:19:13',NULL,1,'Activa'),(191,2,NULL,129,'2026-01-10',NULL,'CONTADO','Venta realizada',1,1,NULL,NULL,NULL,1,'2026-01-10 10:16:25',NULL,NULL,'Activa'),(192,2,NULL,130,'2026-01-13',NULL,'CONTADO','Venta realizada',1,1,NULL,NULL,NULL,1,'2026-01-13 09:51:13',NULL,NULL,'Activa'),(193,2,NULL,131,'2026-01-13',NULL,'CONTADO','Venta realizada',1,1,NULL,NULL,NULL,1,'2026-01-13 09:51:48',NULL,NULL,'Activa'),(194,2,NULL,132,'2026-01-13',NULL,'CONTADO','Venta realizada',1,1,NULL,NULL,NULL,1,'2026-01-13 11:28:28',NULL,NULL,'Activa'),(195,2,NULL,133,'2026-01-13',NULL,'CONTADO','Venta realizada',1,1,NULL,NULL,NULL,1,'2026-01-13 11:56:40',NULL,NULL,'Activa'),(196,2,NULL,134,'2026-01-13',NULL,'CONTADO','Venta realizada',1,1,NULL,NULL,NULL,1,'2026-01-13 14:36:42',NULL,NULL,'Activa'),(197,2,NULL,135,'2026-01-13',NULL,'CONTADO','Venta realizada',1,1,NULL,NULL,NULL,1,'2026-01-13 15:28:20',NULL,NULL,'Activa'),(198,2,NULL,136,'2026-01-13',NULL,'CONTADO','Venta realizada',1,1,NULL,NULL,NULL,1,'2026-01-13 16:04:55',NULL,NULL,'Activa'),(199,2,NULL,137,'2026-01-14',NULL,'CONTADO','Venta realizada',1,1,NULL,NULL,NULL,1,'2026-01-14 14:22:28',NULL,NULL,'Activa'),(200,3,NULL,NULL,'2026-01-14',NULL,NULL,NULL,1,1,NULL,NULL,NULL,1,'2026-01-14 14:41:18',NULL,NULL,'Activa'),(201,3,NULL,NULL,'2026-01-14',NULL,NULL,NULL,1,1,NULL,NULL,NULL,1,'2026-01-14 14:42:36',NULL,NULL,'Activa'),(202,3,NULL,NULL,'2026-01-14',NULL,NULL,NULL,1,1,NULL,NULL,NULL,1,'2026-01-14 14:59:35',NULL,NULL,'Activa'),(203,2,NULL,138,'2026-01-14',NULL,'CONTADO','Venta realizada',1,1,NULL,NULL,NULL,1,'2026-01-14 15:00:46',NULL,NULL,'Activa'),(204,3,NULL,NULL,'2026-01-14',NULL,NULL,NULL,1,1,NULL,NULL,NULL,1,'2026-01-14 15:19:30',NULL,NULL,'Activa'),(205,2,NULL,139,'2026-01-14',NULL,'CONTADO','Venta realizada',1,1,NULL,NULL,NULL,1,'2026-01-14 15:20:06',NULL,NULL,'Activa'),(206,2,NULL,142,'2026-01-16',NULL,'CONTADO','Venta realizada',1,1,NULL,NULL,NULL,1,'2026-01-16 15:17:49',NULL,NULL,'Activa'),(207,2,NULL,143,'2026-01-16',NULL,'CONTADO','Venta realizada',1,1,NULL,NULL,NULL,1,'2026-01-16 15:27:25',NULL,NULL,'Activa'),(208,2,NULL,144,'2026-01-16',NULL,'CONTADO','Venta realizada',1,1,NULL,NULL,NULL,1,'2026-01-16 15:41:10',NULL,NULL,'Activa'),(209,2,NULL,145,'2026-01-17',NULL,'CONTADO','Venta realizada',1,1,NULL,NULL,NULL,1,'2026-01-17 08:23:30',NULL,NULL,'Activa'),(210,2,NULL,146,'2026-01-17',NULL,'CONTADO','Venta realizada',1,1,NULL,NULL,NULL,1,'2026-01-17 08:40:28',NULL,NULL,'Activa'),(211,3,NULL,NULL,'2026-01-17',NULL,NULL,NULL,1,1,NULL,NULL,NULL,8,'2026-01-17 11:05:55',NULL,NULL,'Activa'),(212,3,NULL,NULL,'2026-01-17',NULL,NULL,NULL,1,1,NULL,NULL,NULL,8,'2026-01-17 11:10:43',NULL,NULL,'Activa'),(213,2,NULL,147,'2026-01-17',NULL,'CONTADO','Venta realizada',1,1,NULL,NULL,NULL,8,'2026-01-17 11:19:05',NULL,NULL,'Activa'),(214,2,NULL,148,'2026-01-17',NULL,'CONTADO','Venta realizada',1,1,NULL,NULL,NULL,8,'2026-01-17 11:23:38',NULL,NULL,'Activa'),(215,2,NULL,149,'2026-01-19',NULL,'CREDITO','Venta realizada',1,1,NULL,NULL,NULL,8,'2026-01-19 08:44:58',NULL,NULL,'Activa'),(216,2,NULL,150,'2026-01-19',NULL,'CONTADO','Venta realizada',1,1,NULL,NULL,NULL,8,'2026-01-19 09:30:58',NULL,NULL,'Activa'),(217,2,NULL,151,'2026-01-19',NULL,'CREDITO','Venta realizada',1,1,NULL,NULL,NULL,8,'2026-01-19 09:31:21',NULL,NULL,'Activa'),(218,1,'',NULL,'2026-01-19',4,'CONTADO','',1,1,NULL,NULL,NULL,1,'2026-01-19 11:07:44',NULL,1,'Activa'),(219,2,NULL,152,'2026-01-19',NULL,'CONTADO','Venta realizada',1,1,NULL,NULL,NULL,2,'2026-01-19 11:13:14',NULL,NULL,'Activa'),(220,2,NULL,153,'2026-01-19',NULL,'CONTADO','Venta realizada',1,1,NULL,NULL,NULL,2,'2026-01-19 11:14:30',NULL,NULL,'Activa'),(221,2,NULL,154,'2026-01-19',NULL,'CONTADO','Venta realizada',1,1,NULL,NULL,NULL,2,'2026-01-19 12:04:55',NULL,NULL,'Activa'),(222,2,NULL,155,'2026-01-19',NULL,'CONTADO','Venta realizada',1,1,NULL,NULL,NULL,2,'2026-01-19 15:52:45',NULL,NULL,'Activa'),(223,2,NULL,156,'2026-01-19',NULL,'CONTADO','Venta realizada',1,1,NULL,NULL,NULL,2,'2026-01-19 15:53:27',NULL,NULL,'Activa'),(224,2,NULL,157,'2026-01-19',NULL,'CONTADO','Venta realizada',1,1,NULL,NULL,NULL,2,'2026-01-19 15:54:39',NULL,NULL,'Activa'),(225,2,NULL,158,'2026-01-19',NULL,'CONTADO','Venta realizada',1,1,NULL,NULL,NULL,2,'2026-01-19 15:56:58',NULL,NULL,'Activa'),(226,2,NULL,159,'2026-01-19',NULL,'CONTADO','Venta realizada',1,1,NULL,NULL,NULL,2,'2026-01-19 15:58:05',NULL,NULL,'Activa'),(227,1,'',NULL,'2026-01-19',4,'CONTADO','',1,1,NULL,NULL,NULL,1,'2026-01-19 16:06:48',NULL,1,'Activa'),(228,1,NULL,NULL,'2026-01-19',4,'CONTADO',NULL,1,1,NULL,NULL,NULL,2,'2026-01-19 16:07:50',NULL,NULL,'Activa'),(229,2,NULL,160,'2026-01-20',NULL,'CONTADO','Venta realizada',1,1,NULL,NULL,NULL,2,'2026-01-20 08:21:12',NULL,NULL,'Activa'),(230,1,'prueba_1',NULL,'2026-01-20',1,'CONTADO','',1,1,NULL,NULL,NULL,1,'2026-01-20 10:53:00',NULL,1,'Activa'),(231,3,NULL,NULL,'2026-01-21',NULL,NULL,NULL,1,1,NULL,NULL,NULL,1,'2026-01-21 08:52:08',NULL,NULL,'Activa'),(232,2,NULL,161,'2026-01-21',NULL,'CONTADO','Venta realizada',1,1,NULL,NULL,NULL,2,'2026-01-21 09:01:19',NULL,NULL,'Activa'),(233,2,NULL,162,'2026-01-22',NULL,'CONTADO','Pedido #8 - Sin observación',1,1,NULL,NULL,NULL,8,'2026-01-22 16:03:12',NULL,NULL,'Activa'),(234,2,NULL,163,'2026-01-23',NULL,'CONTADO','Pedido #9 - Sin observación',1,1,NULL,NULL,NULL,8,'2026-01-23 11:02:52',NULL,NULL,'Activa'),(235,2,NULL,164,'2026-01-23',NULL,'CONTADO','Pedido #9 - Sin observación',1,1,NULL,NULL,NULL,8,'2026-01-23 11:26:21',NULL,NULL,'Activa'),(236,2,NULL,165,'2026-01-23',NULL,'CONTADO','Pedido #10 - Sin observación',1,1,NULL,NULL,NULL,2,'2026-01-23 14:25:13',NULL,NULL,'Activa'),(237,1,'prueba_inventario',NULL,'2026-01-23',1,'CONTADO',NULL,1,1,NULL,NULL,NULL,2,'2026-01-23 15:24:32',NULL,NULL,'Activa'),(238,2,NULL,166,'2026-01-24',NULL,'CONTADO','Venta realizada',1,1,NULL,NULL,NULL,1,'2026-01-24 09:27:47',NULL,NULL,'Activa'),(239,2,NULL,167,'2026-01-28',NULL,'CONTADO','Venta realizada',1,1,NULL,NULL,NULL,1,'2026-01-28 13:44:26',NULL,NULL,'Activa'),(240,2,NULL,168,'2026-01-28',NULL,'CONTADO','Venta realizada',1,1,NULL,NULL,NULL,1,'2026-01-28 13:45:01',NULL,NULL,'Activa'),(241,2,NULL,169,'2026-01-30',NULL,'CONTADO','Venta realizada',1,1,NULL,NULL,NULL,2,'2026-01-30 08:50:02',NULL,NULL,'Activa'),(242,2,NULL,170,'2026-02-04',NULL,'CONTADO','Pedido #13 - d | entregado',1,1,NULL,NULL,NULL,2,'2026-02-04 10:25:09',NULL,NULL,'Activa'),(243,2,NULL,171,'2026-02-05',NULL,'CONTADO','Venta realizada',1,1,NULL,NULL,NULL,1,'2026-02-05 08:14:57',NULL,NULL,'Activa'),(244,1,'enero_05/02/26',NULL,'2026-02-05',1,'CONTADO','',1,1,NULL,NULL,NULL,1,'2026-02-05 08:32:09',NULL,1,'Activa'),(245,3,NULL,NULL,'2026-02-05',NULL,NULL,'prueba del 05 de enero del 2026\r\n',1,1,NULL,NULL,NULL,1,'2026-02-05 08:36:15',NULL,NULL,'Activa'),(246,1,'enero_05/02/26',NULL,'2026-02-05',1,'CONTADO','',1,1,NULL,NULL,NULL,1,'2026-02-05 09:58:43',NULL,1,'Activa'),(247,3,NULL,NULL,'2026-02-05',NULL,NULL,NULL,1,1,NULL,NULL,NULL,1,'2026-02-05 09:59:53',NULL,NULL,'Activa'),(248,3,NULL,NULL,'2026-02-05',NULL,NULL,NULL,1,3,NULL,NULL,NULL,1,'2026-02-05 10:17:59',NULL,NULL,'Activa'),(249,3,NULL,NULL,'2026-02-06',NULL,NULL,NULL,1,3,NULL,NULL,NULL,1,'2026-02-06 11:25:00',NULL,NULL,'Activa'),(250,6,NULL,NULL,'2026-02-06',NULL,NULL,'',1,3,1,NULL,'',1,'2026-02-06 15:16:21',NULL,NULL,'Activa'),(251,6,NULL,NULL,'2026-02-06',NULL,NULL,'',1,3,1,NULL,'',1,'2026-02-06 15:39:24',NULL,NULL,'Activa'),(252,1,'',NULL,'2026-02-06',1,'CONTADO','',1,1,NULL,NULL,NULL,1,'2026-02-06 15:40:23',NULL,1,'Activa'),(253,2,NULL,172,'2026-02-06',NULL,'CONTADO','Pedido #14 - el primero que este disponible que le meta candela ',1,1,NULL,NULL,NULL,2,'2026-02-06 15:48:58',NULL,NULL,'Activa'),(254,12,NULL,NULL,'2026-02-07',NULL,NULL,'Salida por traslado a Bodega Central Huevos - sasdasdasd',1,3,1,NULL,'galera a bodega',1,'2026-02-07 10:25:46',NULL,NULL,'Activa'),(255,12,NULL,NULL,'2026-02-07',NULL,NULL,'Salida por traslado a Bodega Central Huevos - dfdfdf',1,3,1,NULL,'',1,'2026-02-07 10:26:30',NULL,NULL,'Activa'),(256,12,NULL,NULL,'2026-02-07',NULL,NULL,'Salida por traslado a Bodega Central Huevos - asdasdasd',1,3,1,NULL,'asd',1,'2026-02-07 10:26:51',NULL,NULL,'Activa'),(257,12,NULL,NULL,'2026-02-07',NULL,NULL,'Salida por traslado a Bodega Central Huevos - ddsddsd',1,3,1,NULL,'asdasd',1,'2026-02-07 10:29:36',NULL,NULL,'Activa'),(258,12,NULL,NULL,'2026-02-07',NULL,NULL,'Salida por traslado a Bodega Central Huevos - asdasdasdasd',1,3,1,NULL,'asdasd',1,'2026-02-07 10:30:25',NULL,NULL,'Activa'),(259,12,NULL,NULL,'2026-02-07',NULL,NULL,'Salida por traslado a Bodega Central Huevos',1,3,1,NULL,'',1,'2026-02-07 10:48:20',NULL,NULL,'Activa'),(260,13,NULL,NULL,'2026-02-07',NULL,NULL,'Entrada por traslado desde Bodega Produccion',1,1,3,NULL,'',1,'2026-02-07 10:48:20',NULL,NULL,'Activa'),(261,12,NULL,NULL,'2026-02-07',NULL,NULL,'Salida por traslado a Bodega Central Huevos',1,3,1,NULL,'weasase',1,'2026-02-07 10:50:12',NULL,NULL,'Activa'),(262,13,NULL,NULL,'2026-02-07',NULL,NULL,'Entrada por traslado desde Bodega Produccion',1,1,3,NULL,'weasase',1,'2026-02-07 10:50:12',NULL,NULL,'Activa'),(263,12,NULL,NULL,'2026-02-07',NULL,NULL,'Salida por traslado a Bodega Central Huevos - prueba numero uno\r\ntraslado de 9 cajillas a bodega central',1,3,1,NULL,'weasase',1,'2026-02-07 11:38:17',NULL,NULL,'Activa'),(264,12,NULL,NULL,'2026-02-07',NULL,NULL,'Salida por traslado a Bodega Central Huevos - prueba',1,3,1,NULL,'weasase',1,'2026-02-07 11:42:14',NULL,NULL,'Activa'),(265,13,NULL,NULL,'2026-02-07',NULL,NULL,'Entrada por traslado desde Bodega Produccion - prueba',1,1,3,NULL,'weasase',1,'2026-02-07 11:42:14',NULL,NULL,'Activa'),(266,3,NULL,NULL,'2026-02-07',NULL,NULL,NULL,1,3,NULL,NULL,NULL,1,'2026-02-07 14:27:01',NULL,NULL,'Activa'),(267,2,NULL,173,'2026-02-07',NULL,'CONTADO','Venta realizada',1,1,NULL,NULL,NULL,1,'2026-02-07 14:29:36',NULL,NULL,'Activa'),(268,1,'',NULL,'2026-02-09',4,'CONTADO','',1,1,NULL,NULL,NULL,1,'2026-02-09 09:10:41',NULL,1,'Activa'),(269,1,'',NULL,'2026-02-09',NULL,'CONTADO','',1,1,NULL,NULL,NULL,1,'2026-02-09 09:16:01',NULL,1,'Activa'),(270,2,NULL,174,'2026-02-09',NULL,'CONTADO','Venta realizada',1,1,NULL,NULL,NULL,1,'2026-02-09 09:24:48',NULL,NULL,'Activa'),(271,2,NULL,175,'2026-02-09',NULL,'CONTADO','Venta realizada',1,1,NULL,NULL,NULL,1,'2026-02-09 09:25:20',NULL,NULL,'Activa'),(272,1,NULL,NULL,'2026-02-13',NULL,NULL,'SALIDA POR CARGA #29 - Chinandega',1,1,NULL,29,NULL,2,'2026-02-13 12:01:10',NULL,NULL,'Activa'),(273,1,NULL,NULL,'2026-02-13',NULL,NULL,'SALIDA POR CARGA #29 - Chinandega',1,1,NULL,29,NULL,2,'2026-02-13 12:05:53',NULL,NULL,'Activa'),(274,2,NULL,176,'2026-02-17',NULL,'CONTADO','Venta realizada',1,1,NULL,NULL,NULL,1,'2026-02-17 09:46:23',NULL,NULL,'Activa'),(275,3,NULL,NULL,'2026-02-17',NULL,NULL,NULL,1,3,NULL,NULL,NULL,1,'2026-02-17 11:39:56',NULL,NULL,'Activa'),(276,2,NULL,177,'2026-02-17',NULL,NULL,NULL,1,3,NULL,NULL,NULL,1,'2026-02-17 11:50:53',NULL,NULL,'Activa'),(277,2,NULL,178,'2026-02-17',NULL,NULL,NULL,1,1,NULL,NULL,NULL,1,'2026-02-17 12:01:38',NULL,NULL,'Activa'),(278,2,NULL,179,'2026-02-17',NULL,'CONTADO','Venta realizada',1,1,NULL,NULL,NULL,1,'2026-02-17 12:03:43',NULL,NULL,'Activa'),(279,12,NULL,NULL,'2026-02-17',NULL,NULL,'Salida por traslado a Bodega Central Huevos',1,3,1,NULL,'',1,'2026-02-17 14:08:20',NULL,NULL,'Activa'),(280,13,NULL,NULL,'2026-02-17',NULL,NULL,'Entrada por traslado desde Bodega Produccion',1,1,3,NULL,'',1,'2026-02-17 14:08:20',NULL,NULL,'Activa'),(281,2,NULL,180,'2026-02-17',NULL,NULL,NULL,1,3,NULL,NULL,NULL,1,'2026-02-17 14:09:18',NULL,NULL,'Activa'),(282,2,NULL,181,'2026-02-17',NULL,NULL,NULL,1,3,NULL,NULL,NULL,1,'2026-02-17 14:59:03',NULL,NULL,'Activa'),(283,2,NULL,182,'2026-02-17',NULL,'CONTADO','Venta realizada',1,1,NULL,NULL,NULL,1,'2026-02-17 15:04:18',NULL,NULL,'Activa'),(284,2,NULL,183,'2026-02-17',NULL,NULL,NULL,1,3,NULL,NULL,NULL,1,'2026-02-17 15:26:48',NULL,NULL,'Activa'),(285,2,NULL,184,'2026-02-17',NULL,NULL,NULL,1,3,NULL,NULL,NULL,1,'2026-02-17 15:42:29',NULL,NULL,'Activa'),(286,2,NULL,185,'2026-02-17',NULL,NULL,NULL,1,3,NULL,NULL,NULL,1,'2026-02-17 15:43:10',NULL,NULL,'Activa'),(287,2,NULL,186,'2026-02-18',NULL,NULL,'na',1,3,NULL,NULL,NULL,1,'2026-02-18 08:27:09',NULL,NULL,'Activa'),(288,3,NULL,NULL,'2026-02-18',NULL,NULL,NULL,1,3,NULL,NULL,NULL,1,'2026-02-18 08:37:17',NULL,NULL,'Activa'),(289,2,NULL,187,'2026-02-18',NULL,NULL,NULL,1,3,NULL,NULL,NULL,1,'2026-02-18 08:44:01',NULL,NULL,'Activa'),(290,1,NULL,NULL,'2026-02-18',NULL,NULL,'SALIDA POR CARGA #31 - Diriomo',1,1,NULL,31,NULL,2,'2026-02-18 09:30:55',NULL,NULL,'Activa'),(291,12,NULL,NULL,'2026-02-18',NULL,NULL,'SALIDA POR CARGA #30 - Managua',1,1,NULL,30,NULL,2,'2026-02-18 11:02:14',NULL,NULL,'Activa'),(292,2,NULL,191,'2026-02-19',NULL,'CONTADO',' | Perfil cliente: Mercado',1,1,NULL,NULL,NULL,1,'2026-02-19 09:06:47',NULL,NULL,'Activa'),(293,1,'Prueba numero Uno',NULL,'2026-02-20',5,'CONTADO','',1,1,NULL,NULL,NULL,1,'2026-02-20 10:46:09',NULL,1,'Activa'),(294,12,NULL,NULL,'2026-02-20',NULL,NULL,'SALIDA POR CARGA #34 - Diriomo',1,1,NULL,34,NULL,2,'2026-02-20 11:35:23',NULL,NULL,'Activa'),(295,2,NULL,192,'2026-02-20',NULL,'CONTADO',' | Perfil cliente: Mayorista',1,1,NULL,NULL,NULL,1,'2026-02-20 15:01:00',NULL,NULL,'Activa'),(296,12,NULL,NULL,'2026-02-21',NULL,NULL,'SALIDA POR CARGA #35 - Diriomo',1,1,NULL,35,NULL,2,'2026-02-21 08:57:06',NULL,NULL,'Activa'),(297,2,NULL,193,'2026-02-23',NULL,'CONTADO',' | Perfil cliente: Mayorista',1,1,NULL,NULL,NULL,1,'2026-02-23 14:16:45',NULL,NULL,'Activa'),(298,12,NULL,NULL,'2026-02-23',NULL,NULL,'SALIDA POR CARGA #36 - Granada',1,1,NULL,36,NULL,2,'2026-02-23 14:20:36',NULL,NULL,'Activa'),(299,12,NULL,NULL,'2026-02-25',NULL,NULL,'SALIDA POR CARGA #37 - Granada',1,1,NULL,37,NULL,2,'2026-02-25 08:57:51',NULL,NULL,'Activa'),(300,12,NULL,NULL,'2026-02-26',NULL,NULL,'SALIDA POR CARGA #38 - Diriomo',1,1,NULL,38,NULL,2,'2026-02-26 08:47:11',NULL,NULL,'Activa'),(301,2,NULL,194,'2026-02-26',NULL,'CREDITO',' | Perfil cliente: Mayorista',1,1,NULL,NULL,NULL,1,'2026-02-26 09:17:10',NULL,NULL,'Activa'),(302,12,NULL,NULL,'2026-02-27',NULL,NULL,'SALIDA POR CARGA #39 - Granada',1,1,NULL,39,NULL,2,'2026-02-27 09:55:15',NULL,NULL,'Activa'),(303,12,NULL,NULL,'2026-02-27',NULL,NULL,'SALIDA POR CARGA #40 - Managua',1,1,NULL,40,NULL,2,'2026-02-27 11:15:50',NULL,NULL,'Activa'),(304,12,NULL,NULL,'2026-02-27',NULL,NULL,'SALIDA POR CARGA #41 - Managua',1,1,NULL,41,NULL,2,'2026-02-27 14:17:56',NULL,NULL,'Activa'),(305,12,NULL,NULL,'2026-03-03',NULL,NULL,'SALIDA POR CARGA #42 - Diriomo',1,1,NULL,42,NULL,2,'2026-03-03 14:05:44',NULL,NULL,'Activa'),(306,12,NULL,NULL,'2026-03-04',NULL,NULL,'SALIDA POR CARGA #43 - Diriomo',1,1,NULL,43,NULL,2,'2026-03-04 08:14:05',NULL,NULL,'Activa'),(307,12,NULL,NULL,'2026-03-04',NULL,NULL,'SALIDA POR CARGA #44 - Diriomo',1,1,NULL,44,NULL,2,'2026-03-04 15:07:30',NULL,NULL,'Activa'),(308,12,NULL,NULL,'2026-03-05',NULL,NULL,'SALIDA POR CARGA #45 - Diriomo',1,1,NULL,45,NULL,2,'2026-03-05 08:33:25',NULL,NULL,'Activa'),(309,12,NULL,NULL,'2026-03-06',NULL,NULL,'SALIDA POR CARGA #46 - Diriomo',1,1,NULL,46,NULL,2,'2026-03-06 09:43:17',NULL,NULL,'Activa'),(310,4,'Prueba 1',NULL,'2026-03-06',NULL,NULL,'Devolución de ruta: Diriomo - asd',1,1,NULL,NULL,NULL,6,'2026-03-06 15:15:23',NULL,NULL,'Activa'),(311,11,'PRUEBA_2',NULL,'2026-03-06',NULL,NULL,'Devolución de ruta: Diriomo',1,1,NULL,NULL,NULL,6,'2026-03-06 15:27:42',NULL,NULL,'Activa'),(312,3,NULL,NULL,'2026-03-06',NULL,NULL,NULL,1,3,NULL,NULL,NULL,2,'2026-03-06 15:30:36',NULL,NULL,'Activa'),(313,11,'PRUEBA_3',NULL,'2026-03-06',NULL,NULL,'Devolución de ruta: Diriomo - prueba numero 4',1,1,NULL,NULL,NULL,6,'2026-03-06 15:32:27',NULL,NULL,'Activa'),(314,2,NULL,195,'2026-03-09',NULL,'CONTADO',' | Perfil cliente: Mercado',1,1,NULL,NULL,NULL,2,'2026-03-09 08:41:33',NULL,NULL,'Activa'),(315,12,NULL,NULL,'2026-03-09',NULL,NULL,'SALIDA POR CARGA #47 - Diriomo',1,1,NULL,47,NULL,2,'2026-03-09 08:42:37',NULL,NULL,'Activa'),(316,12,NULL,NULL,'2026-03-09',NULL,NULL,'SALIDA POR CARGA #48 - Managua',1,1,NULL,48,NULL,2,'2026-03-09 10:27:00',NULL,NULL,'Activa'),(317,3,NULL,NULL,'2026-03-09',NULL,NULL,NULL,1,3,NULL,NULL,NULL,1,'2026-03-09 15:24:19',NULL,NULL,'Activa'),(318,11,'',NULL,'2026-03-09',NULL,NULL,'Devolución de ruta: Managua - prueba de devolucion a bodega central',1,1,NULL,NULL,NULL,12,'2026-03-09 15:54:22',NULL,NULL,'Activa'),(319,11,'Prueba 1',NULL,'2026-03-10',NULL,NULL,'Devolución de ruta: Diriomo - prueba',1,1,NULL,NULL,NULL,6,'2026-03-10 10:21:21',NULL,NULL,'Activa'),(320,11,'prueba desde el celular',NULL,'2026-03-10',NULL,NULL,'Devolución de ruta: Diriomo - porque no c vendieron',1,1,NULL,NULL,NULL,6,'2026-03-10 15:08:57',NULL,NULL,'Activa'),(321,11,'prueba desde el celular 2',NULL,'2026-03-10',NULL,NULL,'Devolución de ruta: Diriomo - producto no vendido',1,1,NULL,NULL,NULL,6,'2026-03-10 15:22:19',NULL,NULL,'Activa'),(322,11,'prueba desde el celular',NULL,'2026-03-11',NULL,NULL,'Devolución de ruta: Diriomo - prueba desde el celular ',1,1,NULL,NULL,NULL,6,'2026-03-11 15:37:27',NULL,NULL,'Activa'),(323,12,NULL,NULL,'2026-03-12',NULL,NULL,'SALIDA POR CARGA #49 - Diriomo',1,1,NULL,49,NULL,2,'2026-03-12 08:18:21',NULL,NULL,'Activa'),(324,12,NULL,NULL,'2026-03-13',NULL,NULL,'SALIDA POR CARGA #50 - Diriomo',1,1,NULL,50,NULL,2,'2026-03-13 10:12:59',NULL,NULL,'Activa'),(325,12,NULL,NULL,'2026-03-16',NULL,NULL,'SALIDA POR CARGA #51 - Diriomo',1,1,NULL,51,NULL,2,'2026-03-16 09:08:53',NULL,NULL,'Activa'),(326,12,NULL,NULL,'2026-03-17',NULL,NULL,'SALIDA POR CARGA #52 - Diriomo',1,1,NULL,52,NULL,2,'2026-03-17 10:13:15',NULL,NULL,'Activa'),(327,12,NULL,NULL,'2026-03-18',NULL,NULL,'SALIDA POR CARGA #53 - Diriomo',1,1,NULL,53,NULL,2,'2026-03-18 09:48:40',NULL,NULL,'Activa'),(328,12,NULL,NULL,'2026-03-19',NULL,NULL,'SALIDA POR CARGA #54 - Diriomo',1,1,NULL,54,NULL,2,'2026-03-19 08:48:44',NULL,NULL,'Activa'),(329,12,NULL,NULL,'2026-03-20',NULL,NULL,'SALIDA POR CARGA #55 - Diriomo',1,1,NULL,55,NULL,2,'2026-03-20 08:59:53',NULL,NULL,'Activa'),(330,12,NULL,NULL,'2026-03-23',NULL,NULL,'SALIDA POR CARGA #57 - Diriomo',1,1,NULL,57,NULL,2,'2026-03-23 08:50:28',NULL,NULL,'Activa'),(331,3,NULL,NULL,'2026-03-23',NULL,NULL,NULL,1,3,NULL,NULL,NULL,2,'2026-03-23 08:52:45',NULL,NULL,'Activa'),(332,12,NULL,NULL,'2026-03-24',NULL,NULL,'SALIDA POR CARGA #58 - Diriomo',1,1,NULL,58,NULL,2,'2026-03-24 08:39:29',NULL,NULL,'Activa'),(333,12,NULL,NULL,'2026-03-27',NULL,NULL,'SALIDA POR CARGA #59 - Diriomo',1,1,NULL,59,NULL,2,'2026-03-27 10:44:22',NULL,NULL,'Activa'),(334,12,NULL,NULL,'2026-03-30',NULL,NULL,'SALIDA POR CARGA #60 - Diriomo',1,1,NULL,60,NULL,2,'2026-03-30 09:14:43',NULL,NULL,'Activa'),(335,2,NULL,196,'2026-03-30',NULL,'CONTADO',' | Perfil cliente: Mayorista',1,1,NULL,NULL,NULL,2,'2026-03-30 09:18:23',NULL,NULL,'Activa'),(336,12,NULL,NULL,'2026-03-31',NULL,NULL,'SALIDA POR CARGA #61 - Diriomo',1,1,NULL,61,NULL,2,'2026-03-31 09:10:40',NULL,NULL,'Activa'),(337,12,NULL,NULL,'2026-03-31',NULL,NULL,'SALIDA POR CARGA #63 - Diriomo',1,1,NULL,63,NULL,2,'2026-03-31 14:31:49',NULL,NULL,'Activa'),(338,12,NULL,NULL,'2026-03-31',NULL,NULL,'SALIDA POR CARGA #66 - Diriomo',1,1,NULL,66,NULL,2,'2026-03-31 15:19:28',NULL,NULL,'Activa'),(339,12,NULL,NULL,'2026-03-31',NULL,NULL,'Salida por traslado a Bodega Central Huevos',1,3,1,NULL,'',1,'2026-03-31 15:20:43',NULL,NULL,'Activa'),(340,13,NULL,NULL,'2026-03-31',NULL,NULL,'Entrada por traslado desde Bodega Produccion',1,1,3,NULL,'',1,'2026-03-31 15:20:43',NULL,NULL,'Activa'),(341,12,NULL,NULL,'2026-03-31',NULL,NULL,'SALIDA POR CARGA #67 - Diriomo',1,1,NULL,67,NULL,2,'2026-03-31 15:32:13',NULL,NULL,'Activa'),(342,12,NULL,NULL,'2026-04-01',NULL,NULL,'SALIDA POR CARGA #68 - Diriomo',1,1,NULL,68,NULL,2,'2026-04-01 08:31:40',NULL,NULL,'Activa'),(343,12,NULL,NULL,'2026-04-04',NULL,NULL,'SALIDA POR CARGA #69 - Diriomo',1,1,NULL,69,NULL,2,'2026-04-04 08:48:55',NULL,NULL,'Activa'),(344,2,NULL,197,'2026-04-07',NULL,'CONTADO',' | Perfil cliente: Especial',1,1,NULL,NULL,NULL,1,'2026-04-07 14:37:48',NULL,NULL,'Activa'),(345,14,NULL,NULL,'2026-04-08',NULL,NULL,'Salida por anticipo - Cliente: Venta Nueva - Anticipo #3 - Sucursal ID: 1 - Bodega: Bodega Central Huevos - Producto: Grande Rojo - Cajas: 30 - Precio Unitario: $150.00',1,1,NULL,NULL,NULL,1,'2026-04-08 09:40:47',NULL,NULL,'Activa'),(346,14,NULL,NULL,'2026-04-08',NULL,NULL,'Salida por anticipo - Cliente: Venta Nueva - Anticipo #3 - Sucursal ID: 2 - Bodega: Bodega Central Huevos - Producto: Grande Rojo - Cajas: 30 - Precio Unitario: $150.00',1,1,NULL,NULL,NULL,1,'2026-04-08 09:42:04',NULL,NULL,'Activa'),(347,14,NULL,NULL,'2026-04-08',NULL,NULL,'Salida por anticipo - Cliente: Venta Nueva - Anticipo #3 - Sucursal ID: 3 - Bodega: Bodega Central Huevos - Producto: Grande Rojo - Cajas: 30 - Precio Unitario: $150.00 - Notas: primera prueba',1,1,NULL,NULL,NULL,1,'2026-04-08 09:46:49',NULL,NULL,'Activa'),(348,14,NULL,NULL,'2026-04-08',NULL,NULL,'Salida por anticipo - Cliente: Venta Nueva - Anticipo #3 - Sucursal ID: 3 - Bodega: Bodega Central Huevos - Producto: Grande Rojo - Cajas: 30 - Precio Unitario: $150.00',1,1,NULL,NULL,NULL,1,'2026-04-08 09:53:29',NULL,NULL,'Activa'),(349,14,NULL,NULL,'2026-04-08',NULL,NULL,'Salida por anticipo - Cliente: Venta Nueva - Anticipo #3 - Sucursal ID: 1 - Bodega: Bodega Central Huevos - Producto: Grande Rojo - Cajas: 50 - Precio Unitario: $150.00',1,1,NULL,NULL,NULL,1,'2026-04-08 10:01:19',NULL,NULL,'Activa'),(350,14,NULL,NULL,'2026-04-08',NULL,NULL,'Salida por anticipo - Cliente: Venta Nueva - Anticipo #3 - Bodega: Bodega Central Huevos - Producto: Grande Rojo - Total Cajas: 130 - Notas: prueba numero 1',1,1,NULL,NULL,NULL,1,'2026-04-08 10:41:11',NULL,NULL,'Activa'),(351,14,NULL,NULL,'2026-04-08',NULL,NULL,'Salida por anticipo - Cliente: Venta Nueva - Anticipo #3 - Bodega: Bodega Central Huevos - Producto: Grande Rojo - Total Cajas: 70',1,1,NULL,NULL,NULL,1,'2026-04-08 11:21:18',NULL,NULL,'Activa'),(352,14,NULL,NULL,'2026-04-08',NULL,NULL,'Salida por anticipo - Cliente: Venta Nueva - Anticipo #3 - Bodega: Bodega Central Huevos - Producto: Grande Rojo - Total Cajas: 10',1,1,NULL,NULL,NULL,1,'2026-04-08 11:26:50',NULL,NULL,'Activa'),(353,14,NULL,NULL,'2026-04-08',NULL,NULL,'Salida por anticipo - Cliente: Venta Nueva - Anticipo #3 - Bodega: Bodega Central Huevos - Producto: Grande Rojo - Total Cajas: 10',1,1,NULL,NULL,NULL,1,'2026-04-08 11:30:57',NULL,NULL,'Activa'),(354,14,NULL,NULL,'2026-04-08',NULL,NULL,'Salida por anticipo - Cliente: Venta Nueva - Anticipo #3 - Bodega: Bodega Central Huevos - Producto: Grande Rojo - Total Cajas: 10',1,1,NULL,NULL,NULL,1,'2026-04-08 11:34:37',NULL,NULL,'Activa'),(355,14,NULL,NULL,'2026-04-08',NULL,NULL,'Salida por anticipo - Cliente: Venta Nueva - Anticipo #3 - Bodega: Bodega Central Huevos - Producto: Grande Rojo - Total Cajas: 10',1,1,NULL,NULL,NULL,1,'2026-04-08 11:58:34',NULL,NULL,'Activa'),(356,14,NULL,NULL,'2026-04-08',NULL,NULL,'Salida por anticipo - Cliente: Venta Nueva - Anticipo #3 - Bodega: Bodega Central Huevos - Producto: Grande Rojo - Total Cajas: 10',1,1,NULL,NULL,NULL,1,'2026-04-08 12:00:09',NULL,NULL,'Activa'),(357,14,NULL,NULL,'2026-04-08',NULL,NULL,'Salida por anticipo - Cliente: Venta Nueva - Anticipo #3 - Bodega: Bodega Central Huevos - Producto: Grande Rojo - Total Cajas: 10',1,1,NULL,NULL,NULL,1,'2026-04-08 13:23:42',NULL,NULL,'Activa'),(358,14,NULL,NULL,'2026-04-08',NULL,NULL,'Salida por anticipo - Cliente: Venta Nueva - Anticipo #3 - Bodega: Bodega Central Huevos - Producto: Grande Rojo - Total Cajas: 10',1,1,NULL,NULL,NULL,1,'2026-04-08 13:34:27',NULL,NULL,'Activa'),(359,14,NULL,NULL,'2026-04-08',NULL,NULL,'Salida por anticipo - Cliente: Venta Nueva - Anticipo #3 - Bodega: Bodega Central Huevos - Producto: Grande Rojo - Total Cajas: 10',1,1,NULL,NULL,NULL,1,'2026-04-08 13:35:41',NULL,NULL,'Activa'),(360,14,NULL,NULL,'2026-04-08',NULL,NULL,'Salida por anticipo - Cliente: Venta Nueva - Anticipo #3 - Bodega: Bodega Central Huevos - Producto: Grande Rojo - Total Cajas: 10',1,1,NULL,NULL,NULL,1,'2026-04-08 13:38:01',NULL,NULL,'Activa'),(361,14,NULL,NULL,'2026-04-08',NULL,NULL,'Salida por anticipo - Cliente: Venta Nueva - Anticipo #3 - Bodega: Bodega Central Huevos - Producto: Grande Rojo - Total Cajas: 10',1,1,NULL,NULL,NULL,1,'2026-04-08 13:42:09',NULL,NULL,'Activa'),(362,14,NULL,NULL,'2026-04-08',NULL,NULL,'Salida por anticipo - Cliente: Venta Nueva - Anticipo #3 - Bodega: Bodega Central Huevos - Producto: Grande Rojo - Total Cajas: 1',1,1,NULL,NULL,NULL,1,'2026-04-08 13:56:32',NULL,NULL,'Activa'),(363,14,NULL,NULL,'2026-04-08',NULL,NULL,'Salida por anticipo - Cliente: Venta Nueva - Anticipo #3 - Bodega: Bodega Central Huevos - Producto: Grande Rojo - Total Cajas: 10',1,1,NULL,NULL,NULL,1,'2026-04-08 14:13:44',NULL,NULL,'Activa'),(364,14,NULL,NULL,'2026-04-08',NULL,NULL,'Salida por anticipo - Cliente: Venta Nueva - Anticipo #3 - Bodega: Bodega Central Huevos - Producto: Grande Rojo - Total Cajas: 9',1,1,NULL,NULL,NULL,1,'2026-04-08 14:21:29',NULL,NULL,'Activa'),(365,14,NULL,NULL,'2026-04-08',NULL,NULL,'Salida por anticipo - Cliente: Venta Nueva - Anticipo #3 - Bodega: Bodega Central Huevos - Producto: Grande Rojo - Total Cajas: 100',1,1,NULL,NULL,NULL,1,'2026-04-08 14:32:23',NULL,NULL,'Activa'),(366,14,NULL,NULL,'2026-04-08',NULL,NULL,'Salida por anticipo - Cliente: Fared - Anticipo #4 - Bodega: Bodega Central Huevos - Producto: Extra Grande Blanco - Total Cajas: 5',1,1,NULL,NULL,NULL,1,'2026-04-08 14:53:12',NULL,NULL,'Activa'),(367,14,NULL,NULL,'2026-04-08',NULL,NULL,'Salida por anticipo - Cliente: Fared - Anticipo #4 - Bodega: Bodega Central Huevos - Producto: Extra Grande Blanco - Total Cajas: 5',1,1,NULL,NULL,NULL,1,'2026-04-08 15:01:07',NULL,NULL,'Activa'),(368,14,NULL,NULL,'2026-04-08',NULL,NULL,'Salida por anticipo - Cliente: Fared - Anticipo #4 - Bodega: Bodega Central Huevos - Producto: Extra Grande Blanco - Total Cajas: 10',1,1,NULL,NULL,NULL,1,'2026-04-08 15:13:48',NULL,NULL,'Activa'),(369,1,'',NULL,'2026-04-08',1,'CONTADO','',1,1,NULL,NULL,NULL,1,'2026-04-08 15:27:16',NULL,1,'Activa'),(370,2,NULL,198,'2026-04-08',NULL,'CONTADO',' | Perfil cliente: Especial',1,1,NULL,NULL,NULL,1,'2026-04-08 15:31:57',NULL,NULL,'Activa'),(371,14,NULL,NULL,'2026-04-09',NULL,NULL,'Salida por anticipo - Cliente: Venta Nueva - Anticipo #3 - Bodega: Bodega Central Huevos - Producto: Grande Rojo - Total Cajas: 60',1,1,NULL,NULL,NULL,1,'2026-04-09 08:43:25',NULL,NULL,'Activa'),(372,14,NULL,NULL,'2026-04-13',NULL,NULL,'Salida por anticipo - Cliente: Fared - Anticipo #4 - Bodega: Bodega Central Huevos - Producto: Extra Grande Blanco - Total Cajas: 5',1,1,NULL,NULL,NULL,1,'2026-04-13 08:58:40',NULL,NULL,'Activa'),(373,12,NULL,NULL,'2026-04-13',NULL,NULL,'SALIDA POR CARGA #70 - Diriomo',1,1,NULL,70,NULL,2,'2026-04-13 09:10:02',NULL,NULL,'Activa'),(374,2,NULL,199,'2026-04-15',NULL,'CREDITO',' | Perfil cliente: Mayorista',1,1,NULL,NULL,NULL,1,'2026-04-15 11:14:32',NULL,NULL,'Activa'),(375,2,NULL,200,'2026-04-15',NULL,'CREDITO',' | Perfil cliente: Mercado',1,1,NULL,NULL,NULL,1,'2026-04-15 11:43:52',NULL,NULL,'Activa'),(376,14,NULL,NULL,'2026-04-15',NULL,NULL,'Salida por anticipo - Cliente: Fared - Anticipo #4 - Bodega: Bodega Central Huevos - Producto: Extra Grande Blanco - Total Cajas: 5',1,1,NULL,NULL,NULL,1,'2026-04-15 15:25:42',NULL,NULL,'Activa'),(377,14,NULL,NULL,'2026-04-15',NULL,NULL,'Salida por anticipo - Cliente: Fared - Anticipo #4 - Bodega: Bodega Central Huevos - Producto: Extra Grande Blanco - Total Cajas: 10',1,1,NULL,NULL,NULL,1,'2026-04-15 15:27:39',NULL,NULL,'Activa'),(378,2,NULL,201,'2026-04-15',NULL,'CONTADO',' | Perfil cliente: Especial',1,1,NULL,NULL,NULL,1,'2026-04-15 15:29:54',NULL,NULL,'Activa'),(379,2,NULL,202,'2026-04-15',NULL,'CONTADO',' | Perfil cliente: Mercado',1,1,NULL,NULL,NULL,1,'2026-04-15 15:32:04',NULL,NULL,'Activa'),(380,2,NULL,203,'2026-04-15',NULL,'CREDITO',' | Perfil cliente: Mercado',1,1,NULL,NULL,NULL,1,'2026-04-15 15:39:15',NULL,NULL,'Activa'),(381,2,NULL,204,'2026-04-15',NULL,'CONTADO',' | Cliente tiene 1 factura(s) pendiente(s) por C$22,900.00 | Perfil cliente: Mercado',1,1,NULL,NULL,NULL,1,'2026-04-15 15:39:58',NULL,NULL,'Activa'),(382,2,NULL,205,'2026-04-16',NULL,'CONTADO',' | Cliente tiene 1 factura(s) pendiente(s) por C$21,000.00 | Perfil cliente: Mercado',1,1,NULL,NULL,NULL,1,'2026-04-16 08:27:44',NULL,NULL,'Activa'),(383,12,NULL,NULL,'2026-04-16',NULL,NULL,'SALIDA POR CARGA #72 - Diriomo',1,1,NULL,72,NULL,2,'2026-04-16 08:59:42',NULL,NULL,'Activa'),(384,1,'prueba_16/04/26',NULL,'2026-04-16',1,'CONTADO','',1,1,NULL,NULL,NULL,1,'2026-04-16 15:36:24',NULL,1,'Activa'),(385,1,'',NULL,'2026-04-17',NULL,'CONTADO','\n[ANULADA] 2026-04-17 09:01:16 por usuario 1. Motivo: error al momento de registrar datos',1,1,NULL,NULL,NULL,1,'2026-04-17 09:00:50','2026-04-17 09:01:16',1,'Anulada'),(386,9,'ANUL-COMPRA-385',NULL,'2026-04-17',NULL,'CONTADO','Contramovimiento por anulación de compra #385 - error al momento de registrar datos',1,1,NULL,NULL,NULL,1,'2026-04-17 09:01:16',NULL,NULL,'Activa'),(387,1,'Prueba 17/04/26',NULL,'2026-04-17',5,'CONTADO','',1,1,NULL,NULL,NULL,1,'2026-04-17 09:03:46',NULL,1,'Activa'),(388,1,'',NULL,'2026-04-17',1,'CONTADO','',1,1,NULL,NULL,NULL,1,'2026-04-17 11:43:26',NULL,1,'Activa'),(389,2,NULL,206,'2026-04-17',NULL,'CONTADO',' | Perfil cliente: Mercado',1,1,NULL,NULL,NULL,1,'2026-04-17 15:48:23',NULL,NULL,'Activa'),(390,12,NULL,NULL,'2026-04-17',NULL,NULL,'SALIDA POR CARGA #73 - Granada',1,1,NULL,73,NULL,2,'2026-04-17 15:54:56',NULL,NULL,'Activa'),(391,2,NULL,207,'2026-04-20',NULL,'CONTADO',' | Cliente tiene 1 factura(s) pendiente(s) por C$17,000.00 | Perfil cliente: Mayorista',1,1,NULL,NULL,NULL,1,'2026-04-20 08:56:42',NULL,NULL,'Activa'),(392,2,NULL,208,'2026-04-20',NULL,'CONTADO',' | Cliente tiene 1 factura(s) pendiente(s) por C$10,000.00 | Perfil cliente: Mercado',1,1,NULL,NULL,NULL,2,'2026-04-20 08:57:39',NULL,NULL,'Activa'),(393,2,NULL,209,'2026-04-20',NULL,'CONTADO',' | Cliente tiene 1 factura(s) pendiente(s) por C$10,000.00 | Perfil cliente: Mercado',1,1,NULL,NULL,NULL,2,'2026-04-20 09:29:35',NULL,NULL,'Activa'),(394,2,NULL,210,'2026-04-20',NULL,'CONTADO','Pedido #74 - Sin observación',1,1,NULL,NULL,NULL,2,'2026-04-20 09:39:36',NULL,NULL,'Activa'),(395,2,NULL,211,'2026-04-20',NULL,'CONTADO',' | Cliente tiene 1 factura(s) pendiente(s) por C$17,000.00 | Perfil cliente: Mayorista',1,1,NULL,NULL,NULL,1,'2026-04-20 10:09:22',NULL,NULL,'Activa'),(396,2,NULL,212,'2026-04-20',NULL,'CONTADO',' | Cliente tiene 1 factura(s) pendiente(s) por C$17,000.00 | Perfil cliente: Mayorista',1,1,NULL,NULL,NULL,1,'2026-04-20 11:23:44',NULL,NULL,'Activa'),(397,2,NULL,213,'2026-04-22',NULL,'CONTADO',' | Perfil cliente: Mercado',1,1,NULL,NULL,NULL,1,'2026-04-22 08:19:47',NULL,NULL,'Activa'),(398,2,NULL,214,'2026-04-22',NULL,'CONTADO',' | Perfil cliente: Mercado',1,1,NULL,NULL,NULL,1,'2026-04-22 08:29:31',NULL,NULL,'Activa'),(399,11,'',NULL,'2026-04-22',NULL,NULL,'Devolución de ruta: Diriomo - no vendidos\r\n',1,1,NULL,NULL,NULL,6,'2026-04-22 11:06:54',NULL,NULL,'Activa'),(400,1,'5896523',NULL,'2026-04-22',5,'CONTADO','',1,1,NULL,NULL,NULL,1,'2026-04-22 13:52:03',NULL,1,'Activa'),(401,14,NULL,NULL,'2026-04-22',NULL,NULL,'Salida por anticipo - Cliente: Venta Nueva - Anticipo #3 - Bodega: Bodega Central Huevos - Producto: Grande Rojo - Total Cajas: 40',1,1,NULL,NULL,NULL,1,'2026-04-22 13:58:59',NULL,NULL,'Activa'),(402,2,NULL,215,'2026-04-22',NULL,'CONTADO',' | Perfil cliente: Mayorista',1,1,NULL,NULL,NULL,1,'2026-04-22 14:51:35',NULL,NULL,'Activa'),(403,2,NULL,216,'2026-04-24',NULL,'CONTADO',' | Perfil cliente: Mercado',1,1,NULL,NULL,NULL,1,'2026-04-24 11:21:11',NULL,NULL,'Activa'),(404,2,NULL,217,'2026-04-24',NULL,'CONTADO',' | Perfil cliente: Mercado',1,1,NULL,NULL,NULL,1,'2026-04-24 15:00:22',NULL,NULL,'Activa'),(405,2,NULL,218,'2026-04-30',NULL,'CONTADO',' | Cliente tiene 1 factura(s) pendiente(s) por C$10,000.00 | Perfil cliente: Mayorista',1,1,NULL,NULL,NULL,1,'2026-04-30 10:39:10',NULL,NULL,'Activa'),(406,2,NULL,219,'2026-04-30',NULL,'CONTADO',' | Perfil cliente: Mayorista | ANULADO: confuncion de productos al momento de pedido',1,1,NULL,NULL,NULL,1,'2026-04-30 14:56:42','2026-04-30 14:57:32',1,'Anulada'),(407,10,NULL,219,'2026-04-30',NULL,'CONTADO','Anulación venta #219 - Cliente: Agroservicios - Motivo: confuncion de productos al momento de pedido',1,1,NULL,NULL,NULL,1,'2026-04-30 14:57:32',NULL,NULL,'Activa'),(408,2,NULL,220,'2026-04-30',NULL,'CONTADO',' | Perfil cliente: Mayorista | ANULADO: confusion nuevamente',1,1,NULL,NULL,NULL,1,'2026-04-30 14:59:09','2026-04-30 14:59:30',1,'Anulada'),(409,10,NULL,220,'2026-04-30',NULL,'CONTADO','Anulación venta #220 - Cliente: Agroservicios - Motivo: confusion nuevamente',1,1,NULL,NULL,NULL,1,'2026-04-30 14:59:30',NULL,NULL,'Activa'),(410,2,NULL,221,'2026-04-30',NULL,'CONTADO',' | Perfil cliente: Mayorista | ANULADO: error por bruto',1,1,NULL,NULL,NULL,1,'2026-04-30 15:08:57','2026-04-30 15:09:12',1,'Anulada'),(411,10,NULL,221,'2026-04-30',NULL,'CONTADO','Anulación venta #221 - Cliente: Agroservicios - Motivo: error por bruto',1,1,NULL,NULL,NULL,1,'2026-04-30 15:09:12',NULL,NULL,'Activa'),(412,2,NULL,222,'2026-04-30',NULL,'CREDITO',' | Perfil cliente: Mayorista',1,1,NULL,NULL,NULL,2,'2026-04-30 15:16:18',NULL,NULL,'Activa'),(413,10,NULL,223,'2026-05-04',NULL,'CONTADO','ANULADA - Venta #223 - Cliente: Allan Alfaro - Motivo: equivocaciones',1,1,NULL,NULL,NULL,1,'2026-05-04 08:16:00','2026-05-04 09:21:51',1,'Anulada'),(414,2,NULL,224,'2026-05-04',NULL,'CONTADO',' | Perfil cliente: Mayorista',1,1,NULL,NULL,NULL,1,'2026-05-04 09:22:23',NULL,NULL,'Activa'),(415,10,NULL,225,'2026-05-04',NULL,'CONTADO','ANULADA - Venta #225 - Cliente: Agroservicios - Motivo: equivocaciones validas',1,1,NULL,NULL,NULL,1,'2026-05-04 09:25:47','2026-05-04 09:27:16',1,'Anulada'),(416,10,NULL,226,'2026-05-04',NULL,'CONTADO','ANULADA - Venta #226 - Cliente: Agroservicios - Motivo: prueba de anulacion #1',1,1,NULL,NULL,NULL,1,'2026-05-04 09:40:28','2026-05-04 09:41:19',1,'Anulada'),(417,1,'',NULL,'2026-05-04',2,'CONTADO','\n[ANULADA] 2026-05-04 15:06:28 por usuario 1. Motivo: ingresado mal proveedor',1,1,NULL,NULL,NULL,1,'2026-05-04 14:52:49','2026-05-04 15:06:28',1,'Anulada'),(418,9,'ANUL-COMPRA-417',NULL,'2026-05-04',2,'CONTADO','Contramovimiento por anulación de compra #417 - ingresado mal proveedor',1,1,NULL,NULL,NULL,1,'2026-05-04 15:06:28',NULL,NULL,'Activa'),(419,1,'',NULL,'2026-05-04',4,'CONTADO','\n[ANULADA] 2026-05-04 15:14:37 por usuario 1. Motivo: Cantidad de productos no valido, error al registrar usuarios',1,1,NULL,NULL,NULL,1,'2026-05-04 15:14:10','2026-05-04 15:14:37',1,'Anulada'),(420,14,NULL,NULL,'2026-05-06',NULL,NULL,'Salida por anticipo - Cliente: Venta Nueva - Anticipo #3 - Bodega: Bodega Central Huevos - Producto: Grande Rojo - Total Cajas: 20',1,1,NULL,NULL,NULL,1,'2026-05-06 11:03:02',NULL,NULL,'Activa'),(421,2,NULL,227,'2026-05-06',NULL,'CONTADO',' | Cliente tiene 1 factura(s) pendiente(s) por C$10,000.00 | Perfil cliente: Mayorista',1,1,NULL,NULL,NULL,1,'2026-05-06 14:22:33',NULL,NULL,'Activa'),(422,2,NULL,228,'2026-05-07',NULL,'CONTADO',' | Cliente tiene 1 factura(s) pendiente(s) por C$1,030.00 | Perfil cliente: Mayorista',1,1,NULL,NULL,NULL,1,'2026-05-07 15:02:50',NULL,NULL,'Activa');
/*!40000 ALTER TABLE `movimientos_inventario` ENABLE KEYS */;
UNLOCK TABLES;

--
-- Table structure for table `movimientos_ruta_cabecera`
--

DROP TABLE IF EXISTS `movimientos_ruta_cabecera`;
/*!40101 SET @saved_cs_client     = @@character_set_client */;
/*!50503 SET character_set_client = utf8mb4 */;
CREATE TABLE `movimientos_ruta_cabecera` (
  `ID_Movimiento` int NOT NULL AUTO_INCREMENT,
  `ID_Asignacion` int NOT NULL,
  `ID_TipoMovimiento` int NOT NULL,
  `Fecha_Movimiento` datetime NOT NULL DEFAULT CURRENT_TIMESTAMP,
  `ID_Usuario_Registra` int NOT NULL,
  `Documento_Numero` varchar(50) DEFAULT NULL,
  `ID_Cliente` int DEFAULT NULL,
  `ID_Pedido` int DEFAULT NULL,
  `Total_Productos` decimal(12,2) NOT NULL DEFAULT '0.00',
  `Total_Items` int NOT NULL DEFAULT '0',
  `Total_Subtotal` decimal(12,2) NOT NULL DEFAULT '0.00',
  `Monto_Efectivo` decimal(12,2) DEFAULT '0.00',
  `ID_Empresa` int NOT NULL,
  `Estado` enum('ACTIVO','ANULADO') DEFAULT 'ACTIVO',
  `Fecha_Anulacion` datetime DEFAULT NULL,
  `ID_Usuario_Anula` int DEFAULT NULL,
  `Motivo_Anulacion` text,
  PRIMARY KEY (`ID_Movimiento`),
  KEY `idx_asignacion` (`ID_Asignacion`),
  KEY `idx_tipo` (`ID_TipoMovimiento`),
  KEY `idx_fecha` (`Fecha_Movimiento`),
  KEY `idx_cliente` (`ID_Cliente`),
  KEY `idx_pedido` (`ID_Pedido`),
  KEY `idx_documento` (`Documento_Numero`),
  KEY `idx_estado` (`Estado`),
  KEY `idx_empresa` (`ID_Empresa`),
  KEY `fk_movcab_usuario_reg` (`ID_Usuario_Registra`),
  KEY `fk_movcab_usuario_anu` (`ID_Usuario_Anula`),
  CONSTRAINT `fk_movcab_asignacion` FOREIGN KEY (`ID_Asignacion`) REFERENCES `asignacion_vendedores` (`ID_Asignacion`),
  CONSTRAINT `fk_movcab_cliente` FOREIGN KEY (`ID_Cliente`) REFERENCES `clientes` (`ID_Cliente`) ON DELETE SET NULL,
  CONSTRAINT `fk_movcab_empresa` FOREIGN KEY (`ID_Empresa`) REFERENCES `empresa` (`ID_Empresa`),
  CONSTRAINT `fk_movcab_pedido` FOREIGN KEY (`ID_Pedido`) REFERENCES `pedidos` (`ID_Pedido`) ON DELETE SET NULL,
  CONSTRAINT `fk_movcab_tipo` FOREIGN KEY (`ID_TipoMovimiento`) REFERENCES `catalogo_movimientos` (`ID_TipoMovimiento`),
  CONSTRAINT `fk_movcab_usuario_anu` FOREIGN KEY (`ID_Usuario_Anula`) REFERENCES `usuarios` (`ID_Usuario`),
  CONSTRAINT `fk_movcab_usuario_reg` FOREIGN KEY (`ID_Usuario_Registra`) REFERENCES `usuarios` (`ID_Usuario`)
) ENGINE=InnoDB AUTO_INCREMENT=162 DEFAULT CHARSET=utf8mb4 COLLATE=utf8mb4_0900_ai_ci;
/*!40101 SET character_set_client = @saved_cs_client */;

--
-- Dumping data for table `movimientos_ruta_cabecera`
--

LOCK TABLES `movimientos_ruta_cabecera` WRITE;
/*!40000 ALTER TABLE `movimientos_ruta_cabecera` DISABLE KEYS */;
INSERT INTO `movimientos_ruta_cabecera` VALUES (1,12,2,'2026-02-13 12:05:53',2,'CARGA-29',NULL,29,5.00,1,1000.00,0.00,1,'ACTIVO',NULL,NULL,NULL),(2,12,2,'2026-02-13 12:05:54',2,'CARGA-29',NULL,29,5.00,1,1000.00,0.00,1,'ACTIVO',NULL,NULL,NULL),(3,13,2,'2026-02-18 09:30:55',2,'CARGA-31',NULL,31,1.00,1,200.00,0.00,1,'ACTIVO',NULL,NULL,NULL),(4,13,2,'2026-02-18 09:30:55',2,'CARGA-31',NULL,31,1.00,1,200.00,0.00,1,'ACTIVO',NULL,NULL,NULL),(5,13,2,'2026-02-18 09:30:55',2,'CARGA-31',NULL,31,1.00,1,190.00,0.00,1,'ACTIVO',NULL,NULL,NULL),(6,13,2,'2026-02-18 09:30:55',2,'CARGA-31',NULL,31,1.00,1,190.00,0.00,1,'ACTIVO',NULL,NULL,NULL),(7,13,2,'2026-02-18 09:30:55',2,'CARGA-31',NULL,31,1.00,1,185.00,0.00,1,'ACTIVO',NULL,NULL,NULL),(8,13,2,'2026-02-18 09:30:55',2,'CARGA-31',NULL,31,1.00,1,180.00,0.00,1,'ACTIVO',NULL,NULL,NULL),(9,13,2,'2026-02-18 09:30:55',2,'CARGA-31',NULL,31,1.00,1,160.00,0.00,1,'ACTIVO',NULL,NULL,NULL),(10,15,13,'2026-02-18 11:02:14',2,'CARGA-30',NULL,30,4.00,1,760.00,0.00,1,'ACTIVO',NULL,NULL,NULL),(11,15,13,'2026-02-18 11:02:14',2,'CARGA-30',NULL,30,4.00,1,760.00,0.00,1,'ACTIVO',NULL,NULL,NULL),(12,15,13,'2026-02-18 11:02:14',2,'CARGA-30',NULL,30,3.00,1,555.00,0.00,1,'ACTIVO',NULL,NULL,NULL),(13,15,13,'2026-02-18 11:02:14',2,'CARGA-30',NULL,30,4.00,1,760.00,0.00,1,'ACTIVO',NULL,NULL,NULL),(14,15,13,'2026-02-18 11:02:14',2,'CARGA-30',NULL,30,4.00,1,700.00,0.00,1,'ACTIVO',NULL,NULL,NULL),(15,15,13,'2026-02-18 11:02:14',2,'CARGA-30',NULL,30,4.00,1,720.00,0.00,1,'ACTIVO',NULL,NULL,NULL),(16,17,13,'2026-02-20 11:35:23',2,'CARGA-34',NULL,34,1.00,1,190.00,0.00,1,'ACTIVO',NULL,NULL,NULL),(17,17,13,'2026-02-20 11:35:23',2,'CARGA-34',NULL,34,1.00,1,190.00,0.00,1,'ACTIVO',NULL,NULL,NULL),(18,17,13,'2026-02-20 11:35:23',2,'CARGA-34',NULL,34,1.00,1,185.00,0.00,1,'ACTIVO',NULL,NULL,NULL),(19,17,13,'2026-02-20 11:35:23',2,'CARGA-34',NULL,34,1.00,1,190.00,0.00,1,'ACTIVO',NULL,NULL,NULL),(20,17,13,'2026-02-20 11:35:23',2,'CARGA-34',NULL,34,1.00,1,175.00,0.00,1,'ACTIVO',NULL,NULL,NULL),(21,17,13,'2026-02-20 11:35:23',2,'CARGA-34',NULL,34,1.00,1,180.00,0.00,1,'ACTIVO',NULL,NULL,NULL),(22,17,13,'2026-02-20 11:35:23',2,'CARGA-34',NULL,34,2.00,1,330.00,0.00,1,'ACTIVO',NULL,NULL,NULL),(23,18,13,'2026-02-21 08:57:06',2,'CARGA-35',NULL,35,5.00,1,950.00,0.00,1,'ACTIVO',NULL,NULL,NULL),(24,18,13,'2026-02-21 08:57:06',2,'CARGA-35',NULL,35,5.00,1,925.00,0.00,1,'ACTIVO',NULL,NULL,NULL),(25,18,13,'2026-02-21 08:57:06',2,'CARGA-35',NULL,35,5.00,1,950.00,0.00,1,'ACTIVO',NULL,NULL,NULL),(26,18,13,'2026-02-21 08:57:06',2,'CARGA-35',NULL,35,5.00,1,900.00,0.00,1,'ACTIVO',NULL,NULL,NULL),(27,19,13,'2026-02-23 14:20:36',2,'CARGA-36',NULL,36,10.00,1,1900.00,0.00,1,'ACTIVO',NULL,NULL,NULL),(28,19,13,'2026-02-23 14:20:36',2,'CARGA-36',NULL,36,10.00,1,1900.00,0.00,1,'ACTIVO',NULL,NULL,NULL),(29,19,13,'2026-02-23 14:20:36',2,'CARGA-36',NULL,36,10.00,1,1850.00,0.00,1,'ACTIVO',NULL,NULL,NULL),(30,20,13,'2026-02-25 08:57:51',2,'CARGA-37',NULL,37,10.00,1,1900.00,0.00,1,'ACTIVO',NULL,NULL,NULL),(31,20,13,'2026-02-25 08:57:51',2,'CARGA-37',NULL,37,11.00,1,2090.00,0.00,1,'ACTIVO',NULL,NULL,NULL),(32,22,13,'2026-02-26 08:47:11',2,'CARGA-38',NULL,38,10.00,1,1850.00,0.00,1,'ACTIVO',NULL,NULL,NULL),(33,22,13,'2026-02-26 08:47:11',2,'CARGA-38',NULL,38,10.00,1,1900.00,0.00,1,'ACTIVO',NULL,NULL,NULL),(34,23,13,'2026-02-27 09:55:15',2,'CARGA-39',NULL,39,20.00,1,3700.00,0.00,1,'ACTIVO',NULL,NULL,NULL),(35,23,13,'2026-02-27 09:55:15',2,'CARGA-39',NULL,39,1.00,1,190.00,0.00,1,'ACTIVO',NULL,NULL,NULL),(36,23,13,'2026-02-27 09:55:15',2,'CARGA-39',NULL,39,30.00,1,5250.00,0.00,1,'ACTIVO',NULL,NULL,NULL),(37,23,13,'2026-02-27 09:55:15',2,'CARGA-39',NULL,39,5.00,1,900.00,0.00,1,'ACTIVO',NULL,NULL,NULL),(38,24,13,'2026-02-27 11:15:50',2,'CARGA-40',NULL,40,4.00,1,740.00,0.00,1,'ACTIVO',NULL,NULL,NULL),(39,24,13,'2026-02-27 11:15:50',2,'CARGA-40',NULL,40,4.00,1,700.00,0.00,1,'ACTIVO',NULL,NULL,NULL),(40,24,13,'2026-02-27 11:15:50',2,'CARGA-40',NULL,40,4.00,1,720.00,0.00,1,'ACTIVO',NULL,NULL,NULL),(41,24,13,'2026-02-27 11:15:50',2,'CARGA-40',NULL,40,4.00,1,660.00,0.00,1,'ACTIVO',NULL,NULL,NULL),(42,24,13,'2026-02-27 14:17:56',2,'CARGA-41',NULL,41,9.00,1,1620.00,0.00,1,'ACTIVO',NULL,NULL,NULL),(43,25,13,'2026-03-03 14:05:44',2,'CARGA-42',NULL,42,10.00,1,1900.00,0.00,1,'ACTIVO',NULL,NULL,NULL),(44,25,13,'2026-03-03 14:05:44',2,'CARGA-42',NULL,42,10.00,1,1900.00,0.00,1,'ACTIVO',NULL,NULL,NULL),(45,25,13,'2026-03-03 14:05:44',2,'CARGA-42',NULL,42,10.00,1,1900.00,0.00,1,'ACTIVO',NULL,NULL,NULL),(46,26,13,'2026-03-04 08:14:06',2,'CARGA-43',NULL,43,10.00,1,1900.00,0.00,1,'ACTIVO',NULL,NULL,NULL),(47,26,13,'2026-03-04 08:14:06',2,'CARGA-43',NULL,43,10.00,1,1900.00,0.00,1,'ACTIVO',NULL,NULL,NULL),(48,26,13,'2026-03-04 15:07:30',2,'CARGA-44',NULL,44,1.00,1,190.00,0.00,1,'ACTIVO',NULL,NULL,NULL),(49,26,13,'2026-03-04 15:07:30',2,'CARGA-44',NULL,44,4.00,1,760.00,0.00,1,'ACTIVO',NULL,NULL,NULL),(50,26,13,'2026-03-04 15:07:30',2,'CARGA-44',NULL,44,1.00,1,175.00,0.00,1,'ACTIVO',NULL,NULL,NULL),(51,26,13,'2026-03-04 15:07:30',2,'CARGA-44',NULL,44,5.00,1,900.00,0.00,1,'ACTIVO',NULL,NULL,NULL),(52,26,13,'2026-03-04 15:07:30',2,'CARGA-44',NULL,44,3.00,1,495.00,0.00,1,'ACTIVO',NULL,NULL,NULL),(53,27,13,'2026-03-05 08:33:25',2,'CARGA-45',NULL,45,10.00,1,1850.00,0.00,1,'ACTIVO',NULL,NULL,NULL),(54,27,13,'2026-03-05 08:33:25',2,'CARGA-45',NULL,45,10.00,1,1900.00,0.00,1,'ACTIVO',NULL,NULL,NULL),(55,27,13,'2026-03-05 08:33:25',2,'CARGA-45',NULL,45,10.00,1,1750.00,0.00,1,'ACTIVO',NULL,NULL,NULL),(56,27,13,'2026-03-05 08:33:25',2,'CARGA-45',NULL,45,10.00,1,1800.00,0.00,1,'ACTIVO',NULL,NULL,NULL),(57,27,13,'2026-03-05 08:33:25',2,'CARGA-45',NULL,45,10.00,1,1650.00,0.00,1,'ACTIVO',NULL,NULL,NULL),(58,27,2,'2026-03-05 10:52:05',6,'FAC-R49',12,NULL,1.00,1,185.00,0.00,1,'ACTIVO',NULL,NULL,NULL),(59,27,2,'2026-03-05 11:18:36',6,'FAC-R50',2,NULL,2.00,1,360.00,0.00,1,'ACTIVO',NULL,NULL,NULL),(60,27,2,'2026-03-05 11:30:35',6,'FAC-R51',3,NULL,3.00,1,495.00,0.00,1,'ACTIVO',NULL,NULL,NULL),(61,27,2,'2026-03-05 12:22:41',6,'FAC-R52',6,NULL,2.00,1,380.00,0.00,1,'ACTIVO',NULL,NULL,NULL),(62,27,2,'2026-03-05 12:22:41',6,'FAC-R53',7,NULL,2.00,1,350.00,0.00,1,'ACTIVO',NULL,NULL,NULL),(63,28,13,'2026-03-06 09:43:17',2,'CARGA-46',NULL,46,10.00,1,1900.00,0.00,1,'ACTIVO',NULL,NULL,NULL),(64,28,13,'2026-03-06 09:43:17',2,'CARGA-46',NULL,46,10.00,1,1900.00,0.00,1,'ACTIVO',NULL,NULL,NULL),(65,28,13,'2026-03-06 09:43:17',2,'CARGA-46',NULL,46,10.00,1,1900.00,0.00,1,'ACTIVO',NULL,NULL,NULL),(66,28,13,'2026-03-06 09:43:17',2,'CARGA-46',NULL,46,10.00,1,1750.00,0.00,1,'ACTIVO',NULL,NULL,NULL),(67,28,2,'2026-03-06 09:49:02',6,'FAC-R54',2,NULL,2.00,1,380.00,0.00,1,'ACTIVO',NULL,NULL,NULL),(68,28,13,'2026-03-06 13:54:59',6,'PRUEBA',NULL,NULL,1.00,1,1900.00,0.00,1,'ACTIVO',NULL,NULL,NULL),(69,28,13,'2026-03-06 14:07:59',6,'',NULL,NULL,1.00,1,1900.00,0.00,1,'ACTIVO',NULL,NULL,NULL),(70,28,13,'2026-03-06 14:09:47',6,'PRUEBA',NULL,NULL,1.00,1,1900.00,0.00,1,'ACTIVO',NULL,NULL,NULL),(71,28,11,'2026-03-06 15:15:23',6,'Prueba 1',NULL,NULL,1.00,1,1900.00,0.00,1,'ACTIVO',NULL,NULL,NULL),(72,28,11,'2026-03-06 15:22:24',6,'',NULL,NULL,1.00,1,1900.00,0.00,1,'ACTIVO',NULL,NULL,NULL),(73,28,11,'2026-03-06 15:27:42',6,'PRUEBA_2',NULL,NULL,1.00,1,1900.00,0.00,1,'ACTIVO',NULL,NULL,NULL),(74,28,11,'2026-03-06 15:32:27',6,'PRUEBA_3',NULL,NULL,1.00,1,950.00,0.00,1,'ACTIVO',NULL,NULL,NULL),(75,29,13,'2026-03-09 08:42:37',2,'CARGA-47',NULL,47,10.00,1,1750.00,0.00,1,'ACTIVO',NULL,NULL,NULL),(76,29,2,'2026-03-09 09:53:12',6,'FAC-R56',2,NULL,8.00,1,1400.00,0.00,1,'ACTIVO',NULL,NULL,NULL),(77,30,13,'2026-03-09 10:27:00',2,'CARGA-48',NULL,48,10.00,1,1750.00,0.00,1,'ACTIVO',NULL,NULL,NULL),(78,30,13,'2026-03-09 10:27:00',2,'CARGA-48',NULL,48,10.00,1,1800.00,0.00,1,'ACTIVO',NULL,NULL,NULL),(79,30,13,'2026-03-09 13:30:16',12,'Prueba_45',NULL,NULL,1.00,1,3800.00,0.00,1,'ACTIVO',NULL,NULL,NULL),(80,30,11,'2026-03-09 15:54:22',12,'',NULL,NULL,2.00,2,370.00,0.00,1,'ACTIVO',NULL,NULL,NULL),(81,31,13,'2026-03-10 08:46:36',6,'PRUEBA_Carga_Ventra',NULL,NULL,3.00,3,22100.00,0.00,1,'ACTIVO',NULL,NULL,NULL),(82,31,1,'2026-03-10 09:21:54',6,'',NULL,NULL,1.00,1,1900.00,0.00,1,'ACTIVO',NULL,NULL,NULL),(83,31,1,'2026-03-10 09:58:15',6,'',NULL,NULL,2.00,2,3500.00,0.00,1,'ACTIVO',NULL,NULL,NULL),(84,31,1,'2026-03-10 09:59:16',6,'',NULL,NULL,2.00,2,2090.00,0.00,1,'ACTIVO',NULL,NULL,NULL),(85,31,1,'2026-03-10 10:16:51',6,'',NULL,NULL,1.00,1,1800.00,0.00,1,'ACTIVO',NULL,NULL,NULL),(86,31,11,'2026-03-10 10:21:21',6,'Prueba 1',NULL,NULL,1.00,1,180.00,0.00,1,'ACTIVO',NULL,NULL,NULL),(87,31,1,'2026-03-10 10:37:50',6,'',NULL,NULL,1.00,1,1900.00,0.00,1,'ACTIVO',NULL,NULL,NULL),(88,31,1,'2026-03-10 11:03:11',6,'PRUEBA_2',NULL,NULL,1.00,1,1800.00,0.00,1,'ACTIVO',NULL,NULL,NULL),(89,31,11,'2026-03-10 15:08:57',6,'prueba desde el celular',NULL,NULL,1.00,1,1665.00,0.00,1,'ACTIVO',NULL,NULL,NULL),(90,31,11,'2026-03-10 15:22:19',6,'prueba desde el celular 2',NULL,NULL,1.00,1,1900.00,0.00,1,'ACTIVO',NULL,NULL,NULL),(91,31,1,'2026-03-10 15:36:52',6,'prueba desde el celular',NULL,NULL,1.00,1,1900.00,0.00,1,'ACTIVO',NULL,NULL,NULL),(92,32,1,'2026-03-11 09:24:13',6,'prueba_compra_numero uno',NULL,NULL,1.00,1,9250.00,0.00,1,'ACTIVO',NULL,NULL,NULL),(93,32,7,'2026-03-11 09:25:13',6,'Prueba 1',NULL,NULL,1.00,1,185.00,0.00,1,'ACTIVO',NULL,NULL,NULL),(94,32,11,'2026-03-11 15:37:27',6,'prueba desde el celular',NULL,NULL,1.00,1,925.00,0.00,1,'ACTIVO',NULL,NULL,NULL),(95,32,1,'2026-03-11 15:45:14',6,'PRUEBA_3',NULL,NULL,1.00,1,9500.00,0.00,1,'ACTIVO',NULL,NULL,NULL),(96,33,13,'2026-03-12 08:18:21',2,'CARGA-49',NULL,49,20.00,1,3800.00,0.00,1,'ACTIVO',NULL,NULL,NULL),(97,33,13,'2026-03-12 08:18:21',2,'CARGA-49',NULL,49,20.00,1,3500.00,0.00,1,'ACTIVO',NULL,NULL,NULL),(98,33,13,'2026-03-12 08:18:21',2,'CARGA-49',NULL,49,20.00,1,3600.00,0.00,1,'ACTIVO',NULL,NULL,NULL),(99,33,13,'2026-03-12 08:18:21',2,'CARGA-49',NULL,49,20.00,1,3300.00,0.00,1,'ACTIVO',NULL,NULL,NULL),(100,34,13,'2026-03-13 10:12:59',2,'CARGA-50',NULL,50,20.00,1,3700.00,0.00,1,'ACTIVO',NULL,NULL,NULL),(101,34,13,'2026-03-13 10:12:59',2,'CARGA-50',NULL,50,30.00,1,4950.00,0.00,1,'ACTIVO',NULL,NULL,NULL),(102,35,13,'2026-03-16 09:08:53',2,'CARGA-51',NULL,51,37.00,1,6105.00,0.00,1,'ACTIVO',NULL,NULL,NULL),(103,36,13,'2026-03-17 10:13:15',2,'CARGA-52',NULL,52,30.00,1,5700.00,0.00,1,'ACTIVO',NULL,NULL,NULL),(104,37,13,'2026-03-18 09:48:40',2,'CARGA-53',NULL,53,100.00,1,19000.00,0.00,1,'ACTIVO',NULL,NULL,NULL),(105,37,13,'2026-03-18 09:48:41',2,'CARGA-53',NULL,53,60.00,1,11400.00,0.00,1,'ACTIVO',NULL,NULL,NULL),(106,37,13,'2026-03-18 09:48:41',2,'CARGA-53',NULL,53,50.00,1,9250.00,0.00,1,'ACTIVO',NULL,NULL,NULL),(107,37,13,'2026-03-18 09:48:41',2,'CARGA-53',NULL,53,30.00,1,5700.00,0.00,1,'ACTIVO',NULL,NULL,NULL),(108,37,13,'2026-03-18 09:48:41',2,'CARGA-53',NULL,53,40.00,1,7000.00,0.00,1,'ACTIVO',NULL,NULL,NULL),(109,37,13,'2026-03-18 09:48:41',2,'CARGA-53',NULL,53,60.00,1,10800.00,0.00,1,'ACTIVO',NULL,NULL,NULL),(110,38,13,'2026-03-19 08:48:44',2,'CARGA-54',NULL,54,100.00,1,18500.00,0.00,1,'ACTIVO',NULL,NULL,NULL),(111,38,13,'2026-03-19 08:48:44',2,'CARGA-54',NULL,54,100.00,1,19000.00,0.00,1,'ACTIVO',NULL,NULL,NULL),(112,38,13,'2026-03-19 08:48:44',2,'CARGA-54',NULL,54,40.00,1,7000.00,0.00,1,'ACTIVO',NULL,NULL,NULL),(113,38,13,'2026-03-19 08:48:44',2,'CARGA-54',NULL,54,40.00,1,7200.00,0.00,1,'ACTIVO',NULL,NULL,NULL),(114,39,13,'2026-03-20 08:59:53',2,'CARGA-55',NULL,55,20.00,1,3700.00,0.00,1,'ACTIVO',NULL,NULL,NULL),(115,39,13,'2026-03-20 08:59:53',2,'CARGA-55',NULL,55,20.00,1,3800.00,0.00,1,'ACTIVO',NULL,NULL,NULL),(116,39,13,'2026-03-20 08:59:53',2,'CARGA-55',NULL,55,10.00,1,1750.00,0.00,1,'ACTIVO',NULL,NULL,NULL),(117,40,13,'2026-03-23 08:50:28',2,'CARGA-57',NULL,57,51.00,1,9690.00,0.00,1,'ACTIVO',NULL,NULL,NULL),(118,40,13,'2026-03-23 08:50:28',2,'CARGA-57',NULL,57,100.00,1,18500.00,0.00,1,'ACTIVO',NULL,NULL,NULL),(119,40,13,'2026-03-23 08:50:28',2,'CARGA-57',NULL,57,100.00,1,19000.00,0.00,1,'ACTIVO',NULL,NULL,NULL),(120,40,13,'2026-03-23 08:50:28',2,'CARGA-57',NULL,57,15.00,1,2625.00,0.00,1,'ACTIVO',NULL,NULL,NULL),(121,41,13,'2026-03-24 08:39:29',2,'CARGA-58',NULL,58,50.00,1,9500.00,0.00,1,'ACTIVO',NULL,NULL,NULL),(122,41,13,'2026-03-24 08:39:29',2,'CARGA-58',NULL,58,100.00,1,18500.00,0.00,1,'ACTIVO',NULL,NULL,NULL),(123,41,13,'2026-03-24 08:39:29',2,'CARGA-58',NULL,58,100.00,1,18000.00,0.00,1,'ACTIVO',NULL,NULL,NULL),(124,44,1,'2026-03-24 14:14:26',13,'',NULL,NULL,2.00,2,20900.00,0.00,1,'ACTIVO',NULL,NULL,NULL),(125,45,1,'2026-03-25 08:33:25',6,'',NULL,NULL,1.00,1,19000.00,0.00,1,'ACTIVO',NULL,NULL,NULL),(126,45,1,'2026-03-25 08:33:44',6,'',NULL,NULL,1.00,1,18000.00,0.00,1,'ACTIVO',NULL,NULL,NULL),(127,46,1,'2026-03-26 08:58:05',6,'',NULL,NULL,1.00,1,18500.00,0.00,1,'ACTIVO',NULL,NULL,NULL),(128,47,13,'2026-03-27 10:44:22',2,'CARGA-59',NULL,59,100.00,1,19000.00,0.00,1,'ACTIVO',NULL,NULL,NULL),(129,48,13,'2026-03-30 09:14:43',2,'CARGA-60',NULL,60,100.00,1,19000.00,0.00,1,'ACTIVO',NULL,NULL,NULL),(130,48,13,'2026-03-30 09:14:43',2,'CARGA-60',NULL,60,100.00,1,19000.00,0.00,1,'ACTIVO',NULL,NULL,NULL),(131,48,13,'2026-03-30 09:14:43',2,'CARGA-60',NULL,60,100.00,1,18500.00,0.00,1,'ACTIVO',NULL,NULL,NULL),(132,50,13,'2026-03-31 09:10:40',2,'CARGA-61',NULL,61,100.00,1,19000.00,0.00,1,'ACTIVO',NULL,NULL,NULL),(133,50,13,'2026-03-31 14:31:49',2,'CARGA-63',NULL,63,100.00,1,18500.00,0.00,1,'ACTIVO',NULL,NULL,NULL),(134,50,13,'2026-03-31 14:31:49',2,'CARGA-63',NULL,63,100.00,1,18000.00,0.00,1,'ACTIVO',NULL,NULL,NULL),(135,50,13,'2026-03-31 15:19:28',2,'CARGA-66',NULL,66,2.00,1,350.00,0.00,1,'ACTIVO',NULL,NULL,NULL),(136,50,13,'2026-03-31 15:32:13',2,'CARGA-67',NULL,67,1.00,50,8750.00,0.00,1,'ACTIVO',NULL,NULL,NULL),(137,51,13,'2026-04-01 08:31:40',2,'CARGA-68',NULL,68,2.00,150,27750.00,0.00,1,'ACTIVO',NULL,NULL,NULL),(138,52,13,'2026-04-04 08:48:55',2,'CARGA-69',NULL,69,2.00,200,37500.00,0.00,1,'ACTIVO',NULL,NULL,NULL),(139,53,13,'2026-04-13 09:10:02',2,'CARGA-70',NULL,70,1.00,100,19000.00,0.00,1,'ACTIVO',NULL,NULL,NULL),(140,54,1,'2026-04-15 16:03:14',6,'',NULL,NULL,1.00,1,19000.00,0.00,1,'ACTIVO',NULL,NULL,NULL),(141,55,13,'2026-04-16 08:59:42',2,'CARGA-72',NULL,72,2.00,190,35100.00,0.00,1,'ACTIVO',NULL,NULL,NULL),(142,55,1,'2026-04-16 11:53:55',6,'',NULL,NULL,3.00,3,17940.00,0.00,1,'ACTIVO',NULL,NULL,NULL),(143,56,13,'2026-04-17 15:54:56',2,'CARGA-73',NULL,73,1.00,10,1900.00,0.00,1,'ACTIVO',NULL,NULL,NULL),(144,57,1,'2026-04-20 11:55:14',6,'',NULL,NULL,1.00,1,19000.00,0.00,1,'ACTIVO',NULL,NULL,NULL),(145,60,1,'2026-04-22 08:36:53',6,'Scarlet',NULL,NULL,1.00,1,9500.00,0.00,1,'ACTIVO',NULL,NULL,NULL),(146,60,1,'2026-04-22 09:00:02',6,'Avicola San Jose',NULL,NULL,1.00,1,3700.00,0.00,1,'ACTIVO',NULL,NULL,NULL),(147,60,1,'2026-04-22 10:12:42',6,'',NULL,NULL,1.00,1,6300.00,0.00,1,'ACTIVO',NULL,NULL,NULL),(148,60,2,'2026-04-22 10:28:06',6,'FAC-R295',12,NULL,16.00,2,3035.00,0.00,1,'ACTIVO',NULL,NULL,NULL),(149,60,11,'2026-04-22 11:06:54',6,'',NULL,NULL,1.00,1,950.00,0.00,1,'ACTIVO',NULL,NULL,NULL),(150,60,7,'2026-04-22 11:35:29',6,'',NULL,NULL,2.00,2,375.00,0.00,1,'ACTIVO',NULL,NULL,NULL),(151,60,2,'2026-04-22 15:30:20',6,'FAC-R296',2,NULL,9.00,1,1710.00,0.00,1,'ACTIVO',NULL,NULL,NULL),(152,60,2,'2026-04-22 15:32:14',6,'FAC-R297',2,NULL,10.00,1,1850.00,0.00,1,'ACTIVO',NULL,NULL,NULL),(153,60,2,'2026-04-22 15:42:05',6,'VEN-60-20260422154205',2,NULL,1.00,1,190.00,0.00,1,'ACTIVO',NULL,NULL,NULL),(154,60,1,'2026-04-22 15:58:43',6,'VEN-301',5,NULL,925.00,5,925.00,925.00,1,'ACTIVO',NULL,NULL,NULL),(155,60,2,'2026-04-22 16:02:15',6,'VEN-302',5,NULL,185.00,1,185.00,185.00,1,'ACTIVO',NULL,NULL,NULL),(156,61,1,'2026-04-24 11:10:07',12,'',NULL,NULL,1.00,1,4750.00,0.00,1,'ACTIVO',NULL,NULL,NULL),(157,61,2,'2026-04-24 11:10:39',12,'VEN-303',5,NULL,950.00,5,950.00,950.00,1,'ACTIVO',NULL,NULL,NULL),(158,61,2,'2026-04-24 11:17:15',12,'VEN-304',7,NULL,570.00,3,570.00,570.00,1,'ACTIVO',NULL,NULL,NULL),(159,61,2,'2026-04-24 11:26:06',12,'VEN-305',6,NULL,950.00,5,950.00,0.00,1,'ACTIVO',NULL,NULL,NULL),(160,61,2,'2026-04-24 11:28:05',12,'VEN-306',6,NULL,1140.00,6,1140.00,0.00,1,'ACTIVO',NULL,NULL,NULL),(161,65,1,'2026-05-07 09:39:37',6,'',NULL,NULL,1.00,1,19000.00,0.00,1,'ACTIVO',NULL,NULL,NULL);
/*!40000 ALTER TABLE `movimientos_ruta_cabecera` ENABLE KEYS */;
UNLOCK TABLES;

--
-- Table structure for table `movimientos_ruta_detalle`
--

DROP TABLE IF EXISTS `movimientos_ruta_detalle`;
/*!40101 SET @saved_cs_client     = @@character_set_client */;
/*!50503 SET character_set_client = utf8mb4 */;
CREATE TABLE `movimientos_ruta_detalle` (
  `ID_Detalle` int NOT NULL AUTO_INCREMENT,
  `ID_Movimiento` int NOT NULL,
  `ID_Producto` int NOT NULL,
  `Cantidad` decimal(12,2) NOT NULL,
  `Precio_Unitario` decimal(12,2) NOT NULL,
  `Subtotal` decimal(12,2) NOT NULL,
  `ID_Detalle_Pedido` int DEFAULT NULL,
  `ID_Movimiento_Origen` int DEFAULT NULL,
  PRIMARY KEY (`ID_Detalle`),
  KEY `idx_movimiento` (`ID_Movimiento`),
  KEY `idx_producto` (`ID_Producto`),
  KEY `idx_detalle_pedido` (`ID_Detalle_Pedido`),
  KEY `idx_movimiento_origen` (`ID_Movimiento_Origen`),
  CONSTRAINT `fk_movdet_detalle_pedido` FOREIGN KEY (`ID_Detalle_Pedido`) REFERENCES `detalle_pedidos` (`ID_Detalle_Pedido`) ON DELETE SET NULL,
  CONSTRAINT `fk_movdet_movimiento` FOREIGN KEY (`ID_Movimiento`) REFERENCES `movimientos_ruta_cabecera` (`ID_Movimiento`) ON DELETE CASCADE,
  CONSTRAINT `fk_movdet_producto` FOREIGN KEY (`ID_Producto`) REFERENCES `productos` (`ID_Producto`)
) ENGINE=InnoDB AUTO_INCREMENT=174 DEFAULT CHARSET=utf8mb4 COLLATE=utf8mb4_0900_ai_ci COMMENT='DETALLE - Productos del movimiento en ruta';
/*!40101 SET character_set_client = @saved_cs_client */;

--
-- Dumping data for table `movimientos_ruta_detalle`
--

LOCK TABLES `movimientos_ruta_detalle` WRITE;
/*!40000 ALTER TABLE `movimientos_ruta_detalle` DISABLE KEYS */;
INSERT INTO `movimientos_ruta_detalle` VALUES (1,1,5,5.00,200.00,1000.00,NULL,NULL),(2,2,7,5.00,200.00,1000.00,NULL,NULL),(3,3,5,1.00,200.00,200.00,NULL,NULL),(4,4,7,1.00,200.00,200.00,NULL,NULL),(5,5,10,1.00,190.00,190.00,NULL,NULL),(6,6,2,1.00,190.00,190.00,NULL,NULL),(7,7,16,1.00,185.00,185.00,NULL,NULL),(8,8,3,1.00,180.00,180.00,NULL,NULL),(9,9,8,1.00,160.00,160.00,NULL,NULL),(10,10,5,4.00,190.00,760.00,NULL,NULL),(11,11,7,4.00,190.00,760.00,NULL,NULL),(12,12,10,3.00,185.00,555.00,NULL,NULL),(13,13,2,4.00,190.00,760.00,NULL,NULL),(14,14,16,4.00,175.00,700.00,NULL,NULL),(15,15,3,4.00,180.00,720.00,NULL,NULL),(16,16,5,1.00,190.00,190.00,NULL,NULL),(17,17,7,1.00,190.00,190.00,NULL,NULL),(18,18,10,1.00,185.00,185.00,NULL,NULL),(19,19,2,1.00,190.00,190.00,NULL,NULL),(20,20,16,1.00,175.00,175.00,NULL,NULL),(21,21,3,1.00,180.00,180.00,NULL,NULL),(22,22,8,2.00,165.00,330.00,NULL,NULL),(23,23,5,5.00,190.00,950.00,NULL,NULL),(24,24,10,5.00,185.00,925.00,NULL,NULL),(25,25,2,5.00,190.00,950.00,NULL,NULL),(26,26,3,5.00,180.00,900.00,NULL,NULL),(27,27,5,10.00,190.00,1900.00,NULL,NULL),(28,28,7,10.00,190.00,1900.00,NULL,NULL),(29,29,10,10.00,185.00,1850.00,NULL,NULL),(30,30,5,10.00,190.00,1900.00,NULL,NULL),(31,31,7,11.00,190.00,2090.00,NULL,NULL),(32,32,10,10.00,185.00,1850.00,NULL,NULL),(33,33,2,10.00,190.00,1900.00,NULL,NULL),(34,34,10,20.00,185.00,3700.00,NULL,NULL),(35,35,2,1.00,190.00,190.00,NULL,NULL),(36,36,16,30.00,175.00,5250.00,NULL,NULL),(37,37,3,5.00,180.00,900.00,NULL,NULL),(38,38,10,4.00,185.00,740.00,NULL,NULL),(39,39,16,4.00,175.00,700.00,NULL,NULL),(40,40,3,4.00,180.00,720.00,NULL,NULL),(41,41,8,4.00,165.00,660.00,NULL,NULL),(42,42,3,9.00,180.00,1620.00,NULL,NULL),(43,43,5,10.00,190.00,1900.00,NULL,NULL),(44,44,7,10.00,190.00,1900.00,NULL,NULL),(45,45,2,10.00,190.00,1900.00,NULL,NULL),(46,46,5,10.00,190.00,1900.00,NULL,NULL),(47,47,7,10.00,190.00,1900.00,NULL,NULL),(48,48,5,1.00,190.00,190.00,NULL,NULL),(49,49,2,4.00,190.00,760.00,NULL,NULL),(50,50,16,1.00,175.00,175.00,NULL,NULL),(51,51,3,5.00,180.00,900.00,NULL,NULL),(52,52,8,3.00,165.00,495.00,NULL,NULL),(53,53,10,10.00,185.00,1850.00,NULL,NULL),(54,54,2,10.00,190.00,1900.00,NULL,NULL),(55,55,16,10.00,175.00,1750.00,NULL,NULL),(56,56,3,10.00,180.00,1800.00,NULL,NULL),(57,57,8,10.00,165.00,1650.00,NULL,NULL),(58,58,10,1.00,185.00,185.00,NULL,NULL),(59,59,3,2.00,180.00,360.00,NULL,NULL),(60,60,8,3.00,165.00,495.00,NULL,NULL),(61,61,2,2.00,190.00,380.00,NULL,NULL),(62,62,16,2.00,175.00,350.00,NULL,NULL),(63,63,5,10.00,190.00,1900.00,NULL,NULL),(64,64,7,10.00,190.00,1900.00,NULL,NULL),(65,65,2,10.00,190.00,1900.00,NULL,NULL),(66,66,16,10.00,175.00,1750.00,NULL,NULL),(67,67,7,2.00,190.00,380.00,NULL,NULL),(68,68,5,10.00,190.00,1900.00,NULL,NULL),(69,69,5,10.00,190.00,1900.00,NULL,NULL),(70,70,5,10.00,190.00,1900.00,NULL,NULL),(71,71,5,10.00,190.00,1900.00,NULL,NULL),(72,73,5,10.00,190.00,1900.00,NULL,NULL),(73,74,5,5.00,190.00,950.00,NULL,NULL),(74,75,16,10.00,175.00,1750.00,NULL,NULL),(75,76,16,8.00,175.00,1400.00,NULL,NULL),(76,77,16,10.00,175.00,1750.00,NULL,NULL),(77,78,3,10.00,180.00,1800.00,NULL,NULL),(78,79,7,20.00,190.00,3800.00,NULL,NULL),(79,80,7,1.00,190.00,190.00,NULL,NULL),(80,80,3,1.00,180.00,180.00,NULL,NULL),(81,81,2,40.00,190.00,7600.00,NULL,NULL),(82,81,10,50.00,185.00,9250.00,NULL,NULL),(83,81,16,30.00,175.00,5250.00,NULL,NULL),(84,82,5,10.00,190.00,1900.00,NULL,NULL),(85,83,16,10.00,175.00,1750.00,NULL,NULL),(86,83,16,10.00,175.00,1750.00,NULL,NULL),(87,84,2,1.00,190.00,190.00,NULL,NULL),(88,84,2,10.00,190.00,1900.00,NULL,NULL),(89,85,3,10.00,180.00,1800.00,NULL,NULL),(90,86,3,1.00,180.00,180.00,NULL,NULL),(91,87,5,10.00,190.00,1900.00,NULL,NULL),(92,88,3,10.00,180.00,1800.00,NULL,NULL),(93,89,10,9.00,185.00,1665.00,NULL,NULL),(94,90,2,10.00,190.00,1900.00,NULL,NULL),(95,91,7,10.00,190.00,1900.00,NULL,NULL),(96,92,10,50.00,185.00,9250.00,NULL,NULL),(97,93,10,1.00,185.00,185.00,NULL,NULL),(98,94,10,5.00,185.00,925.00,NULL,NULL),(99,95,5,50.00,190.00,9500.00,NULL,NULL),(100,96,5,20.00,190.00,3800.00,NULL,NULL),(101,97,16,20.00,175.00,3500.00,NULL,NULL),(102,98,3,20.00,180.00,3600.00,NULL,NULL),(103,99,8,20.00,165.00,3300.00,NULL,NULL),(104,100,10,20.00,185.00,3700.00,NULL,NULL),(105,101,8,30.00,165.00,4950.00,NULL,NULL),(106,102,8,37.00,165.00,6105.00,NULL,NULL),(107,103,7,30.00,190.00,5700.00,NULL,NULL),(108,104,5,100.00,190.00,19000.00,NULL,NULL),(109,105,7,60.00,190.00,11400.00,NULL,NULL),(110,106,10,50.00,185.00,9250.00,NULL,NULL),(111,107,2,30.00,190.00,5700.00,NULL,NULL),(112,108,16,40.00,175.00,7000.00,NULL,NULL),(113,109,3,60.00,180.00,10800.00,NULL,NULL),(114,110,10,100.00,185.00,18500.00,NULL,NULL),(115,111,2,100.00,190.00,19000.00,NULL,NULL),(116,112,16,40.00,175.00,7000.00,NULL,NULL),(117,113,3,40.00,180.00,7200.00,NULL,NULL),(118,114,10,20.00,185.00,3700.00,NULL,NULL),(119,115,2,20.00,190.00,3800.00,NULL,NULL),(120,116,16,10.00,175.00,1750.00,NULL,NULL),(121,117,5,51.00,190.00,9690.00,NULL,NULL),(122,118,10,100.00,185.00,18500.00,NULL,NULL),(123,119,2,100.00,190.00,19000.00,NULL,NULL),(124,120,16,15.00,175.00,2625.00,NULL,NULL),(125,121,5,50.00,190.00,9500.00,NULL,NULL),(126,122,10,100.00,185.00,18500.00,NULL,NULL),(127,123,3,100.00,180.00,18000.00,NULL,NULL),(128,124,5,50.00,190.00,9500.00,NULL,NULL),(129,124,7,60.00,190.00,11400.00,NULL,NULL),(130,125,5,100.00,190.00,19000.00,NULL,NULL),(131,126,3,100.00,180.00,18000.00,NULL,NULL),(132,127,10,100.00,185.00,18500.00,NULL,NULL),(133,128,5,100.00,190.00,19000.00,NULL,NULL),(134,129,5,100.00,190.00,19000.00,NULL,NULL),(135,130,7,100.00,190.00,19000.00,NULL,NULL),(136,131,10,100.00,185.00,18500.00,NULL,NULL),(137,132,5,100.00,190.00,19000.00,NULL,NULL),(138,133,10,100.00,185.00,18500.00,NULL,NULL),(139,134,3,100.00,180.00,18000.00,NULL,NULL),(140,135,16,2.00,175.00,350.00,NULL,NULL),(141,136,16,50.00,175.00,8750.00,NULL,NULL),(142,137,5,100.00,190.00,19000.00,NULL,NULL),(143,137,16,50.00,175.00,8750.00,NULL,NULL),(144,138,5,100.00,190.00,19000.00,NULL,NULL),(145,138,10,100.00,185.00,18500.00,NULL,NULL),(146,139,5,100.00,190.00,19000.00,NULL,NULL),(147,140,5,100.00,190.00,19000.00,NULL,NULL),(148,141,7,90.00,190.00,17100.00,NULL,NULL),(149,141,3,100.00,180.00,18000.00,NULL,NULL),(150,142,5,56.00,190.00,10640.00,NULL,NULL),(151,142,16,20.00,175.00,3500.00,NULL,NULL),(152,142,7,20.00,190.00,3800.00,NULL,NULL),(153,143,5,10.00,190.00,1900.00,NULL,NULL),(154,144,2,100.00,190.00,19000.00,NULL,NULL),(155,145,5,50.00,190.00,9500.00,NULL,NULL),(156,146,10,20.00,185.00,3700.00,NULL,NULL),(157,147,3,35.00,180.00,6300.00,NULL,NULL),(158,148,5,15.00,190.00,2850.00,NULL,NULL),(159,148,10,1.00,185.00,185.00,NULL,NULL),(160,149,5,5.00,190.00,950.00,NULL,NULL),(161,150,5,1.00,190.00,190.00,NULL,NULL),(162,150,10,1.00,185.00,185.00,NULL,NULL),(163,151,5,9.00,190.00,1710.00,NULL,NULL),(164,152,10,10.00,185.00,1850.00,NULL,NULL),(165,153,5,1.00,190.00,190.00,NULL,NULL),(166,154,10,5.00,185.00,925.00,NULL,NULL),(167,155,10,1.00,185.00,185.00,NULL,NULL),(168,156,2,25.00,190.00,4750.00,NULL,NULL),(169,157,2,5.00,190.00,950.00,NULL,NULL),(170,158,2,3.00,190.00,570.00,NULL,NULL),(171,159,2,5.00,190.00,950.00,NULL,NULL),(172,160,2,6.00,190.00,1140.00,NULL,NULL),(173,161,5,100.00,190.00,19000.00,NULL,NULL);
/*!40000 ALTER TABLE `movimientos_ruta_detalle` ENABLE KEYS */;
UNLOCK TABLES;

--
-- Table structure for table `pagos_cuentascobrar`
--

DROP TABLE IF EXISTS `pagos_cuentascobrar`;
/*!40101 SET @saved_cs_client     = @@character_set_client */;
/*!50503 SET character_set_client = utf8mb4 */;
CREATE TABLE `pagos_cuentascobrar` (
  `ID_Pago` int NOT NULL AUTO_INCREMENT,
  `ID_Movimiento` int NOT NULL,
  `Fecha` datetime NOT NULL DEFAULT CURRENT_TIMESTAMP,
  `Monto` decimal(12,2) NOT NULL,
  `ID_MetodoPago` int NOT NULL,
  `Comentarios` text,
  `Detalles_Metodo` text,
  `ID_Usuario_Creacion` int DEFAULT NULL,
  PRIMARY KEY (`ID_Pago`),
  KEY `ID_Movimiento` (`ID_Movimiento`),
  KEY `ID_MetodoPago` (`ID_MetodoPago`),
  KEY `ID_Usuario_Creacion` (`ID_Usuario_Creacion`),
  CONSTRAINT `pagos_cuentascobrar_ibfk_1` FOREIGN KEY (`ID_Movimiento`) REFERENCES `cuentas_por_cobrar` (`ID_Movimiento`) ON DELETE CASCADE,
  CONSTRAINT `pagos_cuentascobrar_ibfk_2` FOREIGN KEY (`ID_MetodoPago`) REFERENCES `metodos_pago` (`ID_MetodoPago`),
  CONSTRAINT `pagos_cuentascobrar_ibfk_3` FOREIGN KEY (`ID_Usuario_Creacion`) REFERENCES `usuarios` (`ID_Usuario`)
) ENGINE=InnoDB AUTO_INCREMENT=37 DEFAULT CHARSET=utf8mb4 COLLATE=utf8mb4_0900_ai_ci;
/*!40101 SET character_set_client = @saved_cs_client */;

--
-- Dumping data for table `pagos_cuentascobrar`
--

LOCK TABLES `pagos_cuentascobrar` WRITE;
/*!40000 ALTER TABLE `pagos_cuentascobrar` DISABLE KEYS */;
INSERT INTO `pagos_cuentascobrar` VALUES (1,19,'2025-12-10 19:15:04',3200.00,1,'nada\r\n','23232',1),(2,20,'2025-12-22 23:31:35',19000.00,1,'ninguno','etc....',4),(3,1,'2025-12-26 15:41:19',800.00,1,'sfsdfsdf','primera prueba',6),(4,2,'2025-12-26 15:50:05',160.00,1,'sdfsdf','sdfsf',6),(5,4,'2025-12-26 15:56:10',900.00,1,'sdfsdfs','dfsdfsdfsdf',6),(6,23,'2025-12-27 14:36:24',1900.00,1,'N/A','Primer pago en efectivo',6),(7,13,'2025-12-27 14:49:55',11000.50,1,'N/A','primera prueba',6),(8,18,'2025-12-27 14:56:56',800.00,1,'n/a','primer pago en efectivo',6),(9,18,'2025-12-27 14:57:58',800.00,1,'N//A','Segundo pago',6),(10,3,'2025-12-27 15:19:04',140.00,1,'N/A','primer pago',6),(11,17,'2025-12-27 15:37:49',1000.00,1,'n/a','primer pago',6),(12,17,'2025-12-27 15:40:41',60.00,1,'n/a','Segundo pago',6),(13,17,'2025-12-27 15:41:33',300.00,1,'adasdasd','tercer pago',6),(14,16,'2025-12-29 13:46:59',7000.00,1,'nada','primer pago',6),(15,5,'2025-12-30 11:09:06',3240.00,1,'n/a','primera prueba',6),(16,17,'2026-01-05 15:41:42',400.00,1,'dasdasd','23232',1),(17,5,'2026-01-06 08:52:52',3000.00,1,'N/A','Segundo pago',6),(18,6,'2026-01-06 08:54:36',300.00,1,'N/A','primer pago',6),(19,6,'2026-01-06 08:56:12',340.00,1,'','',6),(20,7,'2026-01-07 08:18:08',810.00,1,'N/A','primer pago',6),(21,27,'2026-02-06 16:08:06',20000.00,1,'','10000',1),(22,7,'2026-02-06 16:09:07',405.00,1,'moroso decía ','none',1),(23,29,'2026-02-10 10:17:41',1500.00,1,'','',1),(24,7,'2026-02-10 11:09:01',405.00,1,'n/a','',1),(25,29,'2026-02-10 11:14:49',700.00,1,'n/a','PDF: recibo_pago_25_20260210_111451.pdf',1),(26,28,'2026-02-10 11:21:14',1140.00,1,'n/a','PDF: recibo_pago_26_20260210_112118.pdf',1),(27,28,'2026-02-10 11:35:22',1000.00,1,'n/a','',1),(28,30,'2026-02-23 14:17:24',1000.00,1,'asdasdasd','',1),(29,172,'2026-04-20 15:27:43',385.00,1,'','',1),(30,178,'2026-04-20 15:39:36',700.00,1,'','',1),(31,169,'2026-04-20 15:59:47',900.00,1,'','',1),(32,60,'2026-04-20 16:01:30',130.00,1,'','',1),(33,226,'2026-04-22 13:41:10',1500.00,1,'primer pago','',1),(34,178,'2026-04-24 09:42:22',450.00,1,'prueba','',1),(35,13,'2026-04-24 09:43:04',10128.00,1,'','',1),(36,10,'2026-04-24 09:44:29',1800.00,1,'','',1);
/*!40000 ALTER TABLE `pagos_cuentascobrar` ENABLE KEYS */;
UNLOCK TABLES;

--
-- Table structure for table `pagos_cuentaspagar`
--

DROP TABLE IF EXISTS `pagos_cuentaspagar`;
/*!40101 SET @saved_cs_client     = @@character_set_client */;
/*!50503 SET character_set_client = utf8mb4 */;
CREATE TABLE `pagos_cuentaspagar` (
  `ID_Pago` int NOT NULL AUTO_INCREMENT,
  `ID_Cuenta` int DEFAULT NULL,
  `Fecha` datetime DEFAULT NULL,
  `Monto` decimal(12,2) DEFAULT NULL,
  `ID_MetodoPago` int DEFAULT NULL,
  `Detalles_Metodo` text,
  `Comentarios` text,
  `ID_Usuario_Creacion` int DEFAULT NULL,
  PRIMARY KEY (`ID_Pago`),
  KEY `ID_Cuenta` (`ID_Cuenta`),
  KEY `ID_MetodoPago` (`ID_MetodoPago`),
  KEY `ID_Usuario_Creacion` (`ID_Usuario_Creacion`),
  CONSTRAINT `pagos_cuentaspagar_ibfk_1` FOREIGN KEY (`ID_Cuenta`) REFERENCES `cuentas_por_pagar` (`ID_Cuenta`),
  CONSTRAINT `pagos_cuentaspagar_ibfk_2` FOREIGN KEY (`ID_MetodoPago`) REFERENCES `metodos_pago` (`ID_MetodoPago`),
  CONSTRAINT `pagos_cuentaspagar_ibfk_3` FOREIGN KEY (`ID_Usuario_Creacion`) REFERENCES `usuarios` (`ID_Usuario`)
) ENGINE=InnoDB AUTO_INCREMENT=7 DEFAULT CHARSET=utf8mb4 COLLATE=utf8mb4_0900_ai_ci;
/*!40101 SET character_set_client = @saved_cs_client */;

--
-- Dumping data for table `pagos_cuentaspagar`
--

LOCK TABLES `pagos_cuentaspagar` WRITE;
/*!40000 ALTER TABLE `pagos_cuentaspagar` DISABLE KEYS */;
INSERT INTO `pagos_cuentaspagar` VALUES (1,1,'2025-11-16 00:00:00',10500.00,4,'dd','ddd',1),(2,1,'2025-12-20 00:00:00',10500.00,2,'23232','asdfghjkiuytre',1),(3,2,'2025-12-20 00:00:00',18000.00,1,'23232','',1),(4,3,'2025-12-22 00:00:00',12000.00,3,'1223562252','',1),(5,3,'2025-12-22 00:00:00',12000.00,1,'gvjhgvhgjh','',1),(6,4,'2025-12-23 00:00:00',7000.00,1,'ajsdasdasda','AAAAAAAA',1);
/*!40000 ALTER TABLE `pagos_cuentaspagar` ENABLE KEYS */;
UNLOCK TABLES;

--
-- Table structure for table `pedidos`
--

DROP TABLE IF EXISTS `pedidos`;
/*!40101 SET @saved_cs_client     = @@character_set_client */;
/*!50503 SET character_set_client = utf8mb4 */;
CREATE TABLE `pedidos` (
  `ID_Pedido` int NOT NULL AUTO_INCREMENT,
  `Fecha` date NOT NULL,
  `ID_Cliente` int DEFAULT NULL,
  `ID_Empresa` int NOT NULL,
  `ID_Ruta` int DEFAULT NULL,
  `ID_Usuario_Creacion` int DEFAULT NULL,
  `Estado` enum('Pendiente','Aprobado','Entregado','Cancelado') DEFAULT 'Pendiente',
  `Observacion` text,
  `Tipo_Entrega` enum('Retiro en local','Entrega a domicilio') DEFAULT 'Retiro en local',
  `Fecha_Creacion` datetime DEFAULT CURRENT_TIMESTAMP,
  `Prioridad` enum('Urgente','Normal','Bajo') NOT NULL DEFAULT 'Normal',
  `Tipo_Pedido` enum('Individual','Consolidado') NOT NULL DEFAULT 'Individual',
  `Es_Pedido_Ruta` enum('SI','NO') NOT NULL DEFAULT 'NO',
  PRIMARY KEY (`ID_Pedido`),
  KEY `ID_Cliente` (`ID_Cliente`),
  KEY `ID_Empresa` (`ID_Empresa`),
  KEY `ID_Usuario_Creacion` (`ID_Usuario_Creacion`),
  KEY `ID_Ruta` (`ID_Ruta`),
  CONSTRAINT `pedidos_ibfk_1` FOREIGN KEY (`ID_Cliente`) REFERENCES `clientes` (`ID_Cliente`),
  CONSTRAINT `pedidos_ibfk_2` FOREIGN KEY (`ID_Empresa`) REFERENCES `empresa` (`ID_Empresa`),
  CONSTRAINT `pedidos_ibfk_3` FOREIGN KEY (`ID_Usuario_Creacion`) REFERENCES `usuarios` (`ID_Usuario`),
  CONSTRAINT `pedidos_ibfk_ruta` FOREIGN KEY (`ID_Ruta`) REFERENCES `rutas` (`ID_Ruta`) ON DELETE SET NULL
) ENGINE=InnoDB AUTO_INCREMENT=76 DEFAULT CHARSET=utf8mb4 COLLATE=utf8mb4_0900_ai_ci;
/*!40101 SET character_set_client = @saved_cs_client */;

--
-- Dumping data for table `pedidos`
--

LOCK TABLES `pedidos` WRITE;
/*!40000 ALTER TABLE `pedidos` DISABLE KEYS */;
INSERT INTO `pedidos` VALUES (1,'2026-01-21',11,1,NULL,NULL,'Pendiente','','Retiro en local','2026-01-21 09:20:39','Normal','Individual','NO'),(2,'2026-01-21',11,1,NULL,NULL,'Pendiente','','Retiro en local','2026-01-21 09:20:42','Normal','Individual','NO'),(3,'2026-01-21',2,1,NULL,NULL,'Pendiente','','Retiro en local','2026-01-21 09:43:48','Normal','Individual','NO'),(4,'2026-01-21',3,1,NULL,1,'Aprobado','','Entrega a domicilio','2026-01-21 10:58:01','Normal','Individual','NO'),(5,'2026-01-21',11,1,NULL,1,'Pendiente','','Retiro en local','2026-01-21 14:23:12','Normal','Individual','NO'),(6,'2026-01-21',2,1,NULL,1,'Pendiente','','Retiro en local','2026-01-21 15:27:22','Bajo','Individual','NO'),(7,'2026-01-21',4,1,NULL,1,'Pendiente','','Entrega a domicilio','2026-01-21 15:28:34','Bajo','Individual','NO'),(8,'2026-01-22',5,1,NULL,1,'Aprobado','','Retiro en local','2026-01-22 08:28:57','Bajo','Individual','NO'),(9,'2026-01-23',8,1,NULL,1,'Entregado','','Entrega a domicilio','2026-01-23 11:01:55','Urgente','Individual','NO'),(10,'2026-01-23',9,1,NULL,1,'Entregado','','Entrega a domicilio','2026-01-23 13:45:40','Normal','Individual','NO'),(11,'2026-01-23',10,1,NULL,1,'Pendiente','','Entrega a domicilio','2026-01-23 14:39:51','Bajo','Individual','NO'),(12,'2026-01-30',11,1,NULL,1,'Pendiente','','Entrega a domicilio','2026-01-30 08:42:38','Normal','Individual','NO'),(13,'2026-02-04',8,1,NULL,1,'Entregado','d','Entrega a domicilio','2026-02-04 10:24:07','Normal','Individual','NO'),(14,'2026-02-06',8,1,NULL,1,'Entregado','el primero que este disponible que le meta candela ','Entrega a domicilio','2026-02-06 15:47:51','Urgente','Individual','NO'),(15,'2026-02-09',6,1,NULL,1,'Aprobado','sasdasd','Entrega a domicilio','2026-02-09 14:08:14','Normal','Individual','NO'),(16,'2026-02-10',11,1,NULL,1,'Aprobado','','Entrega a domicilio','2026-02-10 15:13:30','Bajo','Individual','NO'),(17,'2026-02-10',2,1,NULL,1,'Pendiente','','Entrega a domicilio','2026-02-10 15:40:20','Normal','Individual','NO'),(18,'2026-02-10',6,1,NULL,1,'Pendiente','ninguna','Entrega a domicilio','2026-02-10 15:43:13','Normal','Individual','NO'),(19,'2026-02-10',2,1,NULL,1,'Pendiente','','Entrega a domicilio','2026-02-10 15:45:34','Normal','Individual','NO'),(20,'2026-02-11',7,1,NULL,1,'Pendiente','d','Entrega a domicilio','2026-02-11 08:35:57','Normal','Individual','NO'),(21,'2026-02-11',4,1,NULL,1,'Pendiente','','Entrega a domicilio','2026-02-11 08:41:05','Normal','Individual','NO'),(22,'2026-02-11',7,1,NULL,1,'Pendiente','','Retiro en local','2026-02-11 09:08:47','Normal','Individual','NO'),(23,'2026-02-12',NULL,1,3,1,'Pendiente','','Entrega a domicilio','2026-02-12 11:19:31','Normal','Consolidado','SI'),(24,'2026-02-12',NULL,1,3,1,'Pendiente','','Entrega a domicilio','2026-02-12 11:30:35','Normal','Consolidado','SI'),(25,'2026-02-12',NULL,1,3,1,'Aprobado','','Entrega a domicilio','2026-02-12 11:58:48','Normal','Consolidado','SI'),(26,'2026-02-12',9,1,NULL,1,'Pendiente','','Entrega a domicilio','2026-02-12 12:00:17','Normal','Individual','NO'),(27,'2026-02-13',NULL,1,4,1,'Pendiente','','Entrega a domicilio','2026-02-13 10:37:41','Urgente','Consolidado','SI'),(28,'2026-02-13',NULL,1,1,1,'Pendiente','','Entrega a domicilio','2026-02-13 10:38:43','Normal','Consolidado','SI'),(29,'2026-02-13',NULL,1,3,1,'Entregado','','Entrega a domicilio','2026-02-13 10:49:34','Normal','Consolidado','SI'),(30,'2026-02-18',NULL,1,2,1,'Entregado','','Entrega a domicilio','2026-02-18 09:04:47','Normal','Consolidado','SI'),(31,'2026-02-18',NULL,1,4,1,'Entregado','','Entrega a domicilio','2026-02-18 09:26:27','Normal','Consolidado','SI'),(32,'2026-02-18',7,1,NULL,1,'Pendiente','','Entrega a domicilio','2026-02-18 13:50:43','Normal','Individual','NO'),(33,'2026-02-19',NULL,1,4,1,'Pendiente','','Entrega a domicilio','2026-02-19 11:44:21','Normal','Consolidado','SI'),(34,'2026-02-20',NULL,1,4,1,'Entregado','','Entrega a domicilio','2026-02-20 11:32:18','Normal','Consolidado','SI'),(35,'2026-02-21',NULL,1,4,1,'Entregado','','Entrega a domicilio','2026-02-21 08:56:03','Normal','Consolidado','SI'),(36,'2026-02-23',NULL,1,1,1,'Entregado','','Entrega a domicilio','2026-02-23 09:35:37','Normal','Consolidado','SI'),(37,'2026-02-25',NULL,1,1,1,'Entregado','n/a','Entrega a domicilio','2026-02-25 08:57:19','Normal','Consolidado','SI'),(38,'2026-02-26',NULL,1,4,1,'Entregado','','Entrega a domicilio','2026-02-26 08:42:13','Normal','Consolidado','SI'),(39,'2026-02-27',NULL,1,1,1,'Pendiente','','Entrega a domicilio','2026-02-27 09:26:44','Normal','Consolidado','SI'),(40,'2026-02-27',NULL,1,2,1,'Entregado','','Entrega a domicilio','2026-02-27 11:08:54','Normal','Consolidado','SI'),(41,'2026-02-27',NULL,1,2,1,'Entregado','','Entrega a domicilio','2026-02-27 14:16:09','Normal','Consolidado','SI'),(42,'2026-03-03',NULL,1,4,1,'Entregado','','Entrega a domicilio','2026-03-03 14:04:52','Normal','Consolidado','SI'),(43,'2026-03-04',NULL,1,4,1,'Entregado','','Entrega a domicilio','2026-03-04 08:09:48','Normal','Consolidado','SI'),(44,'2026-03-04',NULL,1,4,1,'Entregado','','Entrega a domicilio','2026-03-04 15:06:36','Normal','Consolidado','SI'),(45,'2026-03-05',NULL,1,4,1,'Entregado','','Entrega a domicilio','2026-03-05 08:32:26','Normal','Consolidado','SI'),(46,'2026-03-06',NULL,1,4,1,'Entregado','','Entrega a domicilio','2026-03-06 09:37:30','Normal','Consolidado','SI'),(47,'2026-03-09',NULL,1,4,1,'Entregado','','Entrega a domicilio','2026-03-09 08:36:27','Normal','Consolidado','SI'),(48,'2026-03-09',NULL,1,2,1,'Entregado','','Entrega a domicilio','2026-03-09 10:26:08','Normal','Consolidado','SI'),(49,'2026-03-12',NULL,1,4,1,'Entregado','','Entrega a domicilio','2026-03-12 08:17:43','Normal','Consolidado','SI'),(50,'2026-03-13',NULL,1,4,1,'Entregado','','Entrega a domicilio','2026-03-13 10:12:11','Normal','Consolidado','SI'),(51,'2026-03-16',NULL,1,4,1,'Entregado','','Entrega a domicilio','2026-03-16 09:07:48','Normal','Consolidado','SI'),(52,'2026-03-17',NULL,1,4,1,'Entregado','','Entrega a domicilio','2026-03-17 10:08:43','Normal','Consolidado','SI'),(53,'2026-03-18',NULL,1,4,1,'Entregado','','Entrega a domicilio','2026-03-18 09:42:45','Bajo','Consolidado','SI'),(54,'2026-03-19',NULL,1,4,1,'Entregado','','Entrega a domicilio','2026-03-19 08:43:20','Normal','Consolidado','SI'),(55,'2026-03-20',NULL,1,4,1,'Entregado','primer','Entrega a domicilio','2026-03-20 08:45:53','Normal','Consolidado','SI'),(56,'2026-03-20',11,1,NULL,1,'Pendiente','primeramente ','Entrega a domicilio','2026-03-20 08:59:13','Normal','Individual','NO'),(57,'2026-03-23',NULL,1,4,1,'Entregado','','Entrega a domicilio','2026-03-23 08:49:31','Normal','Consolidado','SI'),(58,'2026-03-24',NULL,1,4,1,'Entregado','','Entrega a domicilio','2026-03-24 08:34:05','Normal','Consolidado','SI'),(59,'2026-03-27',NULL,1,4,1,'Entregado','','Entrega a domicilio','2026-03-27 10:23:19','Normal','Consolidado','SI'),(60,'2026-03-30',NULL,1,4,1,'Entregado','','Entrega a domicilio','2026-03-30 09:13:45','Normal','Consolidado','SI'),(61,'2026-03-31',NULL,1,4,1,'Entregado','','Entrega a domicilio','2026-03-31 09:09:10','Normal','Consolidado','SI'),(62,'2026-03-31',NULL,1,4,1,'Pendiente','','Entrega a domicilio','2026-03-31 14:29:21','Normal','Consolidado','SI'),(63,'2026-03-31',NULL,1,4,1,'Entregado','','Entrega a domicilio','2026-03-31 14:30:19','Normal','Consolidado','SI'),(64,'2026-03-31',NULL,1,4,1,'Cancelado','','Entrega a domicilio','2026-03-31 14:56:15','Normal','Consolidado','SI'),(65,'2026-03-31',NULL,1,4,1,'Pendiente','','Entrega a domicilio','2026-03-31 14:58:59','Normal','Consolidado','SI'),(66,'2026-03-31',NULL,1,4,1,'Entregado','','Entrega a domicilio','2026-03-31 15:19:08','Normal','Consolidado','SI'),(67,'2026-03-31',NULL,1,4,1,'Entregado','','Entrega a domicilio','2026-03-31 15:30:22','Normal','Consolidado','SI'),(68,'2026-04-01',NULL,1,4,1,'Entregado','','Entrega a domicilio','2026-04-01 08:29:21','Normal','Consolidado','SI'),(69,'2026-04-04',NULL,1,4,1,'Entregado','','Entrega a domicilio','2026-04-04 08:42:18','Normal','Consolidado','SI'),(70,'2026-04-13',NULL,1,4,1,'Entregado','','Entrega a domicilio','2026-04-13 09:04:27','Normal','Consolidado','SI'),(71,'2026-04-16',NULL,1,4,1,'Pendiente','','Entrega a domicilio','2026-04-16 08:34:31','Normal','Consolidado','SI'),(72,'2026-04-16',NULL,1,4,1,'Entregado','','Entrega a domicilio','2026-04-16 08:59:22','Normal','Consolidado','SI'),(73,'2026-04-17',NULL,1,1,1,'Entregado','','Entrega a domicilio','2026-04-17 15:54:07','Normal','Consolidado','SI'),(74,'2026-04-20',2,1,NULL,1,'Entregado','','Entrega a domicilio','2026-04-20 09:33:05','Normal','Individual','NO'),(75,'2026-05-07',5,1,NULL,1,'Aprobado','','Retiro en local','2026-05-07 09:14:57','Normal','Individual','NO');
/*!40000 ALTER TABLE `pedidos` ENABLE KEYS */;
UNLOCK TABLES;

--
-- Table structure for table `pedidos_consolidados_productos`
--

DROP TABLE IF EXISTS `pedidos_consolidados_productos`;
/*!40101 SET @saved_cs_client     = @@character_set_client */;
/*!50503 SET character_set_client = utf8mb4 */;
CREATE TABLE `pedidos_consolidados_productos` (
  `ID_Pedido_Consolidado_Producto` int NOT NULL AUTO_INCREMENT,
  `ID_Pedido` int NOT NULL,
  `ID_Producto` int NOT NULL,
  `Cantidad_Total` decimal(12,2) NOT NULL,
  `Fecha_Creacion` datetime DEFAULT CURRENT_TIMESTAMP,
  `ID_Usuario_Creacion` int DEFAULT NULL,
  PRIMARY KEY (`ID_Pedido_Consolidado_Producto`),
  UNIQUE KEY `unique_pedido_producto` (`ID_Pedido`,`ID_Producto`),
  KEY `ID_Pedido` (`ID_Pedido`),
  KEY `ID_Producto` (`ID_Producto`),
  KEY `ID_Usuario_Creacion` (`ID_Usuario_Creacion`),
  CONSTRAINT `pedidos_consolidados_productos_ibfk_1` FOREIGN KEY (`ID_Pedido`) REFERENCES `pedidos` (`ID_Pedido`) ON DELETE CASCADE,
  CONSTRAINT `pedidos_consolidados_productos_ibfk_2` FOREIGN KEY (`ID_Producto`) REFERENCES `productos` (`ID_Producto`),
  CONSTRAINT `pedidos_consolidados_productos_ibfk_3` FOREIGN KEY (`ID_Usuario_Creacion`) REFERENCES `usuarios` (`ID_Usuario`)
) ENGINE=InnoDB AUTO_INCREMENT=131 DEFAULT CHARSET=utf8mb4 COLLATE=utf8mb4_0900_ai_ci;
/*!40101 SET character_set_client = @saved_cs_client */;

--
-- Dumping data for table `pedidos_consolidados_productos`
--

LOCK TABLES `pedidos_consolidados_productos` WRITE;
/*!40000 ALTER TABLE `pedidos_consolidados_productos` DISABLE KEYS */;
INSERT INTO `pedidos_consolidados_productos` VALUES (1,23,5,10.00,'2026-02-12 11:19:31',1),(2,23,7,10.00,'2026-02-12 11:19:31',1),(3,24,7,10.00,'2026-02-12 11:30:35',1),(4,25,7,10.00,'2026-02-12 11:58:48',1),(5,25,10,10.00,'2026-02-12 11:58:48',1),(6,25,2,10.00,'2026-02-12 11:58:48',1),(7,25,16,10.00,'2026-02-12 11:58:48',1),(8,27,5,4.00,'2026-02-13 10:37:41',1),(9,27,7,3.00,'2026-02-13 10:37:41',1),(10,27,10,3.00,'2026-02-13 10:37:41',1),(11,27,2,4.00,'2026-02-13 10:37:41',1),(12,28,5,1.00,'2026-02-13 10:38:43',1),(13,28,2,1.00,'2026-02-13 10:38:43',1),(29,33,7,1.00,'2026-02-19 11:44:21',1),(30,33,10,1.00,'2026-02-19 11:44:21',1),(50,39,2,0.01,'2026-02-27 09:26:44',1),(113,62,7,100.00,'2026-03-31 14:29:21',1),(116,64,16,60.00,'2026-03-31 14:56:15',1),(117,65,16,100.00,'2026-03-31 14:58:59',1),(125,71,5,100.00,'2026-04-16 08:34:31',1),(126,71,10,100.00,'2026-04-16 08:34:31',1),(127,71,3,100.00,'2026-04-16 08:34:31',1);
/*!40000 ALTER TABLE `pedidos_consolidados_productos` ENABLE KEYS */;
UNLOCK TABLES;

--
-- Table structure for table `productos`
--

DROP TABLE IF EXISTS `productos`;
/*!40101 SET @saved_cs_client     = @@character_set_client */;
/*!50503 SET character_set_client = utf8mb4 */;
CREATE TABLE `productos` (
  `ID_Producto` int NOT NULL AUTO_INCREMENT,
  `COD_Producto` varchar(100) DEFAULT NULL,
  `Descripcion` varchar(255) NOT NULL,
  `Unidad_Medida` int DEFAULT NULL,
  `Estado` enum('activo','inactivo') DEFAULT 'activo',
  `ID_Categoria` int DEFAULT NULL,
  `Precio_Mercado` decimal(12,2) DEFAULT NULL,
  `Precio_Mayorista` decimal(12,2) DEFAULT NULL,
  `Precio_Ruta` decimal(12,2) DEFAULT NULL,
  `ID_Empresa` int DEFAULT NULL,
  `Fecha_Creacion` datetime DEFAULT CURRENT_TIMESTAMP,
  `Usuario_Creador` int DEFAULT NULL,
  `Stock_Minimo` decimal(12,2) DEFAULT '5.00',
  PRIMARY KEY (`ID_Producto`),
  KEY `Unidad_Medida` (`Unidad_Medida`),
  KEY `ID_Categoria` (`ID_Categoria`),
  KEY `ID_Empresa` (`ID_Empresa`),
  KEY `Usuario_Creador` (`Usuario_Creador`),
  CONSTRAINT `productos_ibfk_1` FOREIGN KEY (`Unidad_Medida`) REFERENCES `unidades_medida` (`ID_Unidad`),
  CONSTRAINT `productos_ibfk_2` FOREIGN KEY (`ID_Categoria`) REFERENCES `categorias_producto` (`ID_Categoria`),
  CONSTRAINT `productos_ibfk_3` FOREIGN KEY (`ID_Empresa`) REFERENCES `empresa` (`ID_Empresa`),
  CONSTRAINT `productos_ibfk_4` FOREIGN KEY (`Usuario_Creador`) REFERENCES `usuarios` (`ID_Usuario`)
) ENGINE=InnoDB AUTO_INCREMENT=20 DEFAULT CHARSET=utf8mb4 COLLATE=utf8mb4_0900_ai_ci;
/*!40101 SET character_set_client = @saved_cs_client */;

--
-- Dumping data for table `productos`
--

LOCK TABLES `productos` WRITE;
/*!40000 ALTER TABLE `productos` DISABLE KEYS */;
INSERT INTO `productos` VALUES (1,'HV-0001','Extra Grande Rojo',7,'',1,180.00,NULL,NULL,1,'2025-11-12 11:46:48',1,150.00),(2,'HV-0002','Grande Rojo',7,'activo',1,190.00,175.00,190.00,1,'2025-11-13 09:44:50',1,150.00),(3,'HV-0003','Mediano Rojo',7,'activo',1,180.00,165.00,180.00,1,'2025-11-13 22:33:45',1,100.00),(4,'HV-0004','Pequeño Rojo',7,'',1,140.00,NULL,NULL,1,'2025-11-13 23:08:12',1,150.00),(5,'HV-0005','Extra Grande Blanco',7,'activo',1,200.00,170.00,190.00,1,'2025-11-15 11:35:51',1,100.00),(6,'ALM-0008','Postura Max',2,'',4,1200.00,NULL,NULL,1,'2025-11-24 18:06:45',1,10.00),(7,'HV-0010','Extra Grande Rojo',7,'activo',1,200.00,175.00,190.00,1,'2025-11-25 11:31:07',1,20.00),(8,'HV-009','Pequeño quebrado',7,'activo',1,160.00,145.00,165.00,1,'2025-12-03 16:07:08',1,100.00),(9,'ALM-0011','Postura Max',2,'inactivo',4,1500.00,NULL,NULL,1,'2025-12-03 23:46:50',1,200.00),(10,'HV-0011','Grande Blanco',7,'activo',1,190.00,165.00,185.00,1,'2026-01-06 13:49:10',1,100.00),(11,'ME-0001','Separadores',1,'activo',7,3.50,NULL,NULL,1,'2026-01-07 09:28:44',1,2500.00),(12,'ALIM-0001','Jaula pro',11,'activo',4,1250.00,0.00,0.00,1,'2026-01-07 14:19:43',1,10.00),(13,'SCO-0001','Granza',10,'activo',11,70.00,NULL,NULL,1,'2026-01-14 14:40:44',1,50.00),(14,'ALIM-0002','Iniciados Brouler',11,'activo',4,1070.00,1070.00,1070.00,1,'2026-01-16 14:53:14',1,10.00),(15,'GAZ-0001','Gallinaza',10,'activo',12,60.00,60.00,60.00,1,'2026-01-21 08:48:44',1,10.00),(16,'HV-0012','Mediano Blanco',7,'activo',1,185.00,155.00,175.00,1,'2026-01-23 13:50:43',1,100.00),(17,'ALIM-0003','Engorde Cerdo',11,'activo',4,1023.00,1023.00,1023.00,1,'2026-02-20 09:23:24',1,6.00),(18,'ALIM-0004','Engorde Cerdo Estandar',11,'activo',4,820.00,820.00,820.00,1,'2026-02-20 09:29:29',1,5.00),(19,'ALIM-0005','Desarrollo Cerdo',11,'activo',4,1030.00,1030.00,1030.00,1,'2026-02-20 09:30:10',1,5.00);
/*!40000 ALTER TABLE `productos` ENABLE KEYS */;
UNLOCK TABLES;

--
-- Table structure for table `proveedores`
--

DROP TABLE IF EXISTS `proveedores`;
/*!40101 SET @saved_cs_client     = @@character_set_client */;
/*!50503 SET character_set_client = utf8mb4 */;
CREATE TABLE `proveedores` (
  `ID_Proveedor` int NOT NULL AUTO_INCREMENT,
  `Nombre` varchar(255) NOT NULL,
  `Telefono` varchar(50) DEFAULT NULL,
  `Direccion` text,
  `RUC_CEDULA` varchar(50) DEFAULT NULL,
  `ID_Empresa` int DEFAULT NULL,
  `Estado` enum('ACTIVO','INACTIVO') DEFAULT 'ACTIVO',
  `Fecha_Creacion` datetime DEFAULT CURRENT_TIMESTAMP,
  `ID_Usuario_Creacion` int DEFAULT NULL,
  PRIMARY KEY (`ID_Proveedor`),
  KEY `ID_Empresa` (`ID_Empresa`),
  KEY `ID_Usuario_Creacion` (`ID_Usuario_Creacion`),
  CONSTRAINT `proveedores_ibfk_1` FOREIGN KEY (`ID_Empresa`) REFERENCES `empresa` (`ID_Empresa`),
  CONSTRAINT `proveedores_ibfk_2` FOREIGN KEY (`ID_Usuario_Creacion`) REFERENCES `usuarios` (`ID_Usuario`)
) ENGINE=InnoDB AUTO_INCREMENT=7 DEFAULT CHARSET=utf8mb4 COLLATE=utf8mb4_0900_ai_ci;
/*!40101 SET character_set_client = @saved_cs_client */;

--
-- Dumping data for table `proveedores`
--

LOCK TABLES `proveedores` WRITE;
/*!40000 ALTER TABLE `proveedores` DISABLE KEYS */;
INSERT INTO `proveedores` VALUES (1,'Huevos Barrancas','89562374','Nindiri, Masaya','E78522CS5544',1,'ACTIVO','2025-10-31 15:39:27',1),(2,'Granjero','89563214','nindire','',1,'ACTIVO','2025-11-23 20:07:05',1),(3,'Yema de Oro','85236974','sdfdfs','E78LK2635',1,'ACTIVO','2025-11-24 18:03:43',1),(4,'Cargill','12365478','Carretera Masaya Managua, los tanques','123654789A',1,'ACTIVO','2026-01-09 15:28:39',1),(5,'Monisa','56239874','Sepa la bola','78563',1,'ACTIVO','2026-02-20 09:18:00',1),(6,'Proveedores Varios','none','none','none',1,'ACTIVO','2026-05-06 10:58:27',1);
/*!40000 ALTER TABLE `proveedores` ENABLE KEYS */;
UNLOCK TABLES;

--
-- Table structure for table `roles`
--

DROP TABLE IF EXISTS `roles`;
/*!40101 SET @saved_cs_client     = @@character_set_client */;
/*!50503 SET character_set_client = utf8mb4 */;
CREATE TABLE `roles` (
  `ID_Rol` int NOT NULL AUTO_INCREMENT,
  `Nombre_Rol` varchar(255) NOT NULL,
  `Estado` enum('Activo','Inactivo') NOT NULL DEFAULT 'Activo',
  PRIMARY KEY (`ID_Rol`)
) ENGINE=InnoDB AUTO_INCREMENT=6 DEFAULT CHARSET=utf8mb4 COLLATE=utf8mb4_0900_ai_ci;
/*!40101 SET character_set_client = @saved_cs_client */;

--
-- Dumping data for table `roles`
--

LOCK TABLES `roles` WRITE;
/*!40000 ALTER TABLE `roles` DISABLE KEYS */;
INSERT INTO `roles` VALUES (1,'Administrador','Activo'),(2,'Jefe Galera','Activo'),(3,'Bodega','Activo'),(4,'Vendedor','Activo'),(5,'Conductor','Activo');
/*!40000 ALTER TABLE `roles` ENABLE KEYS */;
UNLOCK TABLES;

--
-- Table structure for table `rutas`
--

DROP TABLE IF EXISTS `rutas`;
/*!40101 SET @saved_cs_client     = @@character_set_client */;
/*!50503 SET character_set_client = utf8mb4 */;
CREATE TABLE `rutas` (
  `ID_Ruta` int NOT NULL AUTO_INCREMENT,
  `Nombre_Ruta` varchar(255) NOT NULL,
  `Descripcion` text,
  `ID_Empresa` int NOT NULL,
  `Estado` enum('Activa','Inactiva') DEFAULT 'Activa',
  `Fecha_Creacion` datetime DEFAULT CURRENT_TIMESTAMP,
  PRIMARY KEY (`ID_Ruta`),
  KEY `ID_Empresa` (`ID_Empresa`),
  CONSTRAINT `rutas_ibfk_1` FOREIGN KEY (`ID_Empresa`) REFERENCES `empresa` (`ID_Empresa`)
) ENGINE=InnoDB AUTO_INCREMENT=7 DEFAULT CHARSET=utf8mb4 COLLATE=utf8mb4_0900_ai_ci;
/*!40101 SET character_set_client = @saved_cs_client */;

--
-- Dumping data for table `rutas`
--

LOCK TABLES `rutas` WRITE;
/*!40000 ALTER TABLE `rutas` DISABLE KEYS */;
INSERT INTO `rutas` VALUES (1,'Granada','Cubre diriomo, diria, guanacaste y toda granada',1,'Activa','2026-01-29 10:29:28'),(2,'Managua','Managua',1,'Activa','2026-02-03 15:20:28'),(3,'Chinandega','Norte',1,'Activa','2026-02-03 15:25:11'),(4,'Diriomo','Diriomo y sus cercanos',1,'Activa','2026-02-04 10:32:45'),(5,'Chontales','ciudad de chontales',1,'Activa','2026-02-12 09:14:16'),(6,'Local','Viene al local',1,'Activa','2026-04-15 15:15:24');
/*!40000 ALTER TABLE `rutas` ENABLE KEYS */;
UNLOCK TABLES;

--
-- Table structure for table `subcategorias_gasto`
--

DROP TABLE IF EXISTS `subcategorias_gasto`;
/*!40101 SET @saved_cs_client     = @@character_set_client */;
/*!50503 SET character_set_client = utf8mb4 */;
CREATE TABLE `subcategorias_gasto` (
  `ID_Subcategoria` int NOT NULL AUTO_INCREMENT,
  `ID_Tipo_Gasto` int NOT NULL,
  `Nombre` varchar(50) NOT NULL,
  `Descripcion` text,
  `Estado` enum('Activo','Inactivo') DEFAULT 'Activo',
  PRIMARY KEY (`ID_Subcategoria`),
  KEY `ID_Tipo_Gasto` (`ID_Tipo_Gasto`),
  CONSTRAINT `fk_subcategoria_tipo_gasto` FOREIGN KEY (`ID_Tipo_Gasto`) REFERENCES `tipos_gasto` (`ID_Tipo_Gasto`)
) ENGINE=InnoDB AUTO_INCREMENT=10 DEFAULT CHARSET=utf8mb4 COLLATE=utf8mb4_0900_ai_ci;
/*!40101 SET character_set_client = @saved_cs_client */;

--
-- Dumping data for table `subcategorias_gasto`
--

LOCK TABLES `subcategorias_gasto` WRITE;
/*!40000 ALTER TABLE `subcategorias_gasto` DISABLE KEYS */;
INSERT INTO `subcategorias_gasto` VALUES (1,2,'Combustible',NULL,'Activo'),(2,2,'Mantenimiento Preventivo',NULL,'Activo'),(3,2,'Reparaciones',NULL,'Activo'),(4,2,'Llantas',NULL,'Activo'),(5,2,'Seguro',NULL,'Activo'),(6,1,'Energía Eléctrica',NULL,'Activo'),(7,1,'Agua',NULL,'Activo'),(8,1,'Internet',NULL,'Activo'),(9,1,'Teléfono',NULL,'Activo');
/*!40000 ALTER TABLE `subcategorias_gasto` ENABLE KEYS */;
UNLOCK TABLES;

--
-- Table structure for table `sucursales`
--

DROP TABLE IF EXISTS `sucursales`;
/*!40101 SET @saved_cs_client     = @@character_set_client */;
/*!50503 SET character_set_client = utf8mb4 */;
CREATE TABLE `sucursales` (
  `ID_Sucursal` int NOT NULL AUTO_INCREMENT,
  `ID_Cliente` int NOT NULL COMMENT 'Cliente dueño de la sucursal',
  `Nombre_Sucursal` varchar(255) NOT NULL,
  `Direccion` text,
  `Telefono` varchar(50) DEFAULT NULL,
  `Encargado` varchar(255) DEFAULT NULL,
  `Estado` enum('ACTIVO','INACTIVO') DEFAULT 'ACTIVO',
  `Fecha_Creacion` datetime DEFAULT CURRENT_TIMESTAMP,
  PRIMARY KEY (`ID_Sucursal`),
  KEY `ID_Cliente` (`ID_Cliente`),
  CONSTRAINT `sucursales_ibfk_1` FOREIGN KEY (`ID_Cliente`) REFERENCES `clientes` (`ID_Cliente`) ON DELETE CASCADE
) ENGINE=InnoDB AUTO_INCREMENT=6 DEFAULT CHARSET=utf8mb4 COLLATE=utf8mb4_0900_ai_ci;
/*!40101 SET character_set_client = @saved_cs_client */;

--
-- Dumping data for table `sucursales`
--

LOCK TABLES `sucursales` WRITE;
/*!40000 ALTER TABLE `sucursales` DISABLE KEYS */;
INSERT INTO `sucursales` VALUES (1,13,'VENTA NUEVA NIQUINOHOMO','EL CALVARIO','789563214','WILLIAM RAMOS','ACTIVO','2026-04-06 14:04:52'),(2,13,'VENTA NUEVA GUANACASTE','Rotonda el guanacaste','895623','EDDY PEREZ','ACTIVO','2026-04-06 14:07:26'),(3,13,'VENTA NUEVA DIRIOMO','yesyes','78963652','JOSELING MENDEZ','ACTIVO','2026-04-07 15:00:15'),(4,2,'TIENDA UNO','simon','84757408','PINKY','ACTIVO','2026-04-08 14:52:52'),(5,2,'TIENDA DOS','LALALAL','89741236','AMOROSO','ACTIVO','2026-04-08 15:00:31');
/*!40000 ALTER TABLE `sucursales` ENABLE KEYS */;
UNLOCK TABLES;

--
-- Table structure for table `tipos_gasto`
--

DROP TABLE IF EXISTS `tipos_gasto`;
/*!40101 SET @saved_cs_client     = @@character_set_client */;
/*!50503 SET character_set_client = utf8mb4 */;
CREATE TABLE `tipos_gasto` (
  `ID_Tipo_Gasto` int NOT NULL AUTO_INCREMENT,
  `Nombre` varchar(50) NOT NULL,
  `Descripcion` text,
  `Origen` enum('INVENTARIO','GASTO_DIRECTO') DEFAULT 'GASTO_DIRECTO',
  `ID_Categoria_Inventario` int DEFAULT NULL,
  `Estado` enum('Activo','Inactivo') DEFAULT 'Activo',
  `ID_Empresa` int DEFAULT NULL,
  PRIMARY KEY (`ID_Tipo_Gasto`),
  KEY `ID_Categoria_Inventario` (`ID_Categoria_Inventario`),
  KEY `ID_Empresa` (`ID_Empresa`),
  CONSTRAINT `fk_tipos_gasto_categoria_inv` FOREIGN KEY (`ID_Categoria_Inventario`) REFERENCES `categorias_producto` (`ID_Categoria`)
) ENGINE=InnoDB AUTO_INCREMENT=9 DEFAULT CHARSET=utf8mb4 COLLATE=utf8mb4_0900_ai_ci;
/*!40101 SET character_set_client = @saved_cs_client */;

--
-- Dumping data for table `tipos_gasto`
--

LOCK TABLES `tipos_gasto` WRITE;
/*!40000 ALTER TABLE `tipos_gasto` DISABLE KEYS */;
INSERT INTO `tipos_gasto` VALUES (1,'Servicios Públicos','Pago de luz, agua, internet, teléfono','GASTO_DIRECTO',NULL,'Activo',1),(2,'Vehículos','Mantenimiento, combustible, reparaciones','GASTO_DIRECTO',NULL,'Activo',1),(3,'Mantenimiento','Mantenimiento de instalaciones y equipos','GASTO_DIRECTO',NULL,'Activo',1),(4,'Papelería','Compra de útiles de oficina','GASTO_DIRECTO',NULL,'Activo',1),(5,'Concentrados','Compra de concentrados para animales','INVENTARIO',1,'Activo',1),(6,'Huevos','Compra de cajillas de huevos','INVENTARIO',2,'Activo',1),(7,'Medicinas','Compra de medicinas y vacunas','INVENTARIO',3,'Activo',1),(8,'Equipos','Compra de equipos y herramientas','INVENTARIO',4,'Activo',1);
/*!40000 ALTER TABLE `tipos_gasto` ENABLE KEYS */;
UNLOCK TABLES;

--
-- Table structure for table `unidades_medida`
--

DROP TABLE IF EXISTS `unidades_medida`;
/*!40101 SET @saved_cs_client     = @@character_set_client */;
/*!50503 SET character_set_client = utf8mb4 */;
CREATE TABLE `unidades_medida` (
  `ID_Unidad` int NOT NULL AUTO_INCREMENT,
  `Descripcion` varchar(255) NOT NULL,
  `Abreviatura` varchar(50) DEFAULT NULL,
  PRIMARY KEY (`ID_Unidad`),
  UNIQUE KEY `uc_descripcion` (`Descripcion`),
  UNIQUE KEY `uc_abreviatura` (`Abreviatura`)
) ENGINE=InnoDB AUTO_INCREMENT=12 DEFAULT CHARSET=utf8mb4 COLLATE=utf8mb4_0900_ai_ci;
/*!40101 SET character_set_client = @saved_cs_client */;

--
-- Dumping data for table `unidades_medida`
--

LOCK TABLES `unidades_medida` WRITE;
/*!40000 ALTER TABLE `unidades_medida` DISABLE KEYS */;
INSERT INTO `unidades_medida` VALUES (1,'Unidad','UND'),(2,'Kilogramo','KG'),(3,'Gramo','GR'),(4,'Litro','LT'),(5,'Metro','MT'),(6,'Caja','CJA'),(7,'Cajilla','CJI'),(8,'Paquete','PAQ'),(9,'Docena','DOC'),(10,'Saco','SAC'),(11,'Quintal','QQ');
/*!40000 ALTER TABLE `unidades_medida` ENABLE KEYS */;
UNLOCK TABLES;

--
-- Table structure for table `usuarios`
--

DROP TABLE IF EXISTS `usuarios`;
/*!40101 SET @saved_cs_client     = @@character_set_client */;
/*!50503 SET character_set_client = utf8mb4 */;
CREATE TABLE `usuarios` (
  `ID_Usuario` int NOT NULL AUTO_INCREMENT,
  `NombreUsuario` varchar(255) NOT NULL,
  `Contraseña` varchar(255) NOT NULL,
  `ID_Rol` int DEFAULT NULL,
  `Estado` enum('ACTIVO','INACTIVO','BLOQUEADO','PENDIENTE') DEFAULT 'ACTIVO',
  `Fecha_Creacion` date DEFAULT (curdate()),
  `ID_Empresa` int NOT NULL,
  PRIMARY KEY (`ID_Usuario`),
  UNIQUE KEY `NombreUsuario` (`NombreUsuario`),
  KEY `ID_Rol` (`ID_Rol`),
  KEY `ID_Empresa` (`ID_Empresa`),
  CONSTRAINT `usuarios_ibfk_1` FOREIGN KEY (`ID_Rol`) REFERENCES `roles` (`ID_Rol`),
  CONSTRAINT `usuarios_ibfk_2` FOREIGN KEY (`ID_Empresa`) REFERENCES `empresa` (`ID_Empresa`)
) ENGINE=InnoDB AUTO_INCREMENT=15 DEFAULT CHARSET=utf8mb4 COLLATE=utf8mb4_0900_ai_ci;
/*!40101 SET character_set_client = @saved_cs_client */;

--
-- Dumping data for table `usuarios`
--

LOCK TABLES `usuarios` WRITE;
/*!40000 ALTER TABLE `usuarios` DISABLE KEYS */;
INSERT INTO `usuarios` VALUES (1,'Admin','scrypt:32768:8:1$YE2ZlcfqKZeVGLJd$ad87b14a145187f6aefa8e9e4c74e89108c49bb66e1bcf9c8417d8b8e9b32abf45424f7a51aaac88d9b843c5974de619de21ed6ea54a1d02c01e0728209bb3b0',1,'ACTIVO','2025-08-16',1),(2,'Fared','scrypt:32768:8:1$21ZDaZnJ2lWHoaBV$463b89c4c7ea52e6360c39d03256c4257052c7198548f0d05a2da8135c40fb161e6db8fc1573e844ee154cdd1c0835220af16309f1881f6d6d7e5bc646606476',3,'ACTIVO','2025-10-27',1),(3,'Fared@Avicola.com','scrypt:32768:8:1$o1tSL5Ky4vnr2Yx5$460a64da290850a0f915b55cb58587f4a251d46d3be44d2c12e0a7eded968ebd0bbe440512c263b60317fab5206d885d6e63f11556c802bd4d162101a9312926',1,'BLOQUEADO','2025-12-10',1),(4,'Fared_Delgado','scrypt:32768:8:1$MxpprIGUgAzVvSj2$6ace7059c74f5c485bc7a9cf36693b182101bde13bedd7650b4a7bfd40227c9b1fc1a092db306108a9f4c8da776d6a9446f8299db397b1c0b6cf4097867abf72',1,'BLOQUEADO','2025-12-12',1),(6,'Jahir','scrypt:32768:8:1$WdLWkdlDTN67K1bs$a4132767197dd56be6b721eb20e91fdf8b13400d238dcb9fc5b06fdbc3701166aeca488f83743ea4ba0157f626156a045cc1491b99c90b7d23d45bfc0acbd333',4,'ACTIVO','2025-12-26',1),(7,'Juan','scrypt:32768:8:1$TpVn5B9xoCdXoiu4$cd2186b8e14cc5162064477396e25475e8cc43669b87783da2f9251d06caf58b71d1f4269a27cc3ff263d38454b6c0115a12dc5bd4927025b9249170f12fc16c',4,'ACTIVO','2025-12-30',1),(8,'Jenny','scrypt:32768:8:1$wGCym2oJcDOpF5Ga$cb13756e0510613caef6652c3af2aab53b1df44892c18fceebdebec5aeca8468db640f034990eb6cfef43ad4d228f7d769a4749b039ac85df1f79e21c7908cd8',3,'ACTIVO','2026-01-17',1),(9,'Yeri','scrypt:32768:8:1$ms4DARbdoZvsXMJX$8232013441240a709c060e18826791035f081eb3a23f415a965d448bdeb4b1fa365a03ead18db4e3f4292a8ec7d2a3c6d8a2286df6d9f4c1943477223d5b7d9d',4,'ACTIVO','2026-01-24',1),(10,'Marlon','scrypt:32768:8:1$kdLRonyTmd8BZ4Th$e2aef17d5870579554e49aa19788fe2a8d4808d681a81005396189f93f1bd2b2e60fc4095997a78cdd9d9be18851796728e3fae1fa918aaf78429eae18be3cd1',5,'ACTIVO','2026-01-29',1),(11,'Gerald','scrypt:32768:8:1$ylooT8CW1ktcZ0dO$15cb1f8b5ba7b8ea1a8dddc4c86f28fd73539da6423bcaf2fa276d9256ba1a1666eea516e39b3e641f43dd6dbae6c74be6f2880a37a070f2761f6262eb2f0d11',4,'ACTIVO','2026-02-03',1),(12,'Pablo','scrypt:32768:8:1$MpcR4AAxaALjywUX$4a2e7588ab5815ae9d143f02c5defef7950c535f8381e064e48e0c99f0dfcd6b9f1d5e19a91a7dc54b11393ba857c7e1b235c65780d58bbba3b263f4f37fb311',4,'ACTIVO','2026-02-04',1),(13,'Gabriel','scrypt:32768:8:1$LC1na6DQRMLHKnTZ$9c02a3ca1a6fa76e812565f4ff87c0995ad74f8d6b1d9fb7d0b2d02c34cf8a72c4b76ff7cbe32da0fb3e025d0534bde7176e76292e5573c1df2c838c34a00d52',4,'ACTIVO','2026-03-20',1);
/*!40000 ALTER TABLE `usuarios` ENABLE KEYS */;
UNLOCK TABLES;

--
-- Table structure for table `vehiculos`
--

DROP TABLE IF EXISTS `vehiculos`;
/*!40101 SET @saved_cs_client     = @@character_set_client */;
/*!50503 SET character_set_client = utf8mb4 */;
CREATE TABLE `vehiculos` (
  `ID_Vehiculo` int NOT NULL AUTO_INCREMENT,
  `Placa` varchar(20) NOT NULL,
  `Marca` varchar(100) DEFAULT NULL,
  `Modelo` varchar(100) DEFAULT NULL,
  `Anio` year DEFAULT NULL,
  `Estado` enum('Disponible','En Ruta','Mantenimiento','Inactivo') DEFAULT 'Disponible',
  `ID_Empresa` int NOT NULL,
  `Fecha_Creacion` datetime DEFAULT CURRENT_TIMESTAMP,
  `Fecha_Vencimiento_Seguro` date DEFAULT NULL COMMENT 'Fecha de vencimiento del seguro del vehículo',
  `Tipo_Combustible` enum('Gasolina','Diesel') NOT NULL DEFAULT 'Gasolina',
  PRIMARY KEY (`ID_Vehiculo`),
  UNIQUE KEY `uc_placa_empresa` (`Placa`,`ID_Empresa`),
  KEY `ID_Empresa` (`ID_Empresa`),
  CONSTRAINT `vehiculos_ibfk_1` FOREIGN KEY (`ID_Empresa`) REFERENCES `empresa` (`ID_Empresa`)
) ENGINE=InnoDB AUTO_INCREMENT=5 DEFAULT CHARSET=utf8mb4 COLLATE=utf8mb4_0900_ai_ci;
/*!40101 SET character_set_client = @saved_cs_client */;

--
-- Dumping data for table `vehiculos`
--

LOCK TABLES `vehiculos` WRITE;
/*!40000 ALTER TABLE `vehiculos` DISABLE KEYS */;
INSERT INTO `vehiculos` VALUES (1,'GR 123678','Nissan','Patrol',2000,'En Ruta',1,'2026-01-29 14:09:18','2026-10-27','Gasolina'),(2,'MY-789523','Mitsubishi','Lancer',2000,'Disponible',1,'2026-01-30 08:36:59','2026-08-28','Gasolina'),(3,'GR-782541','Toyota ','HIACE',2012,'Disponible',1,'2026-02-03 15:30:47','2026-06-26','Gasolina'),(4,'MY-369852','Hyundai','Cross',2015,'Disponible',1,'2026-02-04 10:33:42','2026-05-30','Gasolina');
/*!40000 ALTER TABLE `vehiculos` ENABLE KEYS */;
UNLOCK TABLES;

--
-- Temporary view structure for view `vista_gastos_unificados`
--

DROP TABLE IF EXISTS `vista_gastos_unificados`;
/*!50001 DROP VIEW IF EXISTS `vista_gastos_unificados`*/;
SET @saved_cs_client     = @@character_set_client;
/*!50503 SET character_set_client = utf8mb4 */;
/*!50001 CREATE VIEW `vista_gastos_unificados` AS SELECT 
 1 AS `origen`,
 1 AS `id_tipo`,
 1 AS `tipo_gasto`,
 1 AS `subcategoria`,
 1 AS `Fecha`,
 1 AS `monto`,
 1 AS `factura`,
 1 AS `proveedor`,
 1 AS `id_proveedor`,
 1 AS `vehiculo`,
 1 AS `ID_Empresa`,
 1 AS `Estado`,
 1 AS `id_gasto`,
 1 AS `id_categoria_inv`*/;
SET character_set_client = @saved_cs_client;

--
-- Temporary view structure for view `vista_kardex_productos`
--

DROP TABLE IF EXISTS `vista_kardex_productos`;
/*!50001 DROP VIEW IF EXISTS `vista_kardex_productos`*/;
SET @saved_cs_client     = @@character_set_client;
/*!50503 SET character_set_client = utf8mb4 */;
/*!50001 CREATE VIEW `vista_kardex_productos` AS SELECT 
 1 AS `ID_Producto`,
 1 AS `COD_Producto`,
 1 AS `Producto`,
 1 AS `Categoria`,
 1 AS `Unidad_Medida`,
 1 AS `Abreviatura`,
 1 AS `Bodega`,
 1 AS `Stock_Actual`,
 1 AS `Stock_Minimo`,
 1 AS `Salidas_Mes`,
 1 AS `Entradas_Mes`*/;
SET character_set_client = @saved_cs_client;

--
-- Temporary view structure for view `vw_entradas_inventario`
--

DROP TABLE IF EXISTS `vw_entradas_inventario`;
/*!50001 DROP VIEW IF EXISTS `vw_entradas_inventario`*/;
SET @saved_cs_client     = @@character_set_client;
/*!50503 SET character_set_client = utf8mb4 */;
/*!50001 CREATE VIEW `vw_entradas_inventario` AS SELECT 
 1 AS `ID_Movimiento`,
 1 AS `Fecha`,
 1 AS `ID_TipoMovimiento`,
 1 AS `Tipo_Movimiento`,
 1 AS `Letra`,
 1 AS `N_Factura_Externa`,
 1 AS `ID_Proveedor`,
 1 AS `Proveedor`,
 1 AS `Tipo_Compra`,
 1 AS `ID_Bodega`,
 1 AS `Bodega`,
 1 AS `ID_Producto`,
 1 AS `Codigo_Producto`,
 1 AS `Producto`,
 1 AS `Cantidad`,
 1 AS `Costo_Unitario`,
 1 AS `Precio_Unitario`,
 1 AS `Subtotal`,
 1 AS `Estado`*/;
SET character_set_client = @saved_cs_client;

--
-- Dumping events for database 'db_ferdel'
--

--
-- Dumping routines for database 'db_ferdel'
--

--
-- Final view structure for view `vista_gastos_unificados`
--

/*!50001 DROP VIEW IF EXISTS `vista_gastos_unificados`*/;
/*!50001 SET @saved_cs_client          = @@character_set_client */;
/*!50001 SET @saved_cs_results         = @@character_set_results */;
/*!50001 SET @saved_col_connection     = @@collation_connection */;
/*!50001 SET character_set_client      = utf8mb4 */;
/*!50001 SET character_set_results     = utf8mb4 */;
/*!50001 SET collation_connection      = utf8mb4_0900_ai_ci */;
/*!50001 CREATE ALGORITHM=UNDEFINED */
/*!50013 DEFINER=`root`@`localhost` SQL SECURITY DEFINER */
/*!50001 VIEW `vista_gastos_unificados` AS select 'INVENTARIO' AS `origen`,`cp`.`ID_Categoria` AS `id_tipo`,`cp`.`Descripcion` AS `tipo_gasto`,NULL AS `subcategoria`,`mi`.`Fecha` AS `Fecha`,coalesce(sum((`dmi`.`Cantidad` * `dmi`.`Costo_Unitario`)),0) AS `monto`,`mi`.`N_Factura_Externa` AS `factura`,`pr`.`Nombre` AS `proveedor`,`pr`.`ID_Proveedor` AS `id_proveedor`,NULL AS `vehiculo`,`mi`.`ID_Empresa` AS `ID_Empresa`,`mi`.`Estado` AS `Estado`,`mi`.`ID_Movimiento` AS `id_gasto`,NULL AS `id_categoria_inv` from ((((`movimientos_inventario` `mi` join `detalle_movimientos_inventario` `dmi` on((`mi`.`ID_Movimiento` = `dmi`.`ID_Movimiento`))) join `productos` `p` on((`dmi`.`ID_Producto` = `p`.`ID_Producto`))) join `categorias_producto` `cp` on((`p`.`ID_Categoria` = `cp`.`ID_Categoria`))) left join `proveedores` `pr` on((`mi`.`ID_Proveedor` = `pr`.`ID_Proveedor`))) where ((`mi`.`ID_TipoMovimiento` = 1) and (`mi`.`Estado` = 'Activa')) group by `cp`.`ID_Categoria`,`cp`.`Descripcion`,`mi`.`Fecha`,`mi`.`N_Factura_Externa`,`pr`.`Nombre`,`pr`.`ID_Proveedor`,`mi`.`ID_Empresa`,`mi`.`Estado`,`mi`.`ID_Movimiento` union all select 'GASTO_DIRECTO' AS `origen`,`tg`.`ID_Tipo_Gasto` AS `id_tipo`,`tg`.`Nombre` AS `tipo_gasto`,`sg`.`Nombre` AS `subcategoria`,`gg`.`Fecha` AS `Fecha`,coalesce(`gg`.`Monto`,0) AS `monto`,`gg`.`N_Factura` AS `factura`,`pr`.`Nombre` AS `proveedor`,`pr`.`ID_Proveedor` AS `id_proveedor`,`v`.`Placa` AS `vehiculo`,`gg`.`ID_Empresa` AS `ID_Empresa`,`gg`.`Estado` AS `Estado`,`gg`.`ID_Gasto` AS `id_gasto`,NULL AS `id_categoria_inv` from ((((`gastos_generales` `gg` join `tipos_gasto` `tg` on((`gg`.`ID_Tipo_Gasto` = `tg`.`ID_Tipo_Gasto`))) left join `subcategorias_gasto` `sg` on((`gg`.`ID_Subcategoria` = `sg`.`ID_Subcategoria`))) left join `proveedores` `pr` on((`gg`.`ID_Proveedor` = `pr`.`ID_Proveedor`))) left join `vehiculos` `v` on((`gg`.`ID_Vehiculo` = `v`.`ID_Vehiculo`))) where (`gg`.`Estado` = 'Activo') */;
/*!50001 SET character_set_client      = @saved_cs_client */;
/*!50001 SET character_set_results     = @saved_cs_results */;
/*!50001 SET collation_connection      = @saved_col_connection */;

--
-- Final view structure for view `vista_kardex_productos`
--

/*!50001 DROP VIEW IF EXISTS `vista_kardex_productos`*/;
/*!50001 SET @saved_cs_client          = @@character_set_client */;
/*!50001 SET @saved_cs_results         = @@character_set_results */;
/*!50001 SET @saved_col_connection     = @@collation_connection */;
/*!50001 SET character_set_client      = utf8mb4 */;
/*!50001 SET character_set_results     = utf8mb4 */;
/*!50001 SET collation_connection      = utf8mb4_0900_ai_ci */;
/*!50001 CREATE ALGORITHM=UNDEFINED */
/*!50013 DEFINER=`root`@`localhost` SQL SECURITY DEFINER */
/*!50001 VIEW `vista_kardex_productos` AS select `p`.`ID_Producto` AS `ID_Producto`,`p`.`COD_Producto` AS `COD_Producto`,`p`.`Descripcion` AS `Producto`,`cp`.`Descripcion` AS `Categoria`,`um`.`Descripcion` AS `Unidad_Medida`,`um`.`Abreviatura` AS `Abreviatura`,`b`.`Nombre` AS `Bodega`,`ib`.`Existencias` AS `Stock_Actual`,`p`.`Stock_Minimo` AS `Stock_Minimo`,(select sum(`dmi2`.`Cantidad`) from ((`detalle_movimientos_inventario` `dmi2` join `movimientos_inventario` `mi2` on((`dmi2`.`ID_Movimiento` = `mi2`.`ID_Movimiento`))) join `catalogo_movimientos` `cm2` on((`mi2`.`ID_TipoMovimiento` = `cm2`.`ID_TipoMovimiento`))) where ((`dmi2`.`ID_Producto` = `p`.`ID_Producto`) and (`mi2`.`Estado` = 'Activa') and (`mi2`.`ID_Bodega` = `b`.`ID_Bodega`) and ((`cm2`.`Adicion` = 'RESTA') or (`cm2`.`Letra` = 'S')) and (month(`mi2`.`Fecha`) = month(curdate())) and (year(`mi2`.`Fecha`) = year(curdate())))) AS `Salidas_Mes`,(select sum(`dmi2`.`Cantidad`) from ((`detalle_movimientos_inventario` `dmi2` join `movimientos_inventario` `mi2` on((`dmi2`.`ID_Movimiento` = `mi2`.`ID_Movimiento`))) join `catalogo_movimientos` `cm2` on((`mi2`.`ID_TipoMovimiento` = `cm2`.`ID_TipoMovimiento`))) where ((`dmi2`.`ID_Producto` = `p`.`ID_Producto`) and (`mi2`.`Estado` = 'Activa') and (`mi2`.`ID_Bodega` = `b`.`ID_Bodega`) and (`cm2`.`Letra` = 'E') and (month(`mi2`.`Fecha`) = month(curdate())) and (year(`mi2`.`Fecha`) = year(curdate())))) AS `Entradas_Mes` from ((((`productos` `p` join `categorias_producto` `cp` on((`p`.`ID_Categoria` = `cp`.`ID_Categoria`))) join `unidades_medida` `um` on((`p`.`Unidad_Medida` = `um`.`ID_Unidad`))) join `inventario_bodega` `ib` on((`p`.`ID_Producto` = `ib`.`ID_Producto`))) join `bodegas` `b` on((`ib`.`ID_Bodega` = `b`.`ID_Bodega`))) where (`p`.`Estado` = 'activo') order by `p`.`Descripcion`,`b`.`Nombre` */;
/*!50001 SET character_set_client      = @saved_cs_client */;
/*!50001 SET character_set_results     = @saved_cs_results */;
/*!50001 SET collation_connection      = @saved_col_connection */;

--
-- Final view structure for view `vw_entradas_inventario`
--

/*!50001 DROP VIEW IF EXISTS `vw_entradas_inventario`*/;
/*!50001 SET @saved_cs_client          = @@character_set_client */;
/*!50001 SET @saved_cs_results         = @@character_set_results */;
/*!50001 SET @saved_col_connection     = @@collation_connection */;
/*!50001 SET character_set_client      = utf8mb4 */;
/*!50001 SET character_set_results     = utf8mb4 */;
/*!50001 SET collation_connection      = utf8mb4_0900_ai_ci */;
/*!50001 CREATE ALGORITHM=UNDEFINED */
/*!50013 DEFINER=`root`@`localhost` SQL SECURITY DEFINER */
/*!50001 VIEW `vw_entradas_inventario` AS select `mi`.`ID_Movimiento` AS `ID_Movimiento`,`mi`.`Fecha` AS `Fecha`,`cm`.`ID_TipoMovimiento` AS `ID_TipoMovimiento`,`cm`.`Descripcion` AS `Tipo_Movimiento`,`cm`.`Letra` AS `Letra`,`mi`.`N_Factura_Externa` AS `N_Factura_Externa`,`mi`.`ID_Proveedor` AS `ID_Proveedor`,`p`.`Nombre` AS `Proveedor`,`mi`.`Tipo_Compra` AS `Tipo_Compra`,`mi`.`ID_Bodega` AS `ID_Bodega`,`b`.`Nombre` AS `Bodega`,`dmi`.`ID_Producto` AS `ID_Producto`,`pr`.`COD_Producto` AS `Codigo_Producto`,`pr`.`Descripcion` AS `Producto`,`dmi`.`Cantidad` AS `Cantidad`,`dmi`.`Costo_Unitario` AS `Costo_Unitario`,`dmi`.`Precio_Unitario` AS `Precio_Unitario`,`dmi`.`Subtotal` AS `Subtotal`,`mi`.`Estado` AS `Estado` from (((((`movimientos_inventario` `mi` join `catalogo_movimientos` `cm` on((`mi`.`ID_TipoMovimiento` = `cm`.`ID_TipoMovimiento`))) join `detalle_movimientos_inventario` `dmi` on((`mi`.`ID_Movimiento` = `dmi`.`ID_Movimiento`))) join `productos` `pr` on((`dmi`.`ID_Producto` = `pr`.`ID_Producto`))) join `bodegas` `b` on((`mi`.`ID_Bodega` = `b`.`ID_Bodega`))) left join `proveedores` `p` on((`mi`.`ID_Proveedor` = `p`.`ID_Proveedor`))) where ((`mi`.`ID_Empresa` = 1) and (`mi`.`Estado` = 'Activa') and (`cm`.`ID_TipoMovimiento` in (1,3))) */;
/*!50001 SET character_set_client      = @saved_cs_client */;
/*!50001 SET character_set_results     = @saved_cs_results */;
/*!50001 SET collation_connection      = @saved_col_connection */;
/*!40103 SET TIME_ZONE=@OLD_TIME_ZONE */;

/*!40101 SET SQL_MODE=@OLD_SQL_MODE */;
/*!40014 SET FOREIGN_KEY_CHECKS=@OLD_FOREIGN_KEY_CHECKS */;
/*!40014 SET UNIQUE_CHECKS=@OLD_UNIQUE_CHECKS */;
/*!40101 SET CHARACTER_SET_CLIENT=@OLD_CHARACTER_SET_CLIENT */;
/*!40101 SET CHARACTER_SET_RESULTS=@OLD_CHARACTER_SET_RESULTS */;
/*!40101 SET COLLATION_CONNECTION=@OLD_COLLATION_CONNECTION */;
/*!40111 SET SQL_NOTES=@OLD_SQL_NOTES */;

-- Dump completed on 2026-05-07 15:35:23
